user_id,caption,hashtags,likes,comments,shares,sentiment,archetype,is_fake
fbdemo_000001,"Unboxing my favorite package of the month. My followers deserve the best recommendations. So many of you asked for this, here it is. Shot this in Port Joel. Link in bio for the discount.",,50,2,0,0.802,Fake Influencer,1
fbdemo_000001,"Unboxing my favorite package of the month. So many of you have been asking about this. Tagging Joshua, my glam team today. Brand deal number 67 this month. DM for collab details. 💅🌴",#ad #musthave #influencer,101,10,1,0.5106,Fake Influencer,1
fbdemo_000001,"Today's shoot was a whole vibe. So grateful for opportunities like this. Brand deal number 48 this month. Since 2016, this has been the dream.",,17,1,0,0.8454,Fake Influencer,1
fbdemo_000001,This brand sent me the best package. This is exactly what my feed needed. Can't believe it's already 2023. Link in bio for the discount. 💖✨,,40,1,0,0.9169,Fake Influencer,1
fbdemo_000001,"This brand sent me the best package. Partnering with brands I actually love. So many of you asked for this, here it is. Can't believe it's already 2021. 😍",,72,2,0,0.9081,Fake Influencer,1
fbdemo_000001,"Living for moments like this. Partnering with brands I actually love. Since 2021, this has been the dream. Trip number 57 this year, no complaints. DM for collab details. 💖🌴",#brandpartner #lifestyle #musthave,329,67,2,0.949,Fake Influencer,1
fbdemo_000001,Golden hour never disappoints. Use my code for a discount. Outfit number 51 of the week. Shot this in North Tammyview. Code is my username at checkout.,,64,4,1,0.3578,Fake Influencer,1
fbdemo_000001,"Obsessed with this new find. This is going straight into my everyday rotation. Since 2019, this has been the dream. Shop this look now.",,26,1,0,0.296,Fake Influencer,1
fbdemo_000001,Today's shoot was a whole vibe. Honestly didn't expect to love this as much as I do. Filming this in Johnsonfurt today. Code is my username at checkout.,,14,1,0,-0.4153,Fake Influencer,1
fbdemo_000001,Can't stop wearing this lately. Can't wait to show you more from this collab. Can't believe it's already 2025. Brand deal number 38 this month. DM for collab details.,,99,2,0,0.2933,Fake Influencer,1
fbdemo_000001,"Obsessed with this new find. So many of you have been asking about this. Since 2018, this has been the dream. 🌴",#influencer #collab #sponsored,85,7,1,0.0772,Fake Influencer,1
fbdemo_000002,You NEED to see this. Made more money this week than my old job paid monthly. Only 31 spots left today. DM me 'START' immediately.,#getrichquick,31,2,2,0.0,Business Page,0
fbdemo_000002,"This changed everything for me. Made more money this week than my old job paid monthly. Kevin just signed up, you're next. Tap the link in my story. 👉",#followforfollow #dmforprice,15,3,1,0.0,Business Page,0
fbdemo_000002,"You NEED to see this. Made more money this week than my old job paid monthly. Message number 20 today, still going. DM me 'START' immediately.",#clicklink #cashapp,22,3,1,0.0772,Business Page,0
fbdemo_000002,"You NEED to see this. It's 100% legit, I was skeptical too. Message number 80 today, still going. Tap the link in my story. 📩💰",,38,2,2,-0.25,Business Page,0
fbdemo_000002,"This changed everything for me. No experience needed, just a phone. Since 2015, thousands have joined. Link in bio, click now.",#getrichquick #dmforprice #cryptosignals,22,2,1,-0.296,Business Page,0
fbdemo_000002,"This changed everything for me. No experience needed, just a phone. This worked for Danielle too, ask them. DM me 'START' immediately. 💰👉",#freeprize #getrichquick,31,2,2,-0.296,Business Page,0
fbdemo_000002,"Everyone is asking how I did this so fast. Made more money this week than my old job paid monthly. This worked for Samuel too, ask them. Tap the link in my story. 👉",#freeprize #getrichquick #followforfollow,36,3,3,0.0,Business Page,0
fbdemo_000002,"Everyone is asking how I did this so fast. Thousands already joined, don't miss out. Only 93 spots left today. DM me 'START' immediately. ✅🎁",,16,1,1,0.5178,Business Page,0
fbdemo_000003,New PR today! Consistency beats intensity most days. Client hit a 25 pound PR today. Programs linked in bio.,#nutrition,1212,43,49,0.0,Fitness Creator,0
fbdemo_000003,"Recovery day, mobility work only. Showing up matters more than the perfect plan. Tagging Christopher, my training partner today. Save this for your next session. ⚡🧘",,111,6,2,0.8055,Fitness Creator,0
fbdemo_000003,Programming update for the week. Rest days are still training days. Coaching 4 clients this cycle.,#healthylifestyle #wellness #workout,280,17,10,0.0,Fitness Creator,0
fbdemo_000003,"Recovery day, mobility work only. Form over ego, always. Session number 33 with this client, big progress. DM 'START' to work together.",#workout #wellness,544,40,27,0.4767,Fitness Creator,0
fbdemo_000003,"Recovery day, mobility work only. Small wins add up over months. Session number 57 with this client, big progress.",,574,43,23,0.7783,Fitness Creator,0
fbdemo_000003,"Ran a form check clinic today. Small wins add up over months. Tagging Elizabeth, my training partner today. Tag your gym partner. ⚡💪",,124,10,6,0.5719,Fitness Creator,0
fbdemo_000004,"Meet the team making it happen. Custom requests are always welcome. Based out of Barrettfurt, shipping everywhere. Shop the link in bio.",#marketing #smallbusiness,126,10,10,0.4588,Business Page,0
fbdemo_000004,Meet the team making it happen. We appreciate every single one of you. Shoutout to our 59th customer this week. DM us to order.,,166,16,13,0.4019,Business Page,0
fbdemo_000004,Behind the scenes at the shop today. Handmade in small batches every week. Team huddle today covered 40 new ideas. Limited stock available. 🤝💼,,130,15,6,-0.2263,Business Page,0
fbdemo_000004,"Behind the scenes at the shop today. Locally sourced, always. Serving Townsendborough since 2025.",,85,5,4,0.0,Business Page,0
fbdemo_000004,Thank you Washingtontown for another great week. Custom requests are always welcome. Shoutout to our 73th customer this week.,,210,15,11,0.8625,Business Page,0
fbdemo_000004,Meet the team making it happen. Your support keeps our doors open. 74 orders packed and ready to go. Limited stock available. ✅🤝,#localbusiness #customerfirst #businessowner,129,14,7,0.5106,Business Page,0
fbdemo_000004,Behind the scenes at the shop today. Orders ship out within 2 business days. Proudly 83 years in business this 2022. DM us to order.,,105,8,4,0.5574,Business Page,0
fbdemo_000004,New arrivals just dropped! Your support keeps our doors open. 2 orders packed and ready to go. 💼🔗,#businessowner #marketing,201,30,12,0.6696,Business Page,0
fbdemo_000004,"Small batch, made with care. We appreciate every single one of you. Thank you New Matthewville for 98 years of support.",#businessowner #startup #entrepreneur,90,10,9,0.8779,Business Page,0
fbdemo_000004,Thank you Jasonfort for another great week. We appreciate every single one of you. Thank you Johnsonview for 69 years of support. Limited stock available.,#growth #entrepreneur #localbusiness,95,8,8,0.9118,Business Page,0
fbdemo_000004,Behind the scenes at the shop today. We appreciate every single one of you. Limited stock available. 📈✅,#hustle #marketing,163,20,27,0.2023,Business Page,0
fbdemo_000004,Meet the team making it happen. Custom requests are always welcome. Order number 72 just shipped. 🤝🌍,,84,10,5,0.5106,Business Page,0
fbdemo_000004,Restocked your favorites. We appreciate every single one of you. Customer number 93 just left a five-star review. DM us to order.,#entrepreneur,147,18,6,0.7003,Business Page,0
fbdemo_000004,Restocked your favorites. We appreciate every single one of you. Team huddle today covered 77 new ideas. DM us to order. 🌍,#entrepreneur,228,11,20,0.6705,Business Page,0
fbdemo_000004,Meet the team making it happen. Orders ship out within 2 business days. Customer number 97 just left a five-star review. Shop the link in bio.,#startup,233,10,14,0.0772,Business Page,0
fbdemo_000005,Learning a new part of the stack this week. The code review comments humbled me. Working out of South Charlottemouth this 2019.,#webdev #softwareengineer,37,8,1,0.0,Developer,0
fbdemo_000005,"Spent way too long on a bug today. CI is green and I'm emotionally fine now. This is bug ticket number 31, send help.",,21,7,1,0.5859,Developer,0
fbdemo_000005,"Refactoring old code I wrote a year ago. Naming things is still the hardest part. Tagging Kelly, they'll appreciate this one.",,27,9,1,0.4019,Developer,0
fbdemo_000005,Gave a lunch-and-learn at Gray-Olson today. Docs were wrong but figured it out eventually. Currently debugging from Jessicamouth. AMA about the stack. 🚀💻,,19,3,1,-0.2617,Developer,0
fbdemo_000005,Rewrote a script that's been bugging me for weeks. Past me really did not comment anything. Currently debugging from Joshuamouth. 🧠🔧,#webdev,32,5,1,0.0,Developer,0
fbdemo_000006,Refactoring old code I wrote a year ago. Pairing with a teammate made it so much faster. PR number 22 finally merged. ⚙️💻,,74,4,1,0.0772,Developer,0
fbdemo_000006,Migrated a service to a new framework today. Naming things is still the hardest part. Working remotely from Maysfort this month. 🚀💻,,136,11,2,0.0,Developer,0
fbdemo_000006,Rewrote a script that's been bugging me for weeks. Pairing with a teammate made it so much faster. Still can't believe it's 2019 and this bug exists.,,70,9,1,0.0,Developer,0
fbdemo_000006,Rewrote a script that's been bugging me for weeks. Turns out the cache was the whole problem. ☕,#opensource #softwareengineer,119,11,2,-0.4019,Developer,0
fbdemo_000006,Finally got the tests passing. Docs were wrong but figured it out eventually. 84 tabs of documentation open right now. 🚀,#webdev,195,15,1,-0.2617,Developer,0
fbdemo_000006,Spent way too long on a bug today. Naming things is still the hardest part. Standup update: 95 things fixed today. Repo link below.,#100daysofcode #softwareengineer,49,2,1,0.0,Developer,0
fbdemo_000006,"Refactoring old code I wrote a year ago. Turned out to be a missing semicolon. This is bug ticket number 70, send help.",#python #softwareengineer,109,10,1,0.2023,Developer,0
fbdemo_000006,Learning a new part of the stack this week. CI is green and I'm emotionally fine now. Currently on commit number 63 of this refactor. 📦🚀,,98,5,1,0.5106,Developer,0
fbdemo_000006,Migrated a service to a new framework today. The code review comments humbled me. Deploy number 20 of the week. 📦🧠,,202,11,1,0.0772,Developer,0
fbdemo_000006,Rewrote a script that's been bugging me for weeks. Turned out to be a missing semicolon. Working out of Shannonland this 2017. Repo link below. 📦🔧,#opensource #softwareengineer,102,13,1,-0.296,Developer,0
fbdemo_000006,Finally got the tests passing. CI is green and I'm emotionally fine now. Pairing with James made this so much faster. Repo link below.,,83,7,1,0.2023,Developer,0
fbdemo_000006,New side project idea just hit me at 2am. Turned out to be a missing semicolon. PR number 34 finally merged. ☕,,74,5,1,-0.2263,Developer,0
fbdemo_000006,Learning a new part of the stack this week. Turned out to be a missing semicolon. Currently debugging from West Sherryfurt. 🔧,#softwareengineer,116,4,1,-0.296,Developer,0
fbdemo_000007,"Important announcement coming soon. None of this would matter without you. Since 2016, still going strong. Tagging Bradley, thank you for believing in this.",,434,27,19,0.7717,Business Page,0
fbdemo_000007,"Something special is coming, stay tuned. Ignore anyone claiming to be my manager elsewhere. 81 years in this industry now.",,459,27,47,0.0516,Business Page,0
fbdemo_000007,"I see all of your messages, truly. There's more coming that I can't wait to share. Thank you Shelly for the constant support. Message number 11 today, reading every one. 🎉💪",,147,10,20,0.8486,Business Page,0
fbdemo_000007,"Something special is coming, stay tuned. Grateful for every one of you every single day. Message number 49 today, reading every one.",,135,7,10,0.7184,Business Page,0
fbdemo_000007,A quick note from me to you. This journey keeps surprising me. 7 years in this industry now. Thank you Amanda for the constant support.,#viral,346,32,25,0.743,Business Page,0
fbdemo_000007,"I don't get to say this enough. I read every message even if I can't reply to all. Since 2022, the journey continues. 🎉🎬",,249,24,25,0.4019,Business Page,0
fbdemo_000007,"This account is really me, I promise. I read every message even if I can't reply to all. Working on something big for 2024.",#viral #celebrity,464,34,16,0.3744,Business Page,0
fbdemo_000007,Thank you for the love this 2017. I read every message even if I can't reply to all. Thank you Tasha for the constant support. ☕,,288,17,33,0.8979,Business Page,0
fbdemo_000007,"This account is really me, I promise. Please report any fake pages you see. Message number 59 today, reading every one. Follow only this page.",,373,24,21,0.2648,Business Page,0
fbdemo_000008,"Everyone is asking how I did this so fast. No experience needed, just a phone. 64 people can't all be wrong. Comment before it's gone.",,0,0,0,0.0195,Spam Account,1
fbdemo_000008,"Stop scrolling, read this. This is not a scam, I promise. This worked for Alison too, ask them. Comment before it's gone. 💯",#cryptosignals #dmforprice,1,0,0,0.4763,Spam Account,1
fbdemo_000008,"This changed everything for me. Thousands already joined, don't miss out. Already helped 47 people this 2020. DM me 'START' immediately.",#getrichquick #onlyfollowers #freeprize,2,0,0,0.1139,Spam Account,1
fbdemo_000008,"Stop scrolling, read this. It's 100% legit, I was skeptical too. Slot 16 almost gone. DM me 'START' immediately. ✅💰",,0,0,0,-0.5423,Spam Account,1
fbdemo_000008,"You NEED to see this. This is not a scam, I promise. Already helped 5 people this 2019. Tap the link in my story. ✅",,0,0,0,0.6483,Spam Account,1
fbdemo_000008,"🚨 LAST CHANCE 🚨 This is not a scam, I promise. 18 people can't all be wrong. Link in bio, click now.",,0,0,0,0.862,Spam Account,1
fbdemo_000008,"Everyone is asking how I did this so fast. Spots are filling up fast. Since 2015, thousands have joined. Tap the link in my story. 📩",,1,0,0,0.0,Spam Account,1
fbdemo_000008,"🚨 LAST CHANCE 🚨 Spots are filling up fast. Alan just signed up, you're next. Tap the link in my story. ✅",#cryptosignals,1,0,0,0.4084,Spam Account,1
fbdemo_000008,"Everyone is asking how I did this so fast. Made more money this week than my old job paid monthly. Message number 23 today, still going. DM me 'START' immediately.",,1,0,0,0.0772,Spam Account,1
fbdemo_000009,"I see all of your messages, truly. I read every message even if I can't reply to all. Project number 96 coming together nicely. Follow only this page. 🐾",#celebrity #exclusive,22,0,1,0.7269,Celebrity Impersonator,1
fbdemo_000009,"Thank you for the love this 2024. This journey keeps surprising me. Since 2024, the journey continues. 🎉🙌",,8,2,0,0.8885,Celebrity Impersonator,1
fbdemo_000009,"I don't get to say this enough. I read every message even if I can't reply to all. Since 2022, the journey continues. DM me directly here. 🎬🐾",#exclusive,8,0,0,0.0,Celebrity Impersonator,1
fbdemo_000009,"I don't get to say this enough. This journey keeps surprising me. 23 years in this industry now. Since 2020, the journey continues. Follow only this page.",,49,2,2,0.2732,Celebrity Impersonator,1
fbdemo_000009,"I see all of your messages, truly. Grateful for every one of you every single day. 31 years in this industry now. Working on something big for 2020. Share this so others know it's real. 🐾",,13,2,0,0.7964,Celebrity Impersonator,1
fbdemo_000009,Important announcement coming soon. This journey keeps surprising me. Back in Loriland this 2023. ☕🎬,#official,22,2,1,0.4404,Celebrity Impersonator,1
fbdemo_000010,Behind the scenes at the shop today. Handmade in small batches every week. Team huddle today covered 93 new ideas. 🔗,#customerfirst #growth #businessowner,323,40,10,0.0,Business Page,0
fbdemo_000010,New arrivals just dropped! Handmade in small batches every week. Customer number 90 just left a five-star review. 🔗,,108,18,7,0.1511,Business Page,0
fbdemo_000010,Behind the scenes at the shop today. Your support keeps our doors open. Shop the link in bio. 🌍,#hustle #businessowner #shopsmall,97,13,3,0.4019,Business Page,0
fbdemo_000010,Restocked your favorites. Custom requests are always welcome. 16 orders packed and ready to go.,,117,11,4,0.8074,Business Page,0
fbdemo_000010,"Small batch, made with care. Locally sourced, always. Serving Coreymouth since 2025. 📈🌍",,75,9,4,0.4939,Business Page,0
fbdemo_000010,"Small batch, made with care. Custom requests are always welcome. Customer number 91 just left a five-star review. ✅🔗",#hustle,91,9,9,0.7579,Business Page,0
fbdemo_000010,Behind the scenes at the shop today. Orders ship out within 2 business days. 32 orders packed and ready to go. Tag someone who'd love this. 📈,,306,53,20,0.7717,Business Page,0
fbdemo_000010,"Small batch, made with care. Handmade in small batches every week. Customer number 43 just left a five-star review. ✅🤝",#localbusiness,125,11,3,0.5423,Business Page,0
fbdemo_000010,Thank you Ronaldmouth for another great week. Orders ship out within 2 business days. Proudly 36 years in business this 2017. Limited stock available.,,73,12,3,0.8519,Business Page,0
fbdemo_000010,Behind the scenes at the shop today. We appreciate every single one of you. 97 orders packed and ready to go.,#shopsmall,140,39,11,0.6369,Business Page,0
fbdemo_000010,Restocked your favorites. Custom requests are always welcome. Team huddle today covered 64 new ideas. Limited stock available.,#localbusiness #marketing #customerfirst,70,14,2,0.5994,Business Page,0
fbdemo_000010,Restocked your favorites. Handmade in small batches every week. 75 orders packed and ready to go. 🤝📈,,341,88,55,0.6486,Business Page,0
fbdemo_000010,Behind the scenes at the shop today. Handmade in small batches every week. Shoutout to our 7th customer this week. Tag someone who'd love this.,#growth #smallbusiness #hustle,125,13,7,0.6369,Business Page,0
fbdemo_000010,Restocked your favorites. Your support keeps our doors open. Proudly 77 years in business this 2017. Shop the link in bio.,,67,8,3,0.8442,Business Page,0
fbdemo_000011,Another day surviving Navarrotown University. Ranking my classes from bearable to soul-crushing. Ran into John at the library again. Wish me luck. ✨,,45,3,3,0.8481,Student,0
fbdemo_000011,Campus is so pretty in Port Matthewstad today. Ranking my classes from bearable to soul-crushing. Fun fact: I've switched majors 24 times.,,32,5,1,0.8134,Student,0
fbdemo_000011,Finals season has me questioning everything. Ranking my classes from bearable to soul-crushing. Campus tour 32 for prospective students today.,,51,6,1,-0.1027,Student,0
fbdemo_000011,Campus is so pretty in North Marvin today. Ranking my classes from bearable to soul-crushing. Campus tour 7 for prospective students today.,,50,3,1,0.6269,Student,0
fbdemo_000011,"Finals season has me questioning everything. Library until it closes, again. Tagging Mark because they'd get this. 📚✨",,36,4,1,0.2263,Student,0
fbdemo_000011,"Another day surviving Linview University. Turns out procrastination is a full-time job. Somewhere in Port Trevor, probably procrastinating. Wish me luck. 😊📚",#university,32,3,0,0.9169,Student,0
fbdemo_000011,"Finals season has me questioning everything. Library until it closes, again. Campus tour 61 for prospective students today. 💪🎬",,32,2,1,-0.1027,Student,0
fbdemo_000011,Finals season has me questioning everything. Somehow still passing my classes. Campus tour 34 for prospective students today. 🙌🌟,#finals #classof2026,30,4,1,-0.1027,Student,0
fbdemo_000011,Study session with Marcus turned into a nap. Ranking my classes from bearable to soul-crushing. Can't believe it's already 2020. Send snacks.,,56,6,1,0.0,Student,0
fbdemo_000011,Another day surviving New Dianebury University. Turns out procrastination is a full-time job. Currently 8 cups of coffee deep today. Wish me luck. 😊🙌,,62,8,1,0.9169,Student,0
fbdemo_000011,"Group project update: My professor just dropped a pop quiz, send help. Officially 9 credits away from graduating. Wish me luck. 📚🐾",,63,5,4,0.872,Student,0
fbdemo_000011,Campus is so pretty in Cherylfurt today. Turns out procrastination is a full-time job. Campus tour 88 for prospective students today.,#studentlife #campus,35,5,1,0.6269,Student,0
fbdemo_000012,"Gave a lunch-and-learn at Rice, Chen and Cook today. The code review comments humbled me. Currently debugging from Tiffanyfurt. Curious how others solve this. 🧠⚙️",,49,10,2,0.4767,Developer,0
fbdemo_000012,"Finally got the tests passing. The fix was smaller than the investigation. This is bug ticket number 36, send help. AMA about the stack. ☕📦",,88,12,3,0.4588,Developer,0
fbdemo_000012,Spent way too long on a bug today. Docs were wrong but figured it out eventually. Sprint 24 wrapped up today. 🚀,,116,12,6,-0.2617,Developer,0
fbdemo_000012,Refactoring old code I wrote a year ago. Naming things is still the hardest part. Pairing with Erin made this so much faster. ⚙️,,97,19,3,0.0,Developer,0
fbdemo_000012,Migrated a service to a new framework today. The fix was smaller than the investigation. Still can't believe it's 2023 and this bug exists.,,70,10,3,0.0,Developer,0
fbdemo_000012,Finally got the tests passing. The fix was smaller than the investigation. Working remotely from Lake Eric this month.,,37,4,2,0.0,Developer,0
fbdemo_000012,Refactoring old code I wrote a year ago. Turns out the cache was the whole problem. Still can't believe it's 2016 and this bug exists. Open to feedback.,,30,2,1,-0.4019,Developer,0
fbdemo_000012,Finally got the tests passing. The code review comments humbled me. 🧠⚙️,,68,27,3,0.0,Developer,0
fbdemo_000012,Refactoring old code I wrote a year ago. The fix was smaller than the investigation. 7 tabs of documentation open right now. Repo link below. 🔧🧠,#javascript,111,25,3,0.0,Developer,0
fbdemo_000012,Finally got the tests passing. Turns out the cache was the whole problem. 59 tabs of documentation open right now. 🔧,,68,27,2,-0.4019,Developer,0
fbdemo_000012,New side project idea just hit me at 2am. Turned out to be a missing semicolon. Still can't believe it's 2024 and this bug exists. Repo link below.,#programmer,81,15,4,-0.296,Developer,0
fbdemo_000012,Rewrote a script that's been bugging me for weeks. Turned out to be a missing semicolon. Currently debugging from Meganville. 💻,,53,8,2,-0.296,Developer,0
fbdemo_000012,Spent way too long on a bug today. Naming things is still the hardest part. Sprint 60 wrapped up today. 🐛,,74,16,3,0.0,Developer,0
fbdemo_000013,Coffee run before class. Turns out procrastination is a full-time job. Number 31 on my to-do list: sleep.,,44,10,5,0.0772,Student,0
fbdemo_000013,Study session with Juan turned into a nap. Somehow still passing my classes. Group chat with Danielle is unhinged today. 🙌,,43,5,2,0.0,Student,0
fbdemo_000013,Coffee run before class. Ranking my classes from bearable to soul-crushing. Fun fact: I've switched majors 77 times. 🌟💪,#campus #gradstudent,64,11,4,0.5106,Student,0
fbdemo_000013,"Study session with Douglas turned into a nap. Library until it closes, again. This is assignment number 22 this semester.",#finals #studybreak,98,14,9,0.0772,Student,0
fbdemo_000013,Study session with Steven turned into a nap. Turns out procrastination is a full-time job. This is assignment number 8 this semester. 🌟📚,#classof2026 #university,76,9,9,0.0772,Student,0
fbdemo_000013,Coffee run before class. Ranking my classes from bearable to soul-crushing. Can't believe it's already 2017. Wish me luck.,,27,7,2,0.6908,Student,0
fbdemo_000014,"Recovery day, mobility work only. Sleep is still the most underrated recovery tool. 77 minutes of mobility work this morning. Save this for your next session. 🥗",#nutrition #cardio #strength,200,30,8,0.4939,Fitness Creator,0
fbdemo_000014,Early morning session before work. Showing up matters more than the perfect plan. DM 'START' to work together.,,84,33,8,0.6204,Fitness Creator,0
fbdemo_000014,Coaching client hit a big milestone. Consistency beats intensity most days. Back in Katiestad for a pop-up class this 2020.,#gymlife,65,11,7,0.0,Fitness Creator,0
fbdemo_000014,New PR today! Rest days are still training days. Logged 42 miles this week. 🔥,#cardio #fitness #wellness,230,28,9,-0.4003,Fitness Creator,0
fbdemo_000014,Leg day recap. Strength carries over into everything else. 28 minutes of mobility work this morning.,#nutrition #wellness #fitfam,126,9,7,0.4939,Fitness Creator,0
fbdemo_000014,Deload week starts now. Consistency beats intensity most days. Back in Wendystad for a pop-up class this 2016. Programs linked in bio. ⚡💪,#training #workout #healthylifestyle,171,33,9,0.0,Fitness Creator,0
fbdemo_000014,"Recovery day, mobility work only. Consistency beats intensity most days. Client hit a 72 pound PR today.",,133,15,15,0.0,Fitness Creator,0
fbdemo_000014,Meal prep Sunday. Slow and controlled beats fast and sloppy. Training out of Gregoryport this week. 🏃,,106,20,4,0.0,Fitness Creator,0
fbdemo_000014,"Early morning session before work. Progress isn't always linear, and that's fine.",,157,17,4,0.5574,Fitness Creator,0
fbdemo_000014,"Programming update for the week. Form over ego, always. 2 reps, zero regrets. 🥗🔥",#workout,85,8,8,-0.5994,Fitness Creator,0
fbdemo_000014,"Coaching client hit a big milestone. Form over ego, always. 68 reps, zero regrets. Programs linked in bio. 🔥🧘",,93,14,5,-0.5994,Fitness Creator,0
fbdemo_000015,I wasn't going to share this but... Spots are filling up fast. Already helped 67 people this 2018. Comment before it's gone. 🛒✅,#cashapp,570,90,14,-0.1139,Fitness Creator,0
fbdemo_000015,"Everyone is asking how I did this so fast. Thousands already joined, don't miss out. Since 2018, thousands have joined. 💯✅",,569,46,32,0.1139,Fitness Creator,0
fbdemo_000015,"Stop scrolling, read this. Made more money this week than my old job paid monthly. Slot 50 almost gone. Link in bio, click now. 👉",#getrichquick,443,62,25,-0.296,Fitness Creator,0
fbdemo_000015,"This changed everything for me. Thousands already joined, don't miss out. This worked for Melissa too, ask them. Tap the link in my story. 🛒",,785,186,20,0.1139,Fitness Creator,0
fbdemo_000015,"I wasn't going to share this but... Spots are filling up fast. Already 51 success stories this month. Link in bio, click now. 💯",#cashapp #dmforprice,448,96,16,0.6814,Fitness Creator,0
fbdemo_000015,I wasn't going to share this but... Made more money this week than my old job paid monthly. 60 people can't all be wrong. ✅,,684,68,33,0.438,Fitness Creator,0
fbdemo_000015,"Stop scrolling, read this. It's 100% legit, I was skeptical too. This worked for Charles too, ask them. DM me 'START' immediately. 📩🛒",,545,66,11,-0.5423,Fitness Creator,0
fbdemo_000015,Everyone is asking how I did this so fast. Spots are filling up fast. Slot 9 almost gone. Tap the link in my story. 📩✅,,579,101,26,0.0,Fitness Creator,0
fbdemo_000016,Coaching client hit a big milestone. Strength carries over into everything else. Client hit a 55 pound PR today.,,339,41,17,0.4939,Fitness Creator,0
fbdemo_000016,Leg day recap. Slow and controlled beats fast and sloppy. 79 minutes of mobility work this morning. Save this for your next session. 🏋️🏃,#fitfam #healthylifestyle,556,65,11,0.4939,Fitness Creator,0
fbdemo_000016,"Meal prep Sunday. Rest days are still training days. 5 reps, zero regrets. Tag your gym partner.",,198,27,8,-0.3612,Fitness Creator,0
fbdemo_000016,Early morning session before work. Strength carries over into everything else. Training out of Scotttown this week.,#workout #fitfam #wellness,513,55,31,0.4939,Fitness Creator,0
fbdemo_000016,"Programming update for the week. Consistency beats intensity most days. 34 reps, zero regrets.",#strength #workout #training,703,79,68,-0.3612,Fitness Creator,0
fbdemo_000016,"Early morning session before work. Progress isn't always linear, and that's fine. Coaching 13 clients this cycle. Save this for your next session. 🧘",#workout #healthylifestyle #fitfam,931,166,34,0.7783,Fitness Creator,0
fbdemo_000016,Ran a form check clinic today. Strength carries over into everything else. Client hit a 45 pound PR today. 🔥🧘,,537,54,50,0.2023,Fitness Creator,0
fbdemo_000016,Deload week starts now. Consistency beats intensity most days. 57 minutes of mobility work this morning. 🏃🥗,,426,87,21,0.0,Fitness Creator,0
fbdemo_000016,Coaching client hit a big milestone. Slow and controlled beats fast and sloppy. Day 61 of the program. Save this for your next session. 🏃💪,,573,57,19,0.4939,Fitness Creator,0
fbdemo_000016,Leg day recap. Consistency beats intensity most days. Logged 37 miles this week.,,627,57,21,0.0,Fitness Creator,0
fbdemo_000016,Meal prep Sunday. Small wins add up over months. Back in Ellisberg for a pop-up class this 2017. 🔥,#wellness #workout,552,67,24,0.3182,Fitness Creator,0
fbdemo_000016,"Back-to-back sessions today. Form over ego, always. Back in Crystalbury for a pop-up class this 2019. 🏃🧘",,641,84,99,0.0,Fitness Creator,0
fbdemo_000016,"Early morning session before work. Form over ego, always. Session number 68 with this client, big progress. DM 'START' to work together. 🧘💪",,511,76,27,0.4767,Fitness Creator,0
fbdemo_000016,Early morning session before work. Sleep is still the most underrated recovery tool. Coaching 42 clients this cycle. 💪,,544,41,30,0.0,Fitness Creator,0
fbdemo_000016,Leg day recap. Fueling properly made a huge difference. Logged 62 miles this week. Programs linked in bio. 🏃⚡,#fitfam #workout #fitness,691,45,48,0.3182,Fitness Creator,0
fbdemo_000017,"Stop scrolling, read this. This is not a scam, I promise. Message number 5 today, still going. Link in bio, click now. 📩🛒",#giveaway #freeprize #dmforprice,31,25,0,0.5264,Spam Account,1
fbdemo_000017,"Stop scrolling, read this. It's 100% legit, I was skeptical too. Since 2016, thousands have joined. Link in bio, click now. 🎁💯",#cryptosignals #clicklink,20,4,0,-0.1531,Spam Account,1
fbdemo_000017,"Everyone is asking how I did this so fast. It's 100% legit, I was skeptical too. Since 2019, thousands have joined. DM me 'START' immediately.",#getrichquick #cryptosignals #giveaway,12,6,0,-0.3182,Spam Account,1
fbdemo_000017,"This changed everything for me. Made more money this week than my old job paid monthly. Already 69 success stories this month. Link in bio, click now.",#cryptosignals,21,11,0,0.5719,Spam Account,1
fbdemo_000017,"This changed everything for me. Thousands already joined, don't miss out. Already helped 17 people this 2025. Link in bio, click now. 🔥💰",#dmforprice,19,2,0,-0.2396,Spam Account,1
fbdemo_000017,"This changed everything for me. This is not a scam, I promise. Started in West Patrickstad, now everywhere. DM me 'START' immediately. 💯",#dmforprice,11,5,0,0.6483,Spam Account,1
fbdemo_000017,"Everyone is asking how I did this so fast. It's 100% legit, I was skeptical too. Started in Crystalfurt, now everywhere. Tap the link in my story. ✅",,31,5,1,-0.3182,Spam Account,1
fbdemo_000017,"🚨 LAST CHANCE 🚨 Thousands already joined, don't miss out. Only 24 spots left today. Link in bio, click now.",,23,6,0,0.49,Spam Account,1
fbdemo_000017,Everyone is asking how I did this so fast. Made more money this week than my old job paid monthly. Only 42 spots left today. DM me 'START' immediately. ✅📩,,15,12,0,0.0,Spam Account,1
fbdemo_000017,"I wasn't going to share this but... Thousands already joined, don't miss out. Already helped 81 people this 2024. Link in bio, click now. 🛒",,15,11,0,0.0572,Spam Account,1
fbdemo_000017,"Everyone is asking how I did this so fast. This is not a scam, I promise. Message number 87 today, still going. Comment before it's gone. ✅",,36,4,0,0.6806,Spam Account,1
fbdemo_000017,"I wasn't going to share this but... This is not a scam, I promise. Started in New Robert, now everywhere. DM me 'START' immediately.",#cryptosignals,6,1,0,0.7582,Spam Account,1
fbdemo_000018,"Everyone is asking how I did this so fast. This is not a scam, I promise. 27 people can't all be wrong. 💯💰",,1,0,0,0.7815,Spam Account,1
fbdemo_000018,"🚨 LAST CHANCE 🚨 It's 100% legit, I was skeptical too. This worked for Nicole too, ask them. 🔥",#giveaway,2,0,0,-0.2422,Spam Account,1
fbdemo_000018,"This changed everything for me. This is not a scam, I promise. Already helped 68 people this 2020. Link in bio, click now. 💰",#makemoneyonline #getrichquick,5,0,0,0.6483,Spam Account,1
fbdemo_000018,"🚨 LAST CHANCE 🚨 Thousands already joined, don't miss out. Since 2020, thousands have joined. Comment before it's gone. 🎁",,1,0,0,0.725,Spam Account,1
fbdemo_000018,"Stop scrolling, read this. Spots are filling up fast. Started in Kristenmouth, now everywhere. Link in bio, click now. 💰✅",#getrichquick,0,0,0,-0.296,Spam Account,1
fbdemo_000018,"This changed everything for me. Thousands already joined, don't miss out. Since 2015, thousands have joined. Comment before it's gone. ✅🛒",,2,0,0,0.1139,Spam Account,1
fbdemo_000018,🚨 LAST CHANCE 🚨 Spots are filling up fast. Over 85 people already joined this week. 🔥🛒,#cryptosignals,2,0,0,0.0857,Spam Account,1
fbdemo_000018,"You NEED to see this. This is not a scam, I promise. Message number 17 today, still going. DM me 'START' immediately. 👉",,1,0,0,0.6806,Spam Account,1
fbdemo_000019,Meal prep Sunday. Fueling properly made a huge difference. Day 55 of the program. 💪,#nutrition,223,45,25,0.3182,Fitness Creator,0
fbdemo_000019,Deload week starts now. Sleep is still the most underrated recovery tool. Save this for your next session. 🧘,#wellness #fitfam,337,144,15,0.4939,Fitness Creator,0
fbdemo_000019,Back-to-back sessions today. Small wins add up over months. Shoutout to Adam for showing up every day. Programs linked in bio.,,340,66,21,0.5719,Fitness Creator,0
fbdemo_000019,"Programming update for the week. Form over ego, always. Client hit a 93 pound PR today. Programs linked in bio.",#workout #fitness #healthylifestyle,344,53,5,0.0,Fitness Creator,0
fbdemo_000019,"Meal prep Sunday. Progress isn't always linear, and that's fine. Week 73 of the plan, feeling stronger. Programs linked in bio.",#strength #healthylifestyle #gymlife,817,102,17,0.7717,Fitness Creator,0
fbdemo_000019,Back-to-back sessions today. Strength carries over into everything else. 67 minutes of mobility work this morning. Programs linked in bio.,#nutrition #healthylifestyle,500,69,10,0.4939,Fitness Creator,0
fbdemo_000019,Programming update for the week. Strength carries over into everything else. 74 minutes of mobility work this morning.,,281,84,4,0.4939,Fitness Creator,0
fbdemo_000019,Leg day recap. Sleep is still the most underrated recovery tool. Client hit a 83 pound PR today. Save this for your next session.,,552,80,45,0.4939,Fitness Creator,0
fbdemo_000019,New PR today! Small wins add up over months. Coaching 24 clients this cycle. Programs linked in bio. 🧘🥗,#training #healthylifestyle,314,60,43,0.6114,Fitness Creator,0
fbdemo_000019,"Leg day recap. Strength carries over into everything else. Week 41 of the plan, feeling stronger.",,447,199,22,0.743,Fitness Creator,0
fbdemo_000019,"Back-to-back sessions today. Progress isn't always linear, and that's fine. Tagging Jeffrey, my training partner today. 🥗",#fitness #training #healthylifestyle,668,31,34,0.5574,Fitness Creator,0
fbdemo_000020,Leg day recap. Sleep is still the most underrated recovery tool. Client hit a 57 pound PR today.,#gymlife,496,75,22,0.0,Fitness Creator,0
fbdemo_000020,"Deload week starts now. Form over ego, always. Day 72 of the program. Tag your gym partner. 🏋️🔥",#cardio,673,79,110,-0.34,Fitness Creator,0
fbdemo_000020,Coaching client hit a big milestone. Strength carries over into everything else. Back in North Rebeccafort for a pop-up class this 2018. 🔥,,718,157,31,0.2023,Fitness Creator,0
fbdemo_000020,"Programming update for the week. Rest days are still training days. Week 17 of the plan, feeling stronger.",,1715,50,100,0.4767,Fitness Creator,0
fbdemo_000020,Leg day recap. Consistency beats intensity most days. Training out of Lake Kristintown this week.,,552,34,12,0.0,Fitness Creator,0
fbdemo_000020,"Recovery day, mobility work only. Small wins add up over months. Client hit a 30 pound PR today. 🧘🏋️",,438,36,46,0.5719,Fitness Creator,0
fbdemo_000020,"Ran a form check clinic today. Showing up matters more than the perfect plan. Session number 48 with this client, big progress. Programs linked in bio. 💪",#healthylifestyle #workout,528,101,19,0.8,Fitness Creator,0
fbdemo_000020,"Leg day recap. Small wins add up over months. Session number 69 with this client, big progress. 💪🧘",,762,53,32,0.7783,Fitness Creator,0
fbdemo_000020,Back-to-back sessions today. Small wins add up over months. Coaching 55 clients this cycle. 🧘🔥,#workout #nutrition,445,87,20,0.3182,Fitness Creator,0
fbdemo_000020,"Deload week starts now. Small wins add up over months. 43 reps, zero regrets. 🔥🏃",#wellness #healthylifestyle,141,12,9,-0.0516,Fitness Creator,0
fbdemo_000020,"Meal prep Sunday. Progress isn't always linear, and that's fine. Week 41 of the plan, feeling stronger.",,325,92,15,0.7717,Fitness Creator,0
fbdemo_000020,"Early morning session before work. Fueling properly made a huge difference. Tagging Penny, my training partner today. Tag your gym partner.",#wellness #fitfam #nutrition,138,21,3,0.3182,Fitness Creator,0
fbdemo_000020,"Programming update for the week. Form over ego, always. Session number 85 with this client, big progress. Tag your gym partner. 🥗",#healthylifestyle #training #gymlife,823,167,70,0.4767,Fitness Creator,0
fbdemo_000020,Back-to-back sessions today. Consistency beats intensity most days. Day 55 of the program. Tag your gym partner.,,338,26,74,0.0,Fitness Creator,0
fbdemo_000020,Deload week starts now. Slow and controlled beats fast and sloppy. Client hit a 45 pound PR today.,,2174,400,171,0.0,Fitness Creator,0
fbdemo_000020,Meal prep Sunday. Slow and controlled beats fast and sloppy. Coaching 46 clients this cycle. Programs linked in bio.,,646,127,54,0.0,Fitness Creator,0
fbdemo_000020,"Recovery day, mobility work only. Strength carries over into everything else. Session number 27 with this client, big progress. Tag your gym partner.",#nutrition #cardio #fitfam,296,24,12,0.743,Fitness Creator,0
fbdemo_000020,Back-to-back sessions today. Small wins add up over months. Shoutout to Tiffany for showing up every day. 🏃🧘,,621,208,13,0.5719,Fitness Creator,0
fbdemo_000020,"Programming update for the week. Form over ego, always. 74 reps, zero regrets. 💪🏋️",,368,67,18,-0.3612,Fitness Creator,0
fbdemo_000020,Back-to-back sessions today. Small wins add up over months. Back in Christinaside for a pop-up class this 2025. Tag your gym partner.,,382,92,35,0.5719,Fitness Creator,0
fbdemo_000020,"Recovery day, mobility work only. Slow and controlled beats fast and sloppy. Back in Jesseville for a pop-up class this 2018. DM 'START' to work together.",#gymlife,434,77,30,0.0,Fitness Creator,0
fbdemo_000021,I wasn't going to share this but... Spots are filling up fast. 🔥,,1,0,0,-0.549,Spam Account,1
fbdemo_000021,"🚨 LAST CHANCE 🚨 Made more money this week than my old job paid monthly. Started in North Matthewville, now everywhere. Comment before it's gone. 🔥💰",,1,0,0,0.0857,Spam Account,1
fbdemo_000021,"Everyone is asking how I did this so fast. No experience needed, just a phone. Slot 86 almost gone. Comment before it's gone. 💯",,1,0,0,-0.6222,Spam Account,1
fbdemo_000021,"You NEED to see this. Made more money this week than my old job paid monthly. Wendy just signed up, you're next. Tap the link in my story. 🛒💯",,2,0,0,0.0,Spam Account,1
fbdemo_000021,"Stop scrolling, read this. No experience needed, just a phone. Already helped 10 people this 2019. Tap the link in my story. 🛒",,0,0,0,-0.5719,Spam Account,1
fbdemo_000021,"This changed everything for me. This is not a scam, I promise. 95 people can't all be wrong. DM me 'START' immediately. ✅🔥",#cashapp #getrichquick,2,0,0,0.6654,Spam Account,1
fbdemo_000021,"You NEED to see this. This is not a scam, I promise. Slot 12 almost gone. Link in bio, click now. 🛒📩",,1,0,0,0.6483,Spam Account,1
fbdemo_000021,"You NEED to see this. Thousands already joined, don't miss out. Started in South Laura, now everywhere. 📩🎁",#giveaway #getrichquick,4,0,0,0.5178,Spam Account,1
fbdemo_000021,"Everyone is asking how I did this so fast. Thousands already joined, don't miss out. Already 48 success stories this month. 🎁🛒",#onlyfollowers,1,0,0,0.7932,Spam Account,1
fbdemo_000021,"Stop scrolling, read this. Thousands already joined, don't miss out. Already helped 39 people this 2024.",#onlyfollowers #followforfollow #clicklink,1,0,0,-0.1916,Spam Account,1
fbdemo_000022,"Stop scrolling, read this. Spots are filling up fast. Already 2 success stories this month. Link in bio, click now. ✅🎁",,600,70,26,0.6597,Fitness Creator,0
fbdemo_000022,"Everyone is asking how I did this so fast. Made more money this week than my old job paid monthly. Courtney just signed up, you're next. 🎁",,988,184,77,0.4404,Fitness Creator,0
fbdemo_000022,"You NEED to see this. This is not a scam, I promise. Slot 45 almost gone. 💰💯",,544,100,21,0.6483,Fitness Creator,0
fbdemo_000022,"Stop scrolling, read this. Thousands already joined, don't miss out. Michael just signed up, you're next.",#dmforprice #getrichquick,1001,103,49,-0.1916,Fitness Creator,0
fbdemo_000022,"🚨 LAST CHANCE 🚨 Spots are filling up fast. This worked for Jennifer too, ask them. DM me 'START' immediately. 🛒✅",,185,30,6,0.4084,Fitness Creator,0
fbdemo_000022,"This changed everything for me. Spots are filling up fast. Only 59 spots left today. Link in bio, click now. 💯",#giveaway #freeprize #cashapp,844,134,25,0.0,Fitness Creator,0
fbdemo_000023,On-call was quiet for once. Naming things is still the hardest part. Currently on commit number 86 of this refactor.,,58,6,1,-0.0258,Developer,0
fbdemo_000023,Refactoring old code I wrote a year ago. Pairing with a teammate made it so much faster. Working remotely from Stevenfort this month. 🔧,,38,5,0,0.0,Developer,0
fbdemo_000023,"Refactoring old code I wrote a year ago. CI is green and I'm emotionally fine now. Tagging Walter, they'll appreciate this one. 🔧",#softwareengineer,158,19,2,0.5423,Developer,0
fbdemo_000023,Spent way too long on a bug today. CI is green and I'm emotionally fine now. Deploy number 25 of the week. AMA about the stack. 📦💻,,80,7,1,0.2732,Developer,0
fbdemo_000023,Learning a new part of the stack this week. Naming things is still the hardest part. Working remotely from New Troy this month. Repo link below. 🐛💻,,252,36,5,0.0,Developer,0
fbdemo_000023,New side project idea just hit me at 2am. Docs were wrong but figured it out eventually. PR number 41 finally merged.,,66,4,1,-0.1531,Developer,0
fbdemo_000023,Migrated a service to a new framework today. Turns out the cache was the whole problem. 🐛⚙️,,135,20,2,-0.4019,Developer,0
fbdemo_000024,"This account is really me, I promise. Please report any fake pages you see. Share this so others know it's real.",,6,0,0,0.4522,Celebrity Impersonator,1
fbdemo_000024,"Thank you for the love this 2020. Ignore anyone claiming to be my manager elsewhere. Since 2025, still going strong. Working on something big for 2025.",,6,1,0,0.8176,Celebrity Impersonator,1
fbdemo_000024,"This account is really me, I promise. Please report any fake pages you see. Thank you Christopher for the constant support. Tagging Amy, thank you for believing in this.",#celebrity,6,0,0,0.8158,Celebrity Impersonator,1
fbdemo_000024,I don't get to say this enough. Grateful for every one of you every single day.,,9,1,0,0.4588,Celebrity Impersonator,1
fbdemo_000024,A quick note from me to you. There's more coming that I can't wait to share. Thank you Arthur for the constant support. Follow only this page. 💪📚,#viral,12,0,0,0.5126,Celebrity Impersonator,1
fbdemo_000024,"Taking a moment to say thank you. New project details coming very soon. Message number 11 today, reading every one. 🐾🙌",,6,0,0,0.4703,Celebrity Impersonator,1
fbdemo_000024,"Something special is coming, stay tuned. New project details coming very soon. 88 years in this industry now. Back in East Ethan this 2023.",,4,0,0,0.4019,Celebrity Impersonator,1
fbdemo_000024,"Thank you for the love this 2017. Please report any fake pages you see. Since 2018, still going strong. 📚",,6,0,0,0.8481,Celebrity Impersonator,1
fbdemo_000024,"I see all of your messages, truly. Grateful for every one of you every single day. Since 2015, the journey continues. Follow only this page.",,19,1,0,0.7096,Celebrity Impersonator,1
fbdemo_000024,Taking a moment to say thank you. This journey keeps surprising me. Working on something big for 2025.,,14,0,0,0.5574,Celebrity Impersonator,1
fbdemo_000024,"Taking a moment to say thank you. New project details coming very soon. Working on something big for 2015. Since 2025, the journey continues. 😊✨",,34,3,0,0.8689,Celebrity Impersonator,1
fbdemo_000024,"I don't get to say this enough. Grateful for every one of you every single day. Working on something big for 2018. Tagging Roberta, thank you for believing in this. 🎬✨",,13,0,0,0.7783,Celebrity Impersonator,1
fbdemo_000024,"A quick note from me to you. There's more coming that I can't wait to share. Since 2018, still going strong. 🐾",,7,1,0,0.3425,Celebrity Impersonator,1
fbdemo_000024,"This account is really me, I promise. I read every message even if I can't reply to all. Thank you Karla for the constant support. Share this so others know it's real.",,39,1,0,0.8387,Celebrity Impersonator,1
fbdemo_000024,"I don't get to say this enough. This journey keeps surprising me. 85 years in this industry now. Since 2019, the journey continues. 🎉",#exclusive #official,4,0,0,0.5859,Celebrity Impersonator,1
fbdemo_000024,I don't get to say this enough. Please report any fake pages you see. Thank you Bridget for the constant support. Follow only this page.,#viral #trending,25,0,0,0.5267,Celebrity Impersonator,1
fbdemo_000024,"I see all of your messages, truly. Grateful for every one of you every single day. 82 years of your support means everything. Thank you Jennifer for the constant support. 😊🎉",#viral #official,9,0,0,0.9661,Celebrity Impersonator,1
fbdemo_000025,"Another day surviving Rebeccatown University. Library until it closes, again. Number 77 on my to-do list: sleep. 😊☕",,47,17,2,0.8176,Student,0
fbdemo_000025,"Group project update: My professor just dropped a pop quiz, send help. Somewhere in Martinezview, probably procrastinating. 🙌📚",,17,7,1,0.4019,Student,0
fbdemo_000025,"Coffee run before class. My professor just dropped a pop quiz, send help. Somewhere in Port Paulmouth, probably procrastinating. Send snacks.",#dormlife,50,12,1,0.4019,Student,0
fbdemo_000025,Finals season has me questioning everything. Turns out procrastination is a full-time job. Studying in Smithfurt has its perks.,#studybreak,33,12,1,-0.1027,Student,0
fbdemo_000025,"Finals season has me questioning everything. Turns out procrastination is a full-time job. Somewhere in Catherinestad, probably procrastinating. Wish me luck. ✨",,27,5,1,0.765,Student,0
fbdemo_000025,Coffee run before class. Somehow still passing my classes. Currently 75 cups of coffee deep today.,#classof2026 #studybreak,30,9,2,0.0,Student,0
fbdemo_000025,Group project update: Somehow still passing my classes. Currently 53 days away from break.,,32,10,2,0.0,Student,0
fbdemo_000025,"Finals season has me questioning everything. Library until it closes, again. Studying in North Kevin has its perks. 🌟✨",,22,8,1,0.2263,Student,0
fbdemo_000025,"Finals season has me questioning everything. My professor just dropped a pop quiz, send help. Officially 16 credits away from graduating. 🎬🎉",,35,14,1,0.7579,Student,0
fbdemo_000025,Study session with Alexander turned into a nap. Somehow still passing my classes. Campus tour 80 for prospective students today. Send snacks. 🌟🐾,,14,6,0,0.0,Student,0
fbdemo_000025,"Group project update: Turns out procrastination is a full-time job. Somewhere in Port Kaitlin, probably procrastinating. 🌟🐾",#college #studentlife,18,4,0,0.0,Student,0
fbdemo_000026,Study session with Laura turned into a nap. Somehow still passing my classes. Group chat with Manuel is unhinged today. 😊💪,,163,5,2,0.7184,Fake Influencer,1
fbdemo_000026,"Finals season has me questioning everything. My professor just dropped a pop quiz, send help. Officially 46 credits away from graduating.",,358,38,2,0.5859,Fake Influencer,1
fbdemo_000026,"Coffee run before class. Library until it closes, again. Can't believe it's already 2015. ✨🎉",#dormlife,88,6,0,0.6124,Fake Influencer,1
fbdemo_000026,Campus is so pretty in East Kellystad today. Ranking my classes from bearable to soul-crushing. Officially 13 credits away from graduating. 💪,,252,11,7,0.7661,Fake Influencer,1
fbdemo_000026,"Campus is so pretty in East Charlotte today. Library until it closes, again. Ran into Angela at the library again. Wish me luck.",#gradstudent #classof2026,96,10,1,0.8695,Fake Influencer,1
fbdemo_000026,"Another day surviving Lake Christineview University. My professor just dropped a pop quiz, send help. Currently 20 cups of coffee deep today. 💪☕",#studentlife #classof2026,154,5,2,0.5994,Fake Influencer,1
fbdemo_000026,Coffee run before class. Somehow still passing my classes. Tagging Morgan because they'd get this.,#studentlife #finals,176,5,1,0.0,Fake Influencer,1
fbdemo_000026,Group project update: Dorm life really tests your patience. Can't believe it's already 2019. Tell me it gets easier. 📚,,125,3,3,0.4215,Fake Influencer,1
fbdemo_000026,Finals season has me questioning everything. Turns out procrastination is a full-time job. Officially 92 credits away from graduating. ✨💪,,220,9,3,0.5267,Fake Influencer,1
fbdemo_000026,Study session with Michael turned into a nap. Dorm life really tests your patience. Currently 98 cups of coffee deep today. 🌟💪,,233,6,3,0.0,Fake Influencer,1
fbdemo_000026,Finals season has me questioning everything. Somehow still passing my classes. This is assignment number 52 this semester. 🎉,#studygram #finals,157,4,2,0.3818,Fake Influencer,1
fbdemo_000026,"Coffee run before class. Library until it closes, again. Currently 17 days away from break.",,181,6,1,0.0,Fake Influencer,1
fbdemo_000027,"Long day, but talking to you helps. Money's been tight since the last assignment. It's been 16 months since we last spoke. Currently stationed near Collierview.",,2,1,0,0.5267,Catfish/Romance-Scam Profile,1
fbdemo_000027,"Wish you were here with me right now. Every message from you makes my day better. 80 letters written, still waiting to send them. Please don't give up on us.",,10,5,0,0.7845,Catfish/Romance-Scam Profile,1
fbdemo_000027,"Counting down the days already. Hoping we can talk more privately soon. 95 letters written, still waiting to send them. ❤️🌹",,10,7,0,0.4215,Catfish/Romance-Scam Profile,1
fbdemo_000027,Thinking about you today. Hoping we can talk more privately soon. 🙏🌹,,16,2,0,0.4215,Catfish/Romance-Scam Profile,1
fbdemo_000027,"Long day, but talking to you helps. You've made this whole assignment easier. 14 letters written, still waiting to send them. 43 letters written, still waiting to send them.",,4,1,0,0.7964,Catfish/Romance-Scam Profile,1
fbdemo_000027,"Long day, but talking to you helps. I don't trust easily but you're different. Only 44 more months until I'm back. Thinking of you from Johnnyfurt tonight. 🙏🌹",,9,2,0,-0.4033,Catfish/Romance-Scam Profile,1
fbdemo_000027,"Wish you were here with me right now. Hoping we can talk more privately soon. 85 letters written, still waiting to send them. Since 2017, I've been looking for this.",,17,7,0,0.6705,Catfish/Romance-Scam Profile,1
fbdemo_000027,Can't wait to finally meet. Money's been tight since the last assignment. Thinking of you from Murphyland tonight. Hoping to visit Schmidtborough again someday.,,5,1,0,0.4215,Catfish/Romance-Scam Profile,1
fbdemo_000028,Back-to-back sessions today. Rest days are still training days. Training out of West Brianna this week. Save this for your next session. 🏃🏋️,#gymlife #strength,341,45,35,0.4939,Fitness Creator,0
fbdemo_000028,Back-to-back sessions today. Fueling properly made a huge difference. Logged 33 miles this week.,#workout #wellness,546,62,31,0.3182,Fitness Creator,0
fbdemo_000028,Ran a form check clinic today. Slow and controlled beats fast and sloppy.,#gymlife #strength,793,126,48,0.0,Fitness Creator,0
fbdemo_000028,Programming update for the week. Consistency beats intensity most days. 49 minutes of mobility work this morning. Programs linked in bio. 🧘,,592,42,65,0.0,Fitness Creator,0
fbdemo_000028,New PR today! Sleep is still the most underrated recovery tool. Logged 62 miles this week. Save this for your next session. ⚡🔥,#strength #cardio #fitness,402,29,29,0.2714,Fitness Creator,0
fbdemo_000028,"Recovery day, mobility work only. Consistency beats intensity most days. Tagging Karen, my training partner today. Save this for your next session. 💪",#training #fitness,183,25,21,0.4939,Fitness Creator,0
fbdemo_000028,New PR today! Sleep is still the most underrated recovery tool. Client hit a 90 pound PR today. Programs linked in bio. 🧘⚡,,906,68,45,0.0,Fitness Creator,0
fbdemo_000028,Meal prep Sunday. Showing up matters more than the perfect plan. Back in Kayleestad for a pop-up class this 2021. Save this for your next session. 🏃🏋️,#cardio #fitfam #nutrition,256,56,10,0.8055,Fitness Creator,0
fbdemo_000028,Back-to-back sessions today. Showing up matters more than the perfect plan. Logged 7 miles this week.,#cardio #training #nutrition,372,93,14,0.6204,Fitness Creator,0
fbdemo_000028,"Meal prep Sunday. Progress isn't always linear, and that's fine. Logged 77 miles this week.",,770,101,58,0.5574,Fitness Creator,0
fbdemo_000028,Deload week starts now. Showing up matters more than the perfect plan. DM 'START' to work together.,,453,61,31,0.6204,Fitness Creator,0
fbdemo_000028,Ran a form check clinic today. Consistency beats intensity most days. Day 72 of the program. DM 'START' to work together.,#healthylifestyle,635,234,33,0.0,Fitness Creator,0
fbdemo_000028,"Meal prep Sunday. Form over ego, always. Back in Grantville for a pop-up class this 2022. DM 'START' to work together. ⚡",#cardio #gymlife,490,69,48,0.0,Fitness Creator,0
fbdemo_000028,Ran a form check clinic today. Rest days are still training days. Save this for your next session.,,258,25,24,0.4939,Fitness Creator,0
fbdemo_000029,"Small batch, made with care. Custom requests are always welcome. Proudly 82 years in business this 2024.",,243,20,10,0.8689,Business Page,0
fbdemo_000029,"Restocked your favorites. Custom requests are always welcome. Based out of Port Jamie, shipping everywhere. Shop the link in bio. 🔗💼",#startup,524,105,12,0.7003,Business Page,0
fbdemo_000029,Meet the team making it happen. Handmade in small batches every week. ✅🌍,#customerfirst #entrepreneur #marketing,227,23,19,0.0,Business Page,0
fbdemo_000029,"Restocked your favorites. Your support keeps our doors open. Tagging George, one of our first customers back in 2020. Limited stock available.",#marketing #customerfirst,629,40,85,0.5574,Business Page,0
fbdemo_000029,"Restocked your favorites. Locally sourced, always. Tagging Charles, one of our first customers back in 2015. Tag someone who'd love this.",#entrepreneur #shopsmall,300,15,11,0.7906,Business Page,0
fbdemo_000029,"Small batch, made with care. Handmade in small batches every week. Team huddle today covered 84 new ideas. DM us to order.",#smallbusiness #hustle #marketing,444,44,47,0.4939,Business Page,0
fbdemo_000029,Thank you Anthonystad for another great week. Orders ship out within 2 business days. 55 orders packed and ready to go. DM us to order.,#businessowner #smallbusiness,310,44,17,0.8442,Business Page,0
fbdemo_000029,New arrivals just dropped! Custom requests are always welcome. DM us to order.,,384,29,35,0.5093,Business Page,0
fbdemo_000029,Behind the scenes at the shop today. Handmade in small batches every week. Limited stock available. 🌍,#smallbusiness #localbusiness,170,12,5,-0.2263,Business Page,0
fbdemo_000029,"Thank you Lake Jason for another great week. Locally sourced, always. Order number 92 just shipped. Shop the link in bio. ✅🔗",#shopsmall #smallbusiness #marketing,380,39,20,0.7845,Business Page,0
fbdemo_000029,Meet the team making it happen. Your support keeps our doors open. Serving South Derrick since 2021. DM us to order. 💼🤝,#startup,512,72,18,0.4019,Business Page,0
fbdemo_000029,"Behind the scenes at the shop today. Locally sourced, always. Celebrating 31 years since we opened our doors. Tag someone who'd love this.",,294,17,19,0.836,Business Page,0
fbdemo_000029,Thank you North Tina for another great week. Handmade in small batches every week. Batch number 48 restocked today. Shop the link in bio. 💼🔗,#customerfirst #shopsmall #hustle,621,40,29,0.7845,Business Page,0
fbdemo_000029,"Small batch, made with care. We appreciate every single one of you. Celebrating 90 years since we opened our doors. DM us to order.",,254,15,26,0.8625,Business Page,0
fbdemo_000029,Restocked your favorites. Custom requests are always welcome. 39 orders packed and ready to go. DM us to order.,#smallbusiness,173,6,11,0.8074,Business Page,0
fbdemo_000029,"Thank you Hornemouth for another great week. Locally sourced, always. Tagging Jeremy, one of our first customers back in 2017.",,161,8,10,0.765,Business Page,0
fbdemo_000030,Group project update: Turns out procrastination is a full-time job. Group chat with Alvin is unhinged today. Send snacks.,,8,1,1,0.0,Student,0
fbdemo_000030,"Finals season has me questioning everything. Library until it closes, again. Currently 60 days away from break.",,13,3,1,-0.1027,Student,0
fbdemo_000030,"Finals season has me questioning everything. My professor just dropped a pop quiz, send help. Can't believe it's already 2023.",,10,3,1,0.3182,Student,0
fbdemo_000030,Study session with Lance turned into a nap. Turns out procrastination is a full-time job. Campus tour 17 for prospective students today.,,5,1,0,0.0,Student,0
fbdemo_000030,Study session with Kathy turned into a nap. Turns out procrastination is a full-time job. Number 53 on my to-do list: sleep. ✨🐾,,5,1,0,0.3818,Student,0
fbdemo_000030,Study session with Susan turned into a nap. Somehow still passing my classes. Fun fact: I've switched majors 86 times. Wish me luck.,,10,3,1,0.7506,Student,0
fbdemo_000031,Meal prep Sunday. Showing up matters more than the perfect plan. Shoutout to Kyle for showing up every day. DM 'START' to work together.,#healthylifestyle #workout,88,15,2,0.6204,Fitness Creator,0
fbdemo_000031,Coaching client hit a big milestone. Showing up matters more than the perfect plan. 8 minutes of mobility work this morning. DM 'START' to work together.,#cardio,132,14,4,0.6204,Fitness Creator,0
fbdemo_000031,"Leg day recap. Progress isn't always linear, and that's fine. Client hit a 34 pound PR today. Programs linked in bio.",#workout #healthylifestyle #gymlife,306,30,11,0.5574,Fitness Creator,0
fbdemo_000031,"Recovery day, mobility work only. Sleep is still the most underrated recovery tool. Day 42 of the program. Tag your gym partner.",,122,5,4,0.0,Fitness Creator,0
fbdemo_000031,"Deload week starts now. Form over ego, always. Coaching 67 clients this cycle. 🔥🥗",,107,12,4,-0.34,Fitness Creator,0
fbdemo_000031,Back-to-back sessions today. Strength carries over into everything else. Coaching 96 clients this cycle.,,130,12,12,0.4939,Fitness Creator,0
fbdemo_000031,Back-to-back sessions today. Slow and controlled beats fast and sloppy. Logged 88 miles this week. Tag your gym partner.,,130,16,6,0.0,Fitness Creator,0
fbdemo_000031,Back-to-back sessions today. Small wins add up over months. Back in Martinezborough for a pop-up class this 2015. 🔥🥗,#workout,255,45,7,0.3182,Fitness Creator,0
fbdemo_000031,Coaching client hit a big milestone. Strength carries over into everything else. Coaching 34 clients this cycle. Tag your gym partner.,#strength #nutrition #wellness,220,19,10,0.4939,Fitness Creator,0
fbdemo_000031,"Programming update for the week. Consistency beats intensity most days. Week 98 of the plan, feeling stronger. Save this for your next session. 🏋️",,127,25,7,0.743,Fitness Creator,0
fbdemo_000031,"Coaching client hit a big milestone. Fueling properly made a huge difference. Tagging David, my training partner today. Tag your gym partner. 🔥",,322,32,12,-0.0258,Fitness Creator,0
fbdemo_000031,Early morning session before work. Rest days are still training days. 11 minutes of mobility work this morning. Save this for your next session. ⚡🏃,,136,8,2,0.4939,Fitness Creator,0
fbdemo_000031,Back-to-back sessions today. Sleep is still the most underrated recovery tool. 66 minutes of mobility work this morning. ⚡🔥,#cardio #strength,94,19,8,-0.34,Fitness Creator,0
fbdemo_000032,"Small batch, made with care. We appreciate every single one of you. Order number 33 just shipped. DM us to order.",,67,6,3,0.7351,Business Page,0
fbdemo_000032,"Meet the team making it happen. Locally sourced, always. Tagging Victoria, one of our first customers back in 2021. Shop the link in bio.",,18,1,1,0.0,Business Page,0
fbdemo_000032,Meet the team making it happen. We appreciate every single one of you. Serving Burketown since 2016. 🤝📈,,26,2,1,0.4019,Business Page,0
fbdemo_000032,Meet the team making it happen. Handmade in small batches every week. Batch number 45 restocked today. 🌍,#localbusiness #smallbusiness #growth,43,2,2,0.0772,Business Page,0
fbdemo_000032,"Meet the team making it happen. Locally sourced, always. Order number 43 just shipped. 🔗",,17,1,0,0.0772,Business Page,0
fbdemo_000032,"Meet the team making it happen. Handmade in small batches every week. Tagging Michael, one of our first customers back in 2022. 🔗🌍",,28,1,1,0.0,Business Page,0
fbdemo_000032,Thank you Tiffanymouth for another great week. Your support keeps our doors open. Thank you South Ashley for 4 years of support. Shop the link in bio.,,23,1,1,0.926,Business Page,0
fbdemo_000032,"Small batch, made with care. Your support keeps our doors open. Shoutout to our 13th customer this week. 🔗",#smallbusiness #startup,20,2,2,0.7096,Business Page,0
fbdemo_000032,"Behind the scenes at the shop today. Orders ship out within 2 business days. Tagging Joseph, one of our first customers back in 2022.",,38,4,2,0.0,Business Page,0
fbdemo_000032,"Behind the scenes at the shop today. Locally sourced, always. Shoutout to our 19th customer this week.",#marketing,25,2,1,0.0,Business Page,0
fbdemo_000032,Restocked your favorites. Your support keeps our doors open. Shoutout to our 39th customer this week. Tag someone who'd love this.,#hustle #businessowner #customerfirst,45,1,4,0.8658,Business Page,0
fbdemo_000033,Another day surviving Lake Robert University. Ranking my classes from bearable to soul-crushing. Officially 55 credits away from graduating. Send snacks. 🐾,#studygram,55,7,4,0.5719,Student,0
fbdemo_000033,Coffee run before class. Ranking my classes from bearable to soul-crushing. Number 43 on my to-do list: sleep. 😊,,59,7,2,0.743,Student,0
fbdemo_000033,Study session with Tracey turned into a nap. Somehow still passing my classes. Campus tour 25 for prospective students today. 🌟,,39,7,2,0.0,Student,0
fbdemo_000033,Study session with Jeffrey turned into a nap. Somehow still passing my classes. Shoutout to Maurice for the study session. Send snacks.,,52,16,3,0.0,Student,0
fbdemo_000033,Another day surviving Chenton University. Ranking my classes from bearable to soul-crushing. Can't believe it's already 2024. 📚🐾,,31,6,1,0.296,Student,0
fbdemo_000033,Another day surviving Christinatown University. Somehow still passing my classes. Studying in Sherrystad has its perks. ☕,#university #gradstudent,35,4,1,0.296,Student,0
fbdemo_000033,Another day surviving Timothyfurt University. Ranking my classes from bearable to soul-crushing. Number 83 on my to-do list: sleep. ✨,#classof2026 #gradstudent,37,8,3,0.5859,Student,0
fbdemo_000033,Study session with Matthew turned into a nap. Dorm life really tests your patience. Ran into David at the library again. Someone quiz me please.,,52,6,4,0.3182,Student,0
fbdemo_000033,"Finals season has me questioning everything. Library until it closes, again. Shoutout to Claire for the study session. ✨",,35,6,2,0.2263,Student,0
fbdemo_000033,Study session with Victoria turned into a nap. Somehow still passing my classes. This is assignment number 49 this semester.,,30,3,2,0.0772,Student,0
fbdemo_000033,Study session with Shawn turned into a nap. Ranking my classes from bearable to soul-crushing. Studying in Gibsonmouth has its perks.,#studentlife #gradstudent,52,11,2,0.0,Student,0
fbdemo_000033,Group project update: Ranking my classes from bearable to soul-crushing. Can't believe it's already 2016. 🐾,,24,3,1,0.0,Student,0
fbdemo_000034,Missing having someone real in my life. I don't trust easily but you're different. Currently stationed near Westfurt. Please don't give up on us.,,0,0,0,-0.0049,Catfish/Romance-Scam Profile,1
fbdemo_000034,Missing having someone real in my life. Every message from you makes my day better.,,1,0,0,0.1779,Catfish/Romance-Scam Profile,1
fbdemo_000034,Missing having someone real in my life. Work keeps me so busy but you're always on my mind. It's been 26 months since we last spoke. Hoping to visit North Nicholasview again someday. Please don't give up on us.,,0,0,0,0.7227,Catfish/Romance-Scam Profile,1
fbdemo_000034,Just need someone to talk to. Every message from you makes my day better. It's been 5 months since we last spoke. 🌹🙏,,0,0,0,0.4404,Catfish/Romance-Scam Profile,1
fbdemo_000034,"Counting down the days already. Hoping we can talk more privately soon. 9 letters written, still waiting to send them. It's been 83 months since we last spoke. Please don't give up on us.",,0,0,0,0.6249,Catfish/Romance-Scam Profile,1
fbdemo_000034,"Thinking about you today. I promise I'm not like the others you've met online. Since 2015, I've been looking for this. 🙏❤️",,0,0,0,0.049,Catfish/Romance-Scam Profile,1
fbdemo_000034,Just need someone to talk to. Every message from you makes my day better. Thinking of you from West Ronaldchester tonight. Message me on here. 🌹❤️,,0,0,0,0.4404,Catfish/Romance-Scam Profile,1
fbdemo_000034,"Long day, but talking to you helps. Work keeps me so busy but you're always on my mind. 61 letters written, still waiting to send them. Message me on here. ❤️🌹",,0,0,0,0.5267,Catfish/Romance-Scam Profile,1
fbdemo_000034,Thinking about you today. Hoping we can talk more privately soon. Missing Michelleside and missing you more. Hoping to visit Port Justin again someday. Please don't give up on us.,,1,0,0,0.5468,Catfish/Romance-Scam Profile,1
fbdemo_000034,Just need someone to talk to. I promise I'm not like the others you've met online. Hoping to visit Lake Davidville again someday. 🙏,,0,0,0,0.457,Catfish/Romance-Scam Profile,1
fbdemo_000034,Missing having someone real in my life. Hoping we can talk more privately soon. Hoping to visit Gomezton again someday. 🌹❤️,,1,0,0,0.5667,Catfish/Romance-Scam Profile,1
fbdemo_000034,Wish you were here with me right now. Money's been tight since the last assignment. Only 17 more months until I'm back.,,1,0,0,0.4019,Catfish/Romance-Scam Profile,1
fbdemo_000034,"Long day, but talking to you helps. Hoping we can talk more privately soon. 73 letters written, still waiting to send them. 51 letters written, still waiting to send them.",,1,0,0,0.7964,Catfish/Romance-Scam Profile,1
fbdemo_000035,Study session with Margaret turned into a nap. Somehow still passing my classes. Ran into Christopher at the library again.,,53,15,3,0.0,Student,0
fbdemo_000035,"Study session with Dorothy turned into a nap. Library until it closes, again. Fun fact: I've switched majors 36 times. Tell me it gets easier. 📚",,32,9,2,0.7269,Student,0
fbdemo_000035,Coffee run before class. Turns out procrastination is a full-time job. Group chat with John is unhinged today. Tell me it gets easier.,,20,8,7,0.4215,Student,0
fbdemo_000035,Coffee run before class. Turns out procrastination is a full-time job. Studying in North Cesar has its perks. 🙌,#gradstudent #studygram,40,37,3,0.0,Student,0
fbdemo_000035,Another day surviving Wellsland University. Somehow still passing my classes. Can't believe it's already 2018.,,48,10,1,0.296,Student,0
fbdemo_000035,Study session with Rebecca turned into a nap. Dorm life really tests your patience. Shoutout to Jasmine for the study session.,,14,4,2,0.0,Student,0
fbdemo_000035,Coffee run before class. Ranking my classes from bearable to soul-crushing. Fun fact: I've switched majors 80 times.,#college #classof2026,75,5,7,0.5106,Student,0
fbdemo_000035,Group project update: Somehow still passing my classes. Shoutout to James for the study session. 🎬,#classof2026,41,14,7,0.0,Student,0
fbdemo_000035,Campus is so pretty in East William today. Dorm life really tests your patience. Shoutout to Tamara for the study session. 🙌,,96,37,12,0.6269,Student,0
fbdemo_000035,Group project update: Ranking my classes from bearable to soul-crushing. ✨🎬,,45,6,7,0.3182,Student,0
fbdemo_000035,Group project update: Ranking my classes from bearable to soul-crushing. Tagging Sarah because they'd get this. Wish me luck.,,19,3,2,0.729,Student,0
fbdemo_000036,Golden hour never disappoints. This is exactly what my feed needed. Packing for New Danieltown again this week. DM for collab details. 👑💖,,119,25,2,0.8217,Fake Influencer,1
fbdemo_000036,This might be my favorite collab yet. Partnering with brands I actually love.,,370,11,5,0.802,Fake Influencer,1
fbdemo_000036,Golden hour never disappoints. So grateful for opportunities like this. 💖,#collab #influencer,110,2,2,0.9502,Fake Influencer,1
fbdemo_000036,"Another day, another shoot. Partnering with brands I actually love. Trip number 74 this year, no complaints. Shop this look now.",#collab #discountcode #trending,122,7,2,0.6551,Fake Influencer,1
fbdemo_000036,"Obsessed with this new find. So grateful for opportunities like this. So many of you asked for this, here it is. 🌴💖",#linkinbio #trending,130,6,1,0.9316,Fake Influencer,1
fbdemo_000036,"This brand sent me the best package. Can't believe I get to call this my job. So many of you asked for this, here it is. 🌴💖",,63,4,0,0.891,Fake Influencer,1
fbdemo_000036,"Another day, another shoot. Can't believe I get to call this my job. Packing for Port Kimberly again this week. ✨",#brandpartner,68,2,1,-0.0258,Fake Influencer,1
fbdemo_000036,Obsessed with this new find. Use my code for a discount. Code is my username at checkout. 💖,,195,64,4,0.6908,Fake Influencer,1
fbdemo_000036,Today's shoot was a whole vibe. Can't believe I get to call this my job. Shot this in Dillonburgh. Shop this look now. 💅💖,,74,2,1,0.6124,Fake Influencer,1
fbdemo_000036,"Obsessed with this new find. Use my code for a discount. Packing for Heatherside again this week. Since 2023, this has been the dream. DM for collab details.",,29,1,0,0.0772,Fake Influencer,1
fbdemo_000036,Obsessed with this new find. So grateful for opportunities like this. Brand deal number 81 this month. Brand deal number 9 this month.,#trending #linkinbio,33,5,0,0.8454,Fake Influencer,1
fbdemo_000036,"This might be my favorite collab yet. So grateful for opportunities like this. Shot this in Adamberg. Trip number 51 this year, no complaints.",#trending,260,5,2,0.9299,Fake Influencer,1
fbdemo_000037,Just need someone to talk to. Work keeps me so busy but you're always on my mind. Hoping to visit Kimville again someday.,,44,5,1,0.5719,Developer,0
fbdemo_000037,Thinking about you today. I promise I'm not like the others you've met online. It's been 57 months since we last spoke. 🙏,,51,9,3,0.049,Developer,0
fbdemo_000037,"Long day, but talking to you helps. I don't trust easily but you're different. It's been 55 months since we last spoke. Missing Abbottberg and missing you more. Message me on here.",,58,4,4,-0.8078,Developer,0
fbdemo_000037,Just need someone to talk to. Money's been tight since the last assignment. Let's move the conversation elsewhere. 🙏🌹,,51,16,2,0.0,Developer,0
fbdemo_000037,Can't wait to finally meet. Hoping we can talk more privately soon. Only 3 more months until I'm back. Let's move the conversation elsewhere. 🙏,,162,11,6,0.4215,Developer,0
fbdemo_000037,Counting down the days already. Money's been tight since the last assignment. It's been 88 months since we last spoke. Only 35 more months until I'm back. ❤️,,93,37,7,0.0,Developer,0
fbdemo_000037,Counting down the days already. Work keeps me so busy but you're always on my mind. Hoping to visit North Anna again someday.,,8,1,0,0.5719,Developer,0
fbdemo_000037,"Wish you were here with me right now. You've made this whole assignment easier. Since 2019, I've been looking for this.",,78,8,3,0.6705,Developer,0
fbdemo_000037,Can't wait to finally meet. Hoping we can talk more privately soon. It's been 12 months since we last spoke.,,30,9,1,0.4215,Developer,0
fbdemo_000037,"Wish you were here with me right now. Money's been tight since the last assignment. Since 2016, I've been looking for this. It's been 28 months since we last spoke.",,83,6,3,0.4019,Developer,0
fbdemo_000037,"Missing having someone real in my life. I promise I'm not like the others you've met online. Since 2021, I've been looking for this.",,41,6,1,-0.2523,Developer,0
fbdemo_000038,"Recovery day, mobility work only. Strength carries over into everything else. Tagging Christopher, my training partner today. Programs linked in bio.",#gymlife,558,41,45,0.4939,Fitness Creator,0
fbdemo_000038,"Back-to-back sessions today. Sleep is still the most underrated recovery tool. 20 reps, zero regrets. Programs linked in bio. 💪🧘",#cardio,992,108,93,-0.3612,Fitness Creator,0
fbdemo_000038,Deload week starts now. Consistency beats intensity most days. Client hit a 90 pound PR today.,,760,93,48,0.0,Fitness Creator,0
fbdemo_000038,"Coaching client hit a big milestone. Rest days are still training days. 66 reps, zero regrets.",#healthylifestyle #fitfam #wellness,558,87,36,-0.3612,Fitness Creator,0
fbdemo_000038,"Recovery day, mobility work only. Showing up matters more than the perfect plan. Shoutout to Heather for showing up every day.",,801,121,31,0.6204,Fitness Creator,0
fbdemo_000038,Early morning session before work. Rest days are still training days. Programs linked in bio.,,1023,166,30,0.0,Fitness Creator,0
fbdemo_000038,New PR today! Strength carries over into everything else. Client hit a 65 pound PR today.,#gymlife #strength,647,82,33,0.5411,Fitness Creator,0
fbdemo_000038,"Leg day recap. Small wins add up over months. Session number 29 with this client, big progress.",,1342,183,67,0.7783,Fitness Creator,0
fbdemo_000038,"Recovery day, mobility work only. Consistency beats intensity most days. Client hit a 31 pound PR today. Tag your gym partner. ⚡🔥",,1206,117,76,-0.34,Fitness Creator,0
fbdemo_000039,"Can't wait to finally meet. You've made this whole assignment easier. 7 letters written, still waiting to send them. Please don't give up on us.",,1,0,0,0.6249,Catfish/Romance-Scam Profile,1
fbdemo_000039,Wish you were here with me right now. I don't trust easily but you're different. Hoping to visit Jostad again someday. ❤️🌹,,2,1,0,0.4907,Catfish/Romance-Scam Profile,1
fbdemo_000039,Just need someone to talk to. You've made this whole assignment easier. Only 29 more months until I'm back. Thinking of you from Heathermouth tonight. Let's move the conversation elsewhere.,,1,0,0,0.4215,Catfish/Romance-Scam Profile,1
fbdemo_000039,Another lonely night here overseas. I don't trust easily but you're different. It's been 84 months since we last spoke. 🌹,,1,0,0,-0.48,Catfish/Romance-Scam Profile,1
fbdemo_000039,"Long day, but talking to you helps. Every message from you makes my day better. Since 2023, I've been looking for this. 🙏❤️",,0,0,0,0.8047,Catfish/Romance-Scam Profile,1
fbdemo_000039,Thinking about you today. Hoping we can talk more privately soon. Missing Russelltown and missing you more. ❤️🌹,,1,0,0,-0.2177,Catfish/Romance-Scam Profile,1
fbdemo_000039,"Missing having someone real in my life. I promise I'm not like the others you've met online. 85 letters written, still waiting to send them. Since 2019, I've been looking for this. Message me on here. 🌹🙏",,1,0,0,-0.2523,Catfish/Romance-Scam Profile,1
fbdemo_000039,Just need someone to talk to. Hoping we can talk more privately soon. Thinking of you from Barnesborough tonight. It's been 16 months since we last spoke.,,2,1,0,0.4215,Catfish/Romance-Scam Profile,1
fbdemo_000039,Missing having someone real in my life. Hoping we can talk more privately soon. It's been 39 months since we last spoke. Hoping to visit Davidmouth again someday.,,1,1,0,0.5267,Catfish/Romance-Scam Profile,1
fbdemo_000039,Missing having someone real in my life. I don't trust easily but you're different. 🙏,,1,1,0,-0.4532,Catfish/Romance-Scam Profile,1
fbdemo_000039,Another lonely night here overseas. Every message from you makes my day better. Thinking of you from Hornfurt tonight. It's been 75 months since we last spoke.,,0,0,0,0.1027,Catfish/Romance-Scam Profile,1
fbdemo_000039,"Another lonely night here overseas. Every message from you makes my day better. It's been 67 months since we last spoke. 72 letters written, still waiting to send them. Please don't give up on us. 🙏",,2,0,0,0.4019,Catfish/Romance-Scam Profile,1
fbdemo_000039,Missing having someone real in my life. Work keeps me so busy but you're always on my mind. Thinking of you from Port Kelly tonight. Missing New Lori and missing you more. 🌹🙏,,3,1,0,-0.7351,Catfish/Romance-Scam Profile,1
fbdemo_000040,"Taking a moment to say thank you. There's more coming that I can't wait to share. Working on something big for 2019. Since 2017, still going strong. DM me directly here.",,18,2,1,0.601,Celebrity Impersonator,1
fbdemo_000040,Thank you for the love this 2025. This journey keeps surprising me. Working on something big for 2023. Working on something big for 2022. 📚,,38,6,2,0.8316,Celebrity Impersonator,1
fbdemo_000040,"I don't get to say this enough. Ignore anyone claiming to be my manager elsewhere. 90 years of your support means everything. Since 2017, still going strong. Share this so others know it's real. 💪",#celebrity #exclusive,23,3,1,0.6908,Celebrity Impersonator,1
fbdemo_000040,"A quick note from me to you. None of this would matter without you. Message number 15 today, reading every one. DM me directly here. 🌟🐾",#celebrity,38,10,3,-0.0315,Celebrity Impersonator,1
fbdemo_000040,"I see all of your messages, truly. Ignore anyone claiming to be my manager elsewhere. Project number 51 coming together nicely. DM me directly here. 🙌✨",#official,17,3,1,0.7096,Celebrity Impersonator,1
fbdemo_000040,Thank you for the love this 2019. There's more coming that I can't wait to share. Back in Hannahville this 2019. 49 years in this industry now. Follow only this page.,#fanpage,27,5,2,0.7015,Celebrity Impersonator,1
fbdemo_000040,"Something special is coming, stay tuned. This journey keeps surprising me. 43 years of your support means everything. Share this so others know it's real.",#fanpage,34,17,2,0.8271,Celebrity Impersonator,1
fbdemo_000040,A quick note from me to you. Ignore anyone claiming to be my manager elsewhere. 75 years in this industry now. Share this so others know it's real. ✨🎉,#celebrity #official,22,3,3,0.5719,Celebrity Impersonator,1
fbdemo_000040,To my real fans: None of this would matter without you. Thank you John for the constant support.,#official,19,5,1,0.1754,Celebrity Impersonator,1
fbdemo_000040,"A quick note from me to you. New project details coming very soon. Tagging Cynthia, thank you for believing in this. 📚🎬",,12,2,1,0.3612,Celebrity Impersonator,1
fbdemo_000040,"Thank you for the love this 2021. Grateful for every one of you every single day. Tagging John, thank you for believing in this. DM me directly here.",,62,41,2,0.9042,Celebrity Impersonator,1
fbdemo_000040,"I see all of your messages, truly. Please report any fake pages you see. Tagging Brittany, thank you for believing in this. 88 years of your support means everything. 💪",,10,2,1,0.743,Celebrity Impersonator,1
fbdemo_000040,Important announcement coming soon. Please report any fake pages you see. Working on something big for 2016. 🐾,,28,2,1,0.0,Celebrity Impersonator,1
fbdemo_000040,"To my real fans: New project details coming very soon. 54 years in this industry now. Since 2021, the journey continues.",,22,4,2,0.0,Celebrity Impersonator,1
fbdemo_000041,New PR today! Rest days are still training days. 🏋️,,0,0,0,0.0,Fitness Creator,0
fbdemo_000041,"Back-to-back sessions today. Sleep is still the most underrated recovery tool. 33 reps, zero regrets. 🏃🥗",#training #fitfam #gymlife,0,0,0,-0.3612,Fitness Creator,0
fbdemo_000041,"Leg day recap. Consistency beats intensity most days. 76 reps, zero regrets.",,0,0,0,-0.3612,Fitness Creator,0
fbdemo_000041,Deload week starts now. Slow and controlled beats fast and sloppy. Training out of Kathryntown this week. DM 'START' to work together. 🥗🏋️,#training #fitness #fitfam,0,0,0,0.0,Fitness Creator,0
fbdemo_000041,"Deload week starts now. Progress isn't always linear, and that's fine. Shoutout to Jim for showing up every day. Save this for your next session. 🧘🥗",,0,0,0,0.7783,Fitness Creator,0
fbdemo_000041,Coaching client hit a big milestone. Consistency beats intensity most days. Client hit a 66 pound PR today. DM 'START' to work together.,#training #gymlife #nutrition,0,0,0,0.0,Fitness Creator,0
fbdemo_000041,Coaching client hit a big milestone. Consistency beats intensity most days. Client hit a 71 pound PR today. DM 'START' to work together.,#gymlife #cardio #training,0,0,0,0.0,Fitness Creator,0
fbdemo_000041,Ran a form check clinic today. Strength carries over into everything else. Client hit a 89 pound PR today. 🏋️⚡,,0,0,0,0.4939,Fitness Creator,0
fbdemo_000042,"Coffee run before class. Library until it closes, again. Fun fact: I've switched majors 33 times.",,47,18,1,0.5106,Student,0
fbdemo_000042,Another day surviving New Michelle University. Ranking my classes from bearable to soul-crushing. 📚,,69,15,4,0.296,Student,0
fbdemo_000042,"Coffee run before class. My professor just dropped a pop quiz, send help. Can't believe it's already 2021. Someone quiz me please. 🎬🙌",,34,12,0,0.6124,Student,0
fbdemo_000042,"Campus is so pretty in West Danieltown today. Library until it closes, again. Number 23 on my to-do list: sleep. 🎬",#studybreak,92,58,3,0.6615,Student,0
fbdemo_000042,"Another day surviving Lake Justin University. Library until it closes, again. Campus tour 5 for prospective students today.",,37,11,2,0.296,Student,0
fbdemo_000043,"Stop scrolling, read this. It's 100% legit, I was skeptical too. Only 20 spots left today. Comment before it's gone. 🔥🎁",#cryptosignals #onlyfollowers #cashapp,1,0,0,-0.4588,Spam Account,1
fbdemo_000043,"🚨 LAST CHANCE 🚨 This is not a scam, I promise. Since 2016, thousands have joined. DM me 'START' immediately. 📩",#makemoneyonline #onlyfollowers #freeprize,0,0,0,0.7924,Spam Account,1
fbdemo_000043,"I wasn't going to share this but... This is not a scam, I promise. This worked for Rachel too, ask them. Comment before it's gone. 💰",,0,0,0,0.7582,Spam Account,1
fbdemo_000043,"Everyone is asking how I did this so fast. No experience needed, just a phone. Already 3 success stories this month. Link in bio, click now. 🛒",,0,0,0,0.3008,Spam Account,1
fbdemo_000043,"You NEED to see this. Spots are filling up fast. Luke just signed up, you're next. 💰",,0,0,0,0.0,Spam Account,1
fbdemo_000043,"This changed everything for me. Thousands already joined, don't miss out. Already helped 70 people this 2017. Tap the link in my story. 🎁",#freeprize #followforfollow,1,0,0,0.5178,Spam Account,1
fbdemo_000043,"I wasn't going to share this but... It's 100% legit, I was skeptical too. Spot number 51 just opened up.",#cryptosignals,0,0,0,-0.4486,Spam Account,1
fbdemo_000043,"I wasn't going to share this but... No experience needed, just a phone. 11 people can't all be wrong. 📩",#followforfollow,0,0,0,0.0225,Spam Account,1
fbdemo_000043,"Everyone is asking how I did this so fast. Thousands already joined, don't miss out. Already 54 success stories this month. Comment before it's gone. 🛒",,0,0,0,0.6303,Spam Account,1
fbdemo_000043,"You NEED to see this. This is not a scam, I promise. Only 19 spots left today. Link in bio, click now. 📩✅",#cryptosignals #cashapp #clicklink,0,0,0,0.6483,Spam Account,1
fbdemo_000043,"Everyone is asking how I did this so fast. Thousands already joined, don't miss out. This worked for Christina too, ask them. Comment before it's gone. 👉",#followforfollow,0,0,0,0.1139,Spam Account,1
fbdemo_000043,I wasn't going to share this but... Spots are filling up fast. Only 82 spots left today. Tap the link in my story. 🎁,#freeprize #clicklink #giveaway,0,0,0,0.5277,Spam Account,1
fbdemo_000044,"I wasn't going to share this but... No experience needed, just a phone. Over 55 people already joined this week. Comment before it's gone. 🔥",#followforfollow #getrichquick #cryptosignals,0,0,0,-0.7464,Spam Account,1
fbdemo_000044,"Stop scrolling, read this. Made more money this week than my old job paid monthly. Already 49 success stories this month. Comment before it's gone. 💰📩",#cashapp,0,0,0,0.3612,Spam Account,1
fbdemo_000044,"This changed everything for me. It's 100% legit, I was skeptical too. Only 27 spots left today. Link in bio, click now. 💰🛒",,1,0,0,-0.3182,Spam Account,1
fbdemo_000044,"Everyone is asking how I did this so fast. It's 100% legit, I was skeptical too. 🛒👉",#getrichquick,1,0,0,-0.3182,Spam Account,1
fbdemo_000044,"🚨 LAST CHANCE 🚨 Thousands already joined, don't miss out. Spot number 31 just opened up. 🎁",#clicklink,0,0,0,0.7489,Spam Account,1
fbdemo_000044,"I wasn't going to share this but... No experience needed, just a phone. Already helped 20 people this 2017. Comment before it's gone. 🛒",#cashapp #clicklink,0,0,0,-0.5013,Spam Account,1
fbdemo_000044,"Stop scrolling, read this. No experience needed, just a phone. Spot number 92 just opened up. DM me 'START' immediately. 💯🛒",,0,0,0,-0.5267,Spam Account,1
fbdemo_000045,I wasn't going to share this but... Spots are filling up fast. Already helped 80 people this 2021.,,1,0,0,-0.1139,Spam Account,1
fbdemo_000045,"Stop scrolling, read this. Thousands already joined, don't miss out. DM me 'START' immediately. 🎁",,1,0,0,0.2833,Spam Account,1
fbdemo_000045,"You NEED to see this. Thousands already joined, don't miss out. Slot 12 almost gone. DM me 'START' immediately. ✅",#clicklink,2,0,0,0.1139,Spam Account,1
fbdemo_000045,"This changed everything for me. Spots are filling up fast. This worked for Stephanie too, ask them. Tap the link in my story. ✅",,3,0,0,0.0,Spam Account,1
fbdemo_000045,"Everyone is asking how I did this so fast. Spots are filling up fast. Spot number 73 just opened up. Link in bio, click now. 🛒",,2,0,0,0.0772,Spam Account,1
fbdemo_000045,"Stop scrolling, read this. Spots are filling up fast. Already 53 success stories this month. Link in bio, click now. 🛒",,1,0,0,0.3612,Spam Account,1
fbdemo_000045,"This changed everything for me. Made more money this week than my old job paid monthly. Since 2021, thousands have joined. DM me 'START' immediately. 🛒",,1,0,0,0.0,Spam Account,1
fbdemo_000045,"🚨 LAST CHANCE 🚨 No experience needed, just a phone. Started in Port Ashley, now everywhere.",#onlyfollowers,1,0,0,0.1363,Spam Account,1
fbdemo_000045,"Everyone is asking how I did this so fast. This is not a scam, I promise. Only 18 spots left today. Link in bio, click now. 👉",#cryptosignals,1,0,0,0.6483,Spam Account,1
fbdemo_000045,"Stop scrolling, read this. No experience needed, just a phone. Over 28 people already joined this week. Link in bio, click now. 💯👉",,2,0,0,-0.5719,Spam Account,1
fbdemo_000045,"I wasn't going to share this but... It's 100% legit, I was skeptical too. Over 89 people already joined this week. Link in bio, click now. 👉🔥",#onlyfollowers #giveaway,3,0,0,-0.7575,Spam Account,1
fbdemo_000045,"This changed everything for me. Made more money this week than my old job paid monthly. Started in Lake Darryl, now everywhere. 💯",,1,0,0,0.0,Spam Account,1
fbdemo_000045,"🚨 LAST CHANCE 🚨 It's 100% legit, I was skeptical too. Comment before it's gone. 👉",#followforfollow #onlyfollowers,2,0,0,0.1111,Spam Account,1
fbdemo_000045,"🚨 LAST CHANCE 🚨 It's 100% legit, I was skeptical too. Already 23 success stories this month. Link in bio, click now. 💯💰",#freeprize #cashapp #clicklink,0,0,0,0.6289,Spam Account,1
fbdemo_000045,"I wasn't going to share this but... It's 100% legit, I was skeptical too. Spot number 92 just opened up. Comment before it's gone. 💰✅",#makemoneyonline #followforfollow,1,0,0,-0.4486,Spam Account,1
fbdemo_000046,New arrivals just dropped! Your support keeps our doors open. Serving North Donna since 2025. 🤝,#localbusiness,24,3,2,0.4574,Business Page,0
fbdemo_000046,"Small batch, made with care. Orders ship out within 2 business days. Tagging Shawn, one of our first customers back in 2021. 💼🤝",#businessowner,39,1,5,0.4939,Business Page,0
fbdemo_000046,"Small batch, made with care. Your support keeps our doors open. Based out of East Williamborough, shipping everywhere. 💼🌍",,15,1,1,0.7096,Business Page,0
fbdemo_000046,"Restocked your favorites. We appreciate every single one of you. Tagging James, one of our first customers back in 2025.",#smallbusiness,22,2,2,0.6705,Business Page,0
fbdemo_000046,Meet the team making it happen. Custom requests are always welcome. Thank you Alvarezland for 6 years of support. Limited stock available.,#localbusiness #marketing,28,3,1,0.743,Business Page,0
fbdemo_000046,"Small batch, made with care. We appreciate every single one of you.",#marketing #businessowner #hustle,35,3,2,0.7096,Business Page,0
fbdemo_000046,Meet the team making it happen. Orders ship out within 2 business days. Proudly 76 years in business this 2023. Tag someone who'd love this.,,29,2,2,0.8316,Business Page,0
fbdemo_000046,Meet the team making it happen. Custom requests are always welcome. Serving Lake Michaeltown since 2019. Limited stock available.,,31,4,2,0.2732,Business Page,0
fbdemo_000047,Migrated a service to a new framework today. Naming things is still the hardest part. AMA about the stack. ⚙️🔧,,29,4,1,0.0,Developer,0
fbdemo_000047,"Spent way too long on a bug today. The fix was smaller than the investigation. This is bug ticket number 14, send help.",#buildinpublic,30,6,1,0.4588,Developer,0
fbdemo_000047,"On-call was quiet for once. Docs were wrong but figured it out eventually. This is bug ticket number 68, send help.",,70,8,4,0.4497,Developer,0
fbdemo_000047,Spent way too long on a bug today. Pairing with a teammate made it so much faster. Working out of Lake Scott this 2017. Open to feedback. 🧠,,28,5,1,0.0,Developer,0
fbdemo_000047,Learning a new part of the stack this week. CI is green and I'm emotionally fine now. Standup update: 82 things fixed today.,,42,4,2,0.2023,Developer,0
fbdemo_000047,Spent way too long on a bug today. The fix was smaller than the investigation. Currently debugging from East Jasonborough. Repo link below. ⚙️,,52,4,1,0.0,Developer,0
fbdemo_000047,"Finally got the tests passing. CI is green and I'm emotionally fine now. Tagging Cody, they'll appreciate this one.",,43,3,2,0.5423,Developer,0
fbdemo_000047,"Shipped a small feature at King, Ayala and Wright. CI is green and I'm emotionally fine now. Working out of East Walterland this 2022. ⚙️🚀",,18,2,1,0.2023,Developer,0
fbdemo_000047,Shipped a small feature at Brown-Taylor. Turned out to be a missing semicolon. Standup update: 96 things fixed today. Open to feedback. ⚙️,,29,3,2,-0.296,Developer,0
fbdemo_000047,"Migrated a service to a new framework today. Past me really did not comment anything. Tagging John, they'll appreciate this one. Curious how others solve this.",#100daysofcode,14,1,1,0.7003,Developer,0
fbdemo_000047,Migrated a service to a new framework today. Turned out to be a missing semicolon. Working out of Janiceville this 2025.,#programmer #python,18,1,1,-0.296,Developer,0
fbdemo_000048,"Long day, but talking to you helps. Money's been tight since the last assignment. It's been 63 months since we last spoke. Please don't give up on us.",,1,0,0,0.7469,Catfish/Romance-Scam Profile,1
fbdemo_000048,Counting down the days already. Money's been tight since the last assignment. Missing Michaelview and missing you more.,,2,3,0,-0.5267,Catfish/Romance-Scam Profile,1
fbdemo_000048,Wish you were here with me right now. You've made this whole assignment easier. Thinking of you from North David tonight.,,3,0,0,0.6705,Catfish/Romance-Scam Profile,1
fbdemo_000048,Just need someone to talk to. Every message from you makes my day better. Hoping to visit East Justin again someday. Currently stationed near West Kevin. ❤️🙏,,2,0,0,0.6908,Catfish/Romance-Scam Profile,1
fbdemo_000048,"Can't wait to finally meet. I promise I'm not like the others you've met online. 27 letters written, still waiting to send them. Missing Riveraview and missing you more. ❤️",,10,4,0,-0.4956,Catfish/Romance-Scam Profile,1
fbdemo_000048,Wish you were here with me right now. Work keeps me so busy but you're always on my mind. Thinking of you from Dylanshire tonight. 🙏,,3,1,0,0.2144,Catfish/Romance-Scam Profile,1
fbdemo_000048,Just need someone to talk to. You've made this whole assignment easier. Missing East Victoriafort and missing you more. 🙏,,2,0,0,-0.1531,Catfish/Romance-Scam Profile,1
fbdemo_000048,"Long day, but talking to you helps. You've made this whole assignment easier. Only 5 more months until I'm back. 🙏",,5,1,0,0.7964,Catfish/Romance-Scam Profile,1
fbdemo_000048,Can't wait to finally meet. I promise I'm not like the others you've met online. Hoping to visit West Elizabeth again someday.,,2,1,0,0.457,Catfish/Romance-Scam Profile,1
fbdemo_000048,Just need someone to talk to. Money's been tight since the last assignment. Thinking of you from Brittanyside tonight. Thinking of you from West Kristinstad tonight. Let's move the conversation elsewhere.,,3,4,0,0.0,Catfish/Romance-Scam Profile,1
fbdemo_000049,"Another day surviving North Nicole University. Turns out procrastination is a full-time job. Somewhere in Smithburgh, probably procrastinating. Tell me it gets easier. 💪",,101,4,0,0.6124,Student,0
fbdemo_000049,Campus is so pretty in Maryside today. Dorm life really tests your patience. Group chat with Jessica is unhinged today. Tell me it gets easier.,#studybreak,93,4,0,0.7855,Student,0
fbdemo_000049,"Finals season has me questioning everything. Library until it closes, again. Officially 32 credits away from graduating.",#college #classof2026,70,1,0,0.2732,Student,0
fbdemo_000049,"Study session with Stacy turned into a nap. My professor just dropped a pop quiz, send help. Somewhere in Mooreberg, probably procrastinating. Wish me luck.",#campus #dormlife,87,3,0,0.8126,Student,0
fbdemo_000049,"Group project update: Library until it closes, again. Number 87 on my to-do list: sleep. 🙌",,49,1,0,0.0772,Student,0
fbdemo_000049,"Another day surviving Port Victoriatown University. My professor just dropped a pop quiz, send help. Ran into Michelle at the library again. Send snacks. 🎉😊",,57,1,0,0.9118,Student,0
fbdemo_000049,Finals season has me questioning everything. Ranking my classes from bearable to soul-crushing. Can't believe it's already 2023.,,30,1,0,-0.1027,Student,0
fbdemo_000049,"Study session with Madeline turned into a nap. Library until it closes, again. Studying in Smithland has its perks.",,260,17,0,0.0,Student,0
fbdemo_000049,Another day surviving Carloshaven University. Somehow still passing my classes. Currently 19 cups of coffee deep today. 💪🎉,,79,2,0,0.5994,Student,0
fbdemo_000049,Finals season has me questioning everything. Somehow still passing my classes. Wish me luck.,,43,2,0,0.6486,Student,0
fbdemo_000049,Study session with Gina turned into a nap. Turns out procrastination is a full-time job.,#studygram #university,79,1,0,0.0,Student,0
fbdemo_000049,"Study session with Sarah turned into a nap. Library until it closes, again. Somewhere in Yorkburgh, probably procrastinating. Tell me it gets easier. 💪",,95,2,0,0.4215,Student,0
fbdemo_000050,I don't get to say this enough. Ignore anyone claiming to be my manager elsewhere. Working on something big for 2015.,,332,34,10,-0.3612,Fitness Creator,0
fbdemo_000050,"I see all of your messages, truly. I read every message even if I can't reply to all. 46 years of your support means everything. Thank you Kellie for the constant support. Share this so others know it's real.",#official,752,98,69,0.9001,Fitness Creator,0
fbdemo_000050,A quick note from me to you. None of this would matter without you. Project number 91 coming together nicely. Thank you Judy for the constant support. Follow only this page. 🌟,#celebrity #official,336,29,35,0.7893,Fitness Creator,0
fbdemo_000050,"A quick note from me to you. I read every message even if I can't reply to all. Back in Lukemouth this 2023. Message number 83 today, reading every one.",,283,14,35,0.0772,Fitness Creator,0
fbdemo_000050,"Important announcement coming soon. I read every message even if I can't reply to all. Tagging Jonathan, thank you for believing in this. 🐾💪",,301,34,46,0.5106,Fitness Creator,0
fbdemo_000050,"Thank you for the love this 2018. This journey keeps surprising me. Tagging Zachary, thank you for believing in this. Share this so others know it's real.",,421,23,18,0.9153,Fitness Creator,0
fbdemo_000050,To my real fans: Grateful for every one of you every single day. Thank you Sandra for the constant support. Share this so others know it's real.,,309,16,25,0.8555,Fitness Creator,0
fbdemo_000050,"A quick note from me to you. Ignore anyone claiming to be my manager elsewhere. Since 2019, the journey continues. Working on something big for 2016. Follow only this page. 🎉",,325,32,31,0.0516,Fitness Creator,0
fbdemo_000050,"I see all of your messages, truly. Grateful for every one of you every single day. Since 2021, still going strong. Working on something big for 2024. DM me directly here.",,456,108,27,0.8481,Fitness Creator,0
fbdemo_000050,"This account is really me, I promise. None of this would matter without you. Tagging Anthony, thank you for believing in this. Back in North Victoriafort this 2021. 💪🎉",,245,26,30,0.7823,Fitness Creator,0
fbdemo_000050,Thank you for the love this 2015. New project details coming very soon. Project number 80 coming together nicely. Thank you Ronald for the constant support. Share this so others know it's real. 📚,#celebrity #exclusive,193,19,29,0.9482,Fitness Creator,0
fbdemo_000050,"A quick note from me to you. I read every message even if I can't reply to all. Since 2021, still going strong. Working on something big for 2015. 🙌",,225,28,13,0.5106,Fitness Creator,0
fbdemo_000050,Thank you for the love this 2018. I read every message even if I can't reply to all. DM me directly here. 💪🎬,,301,22,28,0.7717,Fitness Creator,0
fbdemo_000050,"Something special is coming, stay tuned. This journey keeps surprising me. Tagging Desiree, thank you for believing in this. Follow only this page. ✨🎬",#official,610,52,57,0.8225,Fitness Creator,0
fbdemo_000050,"I see all of your messages, truly. New project details coming very soon. Since 2020, still going strong.",#exclusive,333,30,11,0.7351,Fitness Creator,0
fbdemo_000050,"Taking a moment to say thank you. Ignore anyone claiming to be my manager elsewhere. Tagging Valerie, thank you for believing in this. Share this so others know it's real.",,251,9,46,0.6124,Fitness Creator,0
fbdemo_000050,"A quick note from me to you. I read every message even if I can't reply to all. Since 2023, still going strong. Project number 73 coming together nicely. ✨🌟",,598,52,36,0.8316,Fitness Creator,0
fbdemo_000050,"I see all of your messages, truly. Grateful for every one of you every single day. 46 years in this industry now. Since 2020, still going strong.",,361,15,18,0.8481,Fitness Creator,0
fbdemo_000051,"New PR today! Progress isn't always linear, and that's fine. Training out of South Melinda this week. DM 'START' to work together.",,641,44,62,0.5983,Fitness Creator,0
fbdemo_000051,"Ran a form check clinic today. Small wins add up over months. 38 reps, zero regrets.",,932,94,35,0.296,Fitness Creator,0
fbdemo_000051,"Meal prep Sunday. Progress isn't always linear, and that's fine. Day 14 of the program. 🥗",,547,28,29,0.5574,Fitness Creator,0
fbdemo_000051,"Programming update for the week. Fueling properly made a huge difference. 66 reps, zero regrets. Tag your gym partner. 🧘",,660,57,38,-0.0516,Fitness Creator,0
fbdemo_000051,"Recovery day, mobility work only. Fueling properly made a huge difference. Day 60 of the program. Tag your gym partner.",#wellness,424,23,11,0.3182,Fitness Creator,0
fbdemo_000051,Early morning session before work. Small wins add up over months. Training out of Lake Patrickbury this week. ⚡,#fitness,889,51,46,0.5719,Fitness Creator,0
fbdemo_000051,Back-to-back sessions today. Fueling properly made a huge difference. 15 minutes of mobility work this morning. Tag your gym partner. 🧘🏃,,626,43,35,0.3182,Fitness Creator,0
fbdemo_000051,Back-to-back sessions today. Showing up matters more than the perfect plan. Shoutout to Heidi for showing up every day.,,570,90,38,0.6204,Fitness Creator,0
fbdemo_000051,"New PR today! Slow and controlled beats fast and sloppy. 52 reps, zero regrets. Tag your gym partner.",,870,74,43,-0.4199,Fitness Creator,0
fbdemo_000051,"Early morning session before work. Progress isn't always linear, and that's fine. Tag your gym partner.",#strength #wellness #healthylifestyle,479,22,22,0.5574,Fitness Creator,0
fbdemo_000051,New PR today! Rest days are still training days. Coaching 10 clients this cycle. 🔥🧘,,1576,247,122,-0.4003,Fitness Creator,0
fbdemo_000052,"Recovery day, mobility work only. Form over ego, always. Session number 81 with this client, big progress.",,0,0,0,0.4767,Catfish/Romance-Scam Profile,1
fbdemo_000052,"Leg day recap. Rest days are still training days. 88 reps, zero regrets. 💪🏃",#wellness,3,1,0,-0.3612,Catfish/Romance-Scam Profile,1
fbdemo_000052,"New PR today! Showing up matters more than the perfect plan. Tagging Brandi, my training partner today. Save this for your next session.",#gymlife,1,0,0,0.8203,Catfish/Romance-Scam Profile,1
fbdemo_000052,"Meal prep Sunday. Progress isn't always linear, and that's fine. Training out of Robinstad this week. Save this for your next session. 🧘💪",#cardio,0,0,0,0.7783,Catfish/Romance-Scam Profile,1
fbdemo_000052,"Meal prep Sunday. Form over ego, always. Tagging Sharon, my training partner today.",#strength,0,0,0,0.0,Catfish/Romance-Scam Profile,1
fbdemo_000052,New PR today! Consistency beats intensity most days. Programs linked in bio.,#nutrition #gymlife #training,0,0,0,0.0,Catfish/Romance-Scam Profile,1
fbdemo_000052,Coaching client hit a big milestone. Rest days are still training days. Coaching 19 clients this cycle. 🏋️,,1,0,0,0.0,Catfish/Romance-Scam Profile,1
fbdemo_000052,"Programming update for the week. Small wins add up over months. 2 reps, zero regrets. Save this for your next session.",#fitness #healthylifestyle #workout,0,0,0,0.6597,Catfish/Romance-Scam Profile,1
fbdemo_000052,"Early morning session before work. Progress isn't always linear, and that's fine. Training out of Melindatown this week. Programs linked in bio. 💪🏋️",#healthylifestyle #fitness,1,0,0,0.5574,Catfish/Romance-Scam Profile,1
fbdemo_000052,"New PR today! Sleep is still the most underrated recovery tool. Week 60 of the plan, feeling stronger.",,1,0,0,0.5255,Catfish/Romance-Scam Profile,1
fbdemo_000052,Back-to-back sessions today. Fueling properly made a huge difference. Logged 25 miles this week. 🔥🥗,#workout,1,0,0,-0.0258,Catfish/Romance-Scam Profile,1
fbdemo_000052,"Meal prep Sunday. Rest days are still training days. Week 33 of the plan, feeling stronger.",#gymlife #healthylifestyle,0,0,0,0.4767,Catfish/Romance-Scam Profile,1
fbdemo_000052,"Recovery day, mobility work only. Sleep is still the most underrated recovery tool. Week 20 of the plan, feeling stronger. DM 'START' to work together. 🏋️",#wellness,1,1,0,0.4767,Catfish/Romance-Scam Profile,1
fbdemo_000052,Deload week starts now. Strength carries over into everything else. Client hit a 45 pound PR today. Save this for your next session. 🧘,#strength,1,0,0,0.7506,Catfish/Romance-Scam Profile,1
fbdemo_000053,Restocked your favorites. Orders ship out within 2 business days. Proudly 27 years in business this 2016. 🔗💼,,37,2,1,0.7506,Business Page,0
fbdemo_000053,Behind the scenes at the shop today. Orders ship out within 2 business days. Thank you Andersonside for 92 years of support. Shop the link in bio. 🌍,,38,2,1,0.6369,Business Page,0
fbdemo_000053,Meet the team making it happen. Handmade in small batches every week. Proudly 4 years in business this 2016.,,49,1,0,0.5574,Business Page,0
fbdemo_000053,Restocked your favorites. Custom requests are always welcome. Order number 75 just shipped. 🌍🔗,#businessowner,39,2,0,0.7269,Business Page,0
fbdemo_000053,"Small batch, made with care. Locally sourced, always. Customer number 88 just left a five-star review. Limited stock available.",#smallbusiness #businessowner,24,1,0,0.3818,Business Page,0
fbdemo_000053,"Behind the scenes at the shop today. Locally sourced, always. Based out of Townsendbury, shipping everywhere. 💼",#marketing,34,1,1,0.0,Business Page,0
fbdemo_000053,Behind the scenes at the shop today. Handmade in small batches every week. Team huddle today covered 51 new ideas. Shop the link in bio. ✅,#growth #smallbusiness #hustle,35,1,1,0.0,Business Page,0
fbdemo_000053,Meet the team making it happen. Custom requests are always welcome. Shoutout to our 39th customer this week. Shop the link in bio. 📈,#localbusiness #hustle,24,1,0,0.4588,Business Page,0
fbdemo_000054,Behind the scenes at the shop today. We appreciate every single one of you. Customer number 2 just left a five-star review. 🔗,#customerfirst,102,13,4,0.4588,Business Page,0
fbdemo_000054,Thank you Adamchester for another great week. Your support keeps our doors open. Batch number 10 restocked today. Shop the link in bio. ✅,,117,13,12,0.8625,Business Page,0
fbdemo_000054,Thank you South Mackenzie for another great week. Orders ship out within 2 business days. Celebrating 16 years since we opened our doors. DM us to order.,#smallbusiness #hustle,57,12,1,0.8834,Business Page,0
fbdemo_000054,"New arrivals just dropped! Locally sourced, always. Tagging John, one of our first customers back in 2023. Shop the link in bio.",#localbusiness #shopsmall,58,11,1,0.0,Business Page,0
fbdemo_000054,Thank you East Thomas for another great week. We appreciate every single one of you. Order number 78 just shipped. Shop the link in bio. 🌍🤝,,58,3,1,0.8625,Business Page,0
fbdemo_000054,"Restocked your favorites. Locally sourced, always. Customer number 68 just left a five-star review. DM us to order. 💼",#entrepreneur #hustle #growth,151,5,5,0.4767,Business Page,0
fbdemo_000054,New arrivals just dropped! We appreciate every single one of you. 💼📈,#startup #customerfirst,91,17,6,0.4574,Business Page,0
fbdemo_000054,Thank you Jennifertown for another great week. We appreciate every single one of you. Order number 52 just shipped. Limited stock available. 📈🌍,#localbusiness #entrepreneur,106,14,2,0.8271,Business Page,0
fbdemo_000054,Behind the scenes at the shop today. Handmade in small batches every week. Shoutout to our 93th customer this week. 🌍,,94,10,1,0.0,Business Page,0
fbdemo_000054,Restocked your favorites. Handmade in small batches every week. Proudly 29 years in business this 2024. Shop the link in bio.,,106,16,2,0.7506,Business Page,0
fbdemo_000054,"Small batch, made with care. Locally sourced, always. Order number 36 just shipped. Shop the link in bio. 📈🌍",#growth #hustle #shopsmall,93,14,2,0.5423,Business Page,0
fbdemo_000054,"Small batch, made with care. Handmade in small batches every week. Shoutout to our 37th customer this week. DM us to order.",#marketing #shopsmall #startup,95,6,2,0.4939,Business Page,0
fbdemo_000055,"Migrated a service to a new framework today. Linting caught it before it shipped, thankfully. 92 tabs of documentation open right now.",#python #webdev,35,2,2,0.4215,Catfish/Romance-Scam Profile,1
fbdemo_000055,Spent way too long on a bug today. Naming things is still the hardest part. Deploy number 47 of the week. ⚙️,,30,3,4,0.0772,Catfish/Romance-Scam Profile,1
fbdemo_000055,Gave a lunch-and-learn at Bowen-Bailey today. CI is green and I'm emotionally fine now. PR number 30 finally merged. Repo link below.,,13,2,0,0.2732,Catfish/Romance-Scam Profile,1
fbdemo_000055,On-call was quiet for once. The fix was smaller than the investigation. Currently debugging from Justinstad. AMA about the stack. 🧠,,22,2,0,0.0,Catfish/Romance-Scam Profile,1
fbdemo_000055,On-call was quiet for once. Docs were wrong but figured it out eventually. Working out of New Maria this 2024. 🧠🔧,,14,1,0,-0.2617,Catfish/Romance-Scam Profile,1
fbdemo_000055,On-call was quiet for once. CI is green and I'm emotionally fine now. Working remotely from Fisherland this month. 🔧🐛,,11,1,0,0.2023,Catfish/Romance-Scam Profile,1
fbdemo_000055,"Finally got the tests passing. Linting caught it before it shipped, thankfully. Working remotely from Lake Matthew this month. ⚙️",,31,4,4,0.4215,Catfish/Romance-Scam Profile,1
fbdemo_000056,Coaching client hit a big milestone. Rest days are still training days. Shoutout to Victoria for showing up every day. DM 'START' to work together.,,369,54,17,0.0,Fitness Creator,0
fbdemo_000056,Deload week starts now. Strength carries over into everything else. Logged 32 miles this week.,#gymlife #workout,507,66,23,0.4939,Fitness Creator,0
fbdemo_000056,"Meal prep Sunday. Rest days are still training days. Week 53 of the plan, feeling stronger.",#workout #cardio,368,24,23,0.4767,Fitness Creator,0
fbdemo_000056,Ran a form check clinic today. Showing up matters more than the perfect plan. Coaching 45 clients this cycle.,,448,30,43,0.6204,Fitness Creator,0
fbdemo_000056,Deload week starts now. Consistency beats intensity most days. Client hit a 96 pound PR today.,#gymlife #strength #workout,303,17,14,0.0,Fitness Creator,0
fbdemo_000056,"Ran a form check clinic today. Strength carries over into everything else. 70 reps, zero regrets. Save this for your next session. 🏃🥗",#cardio #nutrition #fitness,624,31,27,0.5994,Fitness Creator,0
fbdemo_000056,Back-to-back sessions today. Showing up matters more than the perfect plan. Day 77 of the program. 🔥🏋️,,327,29,10,0.3947,Fitness Creator,0
fbdemo_000056,"Leg day recap. Form over ego, always. Day 69 of the program. 🧘⚡",#training #nutrition #strength,708,52,37,0.0,Fitness Creator,0
fbdemo_000056,"Back-to-back sessions today. Progress isn't always linear, and that's fine. Logged 4 miles this week. Save this for your next session.",,1317,98,53,0.7783,Fitness Creator,0
fbdemo_000057,"Early morning session before work. Consistency beats intensity most days. 29 reps, zero regrets. Tag your gym partner. 🔥",,326,24,13,-0.5994,Fitness Creator,0
fbdemo_000057,Back-to-back sessions today. Showing up matters more than the perfect plan. Training out of Williemouth this week. Tag your gym partner.,#fitfam,335,39,18,0.6204,Fitness Creator,0
fbdemo_000057,"Recovery day, mobility work only. Progress isn't always linear, and that's fine. Shoutout to Laura for showing up every day. Tag your gym partner. 🏋️🥗",#workout #nutrition,205,30,7,0.5574,Fitness Creator,0
fbdemo_000057,Early morning session before work. Fueling properly made a huge difference. Shoutout to Russell for showing up every day. DM 'START' to work together. 🏋️💪,#gymlife #fitness #healthylifestyle,173,22,3,0.3182,Fitness Creator,0
fbdemo_000057,"New PR today! Slow and controlled beats fast and sloppy. 69 reps, zero regrets.",,304,25,9,-0.4199,Fitness Creator,0
fbdemo_000057,New PR today! Slow and controlled beats fast and sloppy. Logged 6 miles this week. DM 'START' to work together. 🏋️🧘,#nutrition #workout,243,52,7,0.0,Fitness Creator,0
fbdemo_000057,Early morning session before work. Rest days are still training days. Logged 92 miles this week. DM 'START' to work together. 🏋️🧘,#nutrition #gymlife,521,68,11,0.0,Fitness Creator,0
fbdemo_000057,"Programming update for the week. Small wins add up over months. Tagging Raymond, my training partner today. ⚡",,341,70,14,0.5719,Fitness Creator,0
fbdemo_000057,Programming update for the week. Rest days are still training days. 72 minutes of mobility work this morning.,,359,59,14,0.0,Fitness Creator,0
fbdemo_000057,Early morning session before work. Fueling properly made a huge difference. Back in Victoriastad for a pop-up class this 2019.,#cardio #gymlife,225,26,13,0.3182,Fitness Creator,0
fbdemo_000058,"Finals season has me questioning everything. My professor just dropped a pop quiz, send help. Tagging John because they'd get this. Send snacks.",,995,504,63,0.3182,Celebrity Impersonator,1
fbdemo_000058,"Another day surviving West Jamesbury University. Library until it closes, again. Group chat with Katelyn is unhinged today. 🎬",,99,3,21,0.296,Celebrity Impersonator,1
fbdemo_000058,"Another day surviving West Kenneth University. Library until it closes, again. Can't believe it's already 2016. 🎬",,597,214,49,0.296,Celebrity Impersonator,1
fbdemo_000058,Finals season has me questioning everything. Ranking my classes from bearable to soul-crushing. Studying in Port Dawnmouth has its perks. ☕🐾,,554,53,11,-0.1027,Celebrity Impersonator,1
fbdemo_000058,Study session with Anthony turned into a nap. Dorm life really tests your patience. This is assignment number 5 this semester. 😊,,146,132,19,0.743,Celebrity Impersonator,1
fbdemo_000058,"Campus is so pretty in Port Andrewtown today. Library until it closes, again. Somewhere in South Karen, probably procrastinating.",,1097,239,96,0.6269,Celebrity Impersonator,1
fbdemo_000058,Another day surviving Maddoxbury University. Dorm life really tests your patience. 📚,#studygram,628,196,59,0.296,Celebrity Impersonator,1
fbdemo_000058,Campus is so pretty in West Mark today. Somehow still passing my classes. Studying in Robinsonton has its perks.,#finals #university,339,4,4,0.6269,Celebrity Impersonator,1
fbdemo_000058,Study session with Steven turned into a nap. Dorm life really tests your patience. Studying in New Jamie has its perks.,,202,44,11,0.0,Celebrity Impersonator,1
fbdemo_000058,"Finals season has me questioning everything. My professor just dropped a pop quiz, send help. Currently 51 cups of coffee deep today.",#studentlife,773,62,11,0.3182,Celebrity Impersonator,1
fbdemo_000058,"Another day surviving South Michelleberg University. My professor just dropped a pop quiz, send help. This is assignment number 3 this semester. 🙌🎉",#gradstudent #studygram,1074,343,87,0.7845,Celebrity Impersonator,1
fbdemo_000058,Coffee run before class. Turns out procrastination is a full-time job. 🌟,,1617,262,29,0.0,Celebrity Impersonator,1
fbdemo_000058,Campus is so pretty in Lake Michael today. Turns out procrastination is a full-time job. Group chat with Sandra is unhinged today. Someone quiz me please. 🙌,#campus #studygram,713,120,29,0.7518,Celebrity Impersonator,1
fbdemo_000059,"Study session with Joseph turned into a nap. My professor just dropped a pop quiz, send help. Shoutout to Elizabeth for the study session. Someone quiz me please.",#gradstudent,19,8,2,0.6124,Student,0
fbdemo_000059,"Another day surviving Williambury University. Library until it closes, again. Studying in Campbellport has its perks. 📚",,12,2,1,0.296,Student,0
fbdemo_000059,Another day surviving Lake Kelsey University. Somehow still passing my classes. Currently 92 cups of coffee deep today. 🌟,#finals,12,2,2,0.296,Student,0
fbdemo_000059,"Study session with Mary turned into a nap. Library until it closes, again. Campus tour 58 for prospective students today.",,31,3,2,0.0,Student,0
fbdemo_000059,Coffee run before class. Somehow still passing my classes. Officially 50 credits away from graduating. 🙌,#campus,10,3,1,0.3612,Student,0
fbdemo_000059,Group project update: Somehow still passing my classes. Officially 24 credits away from graduating. 🌟🎬,#studygram #campus,21,1,1,0.3612,Student,0
fbdemo_000059,Group project update: Somehow still passing my classes. Currently 41 days away from break.,,8,1,1,0.0,Student,0
fbdemo_000059,Finals season has me questioning everything. Somehow still passing my classes. Officially 64 credits away from graduating. Wish me luck.,,29,10,1,0.7783,Student,0
fbdemo_000059,"Coffee run before class. Ranking my classes from bearable to soul-crushing. Somewhere in New Patricia, probably procrastinating.",,26,7,1,0.0,Student,0
fbdemo_000059,Campus is so pretty in North Gail today. Ranking my classes from bearable to soul-crushing. This is assignment number 80 this semester. 🐾,#studygram #classof2026,12,1,1,0.6615,Student,0
fbdemo_000059,"Finals season has me questioning everything. Turns out procrastination is a full-time job. Somewhere in South Meganborough, probably procrastinating. Send snacks.",,9,1,1,-0.1027,Student,0
fbdemo_000060,"Spent way too long on a bug today. Linting caught it before it shipped, thankfully. This is bug ticket number 45, send help.",,35,7,2,0.7003,Developer,0
fbdemo_000060,"Shipped a small feature at Kelley, Mooney and Hanson. Pairing with a teammate made it so much faster. Tagging Nicole, they'll appreciate this one. 💻🐛",#programmer #opensource,60,18,3,0.4019,Developer,0
fbdemo_000060,Gave a lunch-and-learn at Bryant LLC today. Pairing with a teammate made it so much faster. Pairing with Michelle made this so much faster. 🧠☕,#100daysofcode,45,10,3,0.0,Developer,0
fbdemo_000060,Migrated a service to a new framework today. CI is green and I'm emotionally fine now. Deploy number 20 of the week.,,105,43,6,0.2732,Developer,0
fbdemo_000060,Shipped a small feature at Davis-Jones. Naming things is still the hardest part. PR number 35 finally merged. Curious how others solve this. 🚀,,50,4,2,0.5267,Developer,0
fbdemo_000060,"Rewrote a script that's been bugging me for weeks. The code review comments humbled me. Tagging Brittany, they'll appreciate this one. 🐛🧠",,84,13,5,0.4019,Developer,0
fbdemo_000060,Rewrote a script that's been bugging me for weeks. Docs were wrong but figured it out eventually. Shoutout to Martin for the code review.,,29,5,4,-0.2617,Developer,0
fbdemo_000060,"Refactoring old code I wrote a year ago. Turns out the cache was the whole problem. Tagging Peter, they'll appreciate this one.",,28,10,1,0.0,Developer,0
fbdemo_000060,"Spent way too long on a bug today. CI is green and I'm emotionally fine now. Tagging Michael, they'll appreciate this one.",,33,11,2,0.5423,Developer,0
fbdemo_000060,Refactoring old code I wrote a year ago. CI is green and I'm emotionally fine now. Currently on commit number 85 of this refactor. Open to feedback. ⚙️,#100daysofcode #webdev,28,1,2,0.5106,Developer,0
fbdemo_000061,Unboxing my favorite package of the month. My followers deserve the best recommendations. Outfit number 25 of the week. Brand deal number 18 this month. Shop this look now.,#discountcode,98,21,5,0.8316,Fake Influencer,1
fbdemo_000061,Can't stop wearing this lately. Honestly didn't expect to love this as much as I do. Look number 16 from this campaign. Outfit number 39 of the week. 📸💖,,25,3,0,0.8186,Fake Influencer,1
fbdemo_000061,"Another day, another shoot. So grateful for opportunities like this. So many of you asked for this, here it is. So many of you asked for this, here it is. 🌴💖",#brandpartner #ad,69,5,1,0.9221,Fake Influencer,1
fbdemo_000061,"Unboxing my favorite package of the month. Partnering with brands I actually love. So many of you asked for this, here it is.",#discountcode,189,20,4,0.802,Fake Influencer,1
fbdemo_000061,New content coming your way soon. Can't believe I get to call this my job. Look number 49 from this campaign. Code is my username at checkout. 📸✨,,106,13,2,0.3818,Fake Influencer,1
fbdemo_000061,"This might be my favorite collab yet. Use my code for a discount. Since 2020, this has been the dream. Link in bio for the discount. 💅📸",#influencer,70,2,1,0.6124,Fake Influencer,1
fbdemo_000061,"This brand sent me the best package. Use my code for a discount. Can't believe it's already 2022. Trip number 26 this year, no complaints. 👑📸",#trending,113,62,2,0.7755,Fake Influencer,1
fbdemo_000061,Living for moments like this. Can't believe I get to call this my job. Shot this in North Alexisburgh. Packing for Port Christianmouth again this week. Link in bio for the discount.,,33,6,1,0.3612,Fake Influencer,1
fbdemo_000061,"This brand sent me the best package. This is exactly what my feed needed. Tagging Dawn, my glam team today. Look number 70 from this campaign. 💖",#trending,42,10,1,0.8979,Fake Influencer,1
fbdemo_000061,"New content coming your way soon. This is exactly what my feed needed. Trip number 95 this year, no complaints. Outfit number 74 of the week.",#trending #sponsored #ad,13,1,0,0.4325,Fake Influencer,1
fbdemo_000061,"This brand sent me the best package. Partnering with brands I actually love. Trip number 49 this year, no complaints. Allen styled this look. Code is my username at checkout. 💖",#musthave #discountcode #brandpartner,43,13,1,0.9542,Fake Influencer,1
fbdemo_000061,"Can't stop wearing this lately. This is going straight into my everyday rotation. Tagging Rachel, my glam team today. Code is my username at checkout. 💅",#musthave #brandpartner #collab,112,8,1,0.4191,Fake Influencer,1
fbdemo_000061,"Another day, another shoot. This is exactly what my feed needed. Brand deal number 47 this month. Look number 65 from this campaign. DM for collab details. 💖🌴",,183,10,3,0.6808,Fake Influencer,1
fbdemo_000061,This might be my favorite collab yet. So grateful for opportunities like this. Can't believe it's already 2019. Filming this in New David today. DM for collab details. 👑😍,#trending,32,3,0,0.9352,Fake Influencer,1
fbdemo_000061,Today's shoot was a whole vibe. Honestly didn't expect to love this as much as I do. Brand deal number 92 this month. Packing for Johntown again this week. Shop this look now. 💖😍,#ad #influencer,115,18,2,0.7865,Fake Influencer,1
fbdemo_000062,Thank you Lopezmouth for another great week. Orders ship out within 2 business days. Order number 42 just shipped. Tag someone who'd love this.,,284,77,12,0.9022,Business Page,0
fbdemo_000062,"Small batch, made with care. Your support keeps our doors open. Tag someone who'd love this.",#startup #businessowner #marketing,312,32,37,0.8779,Business Page,0
fbdemo_000062,Restocked your favorites. Handmade in small batches every week. Shoutout to our 36th customer this week. ✅,,250,38,9,0.4215,Business Page,0
fbdemo_000062,Thank you Aliciaborough for another great week. We appreciate every single one of you. Batch number 95 restocked today.,,397,29,47,0.8625,Business Page,0
fbdemo_000062,"Meet the team making it happen. Locally sourced, always. Celebrating 97 years since we opened our doors. DM us to order.",#localbusiness,582,106,84,0.5719,Business Page,0
fbdemo_000062,"Thank you Baldwinfort for another great week. Handmade in small batches every week. Tagging Christina, one of our first customers back in 2017. Limited stock available.",#businessowner,140,14,17,0.6908,Business Page,0
fbdemo_000063,New PR today! Fueling properly made a huge difference. Back in Port Soniaside for a pop-up class this 2021. DM 'START' to work together.,,236,19,14,0.3802,Fitness Creator,0
fbdemo_000063,Ran a form check clinic today. Fueling properly made a huge difference. Logged 67 miles this week. Tag your gym partner. 🧘,#cardio #gymlife #healthylifestyle,312,40,21,0.3182,Fitness Creator,0
fbdemo_000063,"Recovery day, mobility work only. Progress isn't always linear, and that's fine. Training out of Maryberg this week.",#fitness #strength,332,43,17,0.5574,Fitness Creator,0
fbdemo_000063,"Programming update for the week. Fueling properly made a huge difference. 44 reps, zero regrets. Save this for your next session. ⚡🏋️",#cardio,447,48,32,0.4588,Fitness Creator,0
fbdemo_000063,"Meal prep Sunday. Rest days are still training days. Session number 4 with this client, big progress.",,153,25,4,0.4767,Fitness Creator,0
fbdemo_000064,"Thank you Buckville for another great week. Custom requests are always welcome. Based out of South Shane, shipping everywhere. Shop the link in bio. 💼",,154,8,5,0.8625,Business Page,0
fbdemo_000064,"Behind the scenes at the shop today. Orders ship out within 2 business days. Based out of Donaldland, shipping everywhere. Tag someone who'd love this. 💼",,107,5,3,0.6369,Business Page,0
fbdemo_000064,New arrivals just dropped! We appreciate every single one of you. Thank you Atkinsmouth for 74 years of support.,,83,5,4,0.8016,Business Page,0
fbdemo_000064,New arrivals just dropped! Custom requests are always welcome. Order number 4 just shipped. Shop the link in bio. 💼📈,,110,14,3,0.5562,Business Page,0
fbdemo_000064,"Thank you Gloriaborough for another great week. Handmade in small batches every week. Based out of Mooreview, shipping everywhere. Limited stock available. 🤝",,143,18,3,0.6908,Business Page,0
fbdemo_000064,Restocked your favorites. Handmade in small batches every week. Serving Reedshire since 2017. Limited stock available.,,115,13,4,0.2263,Business Page,0
fbdemo_000064,Restocked your favorites. Handmade in small batches every week. Proudly 87 years in business this 2019. Limited stock available. 💼✅,#growth,98,11,3,0.6705,Business Page,0
fbdemo_000064,"Small batch, made with care. Orders ship out within 2 business days. Based out of Lake Samuel, shipping everywhere. 📈",,174,26,6,0.4939,Business Page,0
fbdemo_000064,Thank you Teresaburgh for another great week. We appreciate every single one of you. Serving Michaelmouth since 2019. DM us to order.,#customerfirst,59,7,2,0.8519,Business Page,0
fbdemo_000065,Behind the scenes at the shop today. Your support keeps our doors open. Batch number 80 restocked today. ✅,,64,4,2,0.4588,Business Page,0
fbdemo_000065,"Small batch, made with care. Handmade in small batches every week. Celebrating 46 years since we opened our doors. 📈",#growth #customerfirst #marketing,79,4,5,0.7845,Business Page,0
fbdemo_000065,Meet the team making it happen. Your support keeps our doors open. Shoutout to our 73th customer this week. Tag someone who'd love this. ✅📈,,253,44,21,0.7845,Business Page,0
fbdemo_000065,New arrivals just dropped! Orders ship out within 2 business days. Order number 29 just shipped. ✅📈,,73,11,5,0.1511,Business Page,0
fbdemo_000065,Behind the scenes at the shop today. Orders ship out within 2 business days. Thank you South Lauramouth for 24 years of support. Limited stock available.,,67,3,3,0.5106,Business Page,0
fbdemo_000065,Restocked your favorites. Your support keeps our doors open. Team huddle today covered 25 new ideas. 🤝,#hustle #entrepreneur #smallbusiness,51,4,3,0.6705,Business Page,0
fbdemo_000065,Behind the scenes at the shop today. Orders ship out within 2 business days. Order number 23 just shipped. Tag someone who'd love this. ✅,,129,7,2,0.6705,Business Page,0
fbdemo_000065,Thank you Stevensonview for another great week. Handmade in small batches every week. Thank you East Jodiville for 25 years of support. Limited stock available.,,124,8,4,0.872,Business Page,0
fbdemo_000065,"Meet the team making it happen. Custom requests are always welcome. Based out of Lake Nicole, shipping everywhere. DM us to order.",#marketing #customerfirst #localbusiness,67,2,1,0.4588,Business Page,0
fbdemo_000066,"Programming update for the week. Small wins add up over months. Week 61 of the plan, feeling stronger. 🧘",#training #nutrition #fitfam,598,176,50,0.7783,Fitness Creator,0
fbdemo_000066,"Programming update for the week. Form over ego, always. Tagging Scott, my training partner today.",,593,148,47,0.0,Fitness Creator,0
fbdemo_000066,Back-to-back sessions today. Strength carries over into everything else. Back in North Josephton for a pop-up class this 2021. DM 'START' to work together.,,296,125,55,0.4939,Fitness Creator,0
fbdemo_000066,Ran a form check clinic today. Small wins add up over months. Shoutout to Anthony for showing up every day. 🧘,,641,160,20,0.5719,Fitness Creator,0
fbdemo_000066,"Back-to-back sessions today. Sleep is still the most underrated recovery tool. 20 reps, zero regrets. DM 'START' to work together.",,502,64,29,-0.3612,Fitness Creator,0
fbdemo_000066,Back-to-back sessions today. Fueling properly made a huge difference. Back in South Andrew for a pop-up class this 2023. 🥗🏃,#nutrition,714,131,59,0.3182,Fitness Creator,0
fbdemo_000066,Meal prep Sunday. Strength carries over into everything else. Logged 44 miles this week. DM 'START' to work together. ⚡🧘,,878,154,107,0.4939,Fitness Creator,0
fbdemo_000066,Ran a form check clinic today. Small wins add up over months. Day 79 of the program. DM 'START' to work together.,,305,40,57,0.5719,Fitness Creator,0
fbdemo_000067,"This changed everything for me. No experience needed, just a phone. This worked for Kelly too, ask them. Comment before it's gone. 🛒",#dmforprice #cashapp,1,0,0,-0.296,Spam Account,1
fbdemo_000067,"Stop scrolling, read this. Made more money this week than my old job paid monthly. Slot 76 almost gone. DM me 'START' immediately. 💰🎁",#freeprize,1,0,0,0.1779,Spam Account,1
fbdemo_000067,"Stop scrolling, read this. No experience needed, just a phone. Link in bio, click now. 📩🔥",#freeprize,2,0,0,-0.7269,Spam Account,1
fbdemo_000067,"Stop scrolling, read this. Made more money this week than my old job paid monthly. James just signed up, you're next. Link in bio, click now. ✅",,1,0,0,-0.296,Spam Account,1
fbdemo_000067,"I wasn't going to share this but... No experience needed, just a phone. Since 2015, thousands have joined. Comment before it's gone.",#cryptosignals,4,0,0,-0.5013,Spam Account,1
fbdemo_000067,"Stop scrolling, read this. Spots are filling up fast. Since 2024, thousands have joined. Link in bio, click now.",,1,0,0,-0.296,Spam Account,1
fbdemo_000067,"I wasn't going to share this but... Spots are filling up fast. Started in East Ann, now everywhere. Link in bio, click now. 🔥👉",#onlyfollowers #freeprize,1,0,0,-0.549,Spam Account,1
fbdemo_000067,"You NEED to see this. It's 100% legit, I was skeptical too. Already helped 17 people this 2025. Tap the link in my story. 🛒💯",#giveaway #onlyfollowers,1,0,0,-0.3182,Spam Account,1
fbdemo_000067,"🚨 LAST CHANCE 🚨 Made more money this week than my old job paid monthly. Since 2023, thousands have joined. 🎁",,1,0,0,0.6841,Spam Account,1
fbdemo_000067,"You NEED to see this. Made more money this week than my old job paid monthly. Over 82 people already joined this week. Link in bio, click now. 💰",#clicklink #cashapp #followforfollow,1,0,0,0.0,Spam Account,1
fbdemo_000067,"Everyone is asking how I did this so fast. Spots are filling up fast. Over 33 people already joined this week. Link in bio, click now. 🛒",,1,0,0,0.0,Spam Account,1
fbdemo_000067,Everyone is asking how I did this so fast. Spots are filling up fast. Over 94 people already joined this week. Tap the link in my story. 💰,,2,0,0,0.0,Spam Account,1
fbdemo_000067,"You NEED to see this. Made more money this week than my old job paid monthly. Message number 28 today, still going. Comment before it's gone. 🛒🎁",,2,0,0,0.4939,Spam Account,1
fbdemo_000067,"This changed everything for me. This is not a scam, I promise. Only 94 spots left today.",#onlyfollowers #followforfollow,1,0,0,0.6483,Spam Account,1
fbdemo_000067,"This changed everything for me. It's 100% legit, I was skeptical too. Slot 97 almost gone. 💯🛒",,1,0,0,-0.3182,Spam Account,1
fbdemo_000067,"You NEED to see this. No experience needed, just a phone. Message number 27 today, still going. DM me 'START' immediately. 💰👉",,1,0,0,-0.296,Spam Account,1
fbdemo_000067,"You NEED to see this. It's 100% legit, I was skeptical too. 42 people can't all be wrong. Comment before it's gone. 📩💯",#freeprize #followforfollow #giveaway,0,0,0,0.0654,Spam Account,1
fbdemo_000067,"Stop scrolling, read this. Made more money this week than my old job paid monthly. Only 97 spots left today. Link in bio, click now. 🎁",,0,0,0,0.1779,Spam Account,1
fbdemo_000068,Group project update: Ranking my classes from bearable to soul-crushing. Group chat with Alexis is unhinged today.,,16,3,0,0.0,Student,0
fbdemo_000068,Coffee run before class. Dorm life really tests your patience. Can't believe it's already 2024. 💪,,12,4,0,0.0,Student,0
fbdemo_000068,Group project update: Turns out procrastination is a full-time job. Ran into Lisa at the library again. Tell me it gets easier.,,17,8,1,0.4215,Student,0
fbdemo_000068,Finals season has me questioning everything. Dorm life really tests your patience. Currently 83 days away from break. ☕🎬,#finals #dormlife,15,4,0,-0.1027,Student,0
fbdemo_000068,Study session with Shannon turned into a nap. Somehow still passing my classes. Campus tour 11 for prospective students today. 😊🌟,#finals,8,1,0,0.7184,Student,0
fbdemo_000068,Study session with Mark turned into a nap. Ranking my classes from bearable to soul-crushing. This is assignment number 4 this semester. Wish me luck. 🎉,,4,1,0,0.8271,Student,0
fbdemo_000068,Coffee run before class. Dorm life really tests your patience. Currently 79 cups of coffee deep today.,,14,3,0,0.0,Student,0
fbdemo_000068,Group project update: Dorm life really tests your patience. Tagging Linda because they'd get this. ☕,,10,2,0,0.0,Student,0
fbdemo_000068,Campus is so pretty in Patrickmouth today. Dorm life really tests your patience. Shoutout to Kenneth for the study session. 📚,,11,3,0,0.6269,Student,0
fbdemo_000068,Coffee run before class. Ranking my classes from bearable to soul-crushing. Currently 83 cups of coffee deep today. Send snacks. 📚,#studygram,12,3,0,0.0,Student,0
fbdemo_000068,Another day surviving North Brianton University. Ranking my classes from bearable to soul-crushing. Ran into Evan at the library again.,#studentlife #studygram,25,14,1,0.296,Student,0
fbdemo_000068,Study session with Richard turned into a nap. Dorm life really tests your patience. Number 25 on my to-do list: sleep. 📚,,11,2,0,0.0772,Student,0
fbdemo_000069,To my real fans: None of this would matter without you. Project number 5 coming together nicely. Working on something big for 2018. DM me directly here. 🌟🎉,#fanpage #official,11,1,0,0.6681,Celebrity Impersonator,1
fbdemo_000069,"Important announcement coming soon. This journey keeps surprising me. Tagging Laura, thank you for believing in this. 📚🐾",,22,2,1,0.6597,Celebrity Impersonator,1
fbdemo_000069,Taking a moment to say thank you. There's more coming that I can't wait to share. 85 years in this industry now. 💪🎉,,31,1,0,0.5126,Celebrity Impersonator,1
fbdemo_000069,"Taking a moment to say thank you. I read every message even if I can't reply to all. Message number 87 today, reading every one. 17 years of your support means everything.",,34,1,0,0.6705,Celebrity Impersonator,1
fbdemo_000069,Taking a moment to say thank you. Grateful for every one of you every single day. Back in Port Todd this 2023.,#fanpage,29,3,1,0.6705,Celebrity Impersonator,1
fbdemo_000069,"Something special is coming, stay tuned. Ignore anyone claiming to be my manager elsewhere. Back in Norrisport this 2016. 🎬",,22,1,1,0.0516,Celebrity Impersonator,1
fbdemo_000069,Important announcement coming soon. Grateful for every one of you every single day. 85 years of your support means everything. 91 years in this industry now. DM me directly here.,,41,2,0,0.7579,Celebrity Impersonator,1
fbdemo_000069,"I see all of your messages, truly. Please report any fake pages you see. Thank you Paula for the constant support. Working on something big for 2024. Share this so others know it's real.",#fanpage,21,1,1,0.8176,Celebrity Impersonator,1
fbdemo_000069,"Something special is coming, stay tuned. Ignore anyone claiming to be my manager elsewhere. Back in Kevinport this 2016. Since 2021, the journey continues.",,54,11,1,0.0516,Celebrity Impersonator,1
fbdemo_000069,Thank you for the love this 2021. I read every message even if I can't reply to all. Thank you Brenda for the constant support. Share this so others know it's real. ✨,,9,1,0,0.9371,Celebrity Impersonator,1
fbdemo_000069,"I see all of your messages, truly. There's more coming that I can't wait to share. Project number 48 coming together nicely.",,60,1,0,0.6384,Celebrity Impersonator,1
fbdemo_000069,"Something special is coming, stay tuned. This journey keeps surprising me. Working on something big for 2024. Message number 24 today, reading every one. Share this so others know it's real.",,62,2,1,0.743,Celebrity Impersonator,1
fbdemo_000069,"Taking a moment to say thank you. Grateful for every one of you every single day. Since 2024, still going strong. DM me directly here. 🐾☕",,52,2,1,0.8316,Celebrity Impersonator,1
fbdemo_000070,Refactoring old code I wrote a year ago. The code review comments humbled me. Working remotely from Youngport this month. AMA about the stack.,,19,2,0,0.0,Developer,0
fbdemo_000070,Rewrote a script that's been bugging me for weeks. The code review comments humbled me. 12 tabs of documentation open right now. Curious how others solve this.,,25,7,0,0.4767,Developer,0
fbdemo_000070,Migrated a service to a new framework today. CI is green and I'm emotionally fine now. Pairing with Donna made this so much faster. Open to feedback.,,22,5,1,0.2023,Developer,0
fbdemo_000070,Refactoring old code I wrote a year ago. The code review comments humbled me. Pairing with Joseph made this so much faster. 🧠,#100daysofcode,24,2,0,0.0,Developer,0
fbdemo_000070,Spent way too long on a bug today. Naming things is still the hardest part. 55 tabs of documentation open right now. 🧠,,23,6,1,0.0,Developer,0
fbdemo_000070,New side project idea just hit me at 2am. The code review comments humbled me. PR number 44 finally merged.,#javascript #programmer,18,7,1,0.0772,Developer,0
fbdemo_000070,Learning a new part of the stack this week. Naming things is still the hardest part. Working remotely from Robinhaven this month. 🔧🐛,,22,3,1,0.0,Developer,0
fbdemo_000071,"You NEED to see this. Spots are filling up fast. Since 2021, thousands have joined. Comment before it's gone.",,1,0,0,0.0,Spam Account,1
fbdemo_000071,"Stop scrolling, read this. This is not a scam, I promise. Since 2022, thousands have joined. Tap the link in my story. 💰👉",#giveaway #clicklink,5,0,0,0.4763,Spam Account,1
fbdemo_000071,"Everyone is asking how I did this so fast. This is not a scam, I promise. 12 people can't all be wrong. DM me 'START' immediately. 🔥",#getrichquick #cryptosignals #clicklink,8,0,0,0.6654,Spam Account,1
fbdemo_000071,This changed everything for me. Spots are filling up fast. Slot 62 almost gone. Tap the link in my story. 💯,,10,1,0,0.0,Spam Account,1
fbdemo_000071,"I wasn't going to share this but... This is not a scam, I promise. Already 29 success stories this month. DM me 'START' immediately. 💯📩",,3,0,0,0.911,Spam Account,1
fbdemo_000071,"You NEED to see this. No experience needed, just a phone. Spot number 21 just opened up. DM me 'START' immediately.",,3,0,0,-0.296,Spam Account,1
fbdemo_000071,"I wasn't going to share this but... This is not a scam, I promise. Spot number 20 just opened up. 🛒",,3,0,0,0.7878,Spam Account,1
fbdemo_000071,"I wasn't going to share this but... Thousands already joined, don't miss out. Only 91 spots left today. Comment before it's gone. 💰",#freeprize #cashapp,4,0,0,0.0572,Spam Account,1
fbdemo_000071,"🚨 LAST CHANCE 🚨 Spots are filling up fast. Steven just signed up, you're next. DM me 'START' immediately. 🔥🛒",,3,0,0,0.0857,Spam Account,1
fbdemo_000071,"🚨 LAST CHANCE 🚨 Thousands already joined, don't miss out. Katherine just signed up, you're next. Tap the link in my story. 👉",,6,0,0,0.49,Spam Account,1
fbdemo_000071,"This changed everything for me. No experience needed, just a phone. Already helped 80 people this 2021. Link in bio, click now. 📩",,4,0,0,-0.296,Spam Account,1
fbdemo_000071,"I wasn't going to share this but... No experience needed, just a phone. Spot number 92 just opened up. Tap the link in my story.",,2,0,0,-0.4203,Spam Account,1
fbdemo_000072,Refactoring old code I wrote a year ago. Turns out the cache was the whole problem. Pairing with Kimberly made this so much faster. Repo link below.,,39,4,0,-0.4019,Developer,0
fbdemo_000072,New side project idea just hit me at 2am. CI is green and I'm emotionally fine now. Sprint 92 wrapped up today.,,51,2,0,0.2023,Developer,0
fbdemo_000072,Spent way too long on a bug today. Pairing with a teammate made it so much faster. PR number 44 finally merged. AMA about the stack.,,35,5,1,0.0772,Developer,0
fbdemo_000072,"Spent way too long on a bug today. CI is green and I'm emotionally fine now. Tagging Mark, they'll appreciate this one. ⚙️",,53,7,1,0.5423,Developer,0
fbdemo_000072,On-call was quiet for once. Past me really did not comment anything. Pairing with Austin made this so much faster. Curious how others solve this. 📦,#python #programmer,64,12,1,0.5209,Developer,0
fbdemo_000072,Shipped a small feature at Arnold-Snyder. The code review comments humbled me. Deploy number 42 of the week. Curious how others solve this.,#softwareengineer,72,9,1,0.5267,Developer,0
fbdemo_000072,Migrated a service to a new framework today. Docs were wrong but figured it out eventually. Working remotely from South Sherri this month. 🔧🧠,,25,2,0,-0.2617,Developer,0
fbdemo_000072,Spent way too long on a bug today. The fix was smaller than the investigation. Shoutout to Jennifer for the code review. 📦,#developer,28,2,0,0.0,Developer,0
fbdemo_000072,On-call was quiet for once. Naming things is still the hardest part. Currently debugging from Michelleview.,,39,6,1,0.0,Developer,0
fbdemo_000072,"Gave a lunch-and-learn at Walter, Sharp and Brown today. Past me really did not comment anything. Still can't believe it's 2017 and this bug exists. Curious how others solve this. 📦🚀",#developer #javascript,48,12,1,0.4767,Developer,0
fbdemo_000072,Finally got the tests passing. Past me really did not comment anything. Working remotely from New Kara this month. Repo link below.,,29,10,0,0.0,Developer,0
fbdemo_000072,Gave a lunch-and-learn at Moran-Haynes today. Docs were wrong but figured it out eventually. Shoutout to Robert for the code review. Curious how others solve this. 🔧,#coding #softwareengineer,22,7,0,0.4767,Developer,0
fbdemo_000072,On-call was quiet for once. Turned out to be a missing semicolon. Sprint 18 wrapped up today.,,63,8,2,-0.296,Developer,0
fbdemo_000072,Rewrote a script that's been bugging me for weeks. Turned out to be a missing semicolon. PR number 47 finally merged. 📦⚙️,,36,5,1,-0.2263,Developer,0
fbdemo_000073,New side project idea just hit me at 2am. Turns out the cache was the whole problem. Standup update: 67 things fixed today. Open to feedback. 🐛💻,,77,20,2,-0.4019,Developer,0
fbdemo_000073,Rewrote a script that's been bugging me for weeks. CI is green and I'm emotionally fine now. Currently debugging from Amyberg. Curious how others solve this. 💻,,162,46,3,0.5994,Developer,0
fbdemo_000073,New side project idea just hit me at 2am. Naming things is still the hardest part. Still can't believe it's 2020 and this bug exists. AMA about the stack. 🧠,,231,34,6,0.0,Developer,0
fbdemo_000073,Learning a new part of the stack this week. Turned out to be a missing semicolon. PR number 89 finally merged.,,34,8,3,-0.2263,Developer,0
fbdemo_000073,Rewrote a script that's been bugging me for weeks. The fix was smaller than the investigation. Pairing with Robert made this so much faster.,,46,8,1,0.0,Developer,0
fbdemo_000073,Spent way too long on a bug today. Naming things is still the hardest part. Deploy number 85 of the week.,,85,39,4,0.0772,Developer,0
fbdemo_000073,Refactoring old code I wrote a year ago. Naming things is still the hardest part. PR number 3 finally merged. ⚙️,#developer #programmer,189,43,10,0.0772,Developer,0
fbdemo_000073,Migrated a service to a new framework today. Docs were wrong but figured it out eventually. Standup update: 65 things fixed today.,#programmer,232,154,4,-0.2617,Developer,0
fbdemo_000073,Finally got the tests passing. The code review comments humbled me. Currently on commit number 14 of this refactor.,,44,10,2,0.3612,Developer,0
fbdemo_000073,On-call was quiet for once. Pairing with a teammate made it so much faster. 52 tabs of documentation open right now.,#100daysofcode #opensource,103,25,6,0.0,Developer,0
fbdemo_000073,"Gave a lunch-and-learn at Rodriguez, Salazar and Hodges today. Turned out to be a missing semicolon. Shoutout to Thomas for the code review. Open to feedback.",#buildinpublic,56,9,1,-0.296,Developer,0
fbdemo_000073,Refactoring old code I wrote a year ago. The fix was smaller than the investigation. Working remotely from New Mary this month. AMA about the stack.,,95,9,4,0.0,Developer,0
fbdemo_000073,Refactoring old code I wrote a year ago. Docs were wrong but figured it out eventually. 89 tabs of documentation open right now.,,78,14,2,-0.2617,Developer,0
fbdemo_000073,"Gave a lunch-and-learn at Erickson, Garcia and Stephens today. Docs were wrong but figured it out eventually. This is bug ticket number 94, send help. AMA about the stack.",#opensource #100daysofcode,63,18,1,0.4497,Developer,0
fbdemo_000074,Today's shoot was a whole vibe. My followers deserve the best recommendations. Nathan styled this look. Code is my username at checkout. 📸,,66,4,2,0.4215,Fake Influencer,1
fbdemo_000074,"Unboxing my favorite package of the month. Can't believe I get to call this my job. Trip number 64 this year, no complaints. Packing for Patriciaville again this week.",#lifestyle #trending #influencer,49,6,1,0.6765,Fake Influencer,1
fbdemo_000074,New content coming your way soon. Can't believe I get to call this my job. Shot this in North Sarah. Filming this in West Tracyside today. 📸,#ad,65,2,0,0.0,Fake Influencer,1
fbdemo_000074,"Can't stop wearing this lately. Use my code for a discount. Tagging Robert, my glam team today.",,101,4,3,0.2235,Fake Influencer,1
fbdemo_000074,Golden hour never disappoints. Partnering with brands I actually love. Packing for New Brandon again this week. DM for collab details. 📸,,48,2,1,0.7494,Fake Influencer,1
fbdemo_000074,"Unboxing my favorite package of the month. This is exactly what my feed needed. Tagging Mark, my glam team today. Since 2015, this has been the dream. Code is my username at checkout. 🌴",#collab #discountcode #trending,86,5,3,0.6124,Fake Influencer,1
fbdemo_000074,"New content coming your way soon. So many of you have been asking about this. So many of you asked for this, here it is.",#discountcode #ad #brandpartner,50,3,0,0.0,Fake Influencer,1
fbdemo_000074,"This might be my favorite collab yet. Partnering with brands I actually love. Outfit number 64 of the week. Since 2016, this has been the dream. Link in bio for the discount.",,58,6,1,0.8591,Fake Influencer,1
fbdemo_000074,"Today's shoot was a whole vibe. Honestly didn't expect to love this as much as I do. Shot this in North Christopher. So many of you asked for this, here it is. DM for collab details. 💅",,31,2,0,-0.4153,Fake Influencer,1
fbdemo_000074,"Today's shoot was a whole vibe. This is exactly what my feed needed. So many of you asked for this, here it is. 😍",,107,7,1,0.1531,Fake Influencer,1
fbdemo_000074,"Another day, another shoot. This is exactly what my feed needed. Outfit number 33 of the week. Since 2017, this has been the dream. 😍💅",,99,11,1,0.4404,Fake Influencer,1
fbdemo_000074,"Another day, another shoot. So many of you have been asking about this. Brooke styled this look. DM for collab details. 💖📸",,61,4,1,0.6124,Fake Influencer,1
fbdemo_000074,"Unboxing my favorite package of the month. This is exactly what my feed needed. So many of you asked for this, here it is. Since 2019, this has been the dream.",#brandpartner #ad #collab,34,1,1,0.6124,Fake Influencer,1
fbdemo_000074,Can't stop wearing this lately. So grateful for opportunities like this. Packing for Hernandezhaven again this week. Shop this look now.,#musthave,16,1,0,0.8784,Fake Influencer,1
fbdemo_000074,"Living for moments like this. My followers deserve the best recommendations. Filming this in Jorgemouth today. Tagging Sarah, my glam team today. 💖",,56,4,1,0.9201,Fake Influencer,1
fbdemo_000075,Campus is so pretty in Gregoryshire today. Turns out procrastination is a full-time job. This is assignment number 33 this semester. Send snacks. 🎬💪,,23,4,1,0.6615,Student,0
fbdemo_000075,"Study session with Michael turned into a nap. Library until it closes, again. Fun fact: I've switched majors 66 times. Send snacks.",,26,4,5,0.5106,Student,0
fbdemo_000075,"Campus is so pretty in Lake Colleen today. Library until it closes, again. Campus tour 35 for prospective students today. Tell me it gets easier. 😊📚",,7,1,0,0.9172,Student,0
fbdemo_000075,Finals season has me questioning everything. Ranking my classes from bearable to soul-crushing. Can't believe it's already 2015.,#studentlife,12,3,1,-0.1027,Student,0
fbdemo_000075,"Finals season has me questioning everything. Library until it closes, again. Studying in North Chelseaview has its perks.",,17,3,3,-0.1027,Student,0
fbdemo_000075,Coffee run before class. Turns out procrastination is a full-time job. Number 9 on my to-do list: sleep. ☕,,18,3,2,0.0772,Student,0
fbdemo_000075,Group project update: Ranking my classes from bearable to soul-crushing. 😊,,10,2,1,0.7184,Student,0
fbdemo_000075,Study session with Vickie turned into a nap. Turns out procrastination is a full-time job. Campus tour 38 for prospective students today. Send snacks.,,23,14,2,0.0,Student,0
fbdemo_000076,"Stop scrolling, read this. Spots are filling up fast. Already helped 76 people this 2024. Comment before it's gone. 👉🎁",,1,0,0,0.1779,Spam Account,1
fbdemo_000076,"Everyone is asking how I did this so fast. Thousands already joined, don't miss out. This worked for Robert too, ask them.",,2,0,0,0.1139,Spam Account,1
fbdemo_000076,"This changed everything for me. This is not a scam, I promise. Since 2015, thousands have joined. Comment before it's gone. ✅📩",,3,0,0,0.6483,Spam Account,1
fbdemo_000076,"🚨 LAST CHANCE 🚨 Thousands already joined, don't miss out. Already helped 76 people this 2017. Comment before it's gone. 💯🛒",,7,0,0,0.49,Spam Account,1
fbdemo_000076,"You NEED to see this. Spots are filling up fast. Message number 24 today, still going. Comment before it's gone. 🔥💯",#giveaway #dmforprice,4,0,0,-0.2732,Spam Account,1
fbdemo_000076,"This changed everything for me. This is not a scam, I promise. 2 people can't all be wrong. 💯",,3,0,0,0.7815,Spam Account,1
fbdemo_000076,You NEED to see this. Made more money this week than my old job paid monthly. Already 65 success stories this month. Tap the link in my story. 💯📩,#giveaway #dmforprice #cryptosignals,2,0,0,0.5719,Spam Account,1
fbdemo_000076,"I wasn't going to share this but... Made more money this week than my old job paid monthly. Since 2024, thousands have joined. DM me 'START' immediately. 👉🔥",#getrichquick,2,0,0,-0.549,Spam Account,1
fbdemo_000076,"You NEED to see this. Thousands already joined, don't miss out. 43 people can't all be wrong. Comment before it's gone. 📩",#cashapp #getrichquick #onlyfollowers,3,0,0,0.4585,Spam Account,1
fbdemo_000076,"This changed everything for me. Spots are filling up fast. Robert just signed up, you're next. DM me 'START' immediately. 📩👉",,2,0,0,0.0,Spam Account,1
fbdemo_000076,"Everyone is asking how I did this so fast. No experience needed, just a phone. Started in Ramseyberg, now everywhere. Tap the link in my story.",,3,0,0,-0.3566,Spam Account,1
fbdemo_000077,Meal prep Sunday. Small wins add up over months. Day 71 of the program.,#healthylifestyle #nutrition,788,168,11,0.5719,Fitness Creator,0
fbdemo_000077,New PR today! Strength carries over into everything else. Coaching 16 clients this cycle. ⚡🧘,#nutrition #healthylifestyle #cardio,358,20,14,0.5411,Fitness Creator,0
fbdemo_000077,Deload week starts now. Fueling properly made a huge difference. Shoutout to Colleen for showing up every day. 🔥🧘,,262,46,4,-0.0258,Fitness Creator,0
fbdemo_000077,Coaching client hit a big milestone. Fueling properly made a huge difference. Shoutout to Ronald for showing up every day. 🥗🧘,,594,270,31,0.3182,Fitness Creator,0
fbdemo_000077,New PR today! Small wins add up over months. Logged 48 miles this week. DM 'START' to work together. 🏋️🧘,,572,38,10,0.6114,Fitness Creator,0
fbdemo_000077,"New PR today! Small wins add up over months. Week 49 of the plan, feeling stronger. 🏋️",,220,31,4,0.7959,Fitness Creator,0
fbdemo_000077,"Coaching client hit a big milestone. Form over ego, always. Coaching 98 clients this cycle.",,480,78,8,0.0,Fitness Creator,0
fbdemo_000077,"Programming update for the week. Showing up matters more than the perfect plan. Session number 45 with this client, big progress. Programs linked in bio. 🏃",,442,27,19,0.8,Fitness Creator,0
fbdemo_000077,"Deload week starts now. Progress isn't always linear, and that's fine. Back in Mullinsland for a pop-up class this 2020. Tag your gym partner. 🧘",,243,53,4,0.5574,Fitness Creator,0
fbdemo_000077,"Ran a form check clinic today. Showing up matters more than the perfect plan. Tagging Christopher, my training partner today. 🧘💪",#wellness,623,80,7,0.6204,Fitness Creator,0
fbdemo_000077,Programming update for the week. Rest days are still training days. Logged 91 miles this week. DM 'START' to work together. 🥗💪,,311,47,7,0.0,Fitness Creator,0
fbdemo_000077,"Leg day recap. Progress isn't always linear, and that's fine. 9 minutes of mobility work this morning. Tag your gym partner. 🧘",#healthylifestyle,187,13,4,0.5574,Fitness Creator,0
fbdemo_000078,New arrivals just dropped! Handmade in small batches every week. Customer number 52 just left a five-star review. DM us to order.,,153,17,7,0.1511,Business Page,0
fbdemo_000078,"Thank you New Rebeccastad for another great week. We appreciate every single one of you. Based out of North Tamiberg, shipping everywhere. Tag someone who'd love this. ✅",#businessowner #marketing,172,22,6,0.926,Business Page,0
fbdemo_000078,Restocked your favorites. We appreciate every single one of you. Order number 37 just shipped. Tag someone who'd love this. 🤝✅,#shopsmall #startup,222,17,4,0.875,Business Page,0
fbdemo_000078,New arrivals just dropped! Orders ship out within 2 business days. Customer number 86 just left a five-star review.,#shopsmall,194,40,9,-0.3802,Business Page,0
fbdemo_000078,Meet the team making it happen. Orders ship out within 2 business days. Proudly 18 years in business this 2019.,#startup,215,32,13,0.5574,Business Page,0
fbdemo_000078,Meet the team making it happen. Custom requests are always welcome. 31 orders packed and ready to go. ✅,,288,46,17,0.6705,Business Page,0
fbdemo_000078,Behind the scenes at the shop today. Handmade in small batches every week. 82 orders packed and ready to go. 🌍,#shopsmall #businessowner,308,59,11,0.3612,Business Page,0
fbdemo_000078,New arrivals just dropped! We appreciate every single one of you. Order number 79 just shipped.,#hustle #shopsmall #startup,142,12,9,0.5093,Business Page,0
fbdemo_000078,"Behind the scenes at the shop today. Orders ship out within 2 business days. Based out of North Nathanstad, shipping everywhere. Limited stock available. 🔗💼",#hustle #smallbusiness #customerfirst,112,13,4,-0.2263,Business Page,0
fbdemo_000079,Another day surviving Joseport University. Ranking my classes from bearable to soul-crushing. Currently 6 days away from break. Tell me it gets easier. 😊🎬,,63,16,2,0.875,Student,0
fbdemo_000079,"Another day surviving Karenstad University. My professor just dropped a pop quiz, send help. Currently 76 cups of coffee deep today.",,25,5,0,0.5994,Student,0
fbdemo_000079,Finals season has me questioning everything. Turns out procrastination is a full-time job. Currently 28 cups of coffee deep today. 🐾,#classof2026 #studentlife,77,15,2,-0.1027,Student,0
fbdemo_000079,Study session with Cheryl turned into a nap. Dorm life really tests your patience. Campus tour 94 for prospective students today. ☕,,53,8,3,0.0,Student,0
fbdemo_000079,Coffee run before class. Dorm life really tests your patience. Group chat with Jackie is unhinged today. Wish me luck.,,53,12,1,0.6908,Student,0
fbdemo_000079,Campus is so pretty in South Robertchester today. Ranking my classes from bearable to soul-crushing. Currently 64 cups of coffee deep today.,,107,20,5,0.6269,Student,0
fbdemo_000080,"Gave a lunch-and-learn at Schmidt, Duke and Mitchell today. CI is green and I'm emotionally fine now. Working out of Dyermouth this 2018.",#buildinpublic,18,2,1,0.2023,Developer,0
fbdemo_000080,Rewrote a script that's been bugging me for weeks. The fix was smaller than the investigation. Deploy number 62 of the week. ⚙️🧠,,42,5,2,0.0772,Developer,0
fbdemo_000080,Refactoring old code I wrote a year ago. Naming things is still the hardest part. Sprint 70 wrapped up today. Curious how others solve this. 🐛,,14,1,0,0.4767,Developer,0
fbdemo_000080,Spent way too long on a bug today. Turned out to be a missing semicolon. Currently on commit number 98 of this refactor. Curious how others solve this. 🚀🐛,,36,2,1,0.5267,Developer,0
fbdemo_000081,Study session with Russell turned into a nap. Ranking my classes from bearable to soul-crushing. Campus tour 29 for prospective students today. 📚,,32,1,0,0.0,Student,0
fbdemo_000081,"Finals season has me questioning everything. Library until it closes, again. Ran into Joshua at the library again. 🎬😊",#university #finals,59,6,1,0.6808,Student,0
fbdemo_000081,Study session with Janet turned into a nap. Dorm life really tests your patience. Number 42 on my to-do list: sleep. 🐾✨,,79,6,2,0.3818,Student,0
fbdemo_000081,"Group project update: Library until it closes, again. Officially 23 credits away from graduating. 📚🌟",#dormlife,49,3,1,0.3612,Student,0
fbdemo_000081,Finals season has me questioning everything. Turns out procrastination is a full-time job. This is assignment number 33 this semester. 🎉,,89,10,1,0.3818,Student,0
fbdemo_000081,Coffee run before class. Dorm life really tests your patience. Group chat with Dustin is unhinged today. 🐾☕,#dormlife #campus,35,2,1,0.0,Student,0
fbdemo_000081,"Group project update: My professor just dropped a pop quiz, send help. Can't believe it's already 2018. Tell me it gets easier.",,134,22,3,0.6705,Student,0
fbdemo_000081,"Finals season has me questioning everything. Library until it closes, again. Group chat with Alex is unhinged today. Send snacks. 💪😊",#studentlife,39,3,2,0.6808,Student,0
fbdemo_000082,"Finals season has me questioning everything. Library until it closes, again. Officially 84 credits away from graduating. Someone quiz me please.",,38,18,1,0.5267,Student,0
fbdemo_000082,Group project update: Dorm life really tests your patience. Tagging Sarah because they'd get this. 💪,,7,1,0,0.0,Student,0
fbdemo_000082,"Another day surviving Julieview University. Library until it closes, again. Currently 54 days away from break. Tell me it gets easier.",,16,3,1,0.6124,Student,0
fbdemo_000082,Coffee run before class. Ranking my classes from bearable to soul-crushing. Officially 35 credits away from graduating. 🎬🎉,#college #studybreak,21,6,1,0.6369,Student,0
fbdemo_000082,"Campus is so pretty in Harrisonburgh today. Library until it closes, again. Currently 65 cups of coffee deep today. ☕",,15,3,1,0.6269,Student,0
fbdemo_000082,Campus is so pretty in North Hannahfurt today. Dorm life really tests your patience. Number 93 on my to-do list: sleep. Tell me it gets easier.,,15,5,1,0.8029,Student,0
fbdemo_000082,Finals season has me questioning everything. Somehow still passing my classes. Tagging Catherine because they'd get this. 💪✨,,38,22,3,0.2263,Student,0
fbdemo_000082,"Finals season has me questioning everything. Library until it closes, again. Somewhere in Johnsontown, probably procrastinating.",#studentlife,14,9,1,-0.1027,Student,0
fbdemo_000082,"Finals season has me questioning everything. My professor just dropped a pop quiz, send help. Currently 71 cups of coffee deep today. 🙌🎉",,24,3,2,0.6124,Student,0
fbdemo_000082,Study session with Dustin turned into a nap. Somehow still passing my classes. This is assignment number 53 this semester. 🙌,,20,5,0,0.0772,Student,0
fbdemo_000082,Coffee run before class. Turns out procrastination is a full-time job. Studying in Hartmanview has its perks. Someone quiz me please. ☕,,11,3,1,0.3182,Student,0
fbdemo_000082,Finals season has me questioning everything. Turns out procrastination is a full-time job. Can't believe it's already 2020. 🎬,,58,28,4,-0.1027,Student,0
fbdemo_000082,"Finals season has me questioning everything. My professor just dropped a pop quiz, send help. Somewhere in Medinaside, probably procrastinating.",#classof2026,19,3,1,0.3182,Student,0
fbdemo_000083,Missing having someone real in my life. I don't trust easily but you're different. Missing Wallshire and missing you more.,,362,35,20,-0.821,Catfish/Romance-Scam Profile,1
fbdemo_000083,Thinking about you today. Money's been tight since the last assignment. Currently stationed near Janetberg. Thinking of you from Matthewsberg tonight. 🌹,,1003,72,42,0.0,Catfish/Romance-Scam Profile,1
fbdemo_000083,Missing having someone real in my life. You've made this whole assignment easier. Only 63 more months until I'm back. Missing West Kristinport and missing you more.,,509,34,56,-0.4215,Catfish/Romance-Scam Profile,1
fbdemo_000083,Wish you were here with me right now. Money's been tight since the last assignment. Hoping to visit Brooketown again someday. It's been 59 months since we last spoke.,,490,64,78,0.6705,Catfish/Romance-Scam Profile,1
fbdemo_000083,"Just need someone to talk to. Work keeps me so busy but you're always on my mind. 66 letters written, still waiting to send them. Since 2023, I've been looking for this. 🌹❤️",,534,102,14,0.0,Catfish/Romance-Scam Profile,1
fbdemo_000083,Counting down the days already. I don't trust easily but you're different. Hoping to visit Lindseymouth again someday. ❤️🙏,,844,118,62,0.325,Catfish/Romance-Scam Profile,1
fbdemo_000083,Wish you were here with me right now. Money's been tight since the last assignment. It's been 56 months since we last spoke. ❤️🙏,,273,72,19,0.4019,Catfish/Romance-Scam Profile,1
fbdemo_000083,Just need someone to talk to. I don't trust easily but you're different. Only 78 more months until I'm back. Only 81 more months until I'm back. Please don't give up on us.,,440,24,6,0.1484,Catfish/Romance-Scam Profile,1
fbdemo_000084,"Another day, another shoot. My followers deserve the best recommendations. Look number 57 from this campaign. Look number 47 from this campaign. Shop this look now.",#discountcode #collab,36,10,2,0.5267,Student,0
fbdemo_000084,Living for moments like this. Can't wait to show you more from this collab. Filming this in New Sherry today. 👑✨,,73,6,3,0.5859,Student,0
fbdemo_000084,"Golden hour never disappoints. Partnering with brands I actually love. Trip number 68 this year, no complaints. Look number 89 from this campaign.",,93,22,3,0.8497,Student,0
fbdemo_000084,This brand sent me the best package. This is exactly what my feed needed. Rebecca styled this look.,#lifestyle,65,13,4,0.6369,Student,0
fbdemo_000084,"This brand sent me the best package. Partnering with brands I actually love. Can't believe it's already 2024. Since 2016, this has been the dream. 📸",,39,7,1,0.886,Student,0
fbdemo_000084,"Today's shoot was a whole vibe. So many of you have been asking about this. Since 2016, this has been the dream. Shop this look now. 💖",#sponsored #brandpartner,72,9,7,0.7184,Student,0
fbdemo_000084,Golden hour never disappoints. This is exactly what my feed needed. Outfit number 67 of the week. 📸,#influencer #trending #musthave,71,28,5,0.3578,Student,0
fbdemo_000084,Golden hour never disappoints. Use my code for a discount. Packing for Gomezside again this week. Shop this look now.,,48,18,1,0.2924,Student,0
fbdemo_000084,Today's shoot was a whole vibe. So grateful for opportunities like this. Filming this in East Paul today. Can't believe it's already 2023. Code is my username at checkout.,#linkinbio,73,19,6,0.7802,Student,0
fbdemo_000084,This might be my favorite collab yet. Honestly didn't expect to love this as much as I do. Packing for Hoopershire again this week. Outfit number 15 of the week. 💅,#sponsored #ad #musthave,41,12,6,0.4464,Student,0
fbdemo_000085,Migrated a service to a new framework today. The fix was smaller than the investigation. PR number 63 finally merged. 🐛💻,,23,4,0,0.0772,Developer,0
fbdemo_000085,"Shipped a small feature at Hughes, Crawford and Velez. Turned out to be a missing semicolon. Currently on commit number 98 of this refactor. ☕🧠",#100daysofcode,27,1,1,0.0772,Developer,0
fbdemo_000085,Shipped a small feature at Parker LLC. The code review comments humbled me. Working out of South Jamieview this 2025.,,14,1,0,0.0,Developer,0
fbdemo_000085,Rewrote a script that's been bugging me for weeks. Pairing with a teammate made it so much faster. Shoutout to Robert for the code review. AMA about the stack. 💻,,20,2,0,0.0,Developer,0
fbdemo_000085,Migrated a service to a new framework today. Past me really did not comment anything. Currently on commit number 5 of this refactor. 💻🧠,,33,3,0,0.3612,Developer,0
fbdemo_000085,Finally got the tests passing. Pairing with a teammate made it so much faster. Sprint 56 wrapped up today. Curious how others solve this. ☕⚙️,#softwareengineer,37,4,1,0.4767,Developer,0
fbdemo_000085,Shipped a small feature at Fletcher Inc. Turned out to be a missing semicolon. Pairing with Linda made this so much faster. ⚙️,,31,3,0,-0.296,Developer,0
fbdemo_000085,Rewrote a script that's been bugging me for weeks. The fix was smaller than the investigation. 46 tabs of documentation open right now.,,33,6,2,0.0,Developer,0
fbdemo_000085,Finally got the tests passing. The code review comments humbled me. Sprint 70 wrapped up today.,#coding,35,2,2,0.0,Developer,0
fbdemo_000085,"Finally got the tests passing. Linting caught it before it shipped, thankfully. Currently on commit number 43 of this refactor.",,36,3,4,0.6486,Developer,0
fbdemo_000086,Learning a new part of the stack this week. Turned out to be a missing semicolon. Sprint 6 wrapped up today.,,22,2,1,-0.296,Developer,0
fbdemo_000086,Refactoring old code I wrote a year ago. The fix was smaller than the investigation. Deploy number 32 of the week. 🐛,,79,7,9,0.0772,Developer,0
fbdemo_000086,"Gave a lunch-and-learn at Mathis-Graham today. Linting caught it before it shipped, thankfully. Sprint 51 wrapped up today. 🔧",,32,1,1,0.4215,Developer,0
fbdemo_000086,On-call was quiet for once. The code review comments humbled me. Sprint 9 wrapped up today. Open to feedback. 🚀,,17,2,2,0.0,Developer,0
fbdemo_000086,Rewrote a script that's been bugging me for weeks. Naming things is still the hardest part. Sprint 95 wrapped up today.,#programmer #webdev,31,2,1,0.0,Developer,0
fbdemo_000086,Rewrote a script that's been bugging me for weeks. Turned out to be a missing semicolon. Working out of Mendozabury this 2020.,,21,4,1,-0.296,Developer,0
fbdemo_000086,On-call was quiet for once. Past me really did not comment anything. Shoutout to Ian for the code review. Open to feedback.,#coding,40,2,3,0.0,Developer,0
fbdemo_000086,Rewrote a script that's been bugging me for weeks. The code review comments humbled me. 94 tabs of documentation open right now.,,29,3,2,0.0,Developer,0
fbdemo_000086,Learning a new part of the stack this week. Pairing with a teammate made it so much faster. Working remotely from Port Kristinaberg this month. ☕,,28,2,2,0.0,Developer,0
fbdemo_000086,"Migrated a service to a new framework today. Turns out the cache was the whole problem. Tagging Joyce, they'll appreciate this one. Open to feedback.",#softwareengineer #webdev,43,6,2,0.0,Developer,0
fbdemo_000086,Shipped a small feature at Burnett-Patel. Past me really did not comment anything.,,28,3,1,0.0,Developer,0
fbdemo_000086,Spent way too long on a bug today. CI is green and I'm emotionally fine now. Standup update: 86 things fixed today. 📦🚀,#webdev #developer,19,2,1,-0.2023,Developer,0
fbdemo_000087,Missing having someone real in my life. Every message from you makes my day better. Missing Jeanfort and missing you more. 🌹❤️,,1,0,0,-0.4019,Catfish/Romance-Scam Profile,1
fbdemo_000087,Another lonely night here overseas. Work keeps me so busy but you're always on my mind. Currently stationed near North Deborahport.,,0,0,0,-0.1901,Catfish/Romance-Scam Profile,1
fbdemo_000087,Another lonely night here overseas. You've made this whole assignment easier. Currently stationed near Christinechester. Only 54 more months until I'm back. ❤️,,1,0,0,0.0772,Catfish/Romance-Scam Profile,1
fbdemo_000087,"Just need someone to talk to. Work keeps me so busy but you're always on my mind. Hoping to visit Carolport again someday. Since 2021, I've been looking for this. Please don't give up on us.",,1,0,0,0.7985,Catfish/Romance-Scam Profile,1
fbdemo_000087,Another lonely night here overseas. Work keeps me so busy but you're always on my mind. Hoping to visit East Sharon again someday. ❤️,,2,0,0,0.4497,Catfish/Romance-Scam Profile,1
fbdemo_000087,"Long day, but talking to you helps. Hoping we can talk more privately soon. 45 letters written, still waiting to send them. 22 letters written, still waiting to send them.",,1,0,0,0.7964,Catfish/Romance-Scam Profile,1
fbdemo_000087,Can't wait to finally meet. Work keeps me so busy but you're always on my mind. It's been 5 months since we last spoke. Currently stationed near Aarontown. ❤️,,1,0,0,0.0,Catfish/Romance-Scam Profile,1
fbdemo_000087,"Long day, but talking to you helps. Hoping we can talk more privately soon. Currently stationed near Dustinhaven. Only 66 more months until I'm back.",,0,0,0,0.7964,Catfish/Romance-Scam Profile,1
fbdemo_000087,"Can't wait to finally meet. You've made this whole assignment easier. 71 letters written, still waiting to send them. Hoping to visit Hillmouth again someday. Please don't give up on us.",,1,0,0,0.7845,Catfish/Romance-Scam Profile,1
fbdemo_000087,Can't wait to finally meet. Hoping we can talk more privately soon. Currently stationed near New Jakeview. Thinking of you from South Victor tonight. Please don't give up on us. 🌹,,2,0,0,0.6249,Catfish/Romance-Scam Profile,1
fbdemo_000087,Can't wait to finally meet. I promise I'm not like the others you've met online. Missing West David and missing you more.,,2,0,0,-0.4956,Catfish/Romance-Scam Profile,1
fbdemo_000087,Thinking about you today. You've made this whole assignment easier. It's been 63 months since we last spoke. Only 4 more months until I'm back. Message me on here. 🙏❤️,,1,0,0,0.4215,Catfish/Romance-Scam Profile,1
fbdemo_000088,Migrated a service to a new framework today. The fix was smaller than the investigation. Currently debugging from Ericmouth. Curious how others solve this. 🧠,,31,3,1,0.4767,Developer,0
fbdemo_000088,Migrated a service to a new framework today. The code review comments humbled me. Currently on commit number 78 of this refactor.,,39,3,2,0.3612,Developer,0
fbdemo_000088,Learning a new part of the stack this week. Docs were wrong but figured it out eventually. Standup update: 74 things fixed today.,,25,2,2,-0.2617,Developer,0
fbdemo_000088,On-call was quiet for once. The fix was smaller than the investigation. Pairing with Dan made this so much faster. 🚀🔧,#programmer #python,43,3,1,0.0,Developer,0
fbdemo_000088,Migrated a service to a new framework today. The fix was smaller than the investigation. Currently debugging from Danielsland. AMA about the stack. 🔧,#opensource,34,4,1,0.0,Developer,0
fbdemo_000088,"Learning a new part of the stack this week. The code review comments humbled me. This is bug ticket number 8, send help. 🐛",#python #developer,18,3,1,0.4588,Developer,0
fbdemo_000088,Learning a new part of the stack this week. The fix was smaller than the investigation. Shoutout to Daniel for the code review. 🐛💻,#buildinpublic,12,1,1,0.0,Developer,0
fbdemo_000088,"Migrated a service to a new framework today. Turns out the cache was the whole problem. This is bug ticket number 58, send help. ☕",#coding #webdev,43,4,2,0.0772,Developer,0
fbdemo_000088,"Learning a new part of the stack this week. Naming things is still the hardest part. Tagging Andrew, they'll appreciate this one. Repo link below.",,22,3,1,0.4019,Developer,0
fbdemo_000088,Rewrote a script that's been bugging me for weeks. Docs were wrong but figured it out eventually. Currently debugging from Larsontown. Curious how others solve this.,#developer #coding,46,1,3,0.4767,Developer,0
fbdemo_000088,"Shipped a small feature at Schneider, Santos and Higgins. The fix was smaller than the investigation. 🔧",,67,4,3,0.0,Developer,0
fbdemo_000089,"Recovery day, mobility work only. Progress isn't always linear, and that's fine. Day 34 of the program.",#workout #fitfam #fitness,616,29,31,0.5574,Fitness Creator,0
fbdemo_000089,Coaching client hit a big milestone. Consistency beats intensity most days. 40 minutes of mobility work this morning. ⚡,#fitfam,1203,75,76,0.0,Fitness Creator,0
fbdemo_000089,"Leg day recap. Rest days are still training days. Week 76 of the plan, feeling stronger.",,550,39,27,0.4767,Fitness Creator,0
fbdemo_000089,"Leg day recap. Consistency beats intensity most days. Session number 74 with this client, big progress. 🧘🔥",,595,26,22,0.2415,Fitness Creator,0
fbdemo_000089,"Deload week starts now. Sleep is still the most underrated recovery tool. Tagging Kelly, my training partner today. 🏃",,685,51,37,0.0,Fitness Creator,0
fbdemo_000089,"Leg day recap. Consistency beats intensity most days. Week 71 of the plan, feeling stronger. Save this for your next session.",#gymlife #fitness #healthylifestyle,1125,118,33,0.743,Fitness Creator,0
fbdemo_000089,Early morning session before work. Slow and controlled beats fast and sloppy. 63 minutes of mobility work this morning. Tag your gym partner.,#fitfam #cardio #gymlife,720,69,29,0.0,Fitness Creator,0
fbdemo_000089,"Leg day recap. Progress isn't always linear, and that's fine. Tagging John, my training partner today. 🧘🥗",,690,29,29,0.5574,Fitness Creator,0
fbdemo_000090,Spent way too long on a bug today. Docs were wrong but figured it out eventually. Standup update: 91 things fixed today. 📦,,13,1,1,-0.2617,Developer,0
fbdemo_000090,On-call was quiet for once. Pairing with a teammate made it so much faster. PR number 25 finally merged. 📦☕,,29,3,1,0.0772,Developer,0
fbdemo_000090,Spent way too long on a bug today. Turned out to be a missing semicolon. PR number 79 finally merged. 🧠🚀,,21,3,1,-0.2263,Developer,0
fbdemo_000090,Migrated a service to a new framework today. Turns out the cache was the whole problem. Currently on commit number 2 of this refactor. 📦,#coding,10,3,0,-0.0516,Developer,0
fbdemo_000090,"Shipped a small feature at Fernandez Group. Linting caught it before it shipped, thankfully. 79 tabs of documentation open right now. 💻🚀",,4,1,0,0.4215,Developer,0
fbdemo_000090,Refactoring old code I wrote a year ago. Naming things is still the hardest part. Currently on commit number 37 of this refactor. ☕🚀,#programmer,13,1,0,0.3612,Developer,0
fbdemo_000090,Rewrote a script that's been bugging me for weeks. The fix was smaller than the investigation. PR number 95 finally merged. ☕,,21,2,1,0.0772,Developer,0
fbdemo_000090,Finally got the tests passing. Turned out to be a missing semicolon. Working remotely from North Taylorton this month. Curious how others solve this.,,12,2,0,0.2263,Developer,0
fbdemo_000090,Shipped a small feature at Mitchell Inc. Pairing with a teammate made it so much faster. 45 tabs of documentation open right now. Open to feedback.,,12,1,0,0.0,Developer,0
fbdemo_000090,"Shipped a small feature at Riddle, Jordan and Spears. Docs were wrong but figured it out eventually. Working out of North Andrealand this 2015. 🚀🐛",#webdev #developer,12,1,0,-0.2617,Developer,0
fbdemo_000090,"Learning a new part of the stack this week. Linting caught it before it shipped, thankfully. This is bug ticket number 10, send help. Curious how others solve this.",,15,3,1,0.836,Developer,0
fbdemo_000090,"Refactoring old code I wrote a year ago. Turns out the cache was the whole problem. Tagging David, they'll appreciate this one.",,22,3,2,0.0,Developer,0
fbdemo_000090,"Rewrote a script that's been bugging me for weeks. Linting caught it before it shipped, thankfully. Working out of Robinfurt this 2022.",,10,1,0,0.4215,Developer,0
fbdemo_000090,Shipped a small feature at English-Hughes. Turned out to be a missing semicolon. Currently on commit number 97 of this refactor. Open to feedback.,#developer #javascript,35,4,1,0.0772,Developer,0
fbdemo_000091,"Restocked your favorites. Locally sourced, always. Serving South Gabriellaside since 2024. DM us to order. 🤝🌍",#shopsmall #startup #localbusiness,90,8,2,0.4215,Business Page,0
fbdemo_000091,Restocked your favorites. Orders ship out within 2 business days. Shoutout to our 62th customer this week.,#growth #localbusiness,141,30,4,0.4215,Business Page,0
fbdemo_000091,"Thank you Johnville for another great week. Locally sourced, always. Customer number 77 just left a five-star review. Tag someone who'd love this. ✅🌍",,57,3,1,0.9022,Business Page,0
fbdemo_000091,Meet the team making it happen. Custom requests are always welcome. Shoutout to our 65th customer this week. Tag someone who'd love this. 📈,,79,14,4,0.802,Business Page,0
fbdemo_000091,"Thank you West Cheyenne for another great week. Locally sourced, always. Customer number 61 just left a five-star review. 🔗",#smallbusiness,78,7,3,0.7845,Business Page,0
fbdemo_000091,Restocked your favorites. Your support keeps our doors open. Thank you East Nathanielchester for 23 years of support. 🌍,,89,8,4,0.8658,Business Page,0
fbdemo_000091,"Thank you South Ashley for another great week. Your support keeps our doors open. Based out of Wendybury, shipping everywhere. Limited stock available.",#marketing,45,4,1,0.8126,Business Page,0
fbdemo_000091,"Behind the scenes at the shop today. Custom requests are always welcome. Based out of Lisashire, shipping everywhere. Tag someone who'd love this. 🤝",,65,3,1,0.802,Business Page,0
fbdemo_000091,Meet the team making it happen. Custom requests are always welcome. Order number 15 just shipped.,,70,4,3,0.5106,Business Page,0
fbdemo_000091,"New arrivals just dropped! Handmade in small batches every week. Tagging Daniel, one of our first customers back in 2016. Shop the link in bio.",,68,4,2,0.0,Business Page,0
fbdemo_000091,Meet the team making it happen. Your support keeps our doors open. Proudly 93 years in business this 2024. Shop the link in bio. 🤝,,64,9,3,0.743,Business Page,0
fbdemo_000092,"Small batch, made with care. We appreciate every single one of you. Proudly 16 years in business this 2019. Limited stock available. 🔗",#marketing #smallbusiness,70,4,4,0.8225,Business Page,0
fbdemo_000092,Behind the scenes at the shop today. Orders ship out within 2 business days. Thank you Carrieburgh for 62 years of support. Limited stock available. 📈,,64,4,1,0.5106,Business Page,0
fbdemo_000092,"Small batch, made with care. Handmade in small batches every week. Serving Williamsmouth since 2022. 🌍",#entrepreneur #localbusiness #marketing,95,7,2,0.4939,Business Page,0
fbdemo_000092,Meet the team making it happen. Custom requests are always welcome. Serving Pacebury since 2016.,,53,3,2,0.4588,Business Page,0
fbdemo_000092,Meet the team making it happen. Your support keeps our doors open. Team huddle today covered 34 new ideas. Limited stock available. 📈✅,,119,6,5,0.2023,Business Page,0
fbdemo_000092,Behind the scenes at the shop today. Handmade in small batches every week. Serving Veronicaville since 2021. Shop the link in bio.,#entrepreneur #shopsmall,110,13,3,0.0,Business Page,0
fbdemo_000092,Restocked your favorites. Orders ship out within 2 business days. Serving Hoshire since 2017. 🤝🌍,#shopsmall,77,6,2,0.4215,Business Page,0
fbdemo_000093,On-call was quiet for once. Pairing with a teammate made it so much faster. Standup update: 70 things fixed today. AMA about the stack. ☕💻,,6,1,0,0.0,Developer,0
fbdemo_000093,"Refactoring old code I wrote a year ago. The fix was smaller than the investigation. This is bug ticket number 93, send help. Open to feedback.",,9,2,0,0.4588,Developer,0
fbdemo_000093,"Shipped a small feature at Evans-Washington. Linting caught it before it shipped, thankfully. 54 tabs of documentation open right now.",#softwareengineer,5,1,1,0.4215,Developer,0
fbdemo_000093,New side project idea just hit me at 2am. Turned out to be a missing semicolon. PR number 9 finally merged. 🚀,,20,3,1,-0.2263,Developer,0
fbdemo_000093,On-call was quiet for once. Docs were wrong but figured it out eventually. Pairing with Matthew made this so much faster. 🧠,,12,1,1,-0.2617,Developer,0
fbdemo_000093,Refactoring old code I wrote a year ago. Docs were wrong but figured it out eventually. Still can't believe it's 2019 and this bug exists. AMA about the stack. 📦⚙️,,5,1,0,-0.2617,Developer,0
fbdemo_000093,"Shipped a small feature at Jones, Gordon and Cannon. The code review comments humbled me. Working remotely from Port Katherineland this month.",,8,2,0,0.0,Developer,0
fbdemo_000094,"Deload week starts now. Form over ego, always. Tagging Mark, my training partner today. 🧘🥗",#fitfam #fitness,970,115,23,0.0,Fitness Creator,0
fbdemo_000094,"Recovery day, mobility work only. Showing up matters more than the perfect plan. Shoutout to Matthew for showing up every day.",,651,165,10,0.6204,Fitness Creator,0
fbdemo_000095,Another day surviving Lake Desiree University. Ranking my classes from bearable to soul-crushing. Can't believe it's already 2015. 🙌,#gradstudent,59,18,4,0.296,Student,0
fbdemo_000095,Finals season has me questioning everything. Somehow still passing my classes. Tagging Kristen because they'd get this. 🐾🌟,,67,17,5,-0.1027,Student,0
fbdemo_000095,"Campus is so pretty in Cobbchester today. My professor just dropped a pop quiz, send help. Currently 24 days away from break. 🎬✨",#gradstudent #dormlife,71,16,1,0.8449,Student,0
fbdemo_000095,Group project update: Dorm life really tests your patience. This is assignment number 20 this semester. 🙌☕,,81,24,5,0.0772,Student,0
fbdemo_000095,Group project update: Ranking my classes from bearable to soul-crushing. Tagging Darius because they'd get this. Someone quiz me please. 💪,,85,19,11,0.3182,Student,0
fbdemo_000095,"Coffee run before class. Library until it closes, again. Currently 66 cups of coffee deep today. Tell me it gets easier. 🎬😊",#dormlife,70,25,8,0.8316,Student,0
fbdemo_000095,Group project update: Somehow still passing my classes. Fun fact: I've switched majors 29 times.,,49,12,5,0.5106,Student,0
fbdemo_000095,Finals season has me questioning everything. Turns out procrastination is a full-time job. This is assignment number 83 this semester.,#college #classof2026,28,7,3,-0.0258,Student,0
fbdemo_000095,"Coffee run before class. Ranking my classes from bearable to soul-crushing. Somewhere in New Margaretville, probably procrastinating. Wish me luck. 🙌🐾",#studentlife,48,15,4,0.6908,Student,0
fbdemo_000096,Restocked your favorites. Your support keeps our doors open. Order number 55 just shipped. Shop the link in bio.,#smallbusiness #businessowner #marketing,46,5,2,0.7003,Business Page,0
fbdemo_000096,"Small batch, made with care. Locally sourced, always. Tagging Patricia, one of our first customers back in 2025. DM us to order.",#marketing #shopsmall #localbusiness,62,3,3,0.4939,Business Page,0
fbdemo_000096,"Meet the team making it happen. Orders ship out within 2 business days. Based out of North Robinview, shipping everywhere. Tag someone who'd love this. 🤝✅",#customerfirst #businessowner #localbusiness,38,4,2,0.6369,Business Page,0
fbdemo_000096,"Behind the scenes at the shop today. Locally sourced, always. Serving Mariaburgh since 2015. Tag someone who'd love this. 📈🌍",,33,3,2,0.6369,Business Page,0
fbdemo_000096,Restocked your favorites. Handmade in small batches every week. Order number 83 just shipped. 🌍🔗,#marketing #growth #businessowner,95,17,6,0.4767,Business Page,0
fbdemo_000096,"Behind the scenes at the shop today. Orders ship out within 2 business days. Based out of East Brian, shipping everywhere. DM us to order.",#customerfirst #startup,30,4,3,0.0,Business Page,0
fbdemo_000096,Restocked your favorites. Orders ship out within 2 business days. Shoutout to our 92th customer this week. Limited stock available.,#businessowner #entrepreneur,82,9,2,0.2263,Business Page,0
fbdemo_000096,"Small batch, made with care. Your support keeps our doors open. Limited stock available.",#businessowner #shopsmall #customerfirst,133,10,7,0.6124,Business Page,0
fbdemo_000096,Behind the scenes at the shop today. Your support keeps our doors open.,,70,8,3,0.4019,Business Page,0
fbdemo_000097,New arrivals just dropped! Handmade in small batches every week. Order number 31 just shipped. Tag someone who'd love this. 📈,,1,0,0,0.6996,Business Page,0
fbdemo_000097,"Small batch, made with care. Custom requests are always welcome. Customer number 61 just left a five-star review.",,1,0,0,0.7579,Business Page,0
fbdemo_000097,"Meet the team making it happen. Locally sourced, always. 80 orders packed and ready to go.",#shopsmall #growth #marketing,1,0,0,0.3612,Business Page,0
fbdemo_000097,Thank you North Keith for another great week. Custom requests are always welcome. Customer number 32 just left a five-star review. DM us to order.,,0,0,0,0.872,Business Page,0
fbdemo_000097,Thank you South Scottview for another great week. Handmade in small batches every week. Thank you South Nicholas for 45 years of support. 📈✅,,1,0,0,0.8957,Business Page,0
fbdemo_000098,"Shipped a small feature at Allen, Guerrero and Washington. Turns out the cache was the whole problem. This is bug ticket number 24, send help. AMA about the stack. 🐛",,36,5,0,0.0772,Developer,0
fbdemo_000098,Refactoring old code I wrote a year ago. Past me really did not comment anything. Currently debugging from Blairborough. Repo link below.,#javascript,23,3,0,0.0,Developer,0
fbdemo_000098,New side project idea just hit me at 2am. Pairing with a teammate made it so much faster. 40 tabs of documentation open right now. ☕📦,,25,2,0,0.0,Developer,0
fbdemo_000098,Rewrote a script that's been bugging me for weeks. Naming things is still the hardest part. Pairing with William made this so much faster. AMA about the stack.,,23,4,0,0.0,Developer,0
fbdemo_000098,Rewrote a script that's been bugging me for weeks. Past me really did not comment anything. Currently on commit number 29 of this refactor. 📦🚀,,25,4,0,0.3612,Developer,0
fbdemo_000098,"Gave a lunch-and-learn at Spence, Grimes and Barrera today. The code review comments humbled me. Working remotely from Kaufmanport this month. ⚙️🧠",,70,12,2,-0.25,Developer,0
fbdemo_000098,New side project idea just hit me at 2am. Pairing with a teammate made it so much faster. Shoutout to John for the code review. 📦🐛,,28,3,0,0.0,Developer,0
fbdemo_000098,Finally got the tests passing. Past me really did not comment anything. Currently on commit number 97 of this refactor. 📦🐛,#100daysofcode #programmer,28,4,0,0.3612,Developer,0
fbdemo_000098,Gave a lunch-and-learn at Harvey-Mccall today. Naming things is still the hardest part. Currently on commit number 12 of this refactor.,,42,4,1,0.3612,Developer,0
fbdemo_000098,Rewrote a script that's been bugging me for weeks. Naming things is still the hardest part. Working out of Edwardsbury this 2020. Repo link below. 🐛🧠,,25,3,0,0.0,Developer,0
fbdemo_000098,"Learning a new part of the stack this week. Linting caught it before it shipped, thankfully. Currently debugging from Port Alicialand. 🔧🐛",,44,6,1,0.4215,Developer,0
fbdemo_000098,"New side project idea just hit me at 2am. Linting caught it before it shipped, thankfully. Tagging Austin, they'll appreciate this one.",,25,5,0,0.6705,Developer,0
fbdemo_000098,Refactoring old code I wrote a year ago. Past me really did not comment anything. Shoutout to Melissa for the code review.,#coding #buildinpublic,21,5,0,0.0,Developer,0
fbdemo_000098,Finally got the tests passing. Naming things is still the hardest part. Sprint 45 wrapped up today. Repo link below. 💻☕,,29,4,1,0.0,Developer,0
fbdemo_000098,Rewrote a script that's been bugging me for weeks. The code review comments humbled me. 92 tabs of documentation open right now.,,15,4,0,0.0,Developer,0
fbdemo_000098,"Shipped a small feature at Floyd, Klein and Martin. Linting caught it before it shipped, thankfully. PR number 72 finally merged. 💻",#softwareengineer #coding,51,7,1,0.4767,Developer,0
fbdemo_000098,New side project idea just hit me at 2am. Docs were wrong but figured it out eventually. Working remotely from Lake Ryanside this month.,,30,6,1,-0.2617,Developer,0
fbdemo_000099,This brand sent me the best package. Use my code for a discount. Shot this in East Heathermouth. Link in bio for the discount. 📸👑,#musthave,134,8,2,0.6369,Fake Influencer,1
fbdemo_000099,Unboxing my favorite package of the month. Can't wait to show you more from this collab. Packing for Shannonfurt again this week. 👑✨,#linkinbio #ad,365,9,2,0.6486,Fake Influencer,1
fbdemo_000099,"New content coming your way soon. So many of you have been asking about this. Tagging Jennifer, my glam team today. 😍",#sponsored #collab,364,2,3,0.4588,Fake Influencer,1
fbdemo_000099,"Another day, another shoot. Can't wait to show you more from this collab. Outfit number 54 of the week. Since 2020, this has been the dream. DM for collab details. 💖",,185,10,0,0.743,Fake Influencer,1
fbdemo_000099,Golden hour never disappoints. My followers deserve the best recommendations. Filming this in South Timothyberg today. Outfit number 73 of the week. Shop this look now.,#collab #sponsored #trending,168,5,1,0.7707,Fake Influencer,1
fbdemo_000099,"Another day, another shoot. Honestly didn't expect to love this as much as I do. Filming this in North Catherine today. So many of you asked for this, here it is. ✨💖",,108,2,1,0.7124,Fake Influencer,1
fbdemo_000099,"Can't stop wearing this lately. My followers deserve the best recommendations. Since 2018, this has been the dream. Look number 86 from this campaign. Code is my username at checkout. 💖",#influencer #musthave,136,28,2,0.904,Fake Influencer,1
fbdemo_000099,Obsessed with this new find. Honestly didn't expect to love this as much as I do. Can't believe it's already 2017. Packing for New Angelaberg again this week. Link in bio for the discount.,#ad,823,33,3,-0.2658,Fake Influencer,1
fbdemo_000099,"This brand sent me the best package. Partnering with brands I actually love. Outfit number 58 of the week. Trip number 30 this year, no complaints. Shop this look now. 😍",,422,21,1,0.9355,Fake Influencer,1
fbdemo_000099,This might be my favorite collab yet. Can't believe I get to call this my job. Zachary styled this look. Filming this in Brownberg today. 💅🌴,#lifestyle #discountcode,288,38,1,0.4588,Fake Influencer,1
fbdemo_000099,"This might be my favorite collab yet. This is going straight into my everyday rotation. Matthew styled this look. Since 2025, this has been the dream. Shop this look now. 💅",,359,17,4,0.7096,Fake Influencer,1
fbdemo_000100,"Everyone is asking how I did this so fast. Thousands already joined, don't miss out. Gina just signed up, you're next. Comment before it's gone. 📩✅",#dmforprice #getrichquick,1,0,0,0.1139,Spam Account,1
fbdemo_000100,"This changed everything for me. Thousands already joined, don't miss out. Already 73 success stories this month. Tap the link in my story.",,1,0,0,0.6303,Spam Account,1
fbdemo_000100,"Stop scrolling, read this. Spots are filling up fast. Over 31 people already joined this week. Tap the link in my story. 👉",#makemoneyonline #onlyfollowers #dmforprice,0,0,0,-0.296,Spam Account,1
fbdemo_000100,"You NEED to see this. Spots are filling up fast. Only 35 spots left today. Link in bio, click now.",#freeprize #cashapp #followforfollow,1,0,0,0.0,Spam Account,1
fbdemo_000100,"Stop scrolling, read this. It's 100% legit, I was skeptical too. Already 76 success stories this month. DM me 'START' immediately. 🛒",#dmforprice #giveaway #freeprize,2,0,0,0.0516,Spam Account,1
fbdemo_000100,"Everyone is asking how I did this so fast. Thousands already joined, don't miss out. Aaron just signed up, you're next. Tap the link in my story. 💰🛒",,1,0,0,0.1139,Spam Account,1
fbdemo_000101,"Something special is coming, stay tuned. There's more coming that I can't wait to share. Project number 35 coming together nicely. DM me directly here.",,123,18,10,0.6139,Business Page,0
fbdemo_000101,"I don't get to say this enough. Grateful for every one of you every single day. Since 2017, still going strong. 🎬",#official #celebrity,194,12,6,0.743,Business Page,0
fbdemo_000101,"I see all of your messages, truly. This journey keeps surprising me. Message number 35 today, reading every one. 46 years in this industry now.",,127,9,10,0.6486,Business Page,0
fbdemo_000101,"A quick note from me to you. This journey keeps surprising me. Message number 13 today, reading every one. Message number 40 today, reading every one.",#exclusive #fanpage,139,14,4,0.4019,Business Page,0
fbdemo_000101,"I see all of your messages, truly. Grateful for every one of you every single day. Working on something big for 2024. Follow only this page.",,340,28,17,0.7096,Business Page,0
fbdemo_000101,"Something special is coming, stay tuned. Ignore anyone claiming to be my manager elsewhere. 18 years of your support means everything. DM me directly here.",,191,11,8,0.4404,Business Page,0
fbdemo_000101,"I see all of your messages, truly. Ignore anyone claiming to be my manager elsewhere. Working on something big for 2020. Thank you Jessica for the constant support. Follow only this page. 🎬🌟",#viral,242,26,15,0.6808,Business Page,0
fbdemo_000101,"This account is really me, I promise. This journey keeps surprising me. 66 years of your support means everything. Since 2018, the journey continues. Follow only this page.",,194,29,11,0.7479,Business Page,0
fbdemo_000101,"Important announcement coming soon. New project details coming very soon. Message number 29 today, reading every one. Share this so others know it's real. 📚",,194,13,11,0.552,Business Page,0
fbdemo_000101,A quick note from me to you. None of this would matter without you. 64 years in this industry now.,,256,21,15,0.0258,Business Page,0
fbdemo_000101,To my real fans: None of this would matter without you. Follow only this page.,,149,12,6,0.0258,Business Page,0
fbdemo_000101,"I don't get to say this enough. Ignore anyone claiming to be my manager elsewhere. Back in Bethbury this 2025. Message number 72 today, reading every one. Follow only this page.",,155,17,6,-0.296,Business Page,0
fbdemo_000102,You NEED to see this. Spots are filling up fast. Slot 16 almost gone. Tap the link in my story.,,1,0,0,0.0,Spam Account,1
fbdemo_000102,"This changed everything for me. Made more money this week than my old job paid monthly. Message number 68 today, still going. Link in bio, click now. 💯✅",,0,0,0,0.0772,Spam Account,1
fbdemo_000102,"Stop scrolling, read this. Thousands already joined, don't miss out. This worked for Tina too, ask them. Tap the link in my story. 🔥💰",#followforfollow,3,0,0,-0.4864,Spam Account,1
fbdemo_000102,"This changed everything for me. Thousands already joined, don't miss out. Already helped 12 people this 2020. Link in bio, click now. 💰🔥",#clicklink #getrichquick #cryptosignals,1,0,0,-0.2396,Spam Account,1
fbdemo_000102,"Stop scrolling, read this. Made more money this week than my old job paid monthly. Already 33 success stories this month. Tap the link in my story.",,2,0,0,0.3612,Spam Account,1
fbdemo_000102,"This changed everything for me. Made more money this week than my old job paid monthly. Already 71 success stories this month. Link in bio, click now. ✅",,1,0,0,0.5719,Spam Account,1
fbdemo_000102,"I wasn't going to share this but... It's 100% legit, I was skeptical too. Already 89 success stories this month. Comment before it's gone. 📩🔥",,1,0,0,-0.1139,Spam Account,1
fbdemo_000102,"I wasn't going to share this but... Thousands already joined, don't miss out. Already helped 57 people this 2016. Tap the link in my story. ✅👉",,3,0,0,0.0572,Spam Account,1
fbdemo_000102,I wasn't going to share this but... Made more money this week than my old job paid monthly. Already 27 success stories this month. Tap the link in my story. 🛒,,1,0,0,0.6814,Spam Account,1
fbdemo_000102,"🚨 LAST CHANCE 🚨 Thousands already joined, don't miss out. Over 62 people already joined this week. 📩💯",,1,0,0,0.49,Spam Account,1
fbdemo_000102,"Stop scrolling, read this. Made more money this week than my old job paid monthly. Started in Andrewland, now everywhere. Link in bio, click now. 📩🛒",,0,0,0,-0.296,Spam Account,1
fbdemo_000103,"Just need someone to talk to. Hoping we can talk more privately soon. Since 2015, I've been looking for this. Thinking of you from Port Meghanville tonight.",,0,0,0,0.4215,Catfish/Romance-Scam Profile,1
fbdemo_000103,Can't wait to finally meet. Every message from you makes my day better. Missing Port Mark and missing you more. It's been 81 months since we last spoke.,,0,0,0,-0.128,Catfish/Romance-Scam Profile,1
fbdemo_000103,"Counting down the days already. Hoping we can talk more privately soon. Hoping to visit Johnsonchester again someday. Since 2015, I've been looking for this. 🙏❤️",,0,0,0,0.7063,Catfish/Romance-Scam Profile,1
fbdemo_000103,"Long day, but talking to you helps. Hoping we can talk more privately soon. Currently stationed near Griffinburgh. Only 69 more months until I'm back. ❤️",,1,0,0,0.7964,Catfish/Romance-Scam Profile,1
fbdemo_000103,Counting down the days already. Every message from you makes my day better. Missing Ayalamouth and missing you more. Please don't give up on us.,,0,0,0,0.2716,Catfish/Romance-Scam Profile,1
fbdemo_000103,"Thinking about you today. I promise I'm not like the others you've met online. 48 letters written, still waiting to send them. ❤️",,0,0,0,0.049,Catfish/Romance-Scam Profile,1
fbdemo_000103,Another lonely night here overseas. Hoping we can talk more privately soon. 🙏,,1,0,0,0.0772,Catfish/Romance-Scam Profile,1
fbdemo_000103,"Thinking about you today. Work keeps me so busy but you're always on my mind. Since 2024, I've been looking for this.",,0,0,0,0.0,Catfish/Romance-Scam Profile,1
fbdemo_000103,"Counting down the days already. You've made this whole assignment easier. 35 letters written, still waiting to send them. Let's move the conversation elsewhere. 🙏❤️",,0,0,0,0.4215,Catfish/Romance-Scam Profile,1
fbdemo_000103,Counting down the days already. Every message from you makes my day better. It's been 96 months since we last spoke.,,1,0,0,0.4404,Catfish/Romance-Scam Profile,1
fbdemo_000104,"New PR today! Form over ego, always. Session number 76 with this client, big progress. Programs linked in bio.",#training #fitness #wellness,1340,84,90,0.5255,Fitness Creator,0
fbdemo_000104,Leg day recap. Showing up matters more than the perfect plan. Training out of Munozbury this week. Tag your gym partner.,,1304,199,34,0.6204,Fitness Creator,0
fbdemo_000104,Coaching client hit a big milestone. Showing up matters more than the perfect plan. 66 minutes of mobility work this morning. Tag your gym partner. 🧘,,1708,103,64,0.6204,Fitness Creator,0
fbdemo_000104,"Recovery day, mobility work only. Progress isn't always linear, and that's fine. 5 minutes of mobility work this morning. Save this for your next session.",,845,95,21,0.7783,Fitness Creator,0
fbdemo_000104,"Programming update for the week. Form over ego, always. Back in Kevinshire for a pop-up class this 2018. Tag your gym partner. 💪",,1181,163,29,0.0,Fitness Creator,0
fbdemo_000104,"New PR today! Progress isn't always linear, and that's fine. Week 49 of the plan, feeling stronger. Programs linked in bio. ⚡🏋️",,1377,502,41,0.7901,Fitness Creator,0
fbdemo_000104,Leg day recap. Strength carries over into everything else. Day 31 of the program.,#workout #fitness,580,26,8,0.4939,Fitness Creator,0
fbdemo_000104,"Ran a form check clinic today. Form over ego, always. Coaching 24 clients this cycle. Programs linked in bio. 🔥",#training #nutrition #fitness,431,76,10,-0.34,Fitness Creator,0
fbdemo_000104,Back-to-back sessions today. Small wins add up over months. Day 81 of the program. ⚡,#gymlife,1718,359,63,0.5719,Fitness Creator,0
fbdemo_000105,"Small batch, made with care. Handmade in small batches every week. Tagging Kelly, one of our first customers back in 2025.",#smallbusiness #startup,89,6,7,0.4939,Business Page,0
fbdemo_000105,"Behind the scenes at the shop today. Orders ship out within 2 business days. Based out of Patriciaport, shipping everywhere. Shop the link in bio. 🤝🌍",,47,4,4,0.0,Business Page,0
fbdemo_000105,Behind the scenes at the shop today. Custom requests are always welcome. ✅💼,,55,2,4,0.4588,Business Page,0
fbdemo_000105,Meet the team making it happen. Handmade in small batches every week. Thank you Kellybury for 75 years of support.,,117,4,5,0.6369,Business Page,0
fbdemo_000105,Restocked your favorites. Your support keeps our doors open. Customer number 91 just left a five-star review. 🔗,,238,14,14,0.7003,Business Page,0
fbdemo_000105,Restocked your favorites. Your support keeps our doors open. Customer number 23 just left a five-star review. Shop the link in bio.,,104,5,10,0.7003,Business Page,0
fbdemo_000105,"Thank you Port Justinberg for another great week. Locally sourced, always. Shoutout to our 5th customer this week.",#growth,60,3,5,0.765,Business Page,0
fbdemo_000105,Restocked your favorites. Orders ship out within 2 business days. Batch number 29 restocked today. DM us to order. ✅🔗,,112,6,9,0.4767,Business Page,0
fbdemo_000105,"Small batch, made with care. Locally sourced, always. Proudly 39 years in business this 2018. Tag someone who'd love this.",,113,7,10,0.9001,Business Page,0
fbdemo_000105,New arrivals just dropped! Custom requests are always welcome. Customer number 2 just left a five-star review. Limited stock available.,,75,5,3,0.4003,Business Page,0
fbdemo_000105,New arrivals just dropped! We appreciate every single one of you. Team huddle today covered 16 new ideas. 📈✅,#hustle,35,2,3,0.4574,Business Page,0
fbdemo_000105,Meet the team making it happen. Orders ship out within 2 business days. Batch number 63 restocked today. 💼🤝,,71,4,4,0.0772,Business Page,0
fbdemo_000105,"Behind the scenes at the shop today. Locally sourced, always. Shoutout to our 58th customer this week. Tag someone who'd love this. 🌍",#businessowner #shopsmall,50,5,4,0.6369,Business Page,0
fbdemo_000105,"Small batch, made with care. Your support keeps our doors open. Team huddle today covered 30 new ideas.",,96,11,5,0.7096,Business Page,0
fbdemo_000106,New PR today! Sleep is still the most underrated recovery tool. Client hit a 8 pound PR today. Save this for your next session. 💪,#workout,1,0,0,0.5411,Spam Account,1
fbdemo_000106,New PR today! Rest days are still training days. Day 2 of the program. Programs linked in bio.,#workout #cardio,1,0,0,0.0,Spam Account,1
fbdemo_000106,Ran a form check clinic today. Small wins add up over months. Day 47 of the program. 🔥🏋️,#healthylifestyle #gymlife,0,0,0,0.3182,Spam Account,1
fbdemo_000106,"Recovery day, mobility work only. Progress isn't always linear, and that's fine. Logged 34 miles this week. DM 'START' to work together.",,0,0,0,0.5574,Spam Account,1
fbdemo_000106,Programming update for the week. Sleep is still the most underrated recovery tool. Client hit a 16 pound PR today. 💪,#training,2,0,0,0.0,Spam Account,1
fbdemo_000106,Deload week starts now. Sleep is still the most underrated recovery tool. Day 49 of the program. Programs linked in bio.,,1,0,0,0.0,Spam Account,1
fbdemo_000107,"Just need someone to talk to. I don't trust easily but you're different. It's been 16 months since we last spoke. Since 2016, I've been looking for this. ❤️🙏",,1,0,0,-0.3333,Catfish/Romance-Scam Profile,1
fbdemo_000107,Just need someone to talk to. I don't trust easily but you're different. Hoping to visit New Kelly again someday. Currently stationed near South John. ❤️🙏,,4,1,0,0.325,Catfish/Romance-Scam Profile,1
fbdemo_000107,Just need someone to talk to. I don't trust easily but you're different. Only 34 more months until I'm back.,,1,0,0,-0.3333,Catfish/Romance-Scam Profile,1
fbdemo_000107,Counting down the days already. I don't trust easily but you're different. Missing Hernandeztown and missing you more. ❤️,,1,0,0,-0.7887,Catfish/Romance-Scam Profile,1
fbdemo_000107,Counting down the days already. You've made this whole assignment easier.,,2,1,0,0.4215,Catfish/Romance-Scam Profile,1
fbdemo_000107,"Another lonely night here overseas. I don't trust easily but you're different. Since 2025, I've been looking for this. Let's move the conversation elsewhere. 🙏❤️",,4,1,0,-0.48,Catfish/Romance-Scam Profile,1
fbdemo_000107,"Thinking about you today. I don't trust easily but you're different. Currently stationed near Yorkview. 73 letters written, still waiting to send them.",,2,0,0,-0.3333,Catfish/Romance-Scam Profile,1
fbdemo_000107,Just need someone to talk to. Hoping we can talk more privately soon. Currently stationed near New Connie. Thinking of you from East Joseph tonight. Let's move the conversation elsewhere.,,2,0,0,0.4215,Catfish/Romance-Scam Profile,1
fbdemo_000107,"Long day, but talking to you helps. Every message from you makes my day better. Missing East Kayla and missing you more. Currently stationed near Vickiport.",,1,0,0,0.3919,Catfish/Romance-Scam Profile,1
fbdemo_000108,Obsessed with this new find. Can't believe I get to call this my job. Brand deal number 14 this month. Packing for West Matthew again this week. Link in bio for the discount.,#musthave #linkinbio,93,5,2,-0.1027,Fake Influencer,1
fbdemo_000108,"Another day, another shoot. Can't believe I get to call this my job. Since 2023, this has been the dream. Tagging James, my glam team today. Code is my username at checkout. 😍📸",,72,2,1,0.3818,Fake Influencer,1
fbdemo_000108,This brand sent me the best package. This is exactly what my feed needed. Look number 39 from this campaign. Look number 63 from this campaign.,#discountcode #brandpartner,68,4,4,0.7003,Fake Influencer,1
fbdemo_000108,"This brand sent me the best package. This is going straight into my everyday rotation. So many of you asked for this, here it is. Filming this in Markburgh today. DM for collab details. 👑",,80,10,1,0.7269,Fake Influencer,1
fbdemo_000108,This brand sent me the best package. This is exactly what my feed needed. Justin styled this look. DM for collab details.,#trending #lifestyle #musthave,64,4,1,0.6369,Fake Influencer,1
fbdemo_000108,"Golden hour never disappoints. So grateful for opportunities like this. Since 2018, this has been the dream. DM for collab details. 😍",,123,2,3,0.9373,Fake Influencer,1
fbdemo_000108,New content coming your way soon. Partnering with brands I actually love. Look number 8 from this campaign. Link in bio for the discount.,,47,6,0,0.6705,Fake Influencer,1
fbdemo_000108,"Another day, another shoot. This is exactly what my feed needed. Since 2024, this has been the dream. Filming this in Michaelview today. Code is my username at checkout. 💅",,98,1,4,-0.1027,Fake Influencer,1
fbdemo_000108,This might be my favorite collab yet. My followers deserve the best recommendations. Brand deal number 88 this month. Shot this in Smithfurt. Link in bio for the discount.,#lifestyle,83,2,1,0.8176,Fake Influencer,1
fbdemo_000108,Can't stop wearing this lately. Can't believe I get to call this my job. Filming this in New Jennifer today. Brand deal number 96 this month. Shop this look now.,,74,1,2,0.2933,Fake Influencer,1
fbdemo_000109,Programming update for the week. Strength carries over into everything else. Coaching 26 clients this cycle. ⚡🥗,#workout,293,13,13,0.4939,Fitness Creator,0
fbdemo_000109,Deload week starts now. Strength carries over into everything else. Client hit a 96 pound PR today.,#training #gymlife #nutrition,614,107,52,0.4939,Fitness Creator,0
fbdemo_000109,"Deload week starts now. Rest days are still training days. 57 reps, zero regrets. 💪🏋️",#fitness,710,22,34,-0.3612,Fitness Creator,0
fbdemo_000109,Programming update for the week. Showing up matters more than the perfect plan. Day 73 of the program.,,517,93,6,0.6204,Fitness Creator,0
fbdemo_000109,Ran a form check clinic today. Showing up matters more than the perfect plan. Back in North Kathyville for a pop-up class this 2021. Save this for your next session.,,1128,66,53,0.8055,Fitness Creator,0
fbdemo_000109,"Back-to-back sessions today. Small wins add up over months. Tagging Christopher, my training partner today. 🥗",#cardio,333,15,17,0.5719,Fitness Creator,0
fbdemo_000110,Counting down the days already. I don't trust easily but you're different. Only 15 more months until I'm back. Let's move the conversation elsewhere. 🙏🌹,,1,0,0,-0.3333,Catfish/Romance-Scam Profile,1
fbdemo_000110,"Wish you were here with me right now. I promise I'm not like the others you've met online. Since 2021, I've been looking for this. Message me on here.",,1,0,0,0.4386,Catfish/Romance-Scam Profile,1
fbdemo_000110,Wish you were here with me right now. Work keeps me so busy but you're always on my mind. Hoping to visit Lake Scott again someday. Let's move the conversation elsewhere. 🙏❤️,,1,0,0,0.6757,Catfish/Romance-Scam Profile,1
fbdemo_000110,Can't wait to finally meet. I don't trust easily but you're different. Missing North Gregory and missing you more. Let's move the conversation elsewhere. 🙏,,1,0,0,-0.7887,Catfish/Romance-Scam Profile,1
fbdemo_000110,"Long day, but talking to you helps. I promise I'm not like the others you've met online. Currently stationed near Port Anneton.",,1,0,0,0.5697,Catfish/Romance-Scam Profile,1
fbdemo_000110,Counting down the days already. Work keeps me so busy but you're always on my mind. Please don't give up on us. 🙏,,1,0,0,0.4497,Catfish/Romance-Scam Profile,1
fbdemo_000110,"Another lonely night here overseas. Every message from you makes my day better. Currently stationed near Lake Kimberly. 73 letters written, still waiting to send them. Message me on here.",,1,0,0,0.1027,Catfish/Romance-Scam Profile,1
fbdemo_000110,Wish you were here with me right now. Every message from you makes my day better. Missing Reneemouth and missing you more. It's been 59 months since we last spoke. Message me on here.,,1,0,0,0.296,Catfish/Romance-Scam Profile,1
fbdemo_000110,"Long day, but talking to you helps. I don't trust easily but you're different. Missing Jessestad and missing you more. Let's move the conversation elsewhere.",,2,0,0,-0.8078,Catfish/Romance-Scam Profile,1
fbdemo_000110,"Long day, but talking to you helps. I promise I'm not like the others you've met online. Thinking of you from Grossville tonight.",,3,0,0,0.5697,Catfish/Romance-Scam Profile,1
fbdemo_000110,Missing having someone real in my life. You've made this whole assignment easier. Missing South Henry and missing you more. Missing West Paulland and missing you more.,,1,0,0,-0.7574,Catfish/Romance-Scam Profile,1
fbdemo_000110,"Can't wait to finally meet. Money's been tight since the last assignment. 13 letters written, still waiting to send them. Only 20 more months until I'm back. 🌹❤️",,1,0,0,0.0,Catfish/Romance-Scam Profile,1
fbdemo_000111,Learning a new part of the stack this week. Docs were wrong but figured it out eventually. 61 tabs of documentation open right now. 🔧,,28,6,1,-0.2617,Developer,0
fbdemo_000111,"Rewrote a script that's been bugging me for weeks. Linting caught it before it shipped, thankfully. Tagging Patricia, they'll appreciate this one.",,13,2,0,0.6705,Developer,0
fbdemo_000111,Migrated a service to a new framework today. Turned out to be a missing semicolon. Currently on commit number 7 of this refactor.,,25,7,1,0.0772,Developer,0
fbdemo_000111,Rewrote a script that's been bugging me for weeks. Naming things is still the hardest part. Pairing with William made this so much faster. 💻,,27,5,1,0.0,Developer,0
fbdemo_000111,Spent way too long on a bug today. CI is green and I'm emotionally fine now. Sprint 64 wrapped up today. Open to feedback. 🧠🚀,,17,4,0,0.2023,Developer,0
fbdemo_000111,Learning a new part of the stack this week. Docs were wrong but figured it out eventually. Still can't believe it's 2019 and this bug exists.,#opensource,19,2,0,-0.2617,Developer,0
fbdemo_000111,Finally got the tests passing. Naming things is still the hardest part. 97 tabs of documentation open right now. AMA about the stack. 🔧,,27,4,1,0.0,Developer,0
fbdemo_000111,Learning a new part of the stack this week. Pairing with a teammate made it so much faster. Standup update: 64 things fixed today. Open to feedback.,#100daysofcode #softwareengineer,35,5,1,0.0,Developer,0
fbdemo_000112,Deload week starts now. Slow and controlled beats fast and sloppy. Shoutout to Bruce for showing up every day.,,558,14,2,0.0,Fitness Creator,0
fbdemo_000112,"Leg day recap. Form over ego, always. Back in North Kennethstad for a pop-up class this 2016. 🔥🥗",#healthylifestyle #fitfam #cardio,1002,19,3,-0.34,Fitness Creator,0
fbdemo_000112,Early morning session before work. Showing up matters more than the perfect plan. Shoutout to Ronald for showing up every day. DM 'START' to work together. 🥗🏋️,,941,25,2,0.6204,Fitness Creator,0
fbdemo_000112,"Recovery day, mobility work only. Rest days are still training days. Coaching 6 clients this cycle.",#nutrition #workout,734,47,1,0.0,Fitness Creator,0
fbdemo_000112,Meal prep Sunday. Showing up matters more than the perfect plan. 38 minutes of mobility work this morning. Save this for your next session.,,662,9,2,0.8055,Fitness Creator,0
fbdemo_000112,Ran a form check clinic today. Consistency beats intensity most days. Logged 4 miles this week. 🏃,,1470,43,3,0.0,Fitness Creator,0
fbdemo_000112,"Recovery day, mobility work only. Showing up matters more than the perfect plan. 83 minutes of mobility work this morning. Programs linked in bio.",,809,25,1,0.6204,Fitness Creator,0
fbdemo_000112,Deload week starts now. Sleep is still the most underrated recovery tool. Back in South Stephanieton for a pop-up class this 2021. Programs linked in bio. 🔥🏃,#wellness #training,702,13,2,-0.34,Fitness Creator,0
fbdemo_000112,"Meal prep Sunday. Showing up matters more than the perfect plan. Tagging Jessica, my training partner today. Tag your gym partner. 💪🧘",,570,8,2,0.6204,Fitness Creator,0
fbdemo_000112,Back-to-back sessions today. Strength carries over into everything else. Client hit a 21 pound PR today. 🧘💪,#nutrition,947,24,2,0.4939,Fitness Creator,0
fbdemo_000113,Finals season has me questioning everything. Somehow still passing my classes. Currently 33 cups of coffee deep today. ☕✨,,46,15,2,0.2263,Student,0
fbdemo_000113,"Campus is so pretty in New Denise today. My professor just dropped a pop quiz, send help. Ran into Aaron at the library again. 🐾🎉",#studentlife,24,6,1,0.8596,Student,0
fbdemo_000113,Coffee run before class. Dorm life really tests your patience. Ran into Michael at the library again.,,42,11,3,0.0,Student,0
fbdemo_000113,Finals season has me questioning everything. Ranking my classes from bearable to soul-crushing. Can't believe it's already 2023. Send snacks.,,50,19,3,-0.1027,Student,0
fbdemo_000113,Campus is so pretty in Port Carltown today. Turns out procrastination is a full-time job. This is assignment number 61 this semester. Wish me luck. 💪🐾,,58,24,5,0.8783,Student,0
fbdemo_000113,"Campus is so pretty in Angelaborough today. Ranking my classes from bearable to soul-crushing. Somewhere in Port Stacey, probably procrastinating.",,51,27,2,0.6269,Student,0
fbdemo_000113,Coffee run before class. Turns out procrastination is a full-time job. Can't believe it's already 2021. 💪☕,,30,11,1,0.0,Student,0
fbdemo_000113,"Finals season has me questioning everything. My professor just dropped a pop quiz, send help. Officially 27 credits away from graduating.",,37,13,1,0.5859,Student,0
fbdemo_000113,"Campus is so pretty in Jonathanview today. Library until it closes, again. Ran into Carla at the library again.",#gradstudent,19,7,1,0.6269,Student,0
fbdemo_000113,Study session with Austin turned into a nap. Ranking my classes from bearable to soul-crushing. This is assignment number 70 this semester.,#gradstudent,60,30,5,0.0772,Student,0
fbdemo_000114,"Finals season has me questioning everything. Library until it closes, again. Currently 22 cups of coffee deep today. ✨🎬",,2,0,0,0.2263,Spam Account,1
fbdemo_000114,Finals season has me questioning everything. Dorm life really tests your patience. Currently 59 days away from break.,,0,0,0,-0.1027,Spam Account,1
fbdemo_000114,"Group project update: Library until it closes, again. Number 87 on my to-do list: sleep. Wish me luck. 🙌🌟",,1,0,0,0.7184,Spam Account,1
fbdemo_000114,"Finals season has me questioning everything. My professor just dropped a pop quiz, send help. Can't believe it's already 2020.",,0,0,0,0.3182,Spam Account,1
fbdemo_000114,Campus is so pretty in Parksview today. Somehow still passing my classes. Studying in Port Brettfort has its perks.,,1,0,0,0.6269,Spam Account,1
fbdemo_000114,Study session with Anthony turned into a nap. Dorm life really tests your patience. Studying in Haleyshire has its perks. Someone quiz me please.,,0,0,0,0.3182,Spam Account,1
fbdemo_000114,"Another day surviving East Jennifer University. Library until it closes, again. Campus tour 79 for prospective students today. Send snacks.",,1,0,0,0.296,Spam Account,1
fbdemo_000114,Campus is so pretty in Port Bryantown today. Somehow still passing my classes. This is assignment number 71 this semester.,#university,0,0,0,0.6615,Spam Account,1
fbdemo_000114,Group project update: Dorm life really tests your patience. Ran into Joy at the library again. 🌟,,1,0,0,0.5859,Spam Account,1
fbdemo_000114,Group project update: Ranking my classes from bearable to soul-crushing. Fun fact: I've switched majors 58 times.,#studentlife #gradstudent,1,0,0,0.5106,Spam Account,1
fbdemo_000115,Another day surviving Johnsonhaven University. Dorm life really tests your patience. Currently 20 cups of coffee deep today. Send snacks. 🐾🎬,#university,57,10,5,0.296,Student,0
fbdemo_000115,Group project update: Turns out procrastination is a full-time job. Number 65 on my to-do list: sleep.,,44,19,1,0.0772,Student,0
fbdemo_000115,Study session with Craig turned into a nap. Ranking my classes from bearable to soul-crushing. Ran into Joshua at the library again. Send snacks. 😊,#studygram,40,9,2,0.7184,Student,0
fbdemo_000115,Campus is so pretty in Keithport today. Somehow still passing my classes. Shoutout to Jessica for the study session. 😊,#college,156,21,1,0.8783,Student,0
fbdemo_000115,Coffee run before class. Turns out procrastination is a full-time job. Number 61 on my to-do list: sleep.,,15,3,0,0.0772,Student,0
fbdemo_000115,Coffee run before class. Somehow still passing my classes. Can't believe it's already 2016. Tell me it gets easier.,,25,3,1,0.4215,Student,0
fbdemo_000115,Study session with David turned into a nap. Ranking my classes from bearable to soul-crushing. Can't believe it's already 2025. Tell me it gets easier. 💪,,14,4,0,0.4215,Student,0
fbdemo_000115,"Campus is so pretty in Robertsshire today. Ranking my classes from bearable to soul-crushing. Somewhere in Carlburgh, probably procrastinating. ☕",,42,8,1,0.6269,Student,0
fbdemo_000116,On-call was quiet for once. Pairing with a teammate made it so much faster. Working remotely from Port Ricky this month. Open to feedback.,,119,8,1,0.0,Developer,0
fbdemo_000116,Shipped a small feature at Rivers-Williams. Past me really did not comment anything. 67 tabs of documentation open right now. Curious how others solve this. 🚀,,91,19,1,0.4767,Developer,0
fbdemo_000116,Rewrote a script that's been bugging me for weeks. CI is green and I'm emotionally fine now. Shoutout to Lindsay for the code review. Curious how others solve this.,,119,26,2,0.5994,Developer,0
fbdemo_000116,"Gave a lunch-and-learn at Foster LLC today. Pairing with a teammate made it so much faster. This is bug ticket number 23, send help. 🚀🔧",,132,20,1,0.4588,Developer,0
fbdemo_000116,Gave a lunch-and-learn at Shields and Sons today. Turns out the cache was the whole problem. Working out of East Samantha this 2019. ⚙️,,65,12,1,-0.4019,Developer,0
fbdemo_000116,Shipped a small feature at Figueroa-Hawkins. Docs were wrong but figured it out eventually. 23 tabs of documentation open right now. ☕📦,#programmer,64,7,1,-0.2617,Developer,0
fbdemo_000116,"On-call was quiet for once. CI is green and I'm emotionally fine now. Tagging Alan, they'll appreciate this one. Curious how others solve this.",#programmer #buildinpublic,88,6,1,0.765,Developer,0
fbdemo_000116,Gave a lunch-and-learn at Ramirez-Schmitt today. Turns out the cache was the whole problem. Currently debugging from Yvonneshire.,#python #buildinpublic,159,20,2,-0.4019,Developer,0
fbdemo_000117,"Gave a lunch-and-learn at Lawson, Benson and Harrison today. CI is green and I'm emotionally fine now. 🧠",,18,2,1,0.2023,Developer,0
fbdemo_000117,New side project idea just hit me at 2am. Turned out to be a missing semicolon. Still can't believe it's 2018 and this bug exists.,,11,2,0,-0.296,Developer,0
fbdemo_000117,"Gave a lunch-and-learn at Williams, Barber and Schneider today. Pairing with a teammate made it so much faster. Working remotely from West Anthonyborough this month.",,15,2,0,0.0,Developer,0
fbdemo_000117,Refactoring old code I wrote a year ago. CI is green and I'm emotionally fine now. Standup update: 11 things fixed today. 🚀,,20,1,1,0.2023,Developer,0
fbdemo_000117,Finally got the tests passing. Pairing with a teammate made it so much faster. Pairing with Jon made this so much faster. Repo link below. 🔧,,12,2,0,0.0,Developer,0
fbdemo_000117,"Shipped a small feature at Griffin and Sons. The code review comments humbled me. This is bug ticket number 52, send help. Repo link below.",,24,6,1,0.4588,Developer,0
fbdemo_000117,New side project idea just hit me at 2am. Turned out to be a missing semicolon. Working out of Gregorytown this 2022. 💻⚙️,,15,2,0,-0.296,Developer,0
fbdemo_000117,Learning a new part of the stack this week. Turned out to be a missing semicolon. PR number 75 finally merged.,,20,4,1,-0.2263,Developer,0
fbdemo_000118,"I see all of your messages, truly. Ignore anyone claiming to be my manager elsewhere. Since 2015, still going strong. Follow only this page. ☕🙌",,244,3,6,0.5719,Celebrity Impersonator,1
fbdemo_000118,"Taking a moment to say thank you. New project details coming very soon. Project number 98 coming together nicely. Tagging Madeline, thank you for believing in this. DM me directly here. 🌟☕",#official,452,7,13,0.8158,Celebrity Impersonator,1
fbdemo_000118,"Something special is coming, stay tuned. I read every message even if I can't reply to all. Since 2025, still going strong. Tagging Joel, thank you for believing in this. Share this so others know it's real.",,153,4,2,0.875,Celebrity Impersonator,1
fbdemo_000118,"To my real fans: Grateful for every one of you every single day. Tagging Ann, thank you for believing in this.",#fanpage,225,1,9,0.6705,Celebrity Impersonator,1
fbdemo_000118,"This account is really me, I promise. Please report any fake pages you see. Message number 31 today, reading every one. 46 years of your support means everything.",,38,2,1,0.5809,Celebrity Impersonator,1
fbdemo_000118,"I see all of your messages, truly. There's more coming that I can't wait to share. 20 years in this industry now. ☕",,652,50,7,0.2528,Celebrity Impersonator,1
fbdemo_000118,"To my real fans: I read every message even if I can't reply to all. Message number 83 today, reading every one. Thank you Julie for the constant support. Follow only this page.",,249,11,2,0.6705,Celebrity Impersonator,1
fbdemo_000118,I don't get to say this enough. This journey keeps surprising me. 63 years in this industry now.,#viral,273,4,3,0.2732,Celebrity Impersonator,1
fbdemo_000118,"I see all of your messages, truly. None of this would matter without you. Since 2023, still going strong. 35 years in this industry now.",,194,16,1,0.743,Celebrity Impersonator,1
fbdemo_000118,"I see all of your messages, truly. Please report any fake pages you see. Back in North Stacey this 2020. 🎬🐾",,56,2,3,0.2732,Celebrity Impersonator,1
fbdemo_000118,A quick note from me to you. I read every message even if I can't reply to all. Project number 95 coming together nicely.,,212,7,6,0.4939,Celebrity Impersonator,1
fbdemo_000118,"Taking a moment to say thank you. New project details coming very soon. Tagging Carmen, thank you for believing in this. Share this so others know it's real.",#trending #viral,85,1,1,0.7579,Celebrity Impersonator,1
fbdemo_000119,Study session with Frank turned into a nap. Ranking my classes from bearable to soul-crushing. Campus tour 68 for prospective students today. 💪✨,,25,4,2,0.3182,Student,0
fbdemo_000119,"Coffee run before class. My professor just dropped a pop quiz, send help. Ran into Becky at the library again. Wish me luck. ✨",,18,2,1,0.8658,Student,0
fbdemo_000119,Coffee run before class. Somehow still passing my classes. Ran into Richard at the library again. 📚,,32,8,5,0.0,Student,0
fbdemo_000119,"Another day surviving West Laurafurt University. Ranking my classes from bearable to soul-crushing. Somewhere in Jameschester, probably procrastinating.",,50,30,5,0.296,Student,0
fbdemo_000119,"Coffee run before class. My professor just dropped a pop quiz, send help. This is assignment number 55 this semester. Send snacks. ✨💪",,102,25,6,0.6486,Student,0
fbdemo_000119,"Another day surviving Rodriguezton University. Library until it closes, again. Ran into Grant at the library again. 🌟",,86,22,6,0.5719,Student,0
fbdemo_000119,"Another day surviving Lauraton University. Library until it closes, again. This is assignment number 60 this semester. Wish me luck.",#studybreak #college,170,33,13,0.802,Student,0
fbdemo_000119,"Coffee run before class. My professor just dropped a pop quiz, send help. Studying in Whitemouth has its perks. 🌟",,73,22,6,0.4019,Student,0
fbdemo_000119,Another day surviving Danielsside University. Ranking my classes from bearable to soul-crushing. Currently 84 days away from break. 🐾,#university,54,5,2,0.296,Student,0
fbdemo_000119,"Another day surviving West Tyler University. My professor just dropped a pop quiz, send help. Group chat with Stephen is unhinged today. Wish me luck. 🌟😊",,79,10,13,0.9393,Student,0
fbdemo_000119,Finals season has me questioning everything. Dorm life really tests your patience. Shoutout to Joseph for the study session.,,54,7,4,-0.1027,Student,0
fbdemo_000120,Finally got the tests passing. Turns out the cache was the whole problem. 6 tabs of documentation open right now.,,67,4,1,-0.4019,Developer,0
fbdemo_000120,Rewrote a script that's been bugging me for weeks. The fix was smaller than the investigation. Working remotely from Sherryborough this month. Open to feedback. ☕,,63,12,2,0.0,Developer,0
fbdemo_000120,"Spent way too long on a bug today. Linting caught it before it shipped, thankfully. Working out of Oscarfurt this 2025.",,97,10,6,0.4215,Developer,0
fbdemo_000120,Learning a new part of the stack this week. CI is green and I'm emotionally fine now.,,167,21,6,0.2023,Developer,0
fbdemo_000120,Refactoring old code I wrote a year ago. Pairing with a teammate made it so much faster. 79 tabs of documentation open right now. 🐛,,134,29,6,0.0,Developer,0
fbdemo_000120,Learning a new part of the stack this week. Turns out the cache was the whole problem. Standup update: 12 things fixed today.,#webdev,274,59,24,-0.4019,Developer,0
fbdemo_000120,Shipped a small feature at Carey PLC. Naming things is still the hardest part. Shoutout to Patricia for the code review.,#python,169,13,10,0.0,Developer,0
fbdemo_000120,"Rewrote a script that's been bugging me for weeks. Turns out the cache was the whole problem. Tagging Steven, they'll appreciate this one. AMA about the stack. 📦🧠",,74,10,2,0.0,Developer,0
fbdemo_000120,Rewrote a script that's been bugging me for weeks. Naming things is still the hardest part. Working remotely from Douglastown this month. 💻,,80,18,2,0.0,Developer,0
fbdemo_000121,"Thinking about you today. You've made this whole assignment easier. Since 2022, I've been looking for this. 🌹🙏",,40,4,3,0.4215,Business Page,0
fbdemo_000121,Counting down the days already. Every message from you makes my day better. Thinking of you from New Heather tonight.,,11,1,1,0.4404,Business Page,0
fbdemo_000121,"Missing having someone real in my life. Every message from you makes my day better. 44 letters written, still waiting to send them. Since 2020, I've been looking for this. Let's move the conversation elsewhere.",,24,7,1,0.1779,Business Page,0
fbdemo_000121,Another lonely night here overseas. Hoping we can talk more privately soon. Only 39 more months until I'm back. Message me on here.,,26,2,2,0.0772,Business Page,0
fbdemo_000121,"Long day, but talking to you helps. I promise I'm not like the others you've met online. Only 54 more months until I'm back. Hoping to visit North Meganview again someday.",,15,1,1,0.8118,Business Page,0
fbdemo_000121,Wish you were here with me right now. Hoping we can talk more privately soon. Missing East Heather and missing you more. Message me on here. 🙏,,29,2,2,0.2111,Business Page,0
fbdemo_000121,"Missing having someone real in my life. Work keeps me so busy but you're always on my mind. Since 2018, I've been looking for this. 🌹❤️",,16,8,1,-0.1531,Business Page,0
fbdemo_000121,"Long day, but talking to you helps. I don't trust easily but you're different. 30 letters written, still waiting to send them. Only 9 more months until I'm back. Message me on here.",,14,1,0,-0.4033,Business Page,0
fbdemo_000121,"Can't wait to finally meet. You've made this whole assignment easier. 26 letters written, still waiting to send them.",,8,1,0,0.4215,Business Page,0
fbdemo_000122,On-call was quiet for once. CI is green and I'm emotionally fine now. Working out of Sandraside this 2022.,,43,5,0,0.2023,Fake Influencer,1
fbdemo_000122,"Rewrote a script that's been bugging me for weeks. Turned out to be a missing semicolon. Tagging Robert, they'll appreciate this one.",,381,13,3,0.128,Fake Influencer,1
fbdemo_000122,"Rewrote a script that's been bugging me for weeks. The code review comments humbled me. This is bug ticket number 3, send help. 🐛",#python #coding,67,3,1,0.4588,Fake Influencer,1
fbdemo_000122,Refactoring old code I wrote a year ago. Turns out the cache was the whole problem. PR number 94 finally merged. ☕,,153,6,1,-0.34,Fake Influencer,1
fbdemo_000122,"Migrated a service to a new framework today. Naming things is still the hardest part. Tagging Richard, they'll appreciate this one. 🚀💻",,158,2,4,0.4019,Fake Influencer,1
fbdemo_000122,Migrated a service to a new framework today. CI is green and I'm emotionally fine now. Currently on commit number 61 of this refactor.,,111,1,3,0.5106,Fake Influencer,1
fbdemo_000122,New side project idea just hit me at 2am. Turns out the cache was the whole problem. 9 tabs of documentation open right now.,,160,8,0,-0.4019,Fake Influencer,1
fbdemo_000122,On-call was quiet for once. CI is green and I'm emotionally fine now. Pairing with David made this so much faster. 📦🔧,,197,4,5,0.2023,Fake Influencer,1
fbdemo_000122,Rewrote a script that's been bugging me for weeks. Pairing with a teammate made it so much faster. Pairing with David made this so much faster. AMA about the stack.,#developer,192,2,1,0.0,Fake Influencer,1
fbdemo_000123,Thank you New Randychester for another great week. Your support keeps our doors open. Serving Port Harold since 2016. 🤝✅,,22,3,0,0.8519,Business Page,0
fbdemo_000123,Behind the scenes at the shop today. Your support keeps our doors open. 63 orders packed and ready to go.,#growth #startup #entrepreneur,28,4,1,0.6369,Business Page,0
fbdemo_000123,Thank you Lewisshire for another great week. Handmade in small batches every week. Team huddle today covered 13 new ideas. ✅,#customerfirst #startup,23,1,0,0.765,Business Page,0
fbdemo_000123,"Small batch, made with care. Custom requests are always welcome. Tag someone who'd love this.",,18,1,0,0.886,Business Page,0
fbdemo_000123,Restocked your favorites. Custom requests are always welcome. Batch number 68 restocked today.,#marketing #entrepreneur,26,2,1,0.7269,Business Page,0
fbdemo_000123,"Restocked your favorites. We appreciate every single one of you. Based out of Thomaston, shipping everywhere. 📈",,28,4,1,0.6705,Business Page,0
fbdemo_000123,"Small batch, made with care. Your support keeps our doors open. Thank you Robinsonfort for 95 years of support.",#smallbusiness #hustle #marketing,14,2,0,0.8779,Business Page,0
fbdemo_000124,"I don't get to say this enough. Grateful for every one of you every single day. Tagging Alexander, thank you for believing in this. Follow only this page. 🌟😊",,18,1,0,0.8885,Celebrity Impersonator,1
fbdemo_000124,"This account is really me, I promise. Please report any fake pages you see. Working on something big for 2015. Since 2022, still going strong.",,18,1,1,0.6204,Celebrity Impersonator,1
fbdemo_000124,"To my real fans: New project details coming very soon. Message number 75 today, reading every one. 😊",,25,2,2,0.7624,Celebrity Impersonator,1
fbdemo_000124,To my real fans: Ignore anyone claiming to be my manager elsewhere. 47 years in this industry now. ☕🌟,,46,3,1,-0.3612,Celebrity Impersonator,1
fbdemo_000124,"Something special is coming, stay tuned. Grateful for every one of you every single day. Since 2017, the journey continues. Thank you Victor for the constant support. 📚🌟",,6,1,0,0.872,Celebrity Impersonator,1
fbdemo_000124,"To my real fans: There's more coming that I can't wait to share. Tagging Joseph, thank you for believing in this. Back in North Vickie this 2019. Follow only this page.",,23,1,1,0.1561,Celebrity Impersonator,1
fbdemo_000124,"This account is really me, I promise. This journey keeps surprising me. Tagging Christopher, thank you for believing in this. Back in New Zacharyland this 2021. Follow only this page. 🎬💪",,82,5,5,0.7322,Celebrity Impersonator,1
fbdemo_000124,To my real fans: Ignore anyone claiming to be my manager elsewhere. Working on something big for 2017. Back in Rioshaven this 2019.,,31,2,1,-0.3612,Celebrity Impersonator,1
fbdemo_000124,Taking a moment to say thank you. Please report any fake pages you see. Thank you Nichole for the constant support. Working on something big for 2017. Follow only this page.,,27,1,0,0.7096,Celebrity Impersonator,1
fbdemo_000124,I don't get to say this enough. New project details coming very soon. Project number 63 coming together nicely. Follow only this page.,,11,3,0,0.5367,Celebrity Impersonator,1
fbdemo_000125,"Stop scrolling, read this. Spots are filling up fast. Since 2017, thousands have joined. DM me 'START' immediately. 📩💰",,16,1,0,-0.296,Spam Account,1
fbdemo_000125,"This changed everything for me. It's 100% legit, I was skeptical too. Claudia just signed up, you're next. Comment before it's gone. ✅",,28,4,0,-0.3182,Spam Account,1
fbdemo_000125,"This changed everything for me. It's 100% legit, I was skeptical too. Already helped 9 people this 2024. 🎁",,48,5,1,0.1531,Spam Account,1
fbdemo_000125,"Everyone is asking how I did this so fast. No experience needed, just a phone. Only 64 spots left today. Comment before it's gone. 👉",#makemoneyonline #giveaway #getrichquick,36,1,0,-0.3566,Spam Account,1
fbdemo_000125,"This changed everything for me. This is not a scam, I promise. Already helped 43 people this 2017. DM me 'START' immediately. 📩✅",#clicklink #cryptosignals,40,2,1,0.6483,Spam Account,1
fbdemo_000125,I wasn't going to share this but... Made more money this week than my old job paid monthly. Over 22 people already joined this week. Comment before it's gone. 💰💯,,48,4,0,-0.1139,Spam Account,1
fbdemo_000125,"I wasn't going to share this but... This is not a scam, I promise. Already 27 success stories this month. Comment before it's gone. 💯🎁",#cashapp #onlyfollowers #clicklink,56,9,1,0.9469,Spam Account,1
fbdemo_000125,"This changed everything for me. Spots are filling up fast. Since 2023, thousands have joined. DM me 'START' immediately. 🛒✅",#followforfollow #makemoneyonline,40,5,0,0.0,Spam Account,1
fbdemo_000126,"This changed everything for me. This is not a scam, I promise. Tap the link in my story. 💯",#cryptosignals,13,2,0,0.6483,Developer,0
fbdemo_000126,"Everyone is asking how I did this so fast. Thousands already joined, don't miss out. Already 12 success stories this month. Comment before it's gone.",#clicklink #getrichquick #followforfollow,9,2,0,0.6303,Developer,0
fbdemo_000126,"Stop scrolling, read this. It's 100% legit, I was skeptical too. Message number 37 today, still going. Comment before it's gone. 💯✅",,12,2,1,-0.4939,Developer,0
fbdemo_000126,"I wasn't going to share this but... Thousands already joined, don't miss out. Started in Santanaville, now everywhere. Tap the link in my story. 🛒",,13,1,1,0.0572,Developer,0
fbdemo_000126,"I wasn't going to share this but... Made more money this week than my old job paid monthly. Already helped 39 people this 2024. Link in bio, click now.",,9,2,0,-0.1139,Developer,0
fbdemo_000126,"I wasn't going to share this but... It's 100% legit, I was skeptical too. Message number 92 today, still going. Comment before it's gone. ✅",#cryptosignals #getrichquick,8,1,0,-0.4486,Developer,0
fbdemo_000126,"Stop scrolling, read this. It's 100% legit, I was skeptical too. Slot 96 almost gone. Comment before it's gone. 🛒",#makemoneyonline #dmforprice #cashapp,9,2,0,-0.5423,Developer,0
fbdemo_000126,I wasn't going to share this but... Made more money this week than my old job paid monthly. Slot 5 almost gone. Tap the link in my story. 💰📩,,7,1,0,-0.1139,Developer,0
fbdemo_000126,"🚨 LAST CHANCE 🚨 Thousands already joined, don't miss out. Started in Jenkinsfort, now everywhere. DM me 'START' immediately. 💯",#giveaway #clicklink,7,1,1,0.49,Developer,0
fbdemo_000126,"You NEED to see this. Thousands already joined, don't miss out. Since 2017, thousands have joined. Tap the link in my story. 💯",#cashapp #freeprize,10,1,1,0.1139,Developer,0
fbdemo_000126,"Stop scrolling, read this. Thousands already joined, don't miss out. Tap the link in my story. 🔥🛒",#cashapp,5,0,0,-0.4864,Developer,0
fbdemo_000126,"You NEED to see this. Made more money this week than my old job paid monthly. This worked for Jamie too, ask them. Tap the link in my story. 📩🛒",,8,2,0,0.0,Developer,0
fbdemo_000127,This might be my favorite collab yet. Partnering with brands I actually love. Eileen styled this look. 🌴,#sponsored #musthave #linkinbio,43,10,5,0.802,Fake Influencer,1
fbdemo_000127,Living for moments like this. This is going straight into my everyday rotation. Packing for South Mia again this week. Brand deal number 19 this month. 💅,,49,5,1,0.3612,Fake Influencer,1
fbdemo_000127,"Unboxing my favorite package of the month. Can't believe I get to call this my job. Trip number 18 this year, no complaints. Trip number 36 this year, no complaints. DM for collab details.",#discountcode,67,14,5,0.7973,Fake Influencer,1
fbdemo_000127,"Unboxing my favorite package of the month. This is exactly what my feed needed. Trip number 47 this year, no complaints. Since 2019, this has been the dream. Link in bio for the discount.",,21,1,2,0.762,Fake Influencer,1
fbdemo_000127,Living for moments like this. So many of you have been asking about this. Outfit number 36 of the week. 🌴💖,,45,15,2,0.8481,Fake Influencer,1
fbdemo_000127,"Golden hour never disappoints. Honestly didn't expect to love this as much as I do. Ryan styled this look. Trip number 98 this year, no complaints.",,14,5,1,-0.2746,Fake Influencer,1
fbdemo_000127,"Golden hour never disappoints. This is exactly what my feed needed. Outfit number 84 of the week. Trip number 16 this year, no complaints.",#trending #collab,67,27,5,0.6177,Fake Influencer,1
fbdemo_000127,This brand sent me the best package. So grateful for opportunities like this. Shot this in South Heidistad. Packing for Lake Edwardland again this week. DM for collab details.,,27,18,2,0.9162,Fake Influencer,1
fbdemo_000127,New content coming your way soon. Honestly didn't expect to love this as much as I do. Can't believe it's already 2022. DM for collab details. 🌴👑,,94,11,2,-0.0946,Fake Influencer,1
fbdemo_000127,Can't stop wearing this lately. Honestly didn't expect to love this as much as I do. Outfit number 74 of the week. Look number 4 from this campaign. Code is my username at checkout.,,35,20,1,0.2778,Fake Influencer,1
fbdemo_000127,"Today's shoot was a whole vibe. Honestly didn't expect to love this as much as I do. Trip number 20 this year, no complaints. DM for collab details.",#lifestyle,86,37,5,-0.0541,Fake Influencer,1
fbdemo_000127,"Another day, another shoot. Can't wait to show you more from this collab. Kelly styled this look. Tagging Barbara, my glam team today. Link in bio for the discount.",,41,34,3,-0.34,Fake Influencer,1
fbdemo_000127,"This might be my favorite collab yet. My followers deserve the best recommendations. Trip number 14 this year, no complaints.",,51,11,1,0.8676,Fake Influencer,1
fbdemo_000128,"Long day, but talking to you helps. You've made this whole assignment easier. Only 19 more months until I'm back.",,2,0,0,0.7964,Catfish/Romance-Scam Profile,1
fbdemo_000128,"Just need someone to talk to. Money's been tight since the last assignment. Since 2016, I've been looking for this. 67 letters written, still waiting to send them. 🌹❤️",,2,0,0,0.0,Catfish/Romance-Scam Profile,1
fbdemo_000128,"Wish you were here with me right now. You've made this whole assignment easier. Only 74 more months until I'm back. Since 2024, I've been looking for this. Message me on here.",,2,0,0,0.6705,Catfish/Romance-Scam Profile,1
fbdemo_000128,Missing having someone real in my life. You've made this whole assignment easier. It's been 80 months since we last spoke. Message me on here. 🌹❤️,,1,0,0,0.1531,Catfish/Romance-Scam Profile,1
fbdemo_000128,Thinking about you today. You've made this whole assignment easier. It's been 59 months since we last spoke. It's been 6 months since we last spoke.,,2,0,0,0.4215,Catfish/Romance-Scam Profile,1
fbdemo_000128,Missing having someone real in my life. Money's been tight since the last assignment. Hoping to visit Port Jessicastad again someday. Currently stationed near North Julia. Message me on here.,,1,0,0,0.1531,Catfish/Romance-Scam Profile,1
fbdemo_000128,"Another lonely night here overseas. You've made this whole assignment easier. Since 2015, I've been looking for this. Since 2018, I've been looking for this.",,1,0,0,0.0772,Catfish/Romance-Scam Profile,1
fbdemo_000128,Missing having someone real in my life. Every message from you makes my day better. Only 47 more months until I'm back. Let's move the conversation elsewhere. 🙏,,1,0,0,0.1779,Catfish/Romance-Scam Profile,1
fbdemo_000128,Can't wait to finally meet. Work keeps me so busy but you're always on my mind. Thinking of you from Joseside tonight. Thinking of you from Hammondville tonight. Message me on here.,,2,0,0,0.0,Catfish/Romance-Scam Profile,1
fbdemo_000128,Thinking about you today. I promise I'm not like the others you've met online. Missing Caseybury and missing you more. ❤️🙏,,1,1,0,-0.4956,Catfish/Romance-Scam Profile,1
fbdemo_000128,"Long day, but talking to you helps. Hoping we can talk more privately soon. Hoping to visit New Cindy again someday. Message me on here. 🌹🙏",,1,0,0,0.9041,Catfish/Romance-Scam Profile,1
fbdemo_000128,Wish you were here with me right now. I promise I'm not like the others you've met online. Only 93 more months until I'm back. Thinking of you from Erikview tonight. 🙏❤️,,0,0,0,0.4386,Catfish/Romance-Scam Profile,1
fbdemo_000128,Counting down the days already. Work keeps me so busy but you're always on my mind. Currently stationed near Port Amy. Currently stationed near Clarkefort.,,1,0,0,0.0,Catfish/Romance-Scam Profile,1
fbdemo_000129,Spent way too long on a bug today. Pairing with a teammate made it so much faster. Shoutout to Edward for the code review.,,38,6,0,0.0,Developer,0
fbdemo_000129,On-call was quiet for once. The fix was smaller than the investigation. Pairing with Stacie made this so much faster. 💻⚙️,,13,2,0,0.0,Developer,0
fbdemo_000129,Migrated a service to a new framework today. Past me really did not comment anything. Currently debugging from South Lisaville. ⚙️☕,,47,6,2,0.0,Developer,0
fbdemo_000129,Finally got the tests passing. Past me really did not comment anything. Currently on commit number 51 of this refactor. 🔧,,17,5,0,0.3612,Developer,0
fbdemo_000129,"Migrated a service to a new framework today. Turns out the cache was the whole problem. This is bug ticket number 92, send help.",#coding,62,12,1,0.0772,Developer,0
fbdemo_000129,Learning a new part of the stack this week. Turns out the cache was the whole problem. PR number 34 finally merged.,,14,2,0,-0.34,Developer,0
fbdemo_000129,Learning a new part of the stack this week. The fix was smaller than the investigation. Standup update: 3 things fixed today.,,67,14,0,0.0,Developer,0
fbdemo_000129,"Shipped a small feature at Velasquez-Anderson. Linting caught it before it shipped, thankfully. Tagging Michael, they'll appreciate this one. 🚀",#javascript,41,5,0,0.6705,Developer,0
fbdemo_000130,"Shipped a small feature at White, Lozano and Espinoza. Turned out to be a missing semicolon. Still can't believe it's 2017 and this bug exists.",,146,11,8,-0.296,Developer,0
fbdemo_000130,Shipped a small feature at Lopez Inc. Docs were wrong but figured it out eventually. Still can't believe it's 2016 and this bug exists. 💻☕,#buildinpublic #softwareengineer,51,13,1,-0.2617,Developer,0
fbdemo_000130,"Shipped a small feature at Reyes, Le and Rodriguez. Docs were wrong but figured it out eventually. Currently on commit number 7 of this refactor.",,40,2,1,0.296,Developer,0
fbdemo_000130,Refactoring old code I wrote a year ago. Past me really did not comment anything. Pairing with Sara made this so much faster. 📦,,52,13,2,0.0,Developer,0
fbdemo_000130,"New side project idea just hit me at 2am. Linting caught it before it shipped, thankfully. Pairing with Collin made this so much faster. 🚀",#programmer,24,2,0,0.4215,Developer,0
fbdemo_000130,"Spent way too long on a bug today. Linting caught it before it shipped, thankfully. Standup update: 7 things fixed today. 🚀",,104,31,3,0.4215,Developer,0
fbdemo_000130,Rewrote a script that's been bugging me for weeks. Turned out to be a missing semicolon. Shoutout to Julie for the code review.,#buildinpublic,71,14,3,-0.296,Developer,0
fbdemo_000130,Learning a new part of the stack this week. The fix was smaller than the investigation. Working remotely from South Josephside this month. AMA about the stack. ☕⚙️,,35,4,1,0.0,Developer,0
fbdemo_000130,Refactoring old code I wrote a year ago. Docs were wrong but figured it out eventually. Working remotely from Carlsonville this month. 🐛🔧,,21,1,0,-0.2617,Developer,0
fbdemo_000130,Shipped a small feature at Parsons LLC. The code review comments humbled me. Working remotely from East Angela this month. 📦,,32,8,1,0.0,Developer,0
fbdemo_000130,Spent way too long on a bug today. Turns out the cache was the whole problem. Still can't believe it's 2023 and this bug exists.,#javascript,27,3,1,-0.4019,Developer,0
fbdemo_000130,"Shipped a small feature at Andrews PLC. Turned out to be a missing semicolon. Tagging Raymond, they'll appreciate this one.",,139,15,5,0.128,Developer,0
fbdemo_000130,Gave a lunch-and-learn at Mitchell-Hart today. Docs were wrong but figured it out eventually. Currently debugging from Rioschester. 🐛📦,,50,14,3,-0.2617,Developer,0
fbdemo_000130,"Shipped a small feature at Combs, Christensen and Ramos. Past me really did not comment anything. This is bug ticket number 58, send help. AMA about the stack.",#python,161,14,1,0.4588,Developer,0
fbdemo_000130,Gave a lunch-and-learn at Watkins LLC today. The fix was smaller than the investigation. Currently on commit number 17 of this refactor. 🐛📦,,93,13,7,0.3612,Developer,0
fbdemo_000130,New side project idea just hit me at 2am. Past me really did not comment anything. Pairing with Stephanie made this so much faster. 🐛🔧,#softwareengineer #developer,150,45,6,0.0,Developer,0
fbdemo_000130,Learning a new part of the stack this week. Naming things is still the hardest part. Still can't believe it's 2018 and this bug exists. Repo link below.,,99,15,1,0.0,Developer,0
fbdemo_000131,"To my real fans: Please report any fake pages you see. 36 years of your support means everything. Message number 36 today, reading every one. 💪✨",#trending,254,5,2,0.5423,Celebrity Impersonator,1
fbdemo_000131,Taking a moment to say thank you. I read every message even if I can't reply to all. 65 years of your support means everything. Follow only this page.,,791,43,2,0.6369,Celebrity Impersonator,1
fbdemo_000131,"I see all of your messages, truly. Grateful for every one of you every single day. Since 2020, still going strong. DM me directly here. 🎬",#official,257,5,2,0.8481,Celebrity Impersonator,1
fbdemo_000131,"I don't get to say this enough. I read every message even if I can't reply to all. Since 2023, still going strong. DM me directly here. 🌟",#exclusive #celebrity,338,14,2,0.5106,Celebrity Impersonator,1
fbdemo_000131,"I see all of your messages, truly. This journey keeps surprising me. Message number 80 today, reading every one. Since 2016, still going strong.",,152,9,1,0.8225,Celebrity Impersonator,1
fbdemo_000131,"Taking a moment to say thank you. Please report any fake pages you see. Since 2024, still going strong. 69 years of your support means everything.",,452,8,6,0.7717,Celebrity Impersonator,1
fbdemo_000131,"To my real fans: None of this would matter without you. Since 2025, still going strong. 54 years in this industry now.",,337,25,3,0.5267,Celebrity Impersonator,1
fbdemo_000131,"I see all of your messages, truly. There's more coming that I can't wait to share. Working on something big for 2015. 🙌🐾",#fanpage #exclusive,292,8,2,0.2528,Celebrity Impersonator,1
fbdemo_000131,"I don't get to say this enough. Ignore anyone claiming to be my manager elsewhere. Tagging Michelle, thank you for believing in this. Tagging Alan, thank you for believing in this.",,245,8,2,0.3612,Celebrity Impersonator,1
fbdemo_000131,"To my real fans: There's more coming that I can't wait to share. Working on something big for 2023. Message number 7 today, reading every one. DM me directly here.",,171,9,1,-0.1501,Celebrity Impersonator,1
fbdemo_000131,Taking a moment to say thank you. Ignore anyone claiming to be my manager elsewhere. 5 years in this industry now. Share this so others know it's real.,,425,33,2,0.296,Celebrity Impersonator,1
fbdemo_000132,This brand sent me the best package. So grateful for opportunities like this. Filming this in East Debbiechester today. Shop this look now. ✨,,70,1,1,0.9344,Fake Influencer,1
fbdemo_000132,"This brand sent me the best package. My followers deserve the best recommendations. Filming this in South Melissa today. Trip number 11 this year, no complaints. Code is my username at checkout. 💅💖",,238,18,9,0.9542,Fake Influencer,1
fbdemo_000132,"This brand sent me the best package. Use my code for a discount. So many of you asked for this, here it is. DM for collab details. 👑",,67,4,1,0.6369,Fake Influencer,1
fbdemo_000132,Living for moments like this. Use my code for a discount. Shot this in Mcgeeville. Filming this in Roybury today. 🌴💖,#sponsored #discountcode #collab,112,15,1,0.836,Fake Influencer,1
fbdemo_000132,"Living for moments like this. Honestly didn't expect to love this as much as I do. Maria styled this look. Since 2025, this has been the dream. Shop this look now. 📸✨",#sponsored,144,8,1,0.7124,Fake Influencer,1
fbdemo_000132,Unboxing my favorite package of the month. So grateful for opportunities like this. Brand deal number 77 this month.,,143,6,1,0.9105,Fake Influencer,1
fbdemo_000132,Golden hour never disappoints. My followers deserve the best recommendations. Outfit number 53 of the week. Code is my username at checkout.,,149,14,1,0.7707,Fake Influencer,1
fbdemo_000133,"Golden hour never disappoints. Honestly didn't expect to love this as much as I do. Since 2025, this has been the dream. Trip number 35 this year, no complaints. 💅",,42,2,1,-0.0274,Fake Influencer,1
fbdemo_000133,Golden hour never disappoints. Use my code for a discount. Packing for Lisaburgh again this week. Shop this look now. 🌴💖,#sponsored #brandpartner,21,1,0,0.8217,Fake Influencer,1
fbdemo_000133,New content coming your way soon. So many of you have been asking about this. Filming this in New Michael today. Outfit number 88 of the week.,#collab,36,1,0,0.0772,Fake Influencer,1
fbdemo_000133,"Another day, another shoot. This is exactly what my feed needed. Link in bio for the discount.",,52,3,0,-0.34,Fake Influencer,1
fbdemo_000133,New content coming your way soon. Can't believe I get to call this my job. Outfit number 80 of the week. Look number 96 from this campaign. 👑😍,,36,1,0,0.5574,Fake Influencer,1
fbdemo_000133,"Can't stop wearing this lately. My followers deserve the best recommendations. Since 2018, this has been the dream. Packing for Lake Claytonbury again this week. Code is my username at checkout.",#lifestyle,59,2,1,0.7957,Fake Influencer,1
fbdemo_000133,"Obsessed with this new find. So many of you have been asking about this. Tagging Laura, my glam team today. Look number 32 from this campaign.",#discountcode,20,0,0,-0.1027,Fake Influencer,1
fbdemo_000133,New content coming your way soon. Can't wait to show you more from this collab. Packing for South Benjamin again this week. Can't believe it's already 2017. DM for collab details.,,15,1,0,0.0,Fake Influencer,1
fbdemo_000133,Living for moments like this. This is going straight into my everyday rotation. Filming this in Bryantside today. DM for collab details. 📸,#discountcode #influencer #musthave,52,1,0,0.5267,Fake Influencer,1
fbdemo_000133,Can't stop wearing this lately. Partnering with brands I actually love. Brand deal number 48 this month. Link in bio for the discount.,#trending,48,2,0,0.7497,Fake Influencer,1
fbdemo_000134,"Small batch, made with care. Orders ship out within 2 business days. Team huddle today covered 76 new ideas.",#shopsmall #growth #hustle,46,5,2,0.4939,Business Page,0
fbdemo_000134,Thank you East Kenneth for another great week. We appreciate every single one of you. Team huddle today covered 66 new ideas. Shop the link in bio. ✅,,17,3,1,0.8519,Business Page,0
fbdemo_000134,"Restocked your favorites. Locally sourced, always. Proudly 66 years in business this 2025. Limited stock available. 🤝🌍",,45,11,2,0.6705,Business Page,0
fbdemo_000134,"Behind the scenes at the shop today. Locally sourced, always. Thank you Stephaniechester for 53 years of support. Shop the link in bio. 🔗🤝",,30,4,2,0.6369,Business Page,0
fbdemo_000134,"Restocked your favorites. Custom requests are always welcome. Tagging Heather, one of our first customers back in 2015.",#marketing #customerfirst #entrepreneur,67,10,3,0.7003,Business Page,0
fbdemo_000134,Meet the team making it happen. Orders ship out within 2 business days. 💼,,83,13,3,0.0,Business Page,0
fbdemo_000134,"New arrivals just dropped! Locally sourced, always. Serving North Justinberg since 2022.",#marketing #smallbusiness #businessowner,43,8,2,0.0,Business Page,0
fbdemo_000134,"Small batch, made with care. Orders ship out within 2 business days. Serving Diazshire since 2018. DM us to order. 📈",#marketing #hustle,52,9,2,0.4939,Business Page,0
fbdemo_000135,Counting down the days already. Hoping we can talk more privately soon. Thinking of you from Kimberlyfort tonight. Missing Port Samanthaborough and missing you more.,,3,1,0,-0.1531,Catfish/Romance-Scam Profile,1
fbdemo_000135,Counting down the days already. Money's been tight since the last assignment. Only 5 more months until I'm back. 🙏🌹,,6,1,0,0.0,Catfish/Romance-Scam Profile,1
fbdemo_000135,"Can't wait to finally meet. Hoping we can talk more privately soon. 44 letters written, still waiting to send them. Hoping to visit Michaelafort again someday. Let's move the conversation elsewhere.",,5,1,0,0.6808,Catfish/Romance-Scam Profile,1
fbdemo_000135,Can't wait to finally meet. I promise I'm not like the others you've met online. Missing Morriston and missing you more. Missing New Jillland and missing you more. Message me on here. 🌹,,2,1,0,-0.7847,Catfish/Romance-Scam Profile,1
fbdemo_000135,"Thinking about you today. Hoping we can talk more privately soon. Currently stationed near Tracyview. Since 2022, I've been looking for this. ❤️🌹",,4,1,0,0.4215,Catfish/Romance-Scam Profile,1
fbdemo_000135,Thinking about you today. Money's been tight since the last assignment. Currently stationed near Summerberg. Only 3 more months until I'm back. Let's move the conversation elsewhere. 🙏🌹,,4,1,0,0.0,Catfish/Romance-Scam Profile,1
fbdemo_000135,Just need someone to talk to. I promise I'm not like the others you've met online. Thinking of you from East Michael tonight. Missing New Brandy and missing you more. ❤️🙏,,7,1,0,-0.4956,Catfish/Romance-Scam Profile,1
fbdemo_000135,"Just need someone to talk to. I don't trust easily but you're different. Since 2024, I've been looking for this. Missing Lake Anthony and missing you more.",,8,3,0,-0.8136,Catfish/Romance-Scam Profile,1
fbdemo_000135,"Long day, but talking to you helps. Money's been tight since the last assignment. It's been 17 months since we last spoke. Please don't give up on us.",,9,2,0,0.7469,Catfish/Romance-Scam Profile,1
fbdemo_000135,Missing having someone real in my life. Money's been tight since the last assignment. It's been 51 months since we last spoke. 🙏,,4,1,0,-0.296,Catfish/Romance-Scam Profile,1
fbdemo_000135,Missing having someone real in my life. I don't trust easily but you're different. Currently stationed near North Dennisbury. Only 25 more months until I'm back. Please don't give up on us.,,5,1,0,-0.0049,Catfish/Romance-Scam Profile,1
fbdemo_000135,Just need someone to talk to. Work keeps me so busy but you're always on my mind. Thinking of you from Nancyborough tonight. 🌹,,4,1,0,0.0,Catfish/Romance-Scam Profile,1
fbdemo_000135,Missing having someone real in my life. Work keeps me so busy but you're always on my mind. Currently stationed near Lake Wesleyville. Hoping to visit Carrborough again someday.,,6,4,0,0.4767,Catfish/Romance-Scam Profile,1
fbdemo_000135,Thinking about you today. You've made this whole assignment easier. Currently stationed near Newmantown.,,4,1,0,0.4215,Catfish/Romance-Scam Profile,1
fbdemo_000136,"Group project update: My professor just dropped a pop quiz, send help. Group chat with Nathan is unhinged today.",,19,4,1,0.4019,Student,0
fbdemo_000136,"Study session with Mary turned into a nap. Library until it closes, again. Currently 87 days away from break.",#finals,35,8,1,0.0,Student,0
fbdemo_000136,Study session with Brandon turned into a nap. Somehow still passing my classes. Studying in Burnettshire has its perks.,,23,4,1,0.0,Student,0
fbdemo_000136,Campus is so pretty in Robertburgh today. Somehow still passing my classes. Shoutout to Scott for the study session.,#university #studygram,5,0,0,0.6269,Student,0
fbdemo_000136,Campus is so pretty in Port Nicholas today. Dorm life really tests your patience. Group chat with Eric is unhinged today. 📚🙌,,56,5,4,0.6269,Student,0
fbdemo_000136,Campus is so pretty in New Christopherfurt today. Ranking my classes from bearable to soul-crushing. Currently 93 cups of coffee deep today. ✨,,26,8,1,0.7518,Student,0
fbdemo_000136,"Study session with Mary turned into a nap. My professor just dropped a pop quiz, send help. Group chat with Alyssa is unhinged today. Send snacks. 🎉💪",#studybreak,116,29,2,0.6597,Student,0
fbdemo_000137,"Small batch, made with care. Custom requests are always welcome. Batch number 35 restocked today. 💼📈",#growth #entrepreneur #businessowner,13,1,1,0.7579,Business Page,0
fbdemo_000137,"Behind the scenes at the shop today. Locally sourced, always. 🌍✅",#customerfirst #growth #hustle,13,1,1,0.0,Business Page,0
fbdemo_000137,"Small batch, made with care. Custom requests are always welcome. Based out of Adamstad, shipping everywhere. Shop the link in bio.",#growth,10,2,0,0.7351,Business Page,0
fbdemo_000137,"Restocked your favorites. Locally sourced, always. Customer number 89 just left a five-star review. Limited stock available. 🌍📈",,12,1,1,0.296,Business Page,0
fbdemo_000137,"Small batch, made with care. Custom requests are always welcome. Team huddle today covered 82 new ideas.",#localbusiness #entrepreneur #growth,41,3,3,0.7351,Business Page,0
fbdemo_000137,Thank you West Duanemouth for another great week. Your support keeps our doors open. Customer number 48 just left a five-star review.,,8,0,1,0.8625,Business Page,0
fbdemo_000137,"Small batch, made with care. Handmade in small batches every week. Limited stock available.",,33,2,1,0.3182,Business Page,0
fbdemo_000137,Behind the scenes at the shop today. Your support keeps our doors open. Team huddle today covered 93 new ideas. Tag someone who'd love this. 🌍,#startup,20,2,1,0.7845,Business Page,0
fbdemo_000138,"Group project update: Library until it closes, again. Number 3 on my to-do list: sleep. Wish me luck.",,377,26,2,0.7184,Fake Influencer,1
fbdemo_000138,Study session with Erica turned into a nap. Dorm life really tests your patience. Number 47 on my to-do list: sleep. Send snacks. 💪,#gradstudent,45,1,0,0.0772,Fake Influencer,1
fbdemo_000138,"Coffee run before class. Library until it closes, again. Can't believe it's already 2021.",#studygram,167,1,3,0.0,Fake Influencer,1
fbdemo_000138,Finals season has me questioning everything. Ranking my classes from bearable to soul-crushing. Fun fact: I've switched majors 17 times. Wish me luck.,#studybreak,189,23,2,0.8225,Fake Influencer,1
fbdemo_000138,"Group project update: Ranking my classes from bearable to soul-crushing. Somewhere in Williamsside, probably procrastinating.",,502,29,2,0.0,Fake Influencer,1
fbdemo_000138,"Campus is so pretty in Lake Yvonnechester today. Library until it closes, again. Shoutout to Samantha for the study session.",,234,24,1,0.6269,Fake Influencer,1
fbdemo_000138,Group project update: Ranking my classes from bearable to soul-crushing. Officially 38 credits away from graduating.,,373,72,2,0.3612,Fake Influencer,1
fbdemo_000138,Campus is so pretty in East Matthew today. Turns out procrastination is a full-time job. Tagging Rodney because they'd get this. 🌟🙌,#gradstudent #studygram,59,5,1,0.6269,Fake Influencer,1
fbdemo_000138,"Another day surviving Wheelerfurt University. My professor just dropped a pop quiz, send help. This is assignment number 83 this semester. 💪🎬",#finals,174,21,10,0.6369,Fake Influencer,1
fbdemo_000138,Campus is so pretty in South Tammy today. Turns out procrastination is a full-time job. Fun fact: I've switched majors 56 times.,,281,42,1,0.8134,Fake Influencer,1
fbdemo_000138,Coffee run before class. Ranking my classes from bearable to soul-crushing. Number 35 on my to-do list: sleep. ☕,#studygram #dormlife,93,8,1,0.0772,Fake Influencer,1
fbdemo_000138,Finals season has me questioning everything. Somehow still passing my classes. Officially 17 credits away from graduating.,#college,539,51,8,0.2732,Fake Influencer,1
fbdemo_000138,Study session with Christina turned into a nap. Dorm life really tests your patience. Officially 38 credits away from graduating. 💪,,206,15,4,0.3612,Fake Influencer,1
fbdemo_000139,Missing having someone real in my life. I don't trust easily but you're different. Hoping to visit East Sydney again someday.,,2,0,0,0.1855,Catfish/Romance-Scam Profile,1
fbdemo_000139,Thinking about you today. Work keeps me so busy but you're always on my mind. Hoping to visit Jonesville again someday. Thinking of you from Jonathanburgh tonight. 🌹,,2,1,0,0.5719,Catfish/Romance-Scam Profile,1
fbdemo_000139,Thinking about you today. You've made this whole assignment easier. It's been 77 months since we last spoke.,,10,0,0,0.4215,Catfish/Romance-Scam Profile,1
fbdemo_000139,"Wish you were here with me right now. I promise I'm not like the others you've met online. Since 2025, I've been looking for this. Hoping to visit Debramouth again someday. Let's move the conversation elsewhere. ❤️",,1,0,0,0.7303,Catfish/Romance-Scam Profile,1
fbdemo_000139,Another lonely night here overseas. Hoping we can talk more privately soon. Thinking of you from Juanstad tonight. ❤️,,2,0,0,0.0772,Catfish/Romance-Scam Profile,1
fbdemo_000139,Counting down the days already. Hoping we can talk more privately soon. Hoping to visit East Amberbury again someday. Only 55 more months until I'm back. Please don't give up on us.,,8,1,0,0.8,Catfish/Romance-Scam Profile,1
fbdemo_000139,Missing having someone real in my life. Hoping we can talk more privately soon. Only 43 more months until I'm back. Missing West Cindyburgh and missing you more. Message me on here.,,2,1,0,-0.4215,Catfish/Romance-Scam Profile,1
fbdemo_000139,Missing having someone real in my life. Hoping we can talk more privately soon. Missing Woodfort and missing you more. Message me on here. 🌹,,4,1,0,-0.4703,Catfish/Romance-Scam Profile,1
fbdemo_000139,Just need someone to talk to. Every message from you makes my day better. Only 46 more months until I'm back. 🙏🌹,,3,1,0,0.4404,Catfish/Romance-Scam Profile,1
fbdemo_000139,Wish you were here with me right now. You've made this whole assignment easier. It's been 74 months since we last spoke. Let's move the conversation elsewhere. 🙏❤️,,2,0,0,0.6705,Catfish/Romance-Scam Profile,1
fbdemo_000139,Another lonely night here overseas. Money's been tight since the last assignment. Missing Ashleyfurt and missing you more.,,3,0,0,-0.7096,Catfish/Romance-Scam Profile,1
fbdemo_000139,"Another lonely night here overseas. I don't trust easily but you're different. Hoping to visit West Nicholas again someday. Since 2015, I've been looking for this.",,2,0,0,0.1484,Catfish/Romance-Scam Profile,1
fbdemo_000140,"This might be my favorite collab yet. Partnering with brands I actually love. Tagging Teresa, my glam team today. Code is my username at checkout.",#brandpartner,72,2,1,0.802,Fake Influencer,1
fbdemo_000140,"Unboxing my favorite package of the month. Partnering with brands I actually love. So many of you asked for this, here it is. Code is my username at checkout.",,430,22,8,0.802,Fake Influencer,1
fbdemo_000140,"Living for moments like this. Honestly didn't expect to love this as much as I do. Since 2024, this has been the dream. Tagging Jennifer, my glam team today. Code is my username at checkout.",,170,9,4,0.5621,Fake Influencer,1
fbdemo_000140,Unboxing my favorite package of the month. Partnering with brands I actually love. Austin styled this look. Shot this in Duncanshire. DM for collab details. 💖,#linkinbio #collab,183,5,2,0.9274,Fake Influencer,1
fbdemo_000140,"Obsessed with this new find. This is exactly what my feed needed. Tagging James, my glam team today. Shop this look now.",#linkinbio,194,5,4,-0.1779,Fake Influencer,1
fbdemo_000140,"Obsessed with this new find. So grateful for opportunities like this. So many of you asked for this, here it is. DM for collab details.",#influencer,236,14,3,0.8191,Fake Influencer,1
fbdemo_000140,"This might be my favorite collab yet. Can't wait to show you more from this collab. Tagging Chelsea, my glam team today. 🌴👑",#influencer #trending,135,6,2,0.4588,Fake Influencer,1
fbdemo_000140,New content coming your way soon. Partnering with brands I actually love. Look number 95 from this campaign. Filming this in Myersmouth today. 😍✨,,51,2,1,0.8689,Fake Influencer,1
fbdemo_000140,Can't stop wearing this lately. My followers deserve the best recommendations. Filming this in Stevensonborough today. Can't believe it's already 2025. 😍,#sponsored #collab,115,7,2,0.8437,Fake Influencer,1
fbdemo_000140,"Can't stop wearing this lately. My followers deserve the best recommendations. So many of you asked for this, here it is. Shot this in Millermouth. DM for collab details.",#collab,219,10,8,0.7259,Fake Influencer,1
fbdemo_000140,Golden hour never disappoints. This is exactly what my feed needed. Shot this in Shaunhaven. Can't believe it's already 2023.,#lifestyle #sponsored #collab,155,5,3,0.2924,Fake Influencer,1
fbdemo_000140,Can't stop wearing this lately. Can't wait to show you more from this collab. Can't believe it's already 2020. Brand deal number 6 this month. Link in bio for the discount.,#discountcode,178,6,2,0.2933,Fake Influencer,1
fbdemo_000140,Golden hour never disappoints. Honestly didn't expect to love this as much as I do. Outfit number 73 of the week. Code is my username at checkout. 💖,,120,3,2,0.4653,Fake Influencer,1
fbdemo_000140,"Golden hour never disappoints. Partnering with brands I actually love. So many of you asked for this, here it is. So many of you asked for this, here it is.",,443,15,7,0.7494,Fake Influencer,1
fbdemo_000141,Obsessed with this new find. Partnering with brands I actually love. Outfit number 75 of the week. Code is my username at checkout. ✨,,213,4,3,0.7269,Student,0
fbdemo_000141,"New content coming your way soon. My followers deserve the best recommendations. So many of you asked for this, here it is. 💅",,134,11,3,0.6369,Student,0
fbdemo_000141,Can't stop wearing this lately. This is exactly what my feed needed. Linda styled this look. Code is my username at checkout. 👑💅,,107,3,1,0.2235,Student,0
fbdemo_000141,"This might be my favorite collab yet. Partnering with brands I actually love. Since 2023, this has been the dream. So many of you asked for this, here it is. DM for collab details. ✨",,199,23,5,0.8885,Student,0
fbdemo_000142,"Study session with Todd turned into a nap. Library until it closes, again. Number 56 on my to-do list: sleep. 💪",,22,4,1,0.0772,Student,0
fbdemo_000142,Finals season has me questioning everything. Somehow still passing my classes. Tagging John because they'd get this. 🌟☕,,21,2,1,-0.1027,Student,0
fbdemo_000142,"Coffee run before class. Library until it closes, again. Ran into Alexis at the library again. 🌟😊",#college,10,4,0,0.7184,Student,0
fbdemo_000142,Campus is so pretty in Jessicaside today. Somehow still passing my classes. Number 9 on my to-do list: sleep. Send snacks. 💪🌟,,21,9,0,0.6615,Student,0
fbdemo_000143,"I wasn't going to share this but... Thousands already joined, don't miss out. 50 people can't all be wrong. DM me 'START' immediately.",#giveaway,0,0,0,0.5504,Spam Account,1
fbdemo_000143,"Stop scrolling, read this. Thousands already joined, don't miss out. Spot number 39 just opened up. Tap the link in my story. ✅🛒",#followforfollow #clicklink,0,0,0,-0.1169,Spam Account,1
fbdemo_000143,"I wasn't going to share this but... It's 100% legit, I was skeptical too. Since 2022, thousands have joined. DM me 'START' immediately. 👉✅",,0,0,0,-0.5258,Spam Account,1
fbdemo_000143,I wasn't going to share this but... Made more money this week than my old job paid monthly. Slot 89 almost gone. DM me 'START' immediately. 🎁✅,#giveaway #getrichquick #makemoneyonline,0,0,0,0.5277,Spam Account,1
fbdemo_000143,"You NEED to see this. This is not a scam, I promise. Over 98 people already joined this week. Link in bio, click now. 🔥📩",,0,0,0,0.4401,Spam Account,1
fbdemo_000143,"I wasn't going to share this but... Made more money this week than my old job paid monthly. Message number 15 today, still going. Tap the link in my story. ✅📩",#followforfollow #freeprize #onlyfollowers,0,0,0,0.0015,Spam Account,1
fbdemo_000143,"You NEED to see this. No experience needed, just a phone. Already 17 success stories this month. Tap the link in my story. ✅🛒",,0,0,0,0.296,Spam Account,1
fbdemo_000143,"I wasn't going to share this but... Thousands already joined, don't miss out. Message number 71 today, still going. Tap the link in my story. 📩",,0,0,0,0.171,Spam Account,1
fbdemo_000143,"I wasn't going to share this but... Thousands already joined, don't miss out. Over 89 people already joined this week. Link in bio, click now.",,0,0,0,0.0572,Spam Account,1
fbdemo_000143,"You NEED to see this. This is not a scam, I promise. Message number 11 today, still going. Link in bio, click now. 🛒",,0,0,0,0.6806,Spam Account,1
fbdemo_000143,"Stop scrolling, read this. Spots are filling up fast. Only 37 spots left today. ✅",,0,0,0,-0.296,Spam Account,1
fbdemo_000144,Unboxing my favorite package of the month. Honestly didn't expect to love this as much as I do. Brand deal number 11 this month. Shot this in Jenniferhaven. Code is my username at checkout.,#collab #lifestyle #brandpartner,501,44,4,0.4464,Fake Influencer,1
fbdemo_000144,"This might be my favorite collab yet. Partnering with brands I actually love. Tagging Matthew, my glam team today. Tagging Rebecca, my glam team today.",#linkinbio #lifestyle,239,12,2,0.802,Fake Influencer,1
fbdemo_000144,This might be my favorite collab yet. Can't believe I get to call this my job. Brett styled this look. DM for collab details.,#musthave,474,19,5,0.4588,Fake Influencer,1
fbdemo_000144,"Unboxing my favorite package of the month. Partnering with brands I actually love. Tagging Albert, my glam team today. DM for collab details. 😍",#linkinbio #trending,460,33,9,0.8807,Fake Influencer,1
fbdemo_000144,"Today's shoot was a whole vibe. So grateful for opportunities like this. Brand deal number 81 this month. Trip number 36 this year, no complaints. DM for collab details.",,1077,53,4,0.8654,Fake Influencer,1
fbdemo_000144,Unboxing my favorite package of the month. Can't wait to show you more from this collab. Look number 8 from this campaign. Brand deal number 42 this month.,,569,9,4,0.5574,Fake Influencer,1
fbdemo_000144,Golden hour never disappoints. Can't believe I get to call this my job. Outfit number 69 of the week.,,264,10,5,0.3578,Fake Influencer,1
fbdemo_000144,This brand sent me the best package. So grateful for opportunities like this. Can't believe it's already 2022. Filming this in North Katherine today. Link in bio for the discount. 📸,#ad,366,19,5,0.9162,Fake Influencer,1
fbdemo_000144,This brand sent me the best package. This is going straight into my everyday rotation. Can't believe it's already 2025. Shop this look now.,,375,7,5,0.7269,Fake Influencer,1
fbdemo_000144,"Obsessed with this new find. This is exactly what my feed needed. Packing for Amandachester again this week. Trip number 56 this year, no complaints. 🌴👑",,839,220,10,0.2163,Fake Influencer,1
fbdemo_000144,This brand sent me the best package. This is going straight into my everyday rotation. Brand deal number 64 this month. 💅✨,,394,10,1,0.8271,Fake Influencer,1
fbdemo_000144,Can't stop wearing this lately. So many of you have been asking about this. Michael styled this look. Link in bio for the discount. 📸👑,#brandpartner,367,56,3,0.2235,Fake Influencer,1
fbdemo_000144,"Golden hour never disappoints. Honestly didn't expect to love this as much as I do. Trip number 42 this year, no complaints. Shop this look now.",#linkinbio #influencer #ad,276,15,5,-0.2746,Fake Influencer,1
fbdemo_000145,"I see all of your messages, truly. I read every message even if I can't reply to all. Since 2018, the journey continues. 76 years of your support means everything.",#viral,17,2,0,0.6808,Celebrity Impersonator,1
fbdemo_000145,A quick note from me to you. I read every message even if I can't reply to all. 25 years in this industry now. Follow only this page.,#viral,13,3,0,0.0,Celebrity Impersonator,1
fbdemo_000145,"Something special is coming, stay tuned. Please report any fake pages you see. Since 2025, still going strong. Project number 83 coming together nicely. Share this so others know it's real. 📚😊",,8,1,0,0.9393,Celebrity Impersonator,1
fbdemo_000145,A quick note from me to you. I read every message even if I can't reply to all. Working on something big for 2024. Thank you Jesse for the constant support.,#viral #trending,14,2,1,0.6369,Celebrity Impersonator,1
fbdemo_000145,"Something special is coming, stay tuned. New project details coming very soon. 86 years of your support means everything. Since 2025, the journey continues. Follow only this page. 🎬",,48,3,2,0.3657,Celebrity Impersonator,1
fbdemo_000146,Behind the scenes at the shop today. Orders ship out within 2 business days. Batch number 91 restocked today. DM us to order.,,169,12,6,0.0772,Business Page,0
fbdemo_000146,"New arrivals just dropped! Locally sourced, always. Tag someone who'd love this. 💼✅",#growth #customerfirst #shopsmall,109,9,5,0.6696,Business Page,0
fbdemo_000146,Thank you West Wendy for another great week. Your support keeps our doors open. Order number 40 just shipped.,,188,23,7,0.8625,Business Page,0
fbdemo_000146,"Meet the team making it happen. Locally sourced, always. Customer number 78 just left a five-star review. Shop the link in bio.",,71,13,2,0.0772,Business Page,0
fbdemo_000146,"Meet the team making it happen. Locally sourced, always. Proudly 20 years in business this 2018.",,77,4,3,0.5574,Business Page,0
fbdemo_000146,"Small batch, made with care. Handmade in small batches every week. Celebrating 98 years since we opened our doors. 🔗🤝",#localbusiness,99,8,3,0.7845,Business Page,0
fbdemo_000146,"Thank you Angelatown for another great week. Orders ship out within 2 business days. Tagging Sara, one of our first customers back in 2016. Shop the link in bio.",#smallbusiness #customerfirst #entrepreneur,94,9,2,0.765,Business Page,0
fbdemo_000146,"Small batch, made with care. Orders ship out within 2 business days. Batch number 90 restocked today. 🔗📈",,58,15,2,0.5423,Business Page,0
fbdemo_000146,"Restocked your favorites. Locally sourced, always. Order number 30 just shipped. 💼",,101,15,3,0.4767,Business Page,0
fbdemo_000146,Thank you Laurentown for another great week. We appreciate every single one of you. Team huddle today covered 22 new ideas.,,104,5,3,0.8519,Business Page,0
fbdemo_000146,Restocked your favorites. Handmade in small batches every week. Celebrating 48 years since we opened our doors. DM us to order.,,163,22,4,0.7579,Business Page,0
fbdemo_000146,Behind the scenes at the shop today. Orders ship out within 2 business days. Serving Port Sharonstad since 2023.,#growth #shopsmall #customerfirst,46,4,1,0.0,Business Page,0
fbdemo_000147,Study session with April turned into a nap. Ranking my classes from bearable to soul-crushing. Officially 6 credits away from graduating. 💪☕,#gradstudent #dormlife,146,15,2,0.3612,Student,0
fbdemo_000147,Study session with Melissa turned into a nap. Ranking my classes from bearable to soul-crushing. Number 95 on my to-do list: sleep. 🐾😊,,154,14,2,0.743,Student,0
fbdemo_000147,"Group project update: Library until it closes, again. Currently 69 cups of coffee deep today.",,205,11,2,0.0,Student,0
fbdemo_000147,"Another day surviving Lake Kirk University. My professor just dropped a pop quiz, send help. Studying in Greerburgh has its perks.",,207,15,2,0.5994,Student,0
fbdemo_000147,"Group project update: My professor just dropped a pop quiz, send help. Currently 53 cups of coffee deep today. Someone quiz me please.",,174,5,1,0.6124,Student,0
fbdemo_000147,"Study session with Brandy turned into a nap. My professor just dropped a pop quiz, send help. Can't believe it's already 2024. 🙌",,171,10,1,0.4019,Student,0
fbdemo_000147,"Group project update: My professor just dropped a pop quiz, send help. Group chat with Daniel is unhinged today. 🌟🙌",,124,24,2,0.4019,Student,0
fbdemo_000147,Another day surviving East Christopher University. Somehow still passing my classes. Tagging Audrey because they'd get this. 🙌,,156,11,2,0.296,Student,0
fbdemo_000147,Campus is so pretty in East Timothyville today. Ranking my classes from bearable to soul-crushing. Fun fact: I've switched majors 80 times. Send snacks. 🙌,,119,17,1,0.8134,Student,0
fbdemo_000147,"Another day surviving Lindaville University. Library until it closes, again. Group chat with Robert is unhinged today. 💪🐾",#gradstudent #classof2026,249,19,2,0.296,Student,0
fbdemo_000147,"Group project update: Turns out procrastination is a full-time job. Somewhere in Courtneymouth, probably procrastinating.",,289,18,5,0.0,Student,0
fbdemo_000147,"Campus is so pretty in Stephanieshire today. Library until it closes, again. Tagging Jacqueline because they'd get this.",,359,12,3,0.6269,Student,0
fbdemo_000147,Group project update: Somehow still passing my classes. Ran into Derek at the library again.,,72,5,1,0.0,Student,0
fbdemo_000148,Coaching client hit a big milestone. Rest days are still training days. Training out of Garciahaven this week.,#training #nutrition #wellness,451,34,31,0.0,Fitness Creator,0
fbdemo_000148,Leg day recap. Fueling properly made a huge difference. Logged 51 miles this week. Programs linked in bio. 💪,,507,40,30,0.3182,Fitness Creator,0
fbdemo_000148,"Early morning session before work. Sleep is still the most underrated recovery tool. 31 reps, zero regrets. Tag your gym partner. ⚡",,392,42,24,-0.3612,Fitness Creator,0
fbdemo_000148,"Back-to-back sessions today. Form over ego, always. 77 reps, zero regrets. DM 'START' to work together. 🧘",,318,35,11,-0.3612,Fitness Creator,0
fbdemo_000148,"Early morning session before work. Slow and controlled beats fast and sloppy. Week 28 of the plan, feeling stronger. Tag your gym partner.",,661,45,30,0.4767,Fitness Creator,0
fbdemo_000148,"Early morning session before work. Progress isn't always linear, and that's fine. Back in Wilsonview for a pop-up class this 2017. ⚡",#healthylifestyle #wellness,1003,111,51,0.5574,Fitness Creator,0
fbdemo_000148,"Recovery day, mobility work only. Showing up matters more than the perfect plan. 67 minutes of mobility work this morning. DM 'START' to work together.",#workout #strength,584,50,37,0.6204,Fitness Creator,0
fbdemo_000148,New PR today! Sleep is still the most underrated recovery tool. Logged 29 miles this week. 🥗💪,,356,44,26,0.0,Fitness Creator,0
fbdemo_000148,Coaching client hit a big milestone. Slow and controlled beats fast and sloppy. 5 minutes of mobility work this morning. Save this for your next session. 🏋️,,476,21,17,0.4939,Fitness Creator,0
fbdemo_000148,"Deload week starts now. Sleep is still the most underrated recovery tool. Tagging James, my training partner today. Save this for your next session.",,429,26,21,0.4939,Fitness Creator,0
fbdemo_000149,Counting down the days already. I don't trust easily but you're different. Thinking of you from Colestad tonight. Hoping to visit Lake Josephborough again someday.,,2,2,0,0.325,Catfish/Romance-Scam Profile,1
fbdemo_000149,Another lonely night here overseas. You've made this whole assignment easier. It's been 62 months since we last spoke. Please don't give up on us.,,1,0,0,0.3818,Catfish/Romance-Scam Profile,1
fbdemo_000149,Wish you were here with me right now. I don't trust easily but you're different. Missing East Thomas and missing you more.,,1,0,0,-0.7285,Catfish/Romance-Scam Profile,1
fbdemo_000149,Just need someone to talk to. Money's been tight since the last assignment. Thinking of you from Lake Kellieburgh tonight. Only 31 more months until I'm back. ❤️🙏,,1,0,0,0.0,Catfish/Romance-Scam Profile,1
fbdemo_000149,"Long day, but talking to you helps. Hoping we can talk more privately soon. Currently stationed near Lake Vickiview. It's been 43 months since we last spoke. Message me on here.",,2,0,0,0.7964,Catfish/Romance-Scam Profile,1
fbdemo_000149,"Long day, but talking to you helps. Every message from you makes my day better. Hoping to visit Phelpsburgh again someday. Missing New Staceyview and missing you more.",,2,0,0,0.7469,Catfish/Romance-Scam Profile,1
fbdemo_000149,"Thinking about you today. Money's been tight since the last assignment. 37 letters written, still waiting to send them. 81 letters written, still waiting to send them.",,2,0,0,0.0,Catfish/Romance-Scam Profile,1
fbdemo_000149,Just need someone to talk to. Work keeps me so busy but you're always on my mind. Hoping to visit Marioberg again someday. Missing West Christopherside and missing you more.,,3,0,0,-0.2263,Catfish/Romance-Scam Profile,1
fbdemo_000149,"Wish you were here with me right now. Hoping we can talk more privately soon. 76 letters written, still waiting to send them. 92 letters written, still waiting to send them.",,2,2,0,0.6705,Catfish/Romance-Scam Profile,1
fbdemo_000149,"Counting down the days already. Work keeps me so busy but you're always on my mind. 73 letters written, still waiting to send them. Missing Matthewburgh and missing you more. 🌹❤️",,5,1,0,-0.6808,Catfish/Romance-Scam Profile,1
fbdemo_000150,"This account is really me, I promise. I read every message even if I can't reply to all. Since 2019, the journey continues. 33 years in this industry now.",,136,10,1,0.3744,Celebrity Impersonator,1
fbdemo_000150,"Something special is coming, stay tuned. This journey keeps surprising me. Project number 30 coming together nicely. Share this so others know it's real. 🐾💪",,84,4,0,0.8481,Celebrity Impersonator,1
fbdemo_000150,"To my real fans: New project details coming very soon. Tagging Robert, thank you for believing in this. Message number 39 today, reading every one. 🙌",,68,7,1,0.4215,Celebrity Impersonator,1
fbdemo_000150,"To my real fans: None of this would matter without you. Tagging Carrie, thank you for believing in this.",,58,2,1,0.3818,Celebrity Impersonator,1
fbdemo_000150,"This account is really me, I promise. None of this would matter without you. Back in South Davidborough this 2024. Since 2016, still going strong.",,89,2,1,0.7152,Celebrity Impersonator,1
fbdemo_000150,"I don't get to say this enough. None of this would matter without you. Since 2021, the journey continues. Tagging Laura, thank you for believing in this. 🎉",,99,12,0,0.6932,Celebrity Impersonator,1
fbdemo_000150,"Thank you for the love this 2019. None of this would matter without you. Message number 37 today, reading every one. Thank you Rhonda for the constant support. Follow only this page.",,88,11,3,0.8952,Celebrity Impersonator,1
fbdemo_000150,"Something special is coming, stay tuned. There's more coming that I can't wait to share. Project number 12 coming together nicely. DM me directly here. ☕🎬",,20,3,0,0.6139,Celebrity Impersonator,1
fbdemo_000150,I don't get to say this enough. Ignore anyone claiming to be my manager elsewhere. 📚🎉,#fanpage,114,34,1,0.0516,Celebrity Impersonator,1
fbdemo_000150,"To my real fans: I read every message even if I can't reply to all. Message number 90 today, reading every one. Follow only this page. 😊🎬",#exclusive #celebrity,100,10,0,0.743,Celebrity Impersonator,1
fbdemo_000150,"Important announcement coming soon. New project details coming very soon. Tagging Tony, thank you for believing in this. Thank you Brian for the constant support.",#exclusive,178,12,4,0.8349,Celebrity Impersonator,1
fbdemo_000150,I don't get to say this enough. Please report any fake pages you see. Thank you Samuel for the constant support. Share this so others know it's real.,#viral,182,13,1,0.6808,Celebrity Impersonator,1
fbdemo_000150,"To my real fans: Grateful for every one of you every single day. Since 2023, still going strong. DM me directly here.",,49,4,0,0.743,Celebrity Impersonator,1
fbdemo_000150,"Important announcement coming soon. Please report any fake pages you see. Since 2025, the journey continues. DM me directly here.",,71,9,0,0.0,Celebrity Impersonator,1
fbdemo_000150,To my real fans: None of this would matter without you. Project number 53 coming together nicely.,,80,7,0,0.4172,Celebrity Impersonator,1
fbdemo_000151,Counting down the days already. Every message from you makes my day better. Hoping to visit West Sharon again someday. Hoping to visit East William again someday. Let's move the conversation elsewhere. ❤️,,0,0,0,0.8176,Catfish/Romance-Scam Profile,1
fbdemo_000151,Thinking about you today. I don't trust easily but you're different. Hoping to visit West Amanda again someday.,,3,0,0,0.325,Catfish/Romance-Scam Profile,1
fbdemo_000151,"Missing having someone real in my life. I promise I'm not like the others you've met online. Since 2025, I've been looking for this.",,2,0,0,-0.2523,Catfish/Romance-Scam Profile,1
fbdemo_000151,"Missing having someone real in my life. I promise I'm not like the others you've met online. Missing East Danielbury and missing you more. Since 2021, I've been looking for this.",,5,0,0,-0.6608,Catfish/Romance-Scam Profile,1
fbdemo_000151,Thinking about you today. I promise I'm not like the others you've met online. Thinking of you from East Jonathanberg tonight. It's been 72 months since we last spoke.,,1,0,0,0.049,Catfish/Romance-Scam Profile,1
fbdemo_000152,"Meal prep Sunday. Strength carries over into everything else. Tagging Joy, my training partner today.",#gymlife #fitness #fitfam,90,20,3,0.7906,Fitness Creator,0
fbdemo_000152,"Recovery day, mobility work only. Strength carries over into everything else. Client hit a 7 pound PR today.",#nutrition #cardio #fitfam,210,20,9,0.4939,Fitness Creator,0
fbdemo_000152,Meal prep Sunday. Slow and controlled beats fast and sloppy. Shoutout to Donald for showing up every day. Save this for your next session.,#gymlife #cardio #healthylifestyle,235,26,12,0.4939,Fitness Creator,0
fbdemo_000152,"Recovery day, mobility work only. Sleep is still the most underrated recovery tool. Week 49 of the plan, feeling stronger. Save this for your next session. 🔥🧘",#nutrition,285,56,23,0.5994,Fitness Creator,0
fbdemo_000152,"Ran a form check clinic today. Progress isn't always linear, and that's fine. Session number 52 with this client, big progress.",#training,170,48,7,0.7717,Fitness Creator,0
fbdemo_000152,"Deload week starts now. Form over ego, always. Save this for your next session.",,157,28,8,0.4939,Fitness Creator,0
fbdemo_000152,Back-to-back sessions today. Consistency beats intensity most days. Day 58 of the program. Save this for your next session.,,422,95,23,0.4939,Fitness Creator,0
fbdemo_000152,Meal prep Sunday. Slow and controlled beats fast and sloppy. 73 minutes of mobility work this morning. 🧘,#wellness #training #gymlife,213,33,15,0.0,Fitness Creator,0
fbdemo_000152,"Recovery day, mobility work only. Slow and controlled beats fast and sloppy. Day 92 of the program.",,218,40,9,0.0,Fitness Creator,0
fbdemo_000152,"Recovery day, mobility work only. Slow and controlled beats fast and sloppy. 16 minutes of mobility work this morning. Save this for your next session. 🧘💪",#strength #workout #wellness,297,51,32,0.4939,Fitness Creator,0
fbdemo_000153,"Obsessed with this new find. Use my code for a discount. Outfit number 98 of the week. So many of you asked for this, here it is. DM for collab details. 💅",#influencer,12,1,0,-0.1027,Fake Influencer,1
fbdemo_000153,"Can't stop wearing this lately. So many of you have been asking about this. Trip number 38 this year, no complaints. Tagging Elizabeth, my glam team today. 💅",,34,8,2,0.534,Fake Influencer,1
fbdemo_000153,New content coming your way soon. Can't believe I get to call this my job. Shot this in South Michelleland. Link in bio for the discount. 😍📸,,12,2,0,0.4588,Fake Influencer,1
fbdemo_000153,Today's shoot was a whole vibe. Can't believe I get to call this my job. Packing for Lake Emilyside again this week. Brand deal number 85 this month. Link in bio for the discount.,,11,2,1,-0.2732,Fake Influencer,1
fbdemo_000153,Golden hour never disappoints. This is exactly what my feed needed. Jeff styled this look. Outfit number 89 of the week. Link in bio for the discount. 😍,#linkinbio #trending #influencer,12,3,0,0.6688,Fake Influencer,1
fbdemo_000153,"Golden hour never disappoints. My followers deserve the best recommendations. So many of you asked for this, here it is. Shop this look now.",,11,1,0,0.7494,Fake Influencer,1
fbdemo_000153,Can't stop wearing this lately. Can't wait to show you more from this collab. Packing for South Laurenhaven again this week. Link in bio for the discount.,#musthave,12,2,0,0.2235,Fake Influencer,1
fbdemo_000153,"Unboxing my favorite package of the month. So many of you have been asking about this. Brand deal number 12 this month. Trip number 19 this year, no complaints. Link in bio for the discount.",#ad,22,4,0,0.7057,Fake Influencer,1
fbdemo_000153,Can't stop wearing this lately. Can't wait to show you more from this collab. Can't believe it's already 2018.,,16,3,0,0.2235,Fake Influencer,1
fbdemo_000153,This might be my favorite collab yet. Use my code for a discount. Outfit number 73 of the week. Code is my username at checkout.,,10,2,0,0.5106,Fake Influencer,1
fbdemo_000153,Obsessed with this new find. This is exactly what my feed needed. Can't believe it's already 2022. Brand deal number 76 this month. DM for collab details. 👑,,46,5,1,-0.1027,Fake Influencer,1
fbdemo_000153,"This brand sent me the best package. My followers deserve the best recommendations. So many of you asked for this, here it is. DM for collab details. 👑😍",#linkinbio #collab #ad,15,3,1,0.9081,Fake Influencer,1
fbdemo_000154,Taking a moment to say thank you. I read every message even if I can't reply to all. 37 years of your support means everything.,,30,1,0,0.6369,Celebrity Impersonator,1
fbdemo_000154,Important announcement coming soon. New project details coming very soon. Back in Lake Lindsey this 2016. 71 years in this industry now. 📚,,48,13,0,0.2023,Celebrity Impersonator,1
fbdemo_000154,I don't get to say this enough. Please report any fake pages you see. 94 years of your support means everything.,,78,12,1,0.2263,Celebrity Impersonator,1
fbdemo_000154,"Something special is coming, stay tuned. Please report any fake pages you see. Project number 86 coming together nicely.",,15,5,0,0.3612,Celebrity Impersonator,1
fbdemo_000154,"To my real fans: New project details coming very soon. Message number 8 today, reading every one.",#viral #exclusive,10,1,0,0.144,Celebrity Impersonator,1
fbdemo_000154,"Important announcement coming soon. Ignore anyone claiming to be my manager elsewhere. 54 years of your support means everything. Since 2020, the journey continues. ☕",,61,7,2,0.25,Celebrity Impersonator,1
fbdemo_000154,"This account is really me, I promise. There's more coming that I can't wait to share. Since 2020, still going strong. Since 2022, still going strong.",#fanpage #celebrity,28,2,0,0.8061,Celebrity Impersonator,1
fbdemo_000154,"I see all of your messages, truly. This journey keeps surprising me. Since 2024, still going strong. Message number 29 today, reading every one. 📚🐾",,23,3,0,0.8225,Celebrity Impersonator,1
fbdemo_000154,"Something special is coming, stay tuned. This journey keeps surprising me. Working on something big for 2024.",#official #celebrity,11,1,0,0.5859,Celebrity Impersonator,1
fbdemo_000154,I don't get to say this enough. Grateful for every one of you every single day. Working on something big for 2017. Working on something big for 2022. Share this so others know it's real. 🙌📚,,39,2,0,0.6369,Celebrity Impersonator,1
fbdemo_000154,"This account is really me, I promise. This journey keeps surprising me. Back in Stacyport this 2016. Since 2021, still going strong. 😊",,50,6,1,0.918,Celebrity Impersonator,1
fbdemo_000154,"A quick note from me to you. There's more coming that I can't wait to share. Message number 81 today, reading every one. Since 2018, still going strong. DM me directly here. 🌟",,15,1,0,0.4043,Celebrity Impersonator,1
fbdemo_000155,Another day surviving East Kristopher University. Somehow still passing my classes. Number 15 on my to-do list: sleep.,,39,7,1,0.3612,Student,0
fbdemo_000155,"Campus is so pretty in Port Melanie today. Library until it closes, again. Fun fact: I've switched majors 26 times. 🐾",#gradstudent #studybreak,70,20,8,0.8134,Student,0
fbdemo_000155,"Campus is so pretty in Lake Jason today. Turns out procrastination is a full-time job. Somewhere in Lake Sarah, probably procrastinating.",,34,13,1,0.6269,Student,0
fbdemo_000155,Another day surviving Dustinport University. Dorm life really tests your patience. Ran into Brian at the library again. Someone quiz me please. 🎉💪,#studygram #university,17,12,0,0.7351,Student,0
fbdemo_000155,"Another day surviving South Alanbury University. Library until it closes, again. Number 8 on my to-do list: sleep.",,34,12,2,0.3612,Student,0
fbdemo_000155,"Coffee run before class. Turns out procrastination is a full-time job. Somewhere in Davisville, probably procrastinating.",#studygram,39,14,1,0.0,Student,0
fbdemo_000155,Finals season has me questioning everything. Dorm life really tests your patience. Shoutout to Kevin for the study session.,,23,10,3,-0.1027,Student,0
fbdemo_000155,Coffee run before class. Turns out procrastination is a full-time job. Campus tour 46 for prospective students today. ✨,#college #university,17,3,1,0.3182,Student,0
fbdemo_000155,Another day surviving Farleyside University. Dorm life really tests your patience. Currently 53 days away from break. 🎉,#dormlife #gradstudent,41,23,3,0.5994,Student,0
fbdemo_000155,"Group project update: Library until it closes, again. Currently 4 cups of coffee deep today. Someone quiz me please. ☕",,13,12,0,0.3182,Student,0
fbdemo_000155,Study session with Brandy turned into a nap. Somehow still passing my classes. Shoutout to Jacob for the study session. Wish me luck.,,11,2,0,0.6908,Student,0
fbdemo_000156,Thank you for the love this 2020. I read every message even if I can't reply to all. 91 years in this industry now. Working on something big for 2015.,,631,11,29,0.7717,Celebrity Impersonator,1
fbdemo_000156,Thank you for the love this 2018. There's more coming that I can't wait to share. 53 years in this industry now. Thank you Roberto for the constant support. DM me directly here. 🐾,,99,4,2,0.8754,Celebrity Impersonator,1
fbdemo_000156,A quick note from me to you. Grateful for every one of you every single day. 78 years in this industry now. DM me directly here.,,69,2,3,0.4588,Celebrity Impersonator,1
fbdemo_000156,"Taking a moment to say thank you. Ignore anyone claiming to be my manager elsewhere. Project number 24 coming together nicely. Message number 96 today, reading every one.",,12,1,0,0.5423,Celebrity Impersonator,1
fbdemo_000156,Thank you for the love this 2018. This journey keeps surprising me. Project number 53 coming together nicely.,,94,1,4,0.9001,Celebrity Impersonator,1
fbdemo_000156,"I see all of your messages, truly. There's more coming that I can't wait to share. Tagging Jonathan, thank you for believing in this. Since 2021, the journey continues. DM me directly here. 🐾",#viral,62,9,2,0.5442,Celebrity Impersonator,1
fbdemo_000156,"Taking a moment to say thank you. New project details coming very soon. Back in Mcdanielbury this 2017. Since 2023, still going strong. Follow only this page.",,87,2,1,0.7003,Celebrity Impersonator,1
fbdemo_000156,Important announcement coming soon. Please report any fake pages you see. Working on something big for 2023. 2 years of your support means everything.,#exclusive,49,1,1,0.4019,Celebrity Impersonator,1
fbdemo_000156,"To my real fans: New project details coming very soon. Since 2025, still going strong. 😊",,109,6,4,0.8519,Celebrity Impersonator,1
fbdemo_000156,"I see all of your messages, truly. Grateful for every one of you every single day. Back in Rachelburgh this 2015. Thank you Maria for the constant support.",,19,1,1,0.8779,Celebrity Impersonator,1
fbdemo_000157,"Programming update for the week. Consistency beats intensity most days. 26 reps, zero regrets.",,7,1,0,-0.3612,Celebrity Impersonator,1
fbdemo_000157,New PR today! Rest days are still training days. Tag your gym partner. 🔥🏋️,,17,0,1,-0.4003,Celebrity Impersonator,1
fbdemo_000157,"Ran a form check clinic today. Slow and controlled beats fast and sloppy. Tagging Jared, my training partner today.",,46,4,2,0.0,Celebrity Impersonator,1
fbdemo_000157,"Recovery day, mobility work only. Progress isn't always linear, and that's fine. 🔥🧘",#cardio #gymlife,11,0,0,0.296,Celebrity Impersonator,1
fbdemo_000157,Deload week starts now. Consistency beats intensity most days. Training out of New Tracy this week.,#nutrition #workout,17,1,0,0.0,Celebrity Impersonator,1
fbdemo_000157,Deload week starts now. Sleep is still the most underrated recovery tool. Coaching 36 clients this cycle.,,39,2,1,0.0,Celebrity Impersonator,1
fbdemo_000157,Leg day recap. Fueling properly made a huge difference. Coaching 3 clients this cycle. DM 'START' to work together.,#wellness #fitfam,7,0,0,0.3182,Celebrity Impersonator,1
fbdemo_000158,"Living for moments like this. Can't believe I get to call this my job. Trip number 92 this year, no complaints. DM for collab details.",#sponsored #brandpartner,50,2,0,0.6197,Fake Influencer,1
fbdemo_000158,"New content coming your way soon. This is exactly what my feed needed. Tagging Deborah, my glam team today. Since 2020, this has been the dream.",,30,1,0,0.25,Fake Influencer,1
fbdemo_000158,"Unboxing my favorite package of the month. Honestly didn't expect to love this as much as I do. Can't believe it's already 2021. Since 2025, this has been the dream. DM for collab details.",,64,3,0,0.5621,Fake Influencer,1
fbdemo_000158,"New content coming your way soon. My followers deserve the best recommendations. Trip number 83 this year, no complaints. Can't believe it's already 2019. Shop this look now. 😍",#ad #influencer,126,1,0,0.8676,Fake Influencer,1
fbdemo_000158,Obsessed with this new find. This is going straight into my everyday rotation. Packing for New Ryanfurt again this week. Can't believe it's already 2015. 💅🌴,#ad #brandpartner #sponsored,62,1,0,0.0516,Fake Influencer,1
fbdemo_000158,New content coming your way soon. Can't believe I get to call this my job. Packing for Port Melanie again this week. Link in bio for the discount. 💅,#linkinbio,20,1,0,0.0,Fake Influencer,1
fbdemo_000158,New content coming your way soon. So grateful for opportunities like this. Look number 51 from this campaign.,#brandpartner #linkinbio #ad,28,1,0,0.8601,Fake Influencer,1
fbdemo_000158,"New content coming your way soon. Partnering with brands I actually love. Trip number 51 this year, no complaints. Packing for Ashleyhaven again this week. Code is my username at checkout.",,83,1,0,0.7755,Fake Influencer,1
fbdemo_000159,"Shipped a small feature at Wells, Murray and Smith. CI is green and I'm emotionally fine now. Currently debugging from Davisside. 🧠",#developer #coding,25,1,0,0.4215,Celebrity Impersonator,1
fbdemo_000159,"Migrated a service to a new framework today. Linting caught it before it shipped, thankfully. PR number 95 finally merged.",,22,1,0,0.4767,Celebrity Impersonator,1
fbdemo_000159,"Gave a lunch-and-learn at Johnson, Morse and Stevens today. CI is green and I'm emotionally fine now. Currently debugging from Lake Kimberly.",#softwareengineer,39,3,1,0.2023,Celebrity Impersonator,1
fbdemo_000159,Spent way too long on a bug today. The fix was smaller than the investigation. Pairing with Nicole made this so much faster. Repo link below.,,78,5,1,0.0,Celebrity Impersonator,1
fbdemo_000159,On-call was quiet for once. Pairing with a teammate made it so much faster. Pairing with Kayla made this so much faster. 🧠,,18,1,0,0.0,Celebrity Impersonator,1
fbdemo_000159,Refactoring old code I wrote a year ago. The fix was smaller than the investigation. Working out of Onealtown this 2022. Repo link below.,,40,1,0,0.0,Celebrity Impersonator,1
fbdemo_000159,"Learning a new part of the stack this week. Turned out to be a missing semicolon. This is bug ticket number 11, send help.",#coding,39,2,0,0.2023,Celebrity Impersonator,1
fbdemo_000159,Refactoring old code I wrote a year ago. CI is green and I'm emotionally fine now. Working out of Murrayville this 2025. ⚙️🐛,,30,1,0,0.2023,Celebrity Impersonator,1
fbdemo_000159,"Finally got the tests passing. Linting caught it before it shipped, thankfully. Standup update: 12 things fixed today.",,28,1,0,0.4215,Celebrity Impersonator,1
fbdemo_000159,Finally got the tests passing. The code review comments humbled me. Deploy number 6 of the week. Open to feedback. 📦🐛,#buildinpublic #coding,95,3,1,0.0772,Celebrity Impersonator,1
fbdemo_000159,On-call was quiet for once. Naming things is still the hardest part. Deploy number 19 of the week. AMA about the stack.,,55,3,0,0.0772,Celebrity Impersonator,1
fbdemo_000160,"Wish you were here with me right now. Hoping we can talk more privately soon. 84 letters written, still waiting to send them.",,5,1,0,0.6705,Catfish/Romance-Scam Profile,1
fbdemo_000160,Thinking about you today. I promise I'm not like the others you've met online. Message me on here. 🙏,,4,1,0,0.049,Catfish/Romance-Scam Profile,1
fbdemo_000160,Thinking about you today. I don't trust easily but you're different. Missing Krauseton and missing you more. Only 93 more months until I'm back. Please don't give up on us. 🌹❤️,,4,1,0,-0.6148,Catfish/Romance-Scam Profile,1
fbdemo_000160,"Wish you were here with me right now. Every message from you makes my day better. Since 2019, I've been looking for this. 🌹",,3,1,0,0.6808,Catfish/Romance-Scam Profile,1
fbdemo_000160,Wish you were here with me right now. I promise I'm not like the others you've met online. Currently stationed near South Amanda.,,3,1,0,0.4386,Catfish/Romance-Scam Profile,1
fbdemo_000160,Just need someone to talk to. Every message from you makes my day better. Thinking of you from Joannatown tonight.,,8,4,0,0.4404,Catfish/Romance-Scam Profile,1
fbdemo_000160,Can't wait to finally meet. I promise I'm not like the others you've met online. It's been 32 months since we last spoke. Let's move the conversation elsewhere. 🙏❤️,,2,0,0,0.049,Catfish/Romance-Scam Profile,1
fbdemo_000160,Another lonely night here overseas. I don't trust easily but you're different. Only 59 more months until I'm back. Missing Port Elizabethborough and missing you more.,,3,1,0,-0.828,Catfish/Romance-Scam Profile,1
fbdemo_000160,Thinking about you today. Hoping we can talk more privately soon. Only 76 more months until I'm back.,,16,4,0,0.4215,Catfish/Romance-Scam Profile,1
fbdemo_000160,Wish you were here with me right now. I promise I'm not like the others you've met online. 🙏,,12,3,0,0.4386,Catfish/Romance-Scam Profile,1
fbdemo_000160,"Just need someone to talk to. I don't trust easily but you're different. 65 letters written, still waiting to send them. Since 2018, I've been looking for this. Please don't give up on us. ❤️",,5,2,0,0.266,Catfish/Romance-Scam Profile,1
fbdemo_000161,New PR today! Showing up matters more than the perfect plan. 41 minutes of mobility work this morning. Programs linked in bio.,#cardio #fitness #healthylifestyle,100,13,0,0.6548,Fitness Creator,0
fbdemo_000161,"Leg day recap. Progress isn't always linear, and that's fine. Day 88 of the program.",#fitness #nutrition #training,90,8,1,0.5574,Fitness Creator,0
fbdemo_000161,"Leg day recap. Slow and controlled beats fast and sloppy. Session number 24 with this client, big progress. Programs linked in bio.",,180,12,1,0.4767,Fitness Creator,0
fbdemo_000161,"Ran a form check clinic today. Progress isn't always linear, and that's fine. Session number 51 with this client, big progress. 🧘",#cardio #nutrition,165,8,1,0.7717,Fitness Creator,0
fbdemo_000161,Back-to-back sessions today. Sleep is still the most underrated recovery tool. Client hit a 70 pound PR today. 🧘🔥,#wellness #workout,220,19,1,-0.34,Fitness Creator,0
fbdemo_000161,"New PR today! Showing up matters more than the perfect plan. Tagging John, my training partner today. 🔥🏃",,179,17,1,0.4508,Fitness Creator,0
fbdemo_000161,Ran a form check clinic today. Strength carries over into everything else. 24 minutes of mobility work this morning. Save this for your next session. ⚡🔥,#gymlife #fitfam #wellness,201,10,1,0.6124,Fitness Creator,0
fbdemo_000161,"Back-to-back sessions today. Small wins add up over months. Tagging Kimberly, my training partner today.",,182,10,1,0.5719,Fitness Creator,0
fbdemo_000161,New PR today! Fueling properly made a huge difference. Logged 12 miles this week. Save this for your next session. 🏃⚡,#fitfam #strength,276,14,1,0.6996,Fitness Creator,0
fbdemo_000161,Back-to-back sessions today. Fueling properly made a huge difference. Coaching 63 clients this cycle.,#workout,139,7,1,0.3182,Fitness Creator,0
fbdemo_000161,"Ran a form check clinic today. Consistency beats intensity most days. Tagging Patrick, my training partner today. DM 'START' to work together.",,124,9,0,0.0,Fitness Creator,0
fbdemo_000161,"Recovery day, mobility work only. Consistency beats intensity most days. Shoutout to Richard for showing up every day. DM 'START' to work together. 🏋️",,195,8,2,0.0,Fitness Creator,0
fbdemo_000161,Leg day recap. Small wins add up over months. 35 minutes of mobility work this morning. DM 'START' to work together.,#nutrition #healthylifestyle,171,22,1,0.5719,Fitness Creator,0
fbdemo_000162,I don't get to say this enough. Grateful for every one of you every single day. Project number 38 coming together nicely. 💪✨,#fanpage,796,134,5,0.8176,Celebrity Impersonator,1
fbdemo_000162,Thank you for the love this 2024. New project details coming very soon. 4 years in this industry now. 77 years in this industry now. 💪,,221,15,1,0.7717,Celebrity Impersonator,1
fbdemo_000162,I don't get to say this enough. New project details coming very soon. Working on something big for 2025.,#celebrity #trending,80,6,2,0.0,Celebrity Impersonator,1
fbdemo_000162,Thank you for the love this 2023. Ignore anyone claiming to be my manager elsewhere. Project number 51 coming together nicely. Follow only this page. 🐾🎬,,192,8,5,0.8126,Celebrity Impersonator,1
fbdemo_000162,"Something special is coming, stay tuned. None of this would matter without you. Working on something big for 2025. DM me directly here. 😊💪",#trending,414,108,4,0.8316,Celebrity Impersonator,1
fbdemo_000162,Taking a moment to say thank you. I read every message even if I can't reply to all. Back in Antoniostad this 2025. Follow only this page. 💪,,134,8,3,0.3612,Celebrity Impersonator,1
fbdemo_000162,"To my real fans: Grateful for every one of you every single day. Message number 50 today, reading every one. Back in West Carlosview this 2017.",,149,16,1,0.5106,Celebrity Impersonator,1
fbdemo_000162,Taking a moment to say thank you. This journey keeps surprising me. 69 years of your support means everything. DM me directly here.,,98,11,2,0.743,Celebrity Impersonator,1
fbdemo_000162,"To my real fans: None of this would matter without you. Message number 72 today, reading every one. Back in Granttown this 2025. 📚💪",,87,16,1,-0.0315,Celebrity Impersonator,1
fbdemo_000162,A quick note from me to you. Please report any fake pages you see. Working on something big for 2020. ✨☕,,100,8,1,0.128,Celebrity Impersonator,1
fbdemo_000162,"I see all of your messages, truly. There's more coming that I can't wait to share. 88 years of your support means everything. Tagging Mary, thank you for believing in this. Follow only this page.",,52,4,1,0.7361,Celebrity Impersonator,1
fbdemo_000162,"Something special is coming, stay tuned. I read every message even if I can't reply to all. Message number 49 today, reading every one. Since 2020, the journey continues. Share this so others know it's real.",,136,8,2,0.6369,Celebrity Impersonator,1
fbdemo_000162,"I don't get to say this enough. There's more coming that I can't wait to share. Message number 67 today, reading every one. Back in East Amanda this 2024. Follow only this page.",,182,21,3,-0.1501,Celebrity Impersonator,1
fbdemo_000162,I don't get to say this enough. Grateful for every one of you every single day. Back in North Taylorfort this 2016. ✨,,152,9,2,0.6486,Celebrity Impersonator,1
fbdemo_000162,"Thank you for the love this 2024. Ignore anyone claiming to be my manager elsewhere. Since 2024, still going strong. Follow only this page.",,136,21,2,0.8176,Celebrity Impersonator,1
fbdemo_000163,"Migrated a service to a new framework today. The fix was smaller than the investigation. This is bug ticket number 41, send help. 🔧",#python #javascript,21,2,1,0.4588,Developer,0
fbdemo_000163,Migrated a service to a new framework today. CI is green and I'm emotionally fine now. Shoutout to Alexander for the code review. Curious how others solve this.,,27,13,1,0.5994,Developer,0
fbdemo_000163,"Refactoring old code I wrote a year ago. Naming things is still the hardest part. This is bug ticket number 84, send help. 🐛",,23,4,0,0.4588,Developer,0
fbdemo_000163,Learning a new part of the stack this week. Turns out the cache was the whole problem. Deploy number 64 of the week. Curious how others solve this.,,17,2,0,0.1779,Developer,0
fbdemo_000163,"Refactoring old code I wrote a year ago. Linting caught it before it shipped, thankfully. PR number 18 finally merged. 🐛",,17,4,0,0.4767,Developer,0
fbdemo_000163,On-call was quiet for once. Past me really did not comment anything. PR number 65 finally merged. Open to feedback. 💻☕,#100daysofcode,16,3,0,0.0772,Developer,0
fbdemo_000163,"Shipped a small feature at Reeves-Morrison. Linting caught it before it shipped, thankfully. This is bug ticket number 81, send help. 💻📦",#coding,39,11,1,0.7003,Developer,0
fbdemo_000163,Refactoring old code I wrote a year ago. CI is green and I'm emotionally fine now. Deploy number 89 of the week. Repo link below.,,19,5,1,0.2732,Developer,0
fbdemo_000163,Migrated a service to a new framework today. Docs were wrong but figured it out eventually. Working out of Lake Nicoleton this 2025. Open to feedback. 💻🔧,#100daysofcode,30,3,1,-0.2617,Developer,0
fbdemo_000164,This might be my favorite collab yet. My followers deserve the best recommendations. Outfit number 3 of the week. Code is my username at checkout. ✨,,615,32,5,0.8689,Fake Influencer,1
fbdemo_000164,Obsessed with this new find. This is going straight into my everyday rotation. Brand deal number 13 this month. Shot this in East Jenniferport. ✨,,360,23,4,0.4215,Fake Influencer,1
fbdemo_000164,"Living for moments like this. This is exactly what my feed needed. So many of you asked for this, here it is.",,248,15,3,0.3612,Fake Influencer,1
fbdemo_000164,"Obsessed with this new find. Use my code for a discount. So many of you asked for this, here it is. DM for collab details.",#musthave #ad,482,70,1,-0.1779,Fake Influencer,1
fbdemo_000164,New content coming your way soon. This is going straight into my everyday rotation. Look number 21 from this campaign. Outfit number 3 of the week. 🌴✨,,446,19,10,0.5859,Fake Influencer,1
fbdemo_000164,Can't stop wearing this lately. Can't believe I get to call this my job. Filming this in North Nathaniel today. Outfit number 98 of the week. 📸,#brandpartner,331,25,2,0.2933,Fake Influencer,1
fbdemo_000164,This brand sent me the best package. Use my code for a discount. Can't believe it's already 2016. Packing for Adamsborough again this week. DM for collab details.,#sponsored #linkinbio #trending,540,24,13,0.6369,Fake Influencer,1
fbdemo_000164,Can't stop wearing this lately. Use my code for a discount. Brand deal number 9 this month. DM for collab details.,#lifestyle #sponsored,305,8,7,0.2933,Fake Influencer,1
fbdemo_000164,"Another day, another shoot. So many of you have been asking about this. Nicholas styled this look. Code is my username at checkout. 😍",,1114,75,7,0.1531,Fake Influencer,1
fbdemo_000164,Golden hour never disappoints. So grateful for opportunities like this. Filming this in Port Debra today. Look number 71 from this campaign. ✨,#ad #influencer #discountcode,316,14,4,0.9188,Fake Influencer,1
fbdemo_000164,Can't stop wearing this lately. Honestly didn't expect to love this as much as I do. Brand deal number 43 this month. Outfit number 47 of the week. DM for collab details. 💖,#linkinbio,416,54,1,0.8186,Fake Influencer,1
fbdemo_000164,This might be my favorite collab yet. Honestly didn't expect to love this as much as I do. Can't believe it's already 2022. 😍,,484,27,12,0.684,Fake Influencer,1
fbdemo_000164,Unboxing my favorite package of the month. So grateful for opportunities like this. Brand deal number 88 this month. ✨,,684,49,7,0.9304,Fake Influencer,1
fbdemo_000164,Golden hour never disappoints. Can't believe I get to call this my job. Can't believe it's already 2023. DM for collab details. ✨📸,#influencer #collab #sponsored,309,14,4,0.5399,Fake Influencer,1
fbdemo_000164,"Unboxing my favorite package of the month. So grateful for opportunities like this. Since 2018, this has been the dream. DM for collab details.",,3162,198,17,0.9221,Fake Influencer,1
fbdemo_000165,Thank you Butlerville for another great week. We appreciate every single one of you. Proudly 63 years in business this 2017.,#growth #businessowner #customerfirst,39,4,3,0.9169,Business Page,0
fbdemo_000165,"Small batch, made with care. Locally sourced, always. Batch number 65 restocked today.",,72,5,3,0.5423,Business Page,0
fbdemo_000165,New arrivals just dropped! Handmade in small batches every week. Celebrating 91 years since we opened our doors. Tag someone who'd love this.,#businessowner,52,5,1,0.8478,Business Page,0
fbdemo_000165,"Small batch, made with care. Locally sourced, always. Serving Lake Karenburgh since 2022. Shop the link in bio.",#businessowner #customerfirst #startup,43,4,2,0.4939,Business Page,0
fbdemo_000165,"Thank you West Robert for another great week. We appreciate every single one of you. Based out of South Elaineton, shipping everywhere. DM us to order. 🔗✅",,72,6,2,0.8519,Business Page,0
fbdemo_000165,"Small batch, made with care. Your support keeps our doors open. Tag someone who'd love this.",,61,5,5,0.8779,Business Page,0
fbdemo_000165,Restocked your favorites. Custom requests are always welcome. Serving Lake Jesus since 2015. 🔗🌍,,43,4,2,0.7003,Business Page,0
fbdemo_000166,Refactoring old code I wrote a year ago. Turns out the cache was the whole problem. Working remotely from Kaylaland this month. 🐛,,21,3,0,-0.4019,Developer,0
fbdemo_000166,Gave a lunch-and-learn at Davis-Guerrero today. Turned out to be a missing semicolon. Shoutout to Jill for the code review.,,8,1,0,-0.296,Developer,0
fbdemo_000166,"Finally got the tests passing. Docs were wrong but figured it out eventually. This is bug ticket number 15, send help.",,39,12,1,0.4497,Developer,0
fbdemo_000166,Spent way too long on a bug today. The code review comments humbled me. Still can't believe it's 2021 and this bug exists. 🚀,,17,4,0,0.0,Developer,0
fbdemo_000166,New side project idea just hit me at 2am. Pairing with a teammate made it so much faster. Currently debugging from Alexanderberg. 🧠,,14,2,0,0.0,Developer,0
fbdemo_000166,"Gave a lunch-and-learn at Ward Ltd today. Linting caught it before it shipped, thankfully. Currently on commit number 89 of this refactor.",,14,3,0,0.6486,Developer,0
fbdemo_000166,New side project idea just hit me at 2am. Turned out to be a missing semicolon. Pairing with Kimberly made this so much faster.,,22,4,0,-0.296,Developer,0
fbdemo_000166,Learning a new part of the stack this week. The code review comments humbled me. Deploy number 28 of the week.,#developer,30,5,1,0.0772,Developer,0
fbdemo_000166,Finally got the tests passing. Docs were wrong but figured it out eventually. Shoutout to Richard for the code review. 📦,#programmer,27,5,0,-0.2617,Developer,0
fbdemo_000166,Spent way too long on a bug today. Pairing with a teammate made it so much faster. Still can't believe it's 2020 and this bug exists. ☕,,10,1,0,0.0,Developer,0
fbdemo_000166,Spent way too long on a bug today. Past me really did not comment anything. Currently on commit number 63 of this refactor.,,22,3,1,0.3612,Developer,0
fbdemo_000166,"Shipped a small feature at Lee, Sanchez and Luna. Turns out the cache was the whole problem. Working remotely from Powellfort this month.",,13,3,0,-0.4019,Developer,0
fbdemo_000166,Shipped a small feature at Norris LLC. Turns out the cache was the whole problem. Still can't believe it's 2025 and this bug exists. ⚙️,,15,2,0,-0.4019,Developer,0
fbdemo_000166,On-call was quiet for once. Turned out to be a missing semicolon. Working out of East Paul this 2017. 🐛📦,,22,6,0,-0.296,Developer,0
fbdemo_000166,"Gave a lunch-and-learn at Arnold-Hunt today. The code review comments humbled me. This is bug ticket number 67, send help.",,24,3,2,0.4588,Developer,0
fbdemo_000166,New side project idea just hit me at 2am. Docs were wrong but figured it out eventually. Currently debugging from East Ashleyville.,#webdev,19,4,0,-0.2617,Developer,0
fbdemo_000167,"Taking a moment to say thank you. Ignore anyone claiming to be my manager elsewhere. Message number 13 today, reading every one. Share this so others know it's real. ✨",#celebrity,47,7,4,0.5859,Student,0
fbdemo_000167,To my real fans: This journey keeps surprising me. Thank you Jordan for the constant support. Project number 24 coming together nicely. Share this so others know it's real. ✨,#trending #celebrity,38,4,3,0.9186,Student,0
fbdemo_000167,Taking a moment to say thank you. I read every message even if I can't reply to all. 92 years of your support means everything. 🐾🎬,,21,5,1,0.6369,Student,0
fbdemo_000167,"Something special is coming, stay tuned. Please report any fake pages you see. Since 2020, the journey continues. DM me directly here. 🐾",,52,7,6,0.2263,Student,0
fbdemo_000167,Important announcement coming soon. I read every message even if I can't reply to all. Back in East Gina this 2022. 🎬,,18,1,1,0.2023,Student,0
fbdemo_000167,Important announcement coming soon. Ignore anyone claiming to be my manager elsewhere. Back in Eduardoburgh this 2023. 🎬🎉,,41,5,6,0.25,Student,0
fbdemo_000167,"To my real fans: This journey keeps surprising me. Message number 57 today, reading every one. Tagging David, thank you for believing in this. DM me directly here. 🌟",,55,11,3,0.5994,Student,0
fbdemo_000167,"A quick note from me to you. None of this would matter without you. Project number 35 coming together nicely. Message number 14 today, reading every one. Share this so others know it's real.",#exclusive #official,60,5,4,0.646,Student,0
fbdemo_000167,"Something special is coming, stay tuned. None of this would matter without you. Since 2024, still going strong. Back in Brittanytown this 2016. 🐾",,17,3,2,0.7269,Student,0
fbdemo_000167,"To my real fans: Please report any fake pages you see. Tagging Larry, thank you for believing in this. Follow only this page. 💪✨",,25,3,1,0.4588,Student,0
fbdemo_000168,Leg day recap. Fueling properly made a huge difference. Back in Port Mikayla for a pop-up class this 2017.,#nutrition #healthylifestyle #workout,262,17,10,0.3182,Fitness Creator,0
fbdemo_000168,New PR today! Strength carries over into everything else. Training out of Tuckerstad this week. DM 'START' to work together. 🏃,#wellness #workout,132,25,6,0.5411,Fitness Creator,0
fbdemo_000168,"New PR today! Progress isn't always linear, and that's fine. Week 41 of the plan, feeling stronger. 🧘⚡",,141,4,9,0.7901,Fitness Creator,0
fbdemo_000168,"Deload week starts now. Sleep is still the most underrated recovery tool. 90 reps, zero regrets. Save this for your next session. 🔥",,69,6,2,-0.1779,Fitness Creator,0
fbdemo_000168,Back-to-back sessions today. Small wins add up over months. Save this for your next session. 🧘,,189,6,5,0.7845,Fitness Creator,0
fbdemo_000168,"New PR today! Sleep is still the most underrated recovery tool. Tagging Erik, my training partner today. Save this for your next session. ⚡",#strength #fitness #fitfam,387,32,10,0.5411,Fitness Creator,0
fbdemo_000168,Deload week starts now. Sleep is still the most underrated recovery tool. Back in West Ericaview for a pop-up class this 2025. Programs linked in bio. 💪,,396,44,22,0.0,Fitness Creator,0
fbdemo_000168,Coaching client hit a big milestone. Sleep is still the most underrated recovery tool. Training out of Lake Chrisberg this week.,,181,13,7,0.0,Fitness Creator,0
fbdemo_000168,Ran a form check clinic today. Small wins add up over months. Day 18 of the program.,,276,43,10,0.5719,Fitness Creator,0
fbdemo_000169,Finals season has me questioning everything. Dorm life really tests your patience. Group chat with Daniel is unhinged today. Someone quiz me please.,,33,9,1,0.2263,Student,0
fbdemo_000169,Coffee run before class. Turns out procrastination is a full-time job. Can't believe it's already 2017.,,15,3,1,0.0,Student,0
fbdemo_000169,Finals season has me questioning everything. Turns out procrastination is a full-time job. Currently 70 days away from break. Wish me luck. ✨,,24,3,2,0.765,Student,0
fbdemo_000169,Another day surviving East Elizabethstad University. Dorm life really tests your patience. Currently 61 cups of coffee deep today. Someone quiz me please.,,27,9,1,0.5423,Student,0
fbdemo_000169,Finals season has me questioning everything. Turns out procrastination is a full-time job. Currently 5 days away from break.,#studentlife,21,10,1,-0.1027,Student,0
fbdemo_000169,Finals season has me questioning everything. Turns out procrastination is a full-time job. Currently 94 cups of coffee deep today. ✨📚,#college #finals,10,3,0,0.2263,Student,0
fbdemo_000169,Campus is so pretty in Lake Jasmine today. Ranking my classes from bearable to soul-crushing. Currently 14 days away from break.,#dormlife,38,8,3,0.6269,Student,0
fbdemo_000169,Finals season has me questioning everything. Somehow still passing my classes. Currently 38 cups of coffee deep today. Send snacks.,,39,11,2,-0.1027,Student,0
fbdemo_000169,Campus is so pretty in Vanessamouth today. Turns out procrastination is a full-time job. Fun fact: I've switched majors 80 times.,,48,10,4,0.8134,Student,0
fbdemo_000169,Study session with Thomas turned into a nap. Turns out procrastination is a full-time job. Currently 26 days away from break. 😊,#college,32,4,3,0.7184,Student,0
fbdemo_000170,"Wish you were here with me right now. I promise I'm not like the others you've met online. Thinking of you from Campbelltown tonight. Since 2025, I've been looking for this.",,23,9,2,0.4386,Catfish/Romance-Scam Profile,1
fbdemo_000170,"Thinking about you today. You've made this whole assignment easier. Thinking of you from Mariaview tonight. Since 2018, I've been looking for this. Message me on here.",,23,12,4,0.4215,Catfish/Romance-Scam Profile,1
fbdemo_000170,Just need someone to talk to. Hoping we can talk more privately soon. Currently stationed near Port Timfurt. Thinking of you from New Cassandra tonight. 🌹,,12,3,2,0.4215,Catfish/Romance-Scam Profile,1
fbdemo_000170,"Another lonely night here overseas. Work keeps me so busy but you're always on my mind. Missing New Chaseton and missing you more. Since 2015, I've been looking for this.",,12,2,1,-0.7469,Catfish/Romance-Scam Profile,1
fbdemo_000170,"Another lonely night here overseas. You've made this whole assignment easier. 96 letters written, still waiting to send them. 🌹🙏",,12,2,0,0.0772,Catfish/Romance-Scam Profile,1
fbdemo_000170,Thinking about you today. You've made this whole assignment easier. It's been 6 months since we last spoke.,,16,2,1,0.4215,Catfish/Romance-Scam Profile,1
fbdemo_000170,"Long day, but talking to you helps. I don't trust easily but you're different. Hoping to visit South Brian again someday. 🙏❤️",,39,10,2,0.2484,Catfish/Romance-Scam Profile,1
fbdemo_000170,"Missing having someone real in my life. Money's been tight since the last assignment. 21 letters written, still waiting to send them. 45 letters written, still waiting to send them.",,5,5,0,-0.296,Catfish/Romance-Scam Profile,1
fbdemo_000170,Just need someone to talk to. You've made this whole assignment easier. Only 41 more months until I'm back. 🌹,,15,3,1,0.4215,Catfish/Romance-Scam Profile,1
fbdemo_000171,"Small batch, made with care. Orders ship out within 2 business days. 89 orders packed and ready to go. Tag someone who'd love this.",#entrepreneur #startup #growth,128,10,4,0.872,Business Page,0
fbdemo_000171,"Small batch, made with care. Locally sourced, always. Shoutout to our 34th customer this week.",,119,14,9,0.4939,Business Page,0
fbdemo_000171,"Small batch, made with care. Locally sourced, always. Celebrating 64 years since we opened our doors. Shop the link in bio.",,188,43,13,0.7845,Business Page,0
fbdemo_000171,Meet the team making it happen. Orders ship out within 2 business days. Proudly 5 years in business this 2022.,#shopsmall,116,13,7,0.5574,Business Page,0
fbdemo_000171,Restocked your favorites. Your support keeps our doors open. Shop the link in bio.,,203,21,23,0.6705,Business Page,0
fbdemo_000171,Behind the scenes at the shop today. Orders ship out within 2 business days. Serving Mayerhaven since 2017. Limited stock available. 💼,,219,23,14,-0.2263,Business Page,0
fbdemo_000171,Restocked your favorites. We appreciate every single one of you. Team huddle today covered 23 new ideas. Tag someone who'd love this. 🌍📈,,263,23,20,0.8658,Business Page,0
fbdemo_000171,"Small batch, made with care. We appreciate every single one of you. Customer number 54 just left a five-star review. Limited stock available. ✅",,170,15,9,0.6486,Business Page,0
fbdemo_000172,To my real fans: This journey keeps surprising me. Thank you Jackie for the constant support. 22 years in this industry now.,,31,3,0,0.743,Developer,0
fbdemo_000172,Taking a moment to say thank you. New project details coming very soon. 26 years in this industry now.,#exclusive,13,1,0,0.3612,Developer,0
fbdemo_000172,Thank you for the love this 2015. This journey keeps surprising me. 85 years of your support means everything. Share this so others know it's real.,,32,4,1,0.9136,Developer,0
fbdemo_000172,"A quick note from me to you. I read every message even if I can't reply to all. Since 2018, still going strong. Back in Jacksontown this 2018.",,15,1,0,0.5106,Developer,0
fbdemo_000172,"I see all of your messages, truly. There's more coming that I can't wait to share. 18 years of your support means everything. Since 2015, still going strong.",,24,4,0,0.7913,Developer,0
fbdemo_000172,"Important announcement coming soon. None of this would matter without you. Message number 37 today, reading every one.",#trending,23,3,0,0.1724,Developer,0
fbdemo_000172,I don't get to say this enough. There's more coming that I can't wait to share. Back in Smithland this 2023. Follow only this page. 🙌,#trending #exclusive,14,1,0,-0.2235,Developer,0
fbdemo_000172,"Taking a moment to say thank you. Please report any fake pages you see. Back in North Staciehaven this 2019. Since 2023, still going strong. Share this so others know it's real.",,32,3,0,0.7351,Developer,0
fbdemo_000172,"Something special is coming, stay tuned. I read every message even if I can't reply to all. 58 years in this industry now. Since 2020, the journey continues. Share this so others know it's real. 🎉🌟",,23,2,0,0.765,Developer,0
fbdemo_000172,Thank you for the love this 2025. None of this would matter without you. 87 years of your support means everything. ✨📚,#fanpage #celebrity,20,2,0,0.8957,Developer,0
fbdemo_000173,"Recovery day, mobility work only. Fueling properly made a huge difference. Week 69 of the plan, feeling stronger. Save this for your next session.",,58,5,0,0.8225,Fitness Creator,0
fbdemo_000173,Meal prep Sunday. Consistency beats intensity most days. Day 14 of the program. ⚡,,337,21,2,0.0,Fitness Creator,0
fbdemo_000173,New PR today! Showing up matters more than the perfect plan. Back in Amandafort for a pop-up class this 2025. Save this for your next session. 🏃🥗,#fitfam,114,7,1,0.8203,Fitness Creator,0
fbdemo_000173,"Recovery day, mobility work only. Progress isn't always linear, and that's fine. Training out of West Jack this week. Tag your gym partner.",,114,7,1,0.5574,Fitness Creator,0
fbdemo_000173,"Back-to-back sessions today. Sleep is still the most underrated recovery tool. Week 37 of the plan, feeling stronger. 🏃💪",#cardio #wellness,141,6,1,0.4767,Fitness Creator,0
fbdemo_000173,Leg day recap. Sleep is still the most underrated recovery tool. Shoutout to David for showing up every day. Programs linked in bio. 🏋️,#wellness #fitfam #strength,77,6,1,0.0,Fitness Creator,0
fbdemo_000173,Back-to-back sessions today. Consistency beats intensity most days. Day 81 of the program.,#training #nutrition,90,6,1,0.0,Fitness Creator,0
fbdemo_000173,"Ran a form check clinic today. Form over ego, always. Client hit a 20 pound PR today.",,193,20,5,0.0,Fitness Creator,0
fbdemo_000173,"Programming update for the week. Form over ego, always. Tagging Brenda, my training partner today. 🏋️🔥",,106,3,1,-0.34,Fitness Creator,0
fbdemo_000173,"Deload week starts now. Consistency beats intensity most days. Week 27 of the plan, feeling stronger. DM 'START' to work together.",#training,149,9,1,0.4767,Fitness Creator,0
fbdemo_000173,"Recovery day, mobility work only. Progress isn't always linear, and that's fine. Training out of West Victorview this week.",,81,8,1,0.5574,Fitness Creator,0
fbdemo_000174,"Living for moments like this. My followers deserve the best recommendations. Tagging Thomas, my glam team today. Can't believe it's already 2025. Shop this look now.",,434,33,6,0.7717,Fake Influencer,1
fbdemo_000174,"New content coming your way soon. Honestly didn't expect to love this as much as I do. Since 2022, this has been the dream. Can't believe it's already 2018. Link in bio for the discount.",,116,7,1,0.1611,Fake Influencer,1
fbdemo_000174,"Another day, another shoot. Can't believe I get to call this my job. Jason styled this look. Shot this in Michaelville. Link in bio for the discount.",,555,33,9,-0.34,Fake Influencer,1
fbdemo_000174,"This might be my favorite collab yet. This is exactly what my feed needed. Trip number 11 this year, no complaints. Filming this in South Thomas today. DM for collab details.",#sponsored,181,9,4,0.6765,Fake Influencer,1
fbdemo_000174,Can't stop wearing this lately. Can't believe I get to call this my job. Look number 47 from this campaign. Can't believe it's already 2017. Shop this look now.,,112,19,1,0.2933,Fake Influencer,1
fbdemo_000174,Can't stop wearing this lately. So many of you have been asking about this. Shot this in East Timothy. Link in bio for the discount. ✨,#brandpartner #trending,653,21,15,0.4919,Fake Influencer,1
fbdemo_000174,"New content coming your way soon. So grateful for opportunities like this. Since 2015, this has been the dream. Shot this in Phelpston. Link in bio for the discount.",,165,12,4,0.8815,Fake Influencer,1
fbdemo_000174,"This brand sent me the best package. So many of you have been asking about this. Tagging Lindsay, my glam team today. Tagging David, my glam team today. DM for collab details. 📸",#influencer #lifestyle,266,13,15,0.6369,Fake Influencer,1
fbdemo_000174,"Another day, another shoot. Use my code for a discount. So many of you asked for this, here it is. DM for collab details. 📸✨",,1218,37,28,-0.0258,Fake Influencer,1
fbdemo_000174,This brand sent me the best package. Partnering with brands I actually love. John styled this look. Link in bio for the discount. 😍,#influencer #sponsored #brandpartner,269,4,5,0.9081,Fake Influencer,1
fbdemo_000175,"Can't wait to finally meet. I promise I'm not like the others you've met online. Since 2023, I've been looking for this. 🙏",,3,0,0,0.049,Catfish/Romance-Scam Profile,1
fbdemo_000175,"Another lonely night here overseas. Hoping we can talk more privately soon. 84 letters written, still waiting to send them. Only 53 more months until I'm back. Message me on here.",,8,1,0,0.0772,Catfish/Romance-Scam Profile,1
fbdemo_000175,"Wish you were here with me right now. I promise I'm not like the others you've met online. Since 2022, I've been looking for this. Please don't give up on us. ❤️",,2,0,0,0.6721,Catfish/Romance-Scam Profile,1
fbdemo_000175,Missing having someone real in my life. Money's been tight since the last assignment. Thinking of you from Riosview tonight. Only 30 more months until I'm back. 🌹,,2,0,0,-0.296,Catfish/Romance-Scam Profile,1
fbdemo_000175,"Long day, but talking to you helps. I promise I'm not like the others you've met online. Please don't give up on us. ❤️🌹",,2,0,0,0.7674,Catfish/Romance-Scam Profile,1
fbdemo_000175,"Another lonely night here overseas. Work keeps me so busy but you're always on my mind. 83 letters written, still waiting to send them. Thinking of you from Port Claudia tonight.",,3,0,0,-0.1901,Catfish/Romance-Scam Profile,1
fbdemo_000175,"Missing having someone real in my life. Every message from you makes my day better. Since 2020, I've been looking for this. Message me on here. 🌹🙏",,5,1,0,0.1779,Catfish/Romance-Scam Profile,1
fbdemo_000175,Counting down the days already. I promise I'm not like the others you've met online. It's been 88 months since we last spoke. Please don't give up on us.,,4,0,0,0.3591,Catfish/Romance-Scam Profile,1
fbdemo_000176,Finally got the tests passing. Turns out the cache was the whole problem. Still can't believe it's 2021 and this bug exists. 🧠,,37,2,0,-0.4019,Developer,0
fbdemo_000176,Rewrote a script that's been bugging me for weeks. Naming things is still the hardest part. Currently debugging from Jacksonport. 🧠💻,#buildinpublic,57,4,1,0.0,Developer,0
fbdemo_000176,Finally got the tests passing. Docs were wrong but figured it out eventually. Working remotely from South Denise this month.,#buildinpublic #softwareengineer,137,8,4,-0.2617,Developer,0
fbdemo_000176,Finally got the tests passing. The code review comments humbled me. Sprint 17 wrapped up today. 🔧🐛,#opensource #softwareengineer,27,1,1,0.0,Developer,0
fbdemo_000176,"Spent way too long on a bug today. Pairing with a teammate made it so much faster. Tagging Krista, they'll appreciate this one. AMA about the stack.",#javascript,30,1,0,0.4019,Developer,0
fbdemo_000176,On-call was quiet for once. Turned out to be a missing semicolon. 79 tabs of documentation open right now. 🚀,,31,1,1,-0.296,Developer,0
fbdemo_000176,Learning a new part of the stack this week. Pairing with a teammate made it so much faster. Working remotely from West Colin this month. 💻,,106,2,5,0.0,Developer,0
fbdemo_000176,New side project idea just hit me at 2am. CI is green and I'm emotionally fine now. Pairing with Derek made this so much faster. ☕,,42,3,0,0.2023,Developer,0
fbdemo_000176,Migrated a service to a new framework today. Docs were wrong but figured it out eventually. Working out of Jenniferton this 2018. ⚙️,#python,73,1,3,-0.2617,Developer,0
fbdemo_000176,Rewrote a script that's been bugging me for weeks. Docs were wrong but figured it out eventually. Currently debugging from North Austin. 🔧,#coding,47,1,1,-0.2617,Developer,0
fbdemo_000176,"On-call was quiet for once. Linting caught it before it shipped, thankfully. Sprint 87 wrapped up today. 🔧🐛",,27,1,1,0.4215,Developer,0
fbdemo_000176,Spent way too long on a bug today. Past me really did not comment anything. Still can't believe it's 2021 and this bug exists. ☕💻,,168,6,7,0.0,Developer,0
fbdemo_000176,"On-call was quiet for once. Linting caught it before it shipped, thankfully. Working out of Brandonside this 2021. 🧠",,64,3,1,0.4215,Developer,0
fbdemo_000176,Spent way too long on a bug today. Turns out the cache was the whole problem. Pairing with Michael made this so much faster.,,106,9,6,-0.4019,Developer,0
fbdemo_000177,"I wasn't going to share this but... No experience needed, just a phone. Since 2023, thousands have joined. Link in bio, click now. 💰",,67,11,3,-0.5013,Student,0
fbdemo_000177,"Everyone is asking how I did this so fast. Spots are filling up fast. Jennifer just signed up, you're next. Tap the link in my story. 🎁",#giveaway,61,15,2,0.4404,Student,0
fbdemo_000177,"You NEED to see this. Spots are filling up fast. This worked for Joshua too, ask them. DM me 'START' immediately. 👉🛒",,55,8,3,0.0,Student,0
fbdemo_000177,Everyone is asking how I did this so fast. Made more money this week than my old job paid monthly. Already helped 40 people this 2021. Comment before it's gone. 🔥💰,#cashapp #freeprize #giveaway,44,8,2,-0.34,Student,0
fbdemo_000177,Everyone is asking how I did this so fast. Made more money this week than my old job paid monthly. Slot 92 almost gone. Comment before it's gone. 👉,,45,7,2,0.0,Student,0
fbdemo_000177,"Everyone is asking how I did this so fast. This is not a scam, I promise. Only 25 spots left today. 🎁",#giveaway #dmforprice #onlyfollowers,37,6,2,0.8019,Student,0
fbdemo_000177,"I wasn't going to share this but... This is not a scam, I promise. Already helped 73 people this 2021. Comment before it's gone. ✅👉",#dmforprice,37,15,1,0.7582,Student,0
fbdemo_000177,"🚨 LAST CHANCE 🚨 Made more money this week than my old job paid monthly. Over 26 people already joined this week. Link in bio, click now. 💯💰",,29,9,1,0.4084,Student,0
fbdemo_000177,"I wasn't going to share this but... It's 100% legit, I was skeptical too. Spot number 56 just opened up. Tap the link in my story. 🎁👉",#clicklink #onlyfollowers,47,7,2,0.2278,Student,0
fbdemo_000177,"Stop scrolling, read this. No experience needed, just a phone. Started in Jennifertown, now everywhere. DM me 'START' immediately. 🎁💰",#getrichquick,55,9,2,-0.2023,Student,0
fbdemo_000178,Missing having someone real in my life. Hoping we can talk more privately soon. Missing Brandyshire and missing you more.,,234,9,13,-0.4703,Fitness Creator,0
fbdemo_000178,Wish you were here with me right now. Hoping we can talk more privately soon. Only 45 more months until I'm back. ❤️🌹,,398,50,24,0.6705,Fitness Creator,0
fbdemo_000178,"Long day, but talking to you helps. Work keeps me so busy but you're always on my mind. Thinking of you from Lake Emilybury tonight. Thinking of you from Toniberg tonight. Let's move the conversation elsewhere. 🌹🙏",,213,30,13,0.5267,Fitness Creator,0
fbdemo_000178,Can't wait to finally meet. Money's been tight since the last assignment. Missing Gouldton and missing you more.,,113,21,6,-0.5267,Fitness Creator,0
fbdemo_000178,"Long day, but talking to you helps. Every message from you makes my day better. Currently stationed near Debraburgh.",,276,24,10,0.8047,Fitness Creator,0
fbdemo_000178,"Missing having someone real in my life. You've made this whole assignment easier. Currently stationed near New Whitneyton. 88 letters written, still waiting to send them. Message me on here. 🙏🌹",,264,37,16,0.1531,Fitness Creator,0
fbdemo_000178,Counting down the days already. You've made this whole assignment easier. Missing Lake Julie and missing you more. Please don't give up on us. 🙏,,340,32,32,0.2484,Fitness Creator,0
fbdemo_000178,"Long day, but talking to you helps. I don't trust easily but you're different. Since 2023, I've been looking for this. ❤️",,141,16,7,-0.4033,Fitness Creator,0
fbdemo_000178,"Just need someone to talk to. I promise I'm not like the others you've met online. Since 2017, I've been looking for this. 🙏",,345,23,9,0.049,Fitness Creator,0
fbdemo_000178,Counting down the days already. Money's been tight since the last assignment. Only 68 more months until I'm back. Message me on here. 🌹❤️,,426,52,38,0.0,Fitness Creator,0
fbdemo_000178,Another lonely night here overseas. Every message from you makes my day better. Missing Martinton and missing you more.,,122,7,6,-0.4588,Fitness Creator,0
fbdemo_000179,This brand sent me the best package. Use my code for a discount. Packing for Robertview again this week.,,67,3,0,0.6369,Developer,0
fbdemo_000179,This might be my favorite collab yet. Partnering with brands I actually love. Outfit number 55 of the week. Shot this in Parkerfurt. Shop this look now. 😍,#ad #brandpartner #discountcode,74,1,0,0.8885,Developer,0
fbdemo_000179,"Can't stop wearing this lately. So grateful for opportunities like this. Look number 87 from this campaign. Since 2021, this has been the dream. Shop this look now. 🌴💅",#brandpartner #collab,23,2,0,0.9085,Developer,0
fbdemo_000179,Today's shoot was a whole vibe. Can't wait to show you more from this collab. Shot this in Aprilside. Link in bio for the discount. 💖,,33,2,0,0.6124,Developer,0
fbdemo_000179,Golden hour never disappoints. Can't believe I get to call this my job. Look number 55 from this campaign. Shot this in Port Kylemouth. Link in bio for the discount.,,30,2,0,0.3578,Developer,0
fbdemo_000179,Today's shoot was a whole vibe. Can't believe I get to call this my job. Outfit number 86 of the week. Shop this look now.,#linkinbio #discountcode,55,3,0,-0.5719,Developer,0
fbdemo_000179,"Living for moments like this. So many of you have been asking about this. Stephanie styled this look. Tagging Lisa, my glam team today. Shop this look now.",,59,3,0,0.3612,Developer,0
fbdemo_000179,Can't stop wearing this lately. Can't wait to show you more from this collab. Can't believe it's already 2025. ✨🌴,#musthave #lifestyle #brandpartner,59,2,0,0.4919,Developer,0
fbdemo_000179,"Today's shoot was a whole vibe. Can't believe I get to call this my job. Trip number 4 this year, no complaints. Tagging Allen, my glam team today.",,142,9,1,0.0408,Developer,0
fbdemo_000179,This brand sent me the best package. Can't wait to show you more from this collab. Shot this in Melissaport. Code is my username at checkout. ✨,#sponsored #linkinbio #trending,49,1,0,0.7579,Developer,0
fbdemo_000179,This might be my favorite collab yet. Honestly didn't expect to love this as much as I do. Brand deal number 65 this month. Michelle styled this look.,,248,5,1,0.4464,Developer,0
fbdemo_000179,This brand sent me the best package. My followers deserve the best recommendations. Outfit number 21 of the week. Brand deal number 87 this month. Shop this look now.,#sponsored,74,2,0,0.875,Developer,0
fbdemo_000179,"This brand sent me the best package. Can't believe I get to call this my job. Trip number 9 this year, no complaints. Brand deal number 65 this month. 📸👑",#collab #lifestyle #discountcode,109,6,1,0.794,Developer,0
fbdemo_000179,"Today's shoot was a whole vibe. This is exactly what my feed needed. Laura styled this look. So many of you asked for this, here it is. Shop this look now.",,141,4,1,-0.34,Developer,0
fbdemo_000179,Living for moments like this. Partnering with brands I actually love. Dustin styled this look. DM for collab details.,#brandpartner,30,1,0,0.7717,Developer,0
fbdemo_000180,I wasn't going to share this but... Spots are filling up fast. Already 27 success stories this month. Comment before it's gone. 💰📩,,3,0,0,0.6814,Spam Account,1
fbdemo_000180,"This changed everything for me. It's 100% legit, I was skeptical too. Only 10 spots left today. Tap the link in my story. 👉",,2,0,0,-0.3182,Spam Account,1
fbdemo_000180,"Stop scrolling, read this. Spots are filling up fast. Only 83 spots left today. Tap the link in my story. 📩",,1,0,0,-0.296,Spam Account,1
fbdemo_000180,"I wasn't going to share this but... It's 100% legit, I was skeptical too. Slot 33 almost gone. DM me 'START' immediately. 🛒",,2,0,0,-0.5258,Spam Account,1
fbdemo_000180,"🚨 LAST CHANCE 🚨 No experience needed, just a phone. Already helped 38 people this 2021. Comment before it's gone. 📩",#makemoneyonline #clicklink,2,0,0,0.1363,Spam Account,1
fbdemo_000180,"Stop scrolling, read this. It's 100% legit, I was skeptical too. Dawn just signed up, you're next. Link in bio, click now. 💯🔥",#cashapp #giveaway,1,0,0,-0.7096,Spam Account,1
fbdemo_000180,"🚨 LAST CHANCE 🚨 Thousands already joined, don't miss out. Already helped 51 people this 2021. Link in bio, click now. 🛒",#giveaway,2,0,0,0.49,Spam Account,1
fbdemo_000180,"This changed everything for me. Made more money this week than my old job paid monthly. Since 2024, thousands have joined. Comment before it's gone. 💰",,4,0,0,0.0,Spam Account,1
fbdemo_000181,Campus is so pretty in East Andrewborough today. Dorm life really tests your patience. Fun fact: I've switched majors 17 times. Wish me luck. ☕🐾,,1,0,0,0.9204,Spam Account,1
fbdemo_000181,Coffee run before class. Dorm life really tests your patience. Tagging Gloria because they'd get this. Send snacks.,,0,0,0,0.0,Spam Account,1
fbdemo_000181,"Finals season has me questioning everything. Library until it closes, again. Group chat with Peter is unhinged today. Tell me it gets easier. 💪",,0,0,0,0.34,Spam Account,1
fbdemo_000181,Another day surviving Port Shawn University. Dorm life really tests your patience. Currently 70 days away from break. 🙌😊,#studentlife,5,0,0,0.802,Spam Account,1
fbdemo_000181,Group project update: Ranking my classes from bearable to soul-crushing. Group chat with Brian is unhinged today.,,1,0,0,0.0,Spam Account,1
fbdemo_000181,Finals season has me questioning everything. Turns out procrastination is a full-time job. Currently 44 days away from break. Tell me it gets easier. ☕🙌,#university,0,0,0,0.34,Spam Account,1
fbdemo_000181,"Coffee run before class. Library until it closes, again. Tagging Kathryn because they'd get this.",,0,0,0,0.0,Spam Account,1
fbdemo_000181,Finals season has me questioning everything. Somehow still passing my classes. Ran into Eddie at the library again. 📚,,0,0,0,-0.1027,Spam Account,1
fbdemo_000181,Group project update: Somehow still passing my classes. Studying in New Andrewport has its perks.,#dormlife #classof2026,0,0,0,0.0,Spam Account,1
fbdemo_000181,Coffee run before class. Turns out procrastination is a full-time job. Campus tour 5 for prospective students today. Wish me luck. 💪🐾,,0,0,0,0.6908,Spam Account,1
fbdemo_000181,"Finals season has me questioning everything. My professor just dropped a pop quiz, send help. Ran into Thomas at the library again. Someone quiz me please.",,0,0,0,0.5574,Spam Account,1
fbdemo_000182,Another day surviving Lake Matthew University. Dorm life really tests your patience. Number 11 on my to-do list: sleep.,,16,3,0,0.3612,Student,0
fbdemo_000182,Another day surviving Lake Bethmouth University. Somehow still passing my classes. Campus tour 60 for prospective students today.,,46,5,4,0.296,Student,0
fbdemo_000182,Another day surviving Sellerston University. Somehow still passing my classes. Tagging Nathaniel because they'd get this. 😊🎉,#dormlife #studentlife,34,12,1,0.886,Student,0
fbdemo_000182,Coffee run before class. Turns out procrastination is a full-time job. Officially 35 credits away from graduating. Wish me luck. 🎉,,22,2,0,0.872,Student,0
fbdemo_000182,"Coffee run before class. Library until it closes, again. Campus tour 20 for prospective students today. Send snacks. 🌟📚",#finals #college,15,2,0,0.0,Student,0
fbdemo_000182,Finals season has me questioning everything. Turns out procrastination is a full-time job. Campus tour 83 for prospective students today. Tell me it gets easier.,,12,2,1,0.34,Student,0
fbdemo_000182,Finals season has me questioning everything. Somehow still passing my classes. Studying in Nguyenborough has its perks. 📚,#classof2026,16,4,0,-0.1027,Student,0
fbdemo_000182,Campus is so pretty in East James today. Somehow still passing my classes. Currently 39 cups of coffee deep today. ✨,,33,7,2,0.7518,Student,0
fbdemo_000182,Another day surviving New Ryanfort University. Somehow still passing my classes. Currently 29 cups of coffee deep today.,#campus #dormlife,24,5,1,0.296,Student,0
fbdemo_000182,Group project update: Ranking my classes from bearable to soul-crushing. Tagging Jill because they'd get this.,#gradstudent,63,15,1,0.0,Student,0
fbdemo_000182,Study session with Tanya turned into a nap. Dorm life really tests your patience. Officially 38 credits away from graduating.,#university #studybreak,30,22,2,0.3612,Student,0
fbdemo_000182,Coffee run before class. Turns out procrastination is a full-time job. Number 31 on my to-do list: sleep.,,43,10,2,0.0772,Student,0
fbdemo_000183,Group project update: Ranking my classes from bearable to soul-crushing. Ran into Michael at the library again. Wish me luck. 🌟,#dormlife #classof2026,11,2,0,0.6908,Catfish/Romance-Scam Profile,1
fbdemo_000183,"Campus is so pretty in Saundersmouth today. My professor just dropped a pop quiz, send help. Studying in Davidview has its perks.",,28,4,0,0.7793,Catfish/Romance-Scam Profile,1
fbdemo_000183,Another day surviving West Christina University. Dorm life really tests your patience. Shoutout to Jack for the study session. 🐾,,25,27,1,0.296,Catfish/Romance-Scam Profile,1
fbdemo_000183,Group project update: Dorm life really tests your patience. Ran into Michael at the library again.,,27,2,0,0.0,Catfish/Romance-Scam Profile,1
fbdemo_000183,Finals season has me questioning everything. Dorm life really tests your patience. Studying in North Carolineside has its perks. 🌟,,7,2,0,-0.1027,Catfish/Romance-Scam Profile,1
fbdemo_000183,"Another day surviving Kevinfurt University. Library until it closes, again. Group chat with Eduardo is unhinged today. 📚",,8,4,0,0.296,Catfish/Romance-Scam Profile,1
fbdemo_000183,"Another day surviving West Derek University. My professor just dropped a pop quiz, send help. Tagging Justin because they'd get this. 🎉☕",,8,1,0,0.792,Catfish/Romance-Scam Profile,1
fbdemo_000183,Another day surviving Kimberlymouth University. Dorm life really tests your patience. Officially 95 credits away from graduating. Someone quiz me please. 🙌,#gradstudent #studybreak,5,0,0,0.7184,Catfish/Romance-Scam Profile,1
fbdemo_000183,"Group project update: My professor just dropped a pop quiz, send help. Tagging Anthony because they'd get this.",,3,0,0,0.4019,Catfish/Romance-Scam Profile,1
fbdemo_000183,Study session with Victoria turned into a nap. Somehow still passing my classes. Currently 33 days away from break. Tell me it gets easier.,,10,1,0,0.4215,Catfish/Romance-Scam Profile,1
fbdemo_000183,Another day surviving Jonestown University. Dorm life really tests your patience. Campus tour 4 for prospective students today. 🙌📚,#campus #university,53,12,0,0.296,Catfish/Romance-Scam Profile,1
fbdemo_000183,Study session with Joshua turned into a nap. Turns out procrastination is a full-time job. This is assignment number 6 this semester.,,28,1,0,0.0772,Catfish/Romance-Scam Profile,1
fbdemo_000184,"Rewrote a script that's been bugging me for weeks. Linting caught it before it shipped, thankfully. Currently on commit number 97 of this refactor.",,1,0,0,0.6486,Developer,0
fbdemo_000184,"Spent way too long on a bug today. Naming things is still the hardest part. Tagging Robin, they'll appreciate this one. AMA about the stack. 💻🚀",#coding #javascript,1,0,0,0.4019,Developer,0
fbdemo_000184,Spent way too long on a bug today. Naming things is still the hardest part. Sprint 66 wrapped up today. Open to feedback. 🔧,#100daysofcode,3,0,0,0.0,Developer,0
fbdemo_000184,Rewrote a script that's been bugging me for weeks. The fix was smaller than the investigation. Currently debugging from Jenniferfort. ⚙️🔧,,1,0,0,0.0,Developer,0
fbdemo_000184,Spent way too long on a bug today. Pairing with a teammate made it so much faster. Currently debugging from Michaeltown. 🔧,,1,0,0,0.0,Developer,0
fbdemo_000184,"Finally got the tests passing. Turns out the cache was the whole problem. Tagging Jason, they'll appreciate this one. Open to feedback. 🧠🔧",,2,0,0,0.0,Developer,0
fbdemo_000184,"Refactoring old code I wrote a year ago. Pairing with a teammate made it so much faster. Tagging Elijah, they'll appreciate this one. 🐛💻",,1,0,0,0.4019,Developer,0
fbdemo_000184,Learning a new part of the stack this week. Turns out the cache was the whole problem. Standup update: 2 things fixed today.,,1,0,0,-0.4019,Developer,0
fbdemo_000184,"Migrated a service to a new framework today. Linting caught it before it shipped, thankfully. Pairing with Shawn made this so much faster. Open to feedback.",#webdev #opensource,1,0,0,0.4215,Developer,0
fbdemo_000184,"New side project idea just hit me at 2am. Linting caught it before it shipped, thankfully. Working out of Lake Nicholeborough this 2019. ☕🐛",,1,0,0,0.4215,Developer,0
fbdemo_000185,"This account is really me, I promise. None of this would matter without you. Working on something big for 2021. Message number 46 today, reading every one.",#viral #exclusive,140,49,2,0.4522,Celebrity Impersonator,1
fbdemo_000185,Important announcement coming soon. New project details coming very soon. 28 years in this industry now. 🎉🙌,#viral #celebrity,75,4,5,0.5423,Celebrity Impersonator,1
fbdemo_000185,"Something special is coming, stay tuned. New project details coming very soon. Back in Ericton this 2017. Project number 84 coming together nicely. 🎉🎬",,102,7,5,0.8225,Celebrity Impersonator,1
fbdemo_000185,A quick note from me to you. I read every message even if I can't reply to all. Working on something big for 2021.,,132,16,2,0.0,Celebrity Impersonator,1
fbdemo_000185,"I see all of your messages, truly. Ignore anyone claiming to be my manager elsewhere. Since 2023, still going strong.",#celebrity #fanpage,177,5,5,0.5719,Celebrity Impersonator,1
fbdemo_000185,"This account is really me, I promise. Please report any fake pages you see. Since 2025, the journey continues. Follow only this page. 😊🎉",#official,32,4,1,0.8578,Celebrity Impersonator,1
fbdemo_000185,"I see all of your messages, truly. Grateful for every one of you every single day. Project number 95 coming together nicely. Working on something big for 2019. Share this so others know it's real.",,80,6,2,0.8834,Celebrity Impersonator,1
fbdemo_000186,"🚨 LAST CHANCE 🚨 This is not a scam, I promise. Since 2024, thousands have joined.",,1,0,0,0.7924,Spam Account,1
fbdemo_000186,"Everyone is asking how I did this so fast. Thousands already joined, don't miss out. Started in New Eric, now everywhere. 📩",#getrichquick,1,0,0,0.1139,Spam Account,1
fbdemo_000186,You NEED to see this. Spots are filling up fast. Already 56 success stories this month. DM me 'START' immediately. 🛒💰,,4,0,0,0.5719,Spam Account,1
fbdemo_000186,"Everyone is asking how I did this so fast. Thousands already joined, don't miss out. Link in bio, click now. 👉🎁",,1,0,0,0.5178,Spam Account,1
fbdemo_000186,You NEED to see this. Spots are filling up fast. Slot 71 almost gone. 💯🛒,,2,0,0,0.0,Spam Account,1
fbdemo_000186,"Stop scrolling, read this. Spots are filling up fast. Since 2019, thousands have joined. Comment before it's gone. 💯✅",#cryptosignals #dmforprice,1,0,0,-0.296,Spam Account,1
fbdemo_000186,"Everyone is asking how I did this so fast. Spots are filling up fast. Started in South Michaelfort, now everywhere. Tap the link in my story. 🔥📩",,1,0,0,-0.34,Spam Account,1
fbdemo_000186,"You NEED to see this. No experience needed, just a phone. Katelyn just signed up, you're next. 💰",,2,0,0,-0.3612,Spam Account,1
fbdemo_000186,"🚨 LAST CHANCE 🚨 No experience needed, just a phone. Over 26 people already joined this week. 💯🔥",,3,0,0,-0.2185,Spam Account,1
fbdemo_000186,"🚨 LAST CHANCE 🚨 Made more money this week than my old job paid monthly. Since 2017, thousands have joined. Comment before it's gone.",#makemoneyonline,0,0,0,0.4084,Spam Account,1
fbdemo_000186,You NEED to see this. Spots are filling up fast. Already helped 15 people this 2016. 🔥,#cashapp #makemoneyonline,3,0,0,-0.34,Spam Account,1
fbdemo_000186,"This changed everything for me. Made more money this week than my old job paid monthly. Spot number 7 just opened up. Link in bio, click now.",#clicklink,2,0,0,0.0772,Spam Account,1
fbdemo_000186,"You NEED to see this. No experience needed, just a phone. Spot number 31 just opened up. 👉🛒",,3,0,0,-0.296,Spam Account,1
fbdemo_000187,"I don't get to say this enough. Please report any fake pages you see. 79 years of your support means everything. Tagging Rachael, thank you for believing in this. 🐾🙌",,88,7,2,0.5267,Celebrity Impersonator,1
fbdemo_000187,A quick note from me to you. None of this would matter without you. DM me directly here. 📚🐾,,125,8,3,0.0258,Celebrity Impersonator,1
fbdemo_000187,Taking a moment to say thank you. I read every message even if I can't reply to all. 90 years in this industry now. DM me directly here. ✨🌟,,84,14,3,0.5859,Celebrity Impersonator,1
fbdemo_000187,"I see all of your messages, truly. None of this would matter without you. Since 2024, still going strong. 37 years in this industry now. Share this so others know it's real.",,141,12,4,0.8176,Celebrity Impersonator,1
fbdemo_000187,"I don't get to say this enough. Grateful for every one of you every single day. Since 2024, the journey continues. Share this so others know it's real. ✨",#viral,158,25,7,0.7579,Celebrity Impersonator,1
fbdemo_000187,I don't get to say this enough. Ignore anyone claiming to be my manager elsewhere. 88 years in this industry now. Thank you Dorothy for the constant support. Follow only this page. 🎬💪,#exclusive,148,18,3,0.4019,Celebrity Impersonator,1
fbdemo_000187,"Important announcement coming soon. Grateful for every one of you every single day. Tagging Steven, thank you for believing in this. 📚",,148,13,3,0.743,Celebrity Impersonator,1
fbdemo_000187,A quick note from me to you. Please report any fake pages you see. Working on something big for 2024. Working on something big for 2022. 🐾,,79,6,1,-0.2023,Celebrity Impersonator,1
fbdemo_000187,"Taking a moment to say thank you. Ignore anyone claiming to be my manager elsewhere. Since 2025, still going strong. Thank you Rachel for the constant support. Share this so others know it's real. 🐾",,34,2,1,0.8658,Celebrity Impersonator,1
fbdemo_000188,Living for moments like this. Can't wait to show you more from this collab. Filming this in Kristineton today. Look number 41 from this campaign. 💅🌴,#ad #influencer #musthave,10,0,0,0.4215,Fake Influencer,1
fbdemo_000188,Can't stop wearing this lately. Use my code for a discount. Can't believe it's already 2022. Outfit number 68 of the week. Shop this look now. 🌴💖,,41,2,0,0.8219,Fake Influencer,1
fbdemo_000188,This might be my favorite collab yet. Partnering with brands I actually love. Brenda styled this look.,#trending,146,5,0,0.802,Fake Influencer,1
fbdemo_000188,Living for moments like this. Can't wait to show you more from this collab. Can't believe it's already 2023.,,15,1,0,0.3612,Fake Influencer,1
fbdemo_000188,"Living for moments like this. Can't believe I get to call this my job. Tagging Katherine, my glam team today. April styled this look. ✨🌴",,55,3,0,0.5859,Fake Influencer,1
fbdemo_000188,"New content coming your way soon. Partnering with brands I actually love. Tagging Hannah, my glam team today. Brand deal number 51 this month.",,46,3,0,0.6705,Fake Influencer,1
fbdemo_000188,"Another day, another shoot. Use my code for a discount. Joshua styled this look. Brand deal number 73 this month. Shop this look now. 👑✨",#ad #musthave #brandpartner,35,1,0,0.0516,Fake Influencer,1
fbdemo_000189,Thank you for the love this 2022. This journey keeps surprising me. Follow only this page. ✨,#fanpage,88,6,1,0.8779,Celebrity Impersonator,1
fbdemo_000189,"Taking a moment to say thank you. There's more coming that I can't wait to share. Since 2020, the journey continues. Thank you Claire for the constant support. Share this so others know it's real.",,98,3,1,0.7913,Celebrity Impersonator,1
fbdemo_000189,"Taking a moment to say thank you. I read every message even if I can't reply to all. Since 2023, still going strong. Follow only this page. 🙌",,224,14,3,0.7003,Celebrity Impersonator,1
fbdemo_000189,"Taking a moment to say thank you. Please report any fake pages you see. Working on something big for 2020. Tagging Patrick, thank you for believing in this. DM me directly here.",,125,8,1,0.4939,Celebrity Impersonator,1
fbdemo_000189,"I don't get to say this enough. I read every message even if I can't reply to all. Tagging Traci, thank you for believing in this. Project number 10 coming together nicely. Share this so others know it's real.",,75,8,1,0.7845,Celebrity Impersonator,1
fbdemo_000189,"A quick note from me to you. Please report any fake pages you see. 47 years of your support means everything. Message number 8 today, reading every one. ☕",#celebrity #fanpage,99,6,0,0.296,Celebrity Impersonator,1
fbdemo_000189,A quick note from me to you. Grateful for every one of you every single day. Back in South Michaelfurt this 2021. 84 years of your support means everything.,,89,2,1,0.6908,Celebrity Impersonator,1
fbdemo_000189,"This account is really me, I promise. Please report any fake pages you see. Working on something big for 2025. Back in Port Valeriemouth this 2017.",,144,4,0,0.1935,Celebrity Impersonator,1
fbdemo_000189,"Important announcement coming soon. This journey keeps surprising me. Message number 61 today, reading every one. 🐾🌟",,67,9,1,0.4939,Celebrity Impersonator,1
fbdemo_000189,"Important announcement coming soon. Grateful for every one of you every single day. Since 2024, the journey continues. 40 years of your support means everything.",#trending #exclusive,44,1,0,0.7579,Celebrity Impersonator,1
fbdemo_000189,"I don't get to say this enough. New project details coming very soon. Tagging John, thank you for believing in this. DM me directly here. 🙌",#trending,249,13,2,0.3612,Celebrity Impersonator,1
fbdemo_000189,"Something special is coming, stay tuned. Grateful for every one of you every single day. Follow only this page.",#official #celebrity,93,6,0,0.6908,Celebrity Impersonator,1
fbdemo_000189,"This account is really me, I promise. This journey keeps surprising me. Since 2020, still going strong.",,143,7,2,0.7884,Celebrity Impersonator,1
fbdemo_000190,I wasn't going to share this but... Made more money this week than my old job paid monthly. Comment before it's gone. 📩💰,#makemoneyonline #dmforprice #getrichquick,64,3,2,-0.1139,Spam Account,1
fbdemo_000190,"I wasn't going to share this but... Made more money this week than my old job paid monthly. Mark just signed up, you're next. Link in bio, click now. 💰✅",,67,4,9,-0.1139,Spam Account,1
fbdemo_000190,"I wasn't going to share this but... It's 100% legit, I was skeptical too. Spot number 84 just opened up. DM me 'START' immediately.",,34,3,1,-0.4486,Spam Account,1
fbdemo_000190,"I wasn't going to share this but... It's 100% legit, I was skeptical too. Since 2021, thousands have joined. Comment before it's gone. 🎁",,41,16,2,0.1169,Spam Account,1
fbdemo_000190,You NEED to see this. Spots are filling up fast. Already 94 success stories this month. 💯🔥,,55,7,4,0.3182,Spam Account,1
fbdemo_000190,"Stop scrolling, read this. Spots are filling up fast. This worked for Kimberly too, ask them. Link in bio, click now. 🛒📩",#followforfollow #giveaway,297,81,25,-0.296,Spam Account,1
fbdemo_000190,This changed everything for me. Made more money this week than my old job paid monthly. Already helped 59 people this 2022. DM me 'START' immediately.,,30,2,1,0.0,Spam Account,1
fbdemo_000190,"Stop scrolling, read this. No experience needed, just a phone. Already helped 67 people this 2024. Link in bio, click now. 📩✅",,77,28,6,-0.5719,Spam Account,1
fbdemo_000190,"This changed everything for me. It's 100% legit, I was skeptical too. Slot 27 almost gone. Tap the link in my story. 💰",,36,2,4,-0.3182,Spam Account,1
fbdemo_000190,"I wasn't going to share this but... Spots are filling up fast. Message number 5 today, still going. DM me 'START' immediately.",#onlyfollowers #freeprize #dmforprice,33,3,4,0.0015,Spam Account,1
fbdemo_000190,"This changed everything for me. Thousands already joined, don't miss out. Message number 58 today, still going. Tap the link in my story. 💯✅",#cryptosignals #giveaway,45,7,4,0.1887,Spam Account,1
fbdemo_000191,Coffee run before class. Dorm life really tests your patience. Studying in North Lindafort has its perks.,,31,6,1,0.0,Student,0
fbdemo_000191,"Another day surviving East Loriton University. Somehow still passing my classes. Somewhere in North Shannonmouth, probably procrastinating.",,45,16,3,0.296,Student,0
fbdemo_000191,"Coffee run before class. My professor just dropped a pop quiz, send help. Number 17 on my to-do list: sleep. ☕",,21,3,1,0.4588,Student,0
fbdemo_000191,Group project update: Dorm life really tests your patience. This is assignment number 36 this semester. 🙌😊,,44,14,3,0.743,Student,0
fbdemo_000191,"Campus is so pretty in New Kevinmouth today. My professor just dropped a pop quiz, send help. This is assignment number 85 this semester. ✨",,83,22,10,0.8561,Student,0
fbdemo_000191,"Finals season has me questioning everything. Library until it closes, again. Somewhere in Colonton, probably procrastinating. ☕😊",,29,6,2,0.6808,Student,0
fbdemo_000191,"Group project update: Dorm life really tests your patience. Somewhere in Lindseyside, probably procrastinating. 😊☕",#studygram,21,6,1,0.7184,Student,0
fbdemo_000191,Group project update: Turns out procrastination is a full-time job. Studying in Nicolehaven has its perks. 🐾,,19,5,2,0.0,Student,0
fbdemo_000191,"Coffee run before class. Library until it closes, again. Ran into Cameron at the library again.",,52,24,4,0.0,Student,0
fbdemo_000191,Another day surviving West Amy University. Somehow still passing my classes. Studying in Mccormickland has its perks. Tell me it gets easier.,#college,44,22,3,0.6124,Student,0
fbdemo_000192,Thank you North Leslie for another great week. Custom requests are always welcome. Order number 40 just shipped.,#hustle #businessowner,0,0,0,0.872,Business Page,0
fbdemo_000192,Restocked your favorites. Orders ship out within 2 business days. Team huddle today covered 35 new ideas. Tag someone who'd love this.,#growth #smallbusiness,0,0,0,0.7906,Business Page,0
fbdemo_000192,"Small batch, made with care. Locally sourced, always. Team huddle today covered 97 new ideas. DM us to order.",,0,0,0,0.4939,Business Page,0
fbdemo_000192,Behind the scenes at the shop today. Orders ship out within 2 business days. Batch number 12 restocked today. Tag someone who'd love this. 🔗,#smallbusiness #growth,0,0,0,0.6705,Business Page,0
fbdemo_000192,Restocked your favorites. Handmade in small batches every week. DM us to order. 💼✅,#shopsmall,0,0,0,0.4215,Business Page,0
fbdemo_000192,"Small batch, made with care. Custom requests are always welcome. Based out of East Andres, shipping everywhere.",,0,0,0,0.7351,Business Page,0
fbdemo_000192,Thank you Gabrielaland for another great week. Handmade in small batches every week. Batch number 98 restocked today. DM us to order.,,0,0,0,0.7845,Business Page,0
fbdemo_000192,"Small batch, made with care. Locally sourced, always. Shop the link in bio. ✅",,0,0,0,0.4939,Business Page,0
fbdemo_000192,Restocked your favorites. Your support keeps our doors open. Order number 70 just shipped.,,0,0,0,0.7003,Business Page,0
fbdemo_000192,"Small batch, made with care. We appreciate every single one of you. Team huddle today covered 2 new ideas. Shop the link in bio. 💼",,0,0,0,0.7096,Business Page,0
fbdemo_000192,Restocked your favorites. We appreciate every single one of you. Batch number 89 restocked today. DM us to order.,,0,0,0,0.7003,Business Page,0
fbdemo_000192,"Restocked your favorites. Locally sourced, always. Batch number 69 restocked today. Tag someone who'd love this.",#hustle #customerfirst,0,0,0,0.8074,Business Page,0
fbdemo_000192,Behind the scenes at the shop today. Handmade in small batches every week. Team huddle today covered 18 new ideas. Limited stock available. 🔗,,0,0,0,-0.2263,Business Page,0
fbdemo_000192,New arrivals just dropped! Your support keeps our doors open. Batch number 45 restocked today. Tag someone who'd love this.,,0,0,0,0.8172,Business Page,0
fbdemo_000192,"Behind the scenes at the shop today. Handmade in small batches every week. Tagging Larry, one of our first customers back in 2023. 🤝✅",#shopsmall #marketing,0,0,0,0.0,Business Page,0
fbdemo_000192,New arrivals just dropped! Handmade in small batches every week. Thank you South Matthew for 58 years of support. Limited stock available.,,0,0,0,0.5562,Business Page,0
fbdemo_000192,"Meet the team making it happen. Locally sourced, always. Customer number 87 just left a five-star review.",#startup #businessowner,0,0,0,0.0772,Business Page,0
fbdemo_000192,"Thank you South Corey for another great week. Locally sourced, always. Customer number 88 just left a five-star review. Tag someone who'd love this. ✅",#shopsmall,0,0,0,0.9022,Business Page,0
fbdemo_000193,"New PR today! Form over ego, always. Tagging Wayne, my training partner today. 🧘⚡",#gymlife,147,20,3,0.0,Fitness Creator,0
fbdemo_000193,New PR today! Consistency beats intensity most days. Shoutout to Katrina for showing up every day. Save this for your next session.,#fitfam #wellness #strength,249,43,4,0.5411,Fitness Creator,0
fbdemo_000193,"Recovery day, mobility work only. Strength carries over into everything else. Training out of North Stacey this week. Programs linked in bio.",,290,70,7,0.4939,Fitness Creator,0
fbdemo_000193,"New PR today! Form over ego, always. Shoutout to David for showing up every day. Tag your gym partner. ⚡",,315,54,7,0.0,Fitness Creator,0
fbdemo_000193,"Early morning session before work. Consistency beats intensity most days. Session number 59 with this client, big progress. Programs linked in bio. 🧘🏃",#workout #healthylifestyle #training,345,28,7,0.5209,Fitness Creator,0
fbdemo_000193,Back-to-back sessions today. Showing up matters more than the perfect plan. 80 minutes of mobility work this morning. Programs linked in bio.,#training,231,19,5,0.6204,Fitness Creator,0
fbdemo_000193,"Coaching client hit a big milestone. Progress isn't always linear, and that's fine. Day 88 of the program. ⚡🔥",,270,24,7,0.296,Fitness Creator,0
fbdemo_000193,Early morning session before work. Fueling properly made a huge difference. Shoutout to Steven for showing up every day. 🥗⚡,,186,37,4,0.3182,Fitness Creator,0
fbdemo_000193,"Programming update for the week. Sleep is still the most underrated recovery tool. Session number 89 with this client, big progress. DM 'START' to work together. ⚡",,117,18,2,0.4767,Fitness Creator,0
fbdemo_000193,"Recovery day, mobility work only. Fueling properly made a huge difference. Session number 13 with this client, big progress. Save this for your next session. 🏃🏋️",,240,20,5,0.8225,Fitness Creator,0
fbdemo_000193,Early morning session before work. Strength carries over into everything else. Shoutout to Derek for showing up every day. 🧘,,251,22,9,0.4939,Fitness Creator,0
fbdemo_000193,"Ran a form check clinic today. Fueling properly made a huge difference. Week 2 of the plan, feeling stronger. 🏋️🧘",,260,39,4,0.6597,Fitness Creator,0
fbdemo_000194,Thank you Port Gregoryport for another great week. We appreciate every single one of you. Shoutout to our 80th customer this week.,#smallbusiness #localbusiness,194,15,10,0.8519,Business Page,0
fbdemo_000194,Restocked your favorites. Your support keeps our doors open. Thank you Brandonmouth for 3 years of support. 💼🤝,,101,6,4,0.8658,Business Page,0
fbdemo_000194,New arrivals just dropped! Handmade in small batches every week. Serving Robinsonburgh since 2025. Limited stock available.,#localbusiness #entrepreneur,104,7,3,-0.2942,Business Page,0
fbdemo_000194,"Small batch, made with care. Custom requests are always welcome. Celebrating 76 years since we opened our doors. Tag someone who'd love this. 📈💼",,63,6,2,0.9337,Business Page,0
fbdemo_000194,Meet the team making it happen. Orders ship out within 2 business days. Shoutout to our 98th customer this week.,#shopsmall,177,9,13,0.0,Business Page,0
fbdemo_000194,"Restocked your favorites. Handmade in small batches every week. Based out of Sherrymouth, shipping everywhere. ✅💼",#customerfirst #marketing #smallbusiness,120,4,7,0.4215,Business Page,0
fbdemo_000194,"New arrivals just dropped! Handmade in small batches every week. Based out of Chapmanmouth, shipping everywhere. Shop the link in bio. 🌍📈",#localbusiness #marketing,64,6,5,0.0,Business Page,0
fbdemo_000194,Meet the team making it happen. Custom requests are always welcome. Batch number 65 restocked today. DM us to order.,#shopsmall #smallbusiness,75,6,6,0.5106,Business Page,0
fbdemo_000194,"New arrivals just dropped! Locally sourced, always. Team huddle today covered 58 new ideas.",,78,3,4,0.0,Business Page,0
fbdemo_000195,Thank you for the love this 2024. I read every message even if I can't reply to all. Working on something big for 2025.,,268,12,11,0.7717,Celebrity Impersonator,1
fbdemo_000195,"Important announcement coming soon. There's more coming that I can't wait to share. Since 2023, still going strong.",,187,26,3,0.4959,Celebrity Impersonator,1
fbdemo_000195,Taking a moment to say thank you. None of this would matter without you. Thank you Jessica for the constant support. Thank you Elizabeth for the constant support. 💪,#exclusive,49,6,1,0.8121,Celebrity Impersonator,1
fbdemo_000195,"Taking a moment to say thank you. None of this would matter without you. Message number 40 today, reading every one. 🐾",,77,4,1,0.3352,Celebrity Impersonator,1
fbdemo_000195,"I see all of your messages, truly. Please report any fake pages you see. 52 years of your support means everything. Since 2020, the journey continues. 📚",,225,10,14,0.5859,Celebrity Impersonator,1
fbdemo_000195,"Taking a moment to say thank you. I read every message even if I can't reply to all. Since 2018, still going strong. Share this so others know it's real. 📚",,86,35,1,0.7906,Celebrity Impersonator,1
fbdemo_000195,"This account is really me, I promise. Please report any fake pages you see. Since 2020, still going strong. Thank you Charles for the constant support. Follow only this page. 🌟",#celebrity,23,1,0,0.8505,Celebrity Impersonator,1
fbdemo_000195,A quick note from me to you. Grateful for every one of you every single day. Project number 71 coming together nicely.,,115,6,4,0.7351,Celebrity Impersonator,1
fbdemo_000195,"Important announcement coming soon. There's more coming that I can't wait to share. Tagging Claudia, thank you for believing in this.",#celebrity #exclusive,42,3,3,0.3425,Celebrity Impersonator,1
fbdemo_000196,"Behind the scenes at the shop today. Locally sourced, always. Customer number 97 just left a five-star review.",,17,1,1,0.0772,Business Page,0
fbdemo_000196,"New arrivals just dropped! Locally sourced, always. Proudly 68 years in business this 2016. DM us to order. 🤝🔗",,21,1,1,0.5983,Business Page,0
fbdemo_000196,"Meet the team making it happen. Locally sourced, always. Proudly 70 years in business this 2019. 🤝🌍",,29,3,1,0.5574,Business Page,0
fbdemo_000196,Thank you North Brenda for another great week. Handmade in small batches every week. Team huddle today covered 69 new ideas. ✅📈,,50,5,2,0.765,Business Page,0
fbdemo_000197,Thank you Johnshire for another great week. Custom requests are always welcome. 💼,,67,9,4,0.8625,Business Page,0
fbdemo_000197,Restocked your favorites. Handmade in small batches every week. Celebrating 32 years since we opened our doors. Tag someone who'd love this. 🤝✅,#localbusiness #startup #entrepreneur,46,12,4,0.8934,Business Page,0
fbdemo_000197,Meet the team making it happen. We appreciate every single one of you. Proudly 38 years in business this 2021.,#startup #growth #entrepreneur,45,9,3,0.743,Business Page,0
fbdemo_000197,Behind the scenes at the shop today. Custom requests are always welcome. Thank you South Maryhaven for 20 years of support. 🤝🔗,,29,3,3,0.802,Business Page,0
fbdemo_000197,"Small batch, made with care. Orders ship out within 2 business days. 35 orders packed and ready to go. DM us to order.",,134,23,4,0.6908,Business Page,0
fbdemo_000197,Behind the scenes at the shop today. Handmade in small batches every week. Celebrating 86 years since we opened our doors. Shop the link in bio.,#startup,47,2,2,0.2732,Business Page,0
fbdemo_000197,Meet the team making it happen. Handmade in small batches every week. Batch number 48 restocked today. 🌍🤝,#entrepreneur #hustle #businessowner,106,8,6,0.0772,Business Page,0
fbdemo_000197,"Small batch, made with care. Locally sourced, always. Proudly 15 years in business this 2022. 🤝",,18,3,1,0.7783,Business Page,0
fbdemo_000198,"Finals season has me questioning everything. Library until it closes, again. Fun fact: I've switched majors 82 times.",#classof2026,38,6,4,0.4404,Student,0
fbdemo_000198,Study session with Philip turned into a nap. Ranking my classes from bearable to soul-crushing. Currently 30 cups of coffee deep today. Send snacks.,#studygram,40,5,3,0.0,Student,0
fbdemo_000198,Study session with William turned into a nap. Ranking my classes from bearable to soul-crushing. Tagging William because they'd get this.,#finals,48,8,4,0.0,Student,0
fbdemo_000198,"Group project update: My professor just dropped a pop quiz, send help. Currently 79 cups of coffee deep today. 📚🙌",,47,10,5,0.4019,Student,0
fbdemo_000198,"Finals season has me questioning everything. Library until it closes, again. Shoutout to Jermaine for the study session.",,46,4,2,-0.1027,Student,0
fbdemo_000198,Group project update: Ranking my classes from bearable to soul-crushing. This is assignment number 22 this semester. 🎉☕,,21,3,1,0.4588,Student,0
fbdemo_000198,Study session with Jennifer turned into a nap. Dorm life really tests your patience. Ran into Sherri at the library again. Tell me it gets easier. 📚💪,,40,9,4,0.4215,Student,0
fbdemo_000198,Campus is so pretty in Lake Michael today. Turns out procrastination is a full-time job. Fun fact: I've switched majors 67 times. 🎉,,16,4,1,0.8783,Student,0
fbdemo_000198,Another day surviving South Lisafurt University. Dorm life really tests your patience. Fun fact: I've switched majors 42 times.,,28,4,1,0.6705,Student,0
fbdemo_000198,"Campus is so pretty in Cheyenneview today. My professor just dropped a pop quiz, send help. Officially 88 credits away from graduating.",#campus,33,5,3,0.8525,Student,0
fbdemo_000198,Coffee run before class. Ranking my classes from bearable to soul-crushing. Ran into Richard at the library again. 💪📚,,28,2,2,0.0,Student,0
fbdemo_000199,"Another day, another shoot. So grateful for opportunities like this. Outfit number 14 of the week. Trip number 76 this year, no complaints. Link in bio for the discount.",,243,19,6,0.8654,Fake Influencer,1
fbdemo_000199,"This might be my favorite collab yet. Honestly didn't expect to love this as much as I do. Filming this in Marthaborough today. So many of you asked for this, here it is.",#linkinbio #brandpartner #trending,208,4,2,0.3883,Fake Influencer,1
fbdemo_000199,Today's shoot was a whole vibe. Can't believe I get to call this my job. Can't believe it's already 2022. Can't believe it's already 2020. DM for collab details.,#influencer,220,10,5,-0.34,Fake Influencer,1
fbdemo_000199,"Another day, another shoot. Can't wait to show you more from this collab. So many of you asked for this, here it is.",#linkinbio #trending #discountcode,332,16,5,-0.34,Fake Influencer,1
fbdemo_000199,This brand sent me the best package. So grateful for opportunities like this. Look number 82 from this campaign. Shot this in New Lisa. DM for collab details. 💅,,211,17,4,0.921,Fake Influencer,1
fbdemo_000199,Living for moments like this. Use my code for a discount. Code is my username at checkout.,,185,8,3,0.3612,Fake Influencer,1
fbdemo_000199,Obsessed with this new find. My followers deserve the best recommendations. Filming this in Tinaborough today. Code is my username at checkout.,#ad,660,31,35,0.5423,Fake Influencer,1
fbdemo_000199,"Obsessed with this new find. Use my code for a discount. Since 2016, this has been the dream. Trip number 7 this year, no complaints. Link in bio for the discount. 📸👑",,333,22,2,0.4325,Fake Influencer,1
fbdemo_000199,"Another day, another shoot. Honestly didn't expect to love this as much as I do. Timothy styled this look.",,102,6,2,-0.4153,Fake Influencer,1
fbdemo_000200,"A quick note from me to you. This journey keeps surprising me. Since 2021, still going strong. 45 years in this industry now.",,31,0,2,0.6597,Celebrity Impersonator,1
fbdemo_000200,"A quick note from me to you. Ignore anyone claiming to be my manager elsewhere. Tagging Amy, thank you for believing in this. 🐾",,7,0,0,0.0,Celebrity Impersonator,1
fbdemo_000200,"Something special is coming, stay tuned. New project details coming very soon. Project number 22 coming together nicely.",,106,3,8,0.7322,Celebrity Impersonator,1
fbdemo_000200,"To my real fans: New project details coming very soon. Project number 95 coming together nicely. Tagging Anthony, thank you for believing in this. 🎬",,15,1,1,0.7152,Celebrity Impersonator,1
fbdemo_000200,"A quick note from me to you. Please report any fake pages you see. Since 2018, still going strong.",,73,2,3,0.3612,Celebrity Impersonator,1
fbdemo_000200,"Something special is coming, stay tuned. Grateful for every one of you every single day. Since 2020, still going strong. Message number 21 today, reading every one. Follow only this page.",,54,1,1,0.8519,Celebrity Impersonator,1
fbdemo_000200,"Something special is coming, stay tuned. There's more coming that I can't wait to share. Since 2016, the journey continues. Back in New David this 2021. Share this so others know it's real.",#official,13,0,0,0.461,Celebrity Impersonator,1
fbdemo_000200,A quick note from me to you. Please report any fake pages you see. Working on something big for 2017.,,14,0,0,-0.2023,Celebrity Impersonator,1
fbdemo_000200,"Taking a moment to say thank you. New project details coming very soon. Since 2018, the journey continues. Back in Brianville this 2023.",#fanpage #viral,73,3,1,0.3612,Celebrity Impersonator,1
fbdemo_000200,A quick note from me to you. I read every message even if I can't reply to all. Working on something big for 2021.,#exclusive,26,1,1,0.0,Celebrity Impersonator,1
fbdemo_000200,"To my real fans: Please report any fake pages you see. Message number 64 today, reading every one. Since 2025, still going strong.",,23,1,1,0.4215,Celebrity Impersonator,1
fbdemo_000200,Important announcement coming soon. This journey keeps surprising me. 79 years of your support means everything.,,24,1,1,0.6808,Celebrity Impersonator,1
fbdemo_000200,To my real fans: Ignore anyone claiming to be my manager elsewhere. Back in East Nicole this 2020. 97 years in this industry now. Share this so others know it's real.,,52,1,3,-0.0772,Celebrity Impersonator,1
fbdemo_000200,"Something special is coming, stay tuned. There's more coming that I can't wait to share. Since 2019, the journey continues. Back in East Laura this 2017. DM me directly here. 🐾",,26,0,1,0.2052,Celebrity Impersonator,1
fbdemo_000200,"Something special is coming, stay tuned. None of this would matter without you. Tagging Anna, thank you for believing in this.",#trending,22,0,0,0.6486,Celebrity Impersonator,1
fbdemo_000200,"This account is really me, I promise. Please report any fake pages you see. Tagging Shane, thank you for believing in this. DM me directly here. 📚✨",,15,0,1,0.6771,Celebrity Impersonator,1
