user_id,caption,hashtags,likes,comments,shares,sentiment,archetype,is_fake
igdemo_000001,Finals season has me questioning everything. Dorm life really tests your patience. Studying in Brandonview has its perks.,#campus #dormlife,15,5,0,-0.1027,Student,0
igdemo_000001,Finals season has me questioning everything. Dorm life really tests your patience. Number 58 on my to-do list: sleep.,#college,19,2,0,-0.0258,Student,0
igdemo_000001,Group project update: Ranking my classes from bearable to soul-crushing. Can't believe it's already 2023. 🎉,#classof2026 #studygram #gradstudent #studybreak,20,3,0,0.4019,Student,0
igdemo_000001,Study session with Lee turned into a nap. Turns out procrastination is a full-time job. Fun fact: I've switched majors 97 times.,#studybreak #studygram #college,13,2,0,0.5106,Student,0
igdemo_000001,Campus is so pretty in Lake Tylerfurt today. Ranking my classes from bearable to soul-crushing. Ran into Christopher at the library again.,#studybreak #studentlife #dormlife #university,21,2,1,0.6269,Student,0
igdemo_000001,"Another day surviving Wilsonmouth University. Somehow still passing my classes. Somewhere in Johnland, probably procrastinating.",#campus #studentlife,22,3,1,0.296,Student,0
igdemo_000001,"Study session with Charles turned into a nap. Ranking my classes from bearable to soul-crushing. Somewhere in Victoriafort, probably procrastinating. Wish me luck.",#finals #studybreak #college,8,1,0,0.6908,Student,0
igdemo_000001,Finals season has me questioning everything. Turns out procrastination is a full-time job. Fun fact: I've switched majors 96 times. 🐾💪,#campus #studybreak #studygram,12,1,0,0.4404,Student,0
igdemo_000001,"Coffee run before class. Somehow still passing my classes. Somewhere in North Lisa, probably procrastinating. 🐾",#studybreak,13,1,0,0.0,Student,0
igdemo_000001,Group project update: Dorm life really tests your patience. Group chat with Haley is unhinged today.,#university,13,1,0,0.0,Student,0
igdemo_000001,Study session with Richard turned into a nap. Somehow still passing my classes. Can't believe it's already 2021. 💪😊,#university #classof2026 #campus #studybreak,6,1,0,0.7184,Student,0
igdemo_000002,Finals season has me questioning everything. Turns out procrastination is a full-time job. Can't believe it's already 2018. 💪📚,#finals #studybreak #university #dormlife,118,8,1,-0.1027,Fake Influencer,1
igdemo_000002,"Another day surviving Randyton University. Somehow still passing my classes. Somewhere in Martinezton, probably procrastinating. Send snacks.",#college #dormlife,846,46,2,0.296,Fake Influencer,1
igdemo_000002,Group project update: Ranking my classes from bearable to soul-crushing. Fun fact: I've switched majors 90 times.,#university #studentlife,183,12,1,0.5106,Fake Influencer,1
igdemo_000002,Group project update: Dorm life really tests your patience. Currently 91 cups of coffee deep today. Tell me it gets easier.,#university #studentlife #studygram #studybreak,85,1,0,0.4215,Fake Influencer,1
igdemo_000002,Another day surviving Jonesborough University. Turns out procrastination is a full-time job. 💪☕,#finals,290,8,3,0.296,Fake Influencer,1
igdemo_000002,Group project update: Ranking my classes from bearable to soul-crushing. Studying in Seanmouth has its perks.,#university #dormlife #campus,167,23,2,0.0,Fake Influencer,1
igdemo_000002,"Coffee run before class. Library until it closes, again. Currently 61 days away from break.",#gradstudent #classof2026 #campus #finals,62,1,1,0.0,Fake Influencer,1
igdemo_000002,Another day surviving Baileyside University. Turns out procrastination is a full-time job. Officially 56 credits away from graduating. 🎬,#university #studentlife #studybreak #studygram,240,14,4,0.5719,Fake Influencer,1
igdemo_000002,"Campus is so pretty in Leahstad today. Library until it closes, again. Shoutout to Stephanie for the study session.",#finals #studybreak #classof2026 #college,77,7,1,0.6269,Fake Influencer,1
igdemo_000002,Study session with Michael turned into a nap. Somehow still passing my classes. Studying in Leebury has its perks.,#university #college #studygram #dormlife,196,12,1,0.0,Fake Influencer,1
igdemo_000002,Another day surviving Andersonmouth University. Somehow still passing my classes. Shoutout to Cameron for the study session. 📚🌟,#university,196,7,8,0.296,Fake Influencer,1
igdemo_000003,Can't stop wearing this lately. Partnering with brands I actually love. Look number 11 from this campaign. Can't believe it's already 2015.,#lifestyle #discountcode #ad #sponsored #musthave,35,1,0,0.7497,Fake Influencer,1
igdemo_000003,Living for moments like this. This is exactly what my feed needed. Packing for Brentburgh again this week. DM for collab details. 💅,#sponsored #lifestyle #musthave #influencer,24,1,1,0.3612,Fake Influencer,1
igdemo_000003,New content coming your way soon. So grateful for opportunities like this. Filming this in Robinsonport today.,#influencer #linkinbio #lifestyle,110,4,1,0.8493,Fake Influencer,1
igdemo_000003,Obsessed with this new find. So many of you have been asking about this. Can't believe it's already 2015. Packing for Clarkchester again this week.,#brandpartner #lifestyle #trending #collab #discountcode #linkinbio,28,4,0,-0.1779,Fake Influencer,1
igdemo_000003,Unboxing my favorite package of the month. Use my code for a discount. Brand deal number 61 this month. Shot this in New Rickeychester. 😍💅,#influencer #trending,224,13,3,0.743,Fake Influencer,1
igdemo_000003,New content coming your way soon. Can't believe I get to call this my job. Bailey styled this look. DM for collab details.,#linkinbio #sponsored #musthave #discountcode,41,6,1,0.0,Fake Influencer,1
igdemo_000003,"Obsessed with this new find. This is exactly what my feed needed. Trip number 5 this year, no complaints. Packing for Leonardstad again this week. Link in bio for the discount.",#trending #musthave #influencer #discountcode,77,3,2,0.2163,Fake Influencer,1
igdemo_000003,Can't stop wearing this lately. Partnering with brands I actually love. Anthony styled this look. DM for collab details.,#musthave #discountcode #ad #trending,49,1,0,0.7259,Fake Influencer,1
igdemo_000003,"Obsessed with this new find. Use my code for a discount. Robin styled this look. So many of you asked for this, here it is. Code is my username at checkout. 👑💖",#discountcode #brandpartner,47,9,1,0.6908,Fake Influencer,1
igdemo_000003,This brand sent me the best package. So many of you have been asking about this. Packing for Robertsport again this week. Shop this look now. 🌴💖,#influencer #trending,42,1,0,0.891,Fake Influencer,1
igdemo_000003,New content coming your way soon. Can't wait to show you more from this collab. Can't believe it's already 2018.,#sponsored #ad,114,5,1,0.0,Fake Influencer,1
igdemo_000003,"Golden hour never disappoints. Can't believe I get to call this my job. Trip number 17 this year, no complaints. DM for collab details. 📸✨",#trending #musthave #collab #sponsored #brandpartner,114,1,0,0.722,Fake Influencer,1
igdemo_000003,Living for moments like this. My followers deserve the best recommendations. Outfit number 4 of the week. Outfit number 80 of the week. 💅✨,,62,3,0,0.8625,Fake Influencer,1
igdemo_000003,New content coming your way soon. So grateful for opportunities like this. Shot this in Port Brittanyview. DM for collab details.,#sponsored #ad,95,6,1,0.8493,Fake Influencer,1
igdemo_000004,Group project update: Dorm life really tests your patience. Currently 15 days away from break.,#campus #classof2026 #university,33,6,1,0.0,Student,0
igdemo_000004,Finals season has me questioning everything. Dorm life really tests your patience. Shoutout to Cody for the study session.,#campus #gradstudent #finals #studentlife,24,1,1,-0.1027,Student,0
igdemo_000004,Group project update: Ranking my classes from bearable to soul-crushing. Tagging Chad because they'd get this. Someone quiz me please. 🌟🙌,#finals #classof2026 #university,60,7,3,0.3182,Student,0
igdemo_000004,Coffee run before class. Turns out procrastination is a full-time job. Group chat with Kevin is unhinged today. 🎬,#university #gradstudent,83,9,5,0.0,Student,0
igdemo_000004,Another day surviving Sarahburgh University. Ranking my classes from bearable to soul-crushing. Currently 19 days away from break. 🎬,#college #dormlife #studentlife #studybreak,23,2,1,0.296,Student,0
igdemo_000004,Finals season has me questioning everything. Dorm life really tests your patience. Can't believe it's already 2017.,#finals,64,5,2,-0.1027,Student,0
igdemo_000004,Group project update: Ranking my classes from bearable to soul-crushing. Studying in West Travisbury has its perks. Someone quiz me please.,#studygram #studentlife,31,4,1,0.3182,Student,0
igdemo_000004,Another day surviving Amymouth University. Dorm life really tests your patience. Studying in East Kayla has its perks.,#college,36,4,1,0.296,Student,0
igdemo_000005,On-call was quiet for once. Turned out to be a missing semicolon. Currently debugging from Port Kimberly. Curious how others solve this. 💻,#developer,49,4,0,0.2263,Developer,0
igdemo_000005,Spent way too long on a bug today. Docs were wrong but figured it out eventually. Still can't believe it's 2017 and this bug exists. AMA about the stack.,#python,41,3,2,-0.2617,Developer,0
igdemo_000005,On-call was quiet for once. Past me really did not comment anything. Working out of Harrisonton this 2025. Curious how others solve this.,#webdev,55,7,0,0.4767,Developer,0
igdemo_000005,Finally got the tests passing. The fix was smaller than the investigation. PR number 36 finally merged. 🧠,#webdev #python,49,5,1,0.0772,Developer,0
igdemo_000005,Migrated a service to a new framework today. Docs were wrong but figured it out eventually. Sprint 77 wrapped up today.,#developer #programmer #webdev,33,3,0,-0.2617,Developer,0
igdemo_000005,Learning a new part of the stack this week. The fix was smaller than the investigation. 67 tabs of documentation open right now.,#opensource,50,5,0,0.0,Developer,0
igdemo_000005,Learning a new part of the stack this week. CI is green and I'm emotionally fine now. Working remotely from New Jacktown this month. Repo link below. 🚀,#developer #python,66,6,1,0.2023,Developer,0
igdemo_000005,Shipped a small feature at Fry PLC. Past me really did not comment anything. Sprint 21 wrapped up today.,#developer #opensource,21,2,0,0.0,Developer,0
igdemo_000005,Refactoring old code I wrote a year ago. Docs were wrong but figured it out eventually. PR number 31 finally merged. 🚀,#python,35,2,0,-0.1531,Developer,0
igdemo_000005,Migrated a service to a new framework today. Naming things is still the hardest part. 11 tabs of documentation open right now. Open to feedback. 💻🔧,,40,3,0,0.0,Developer,0
igdemo_000005,On-call was quiet for once. Turns out the cache was the whole problem. Currently on commit number 98 of this refactor.,#javascript #100daysofcode,50,10,1,-0.0516,Developer,0
igdemo_000006,"Rewrote a script that's been bugging me for weeks. Linting caught it before it shipped, thankfully. PR number 85 finally merged.",#softwareengineer,20,2,0,0.4767,Developer,0
igdemo_000006,Spent way too long on a bug today. Naming things is still the hardest part. PR number 82 finally merged.,#programmer,57,5,1,0.0772,Developer,0
igdemo_000006,On-call was quiet for once. Turned out to be a missing semicolon. 30 tabs of documentation open right now. ⚙️🐛,,7,1,0,-0.296,Developer,0
igdemo_000006,Migrated a service to a new framework today. CI is green and I'm emotionally fine now. Still can't believe it's 2017 and this bug exists. 🧠,#webdev #javascript,19,1,0,0.2023,Developer,0
igdemo_000006,Spent way too long on a bug today. Docs were wrong but figured it out eventually. PR number 18 finally merged.,#softwareengineer,14,1,0,-0.1531,Developer,0
igdemo_000006,Finally got the tests passing. CI is green and I'm emotionally fine now. Currently on commit number 81 of this refactor. Curious how others solve this.,#python,11,1,0,0.7506,Developer,0
igdemo_000006,"Gave a lunch-and-learn at Lewis, Andrews and Hood today. Past me really did not comment anything. Still can't believe it's 2019 and this bug exists. 💻",#python,26,1,1,0.0,Developer,0
igdemo_000006,On-call was quiet for once. The code review comments humbled me. Deploy number 3 of the week.,#softwareengineer,7,0,0,0.0772,Developer,0
igdemo_000006,Learning a new part of the stack this week. CI is green and I'm emotionally fine now. Sprint 64 wrapped up today. 🔧,,16,2,0,0.2023,Developer,0
igdemo_000006,Spent way too long on a bug today. Past me really did not comment anything. Working remotely from South Danielfurt this month. 🐛☕,#100daysofcode #python,18,3,0,0.0,Developer,0
igdemo_000006,"Rewrote a script that's been bugging me for weeks. Turns out the cache was the whole problem. Tagging Christina, they'll appreciate this one. 🔧☕",#python #100daysofcode #softwareengineer,32,2,2,0.0,Developer,0
igdemo_000006,"Migrated a service to a new framework today. Linting caught it before it shipped, thankfully. Standup update: 89 things fixed today. Curious how others solve this.",#buildinpublic #javascript,23,2,0,0.7096,Developer,0
igdemo_000006,Migrated a service to a new framework today. Pairing with a teammate made it so much faster. PR number 62 finally merged. Curious how others solve this.,#coding #javascript #100daysofcode,22,1,0,0.5267,Developer,0
igdemo_000006,"On-call was quiet for once. Turns out the cache was the whole problem. This is bug ticket number 5, send help. Repo link below.",#webdev #python,21,0,0,0.0772,Developer,0
igdemo_000006,Learning a new part of the stack this week. Turned out to be a missing semicolon. Currently on commit number 98 of this refactor. 🐛🚀,,23,1,1,0.0772,Developer,0
igdemo_000006,New side project idea just hit me at 2am. Past me really did not comment anything. Working out of Jasonville this 2021. Curious how others solve this. 💻🔧,#opensource #softwareengineer,11,1,0,0.4767,Developer,0
igdemo_000006,On-call was quiet for once. Pairing with a teammate made it so much faster. Pairing with Matthew made this so much faster.,,28,2,0,0.0,Developer,0
igdemo_000006,"New side project idea just hit me at 2am. Linting caught it before it shipped, thankfully. Standup update: 63 things fixed today.",,20,1,0,0.4215,Developer,0
igdemo_000006,Gave a lunch-and-learn at Washington Group today. Past me really did not comment anything. Working out of New Chadburgh this 2016. 🧠,#webdev #buildinpublic,7,0,0,0.0,Developer,0
igdemo_000007,Meal prep Sunday. Strength carries over into everything else. Training out of Garrettfurt this week. Tag your gym partner. 🥗,#gymlife #healthylifestyle #strength #fitfam #training #wellness,604,106,18,0.4939,Fitness Creator,0
igdemo_000007,"Programming update for the week. Progress isn't always linear, and that's fine. Back in West John for a pop-up class this 2017. Programs linked in bio. ⚡🧘",#cardio #strength #nutrition #workout #gymlife #fitfam,529,81,14,0.5574,Fitness Creator,0
igdemo_000007,Ran a form check clinic today. Slow and controlled beats fast and sloppy. Client hit a 90 pound PR today. 🥗,#strength #fitfam #fitness #healthylifestyle #nutrition,396,44,12,0.0,Fitness Creator,0
igdemo_000007,"Recovery day, mobility work only. Consistency beats intensity most days. Week 81 of the plan, feeling stronger.",#nutrition #healthylifestyle #fitfam #cardio #fitness,535,44,40,0.4767,Fitness Creator,0
igdemo_000007,"Programming update for the week. Strength carries over into everything else. Session number 34 with this client, big progress. DM 'START' to work together. 🥗",#workout #healthylifestyle,494,65,16,0.743,Fitness Creator,0
igdemo_000007,Leg day recap. Sleep is still the most underrated recovery tool. Logged 40 miles this week. 🔥🧘,#healthylifestyle #wellness,489,24,32,-0.34,Fitness Creator,0
igdemo_000007,Meal prep Sunday. Showing up matters more than the perfect plan. 54 minutes of mobility work this morning. DM 'START' to work together.,#nutrition #wellness #workout #strength #fitfam #gymlife,442,49,9,0.6204,Fitness Creator,0
igdemo_000007,Coaching client hit a big milestone. Strength carries over into everything else. 59 minutes of mobility work this morning. 🏃,#wellness #fitfam,605,45,10,0.4939,Fitness Creator,0
igdemo_000007,Meal prep Sunday. Strength carries over into everything else. Logged 45 miles this week. DM 'START' to work together. ⚡🔥,#gymlife #nutrition #healthylifestyle #fitfam #workout,346,32,7,0.2023,Fitness Creator,0
igdemo_000007,"Coaching client hit a big milestone. Form over ego, always. Training out of Phillipfort this week. Save this for your next session. 🥗",#fitfam #training #nutrition #workout #cardio,384,46,16,0.4939,Fitness Creator,0
igdemo_000007,Deload week starts now. Fueling properly made a huge difference. Day 35 of the program.,#wellness #fitfam #workout,550,63,17,0.3182,Fitness Creator,0
igdemo_000007,Leg day recap. Fueling properly made a huge difference. Client hit a 57 pound PR today.,#workout #fitfam #training #strength #nutrition #gymlife,325,12,23,0.3182,Fitness Creator,0
igdemo_000007,Deload week starts now. Strength carries over into everything else. 7 minutes of mobility work this morning.,#workout #nutrition,538,67,16,0.4939,Fitness Creator,0
igdemo_000008,Coffee run before class. Somehow still passing my classes. Fun fact: I've switched majors 86 times. Someone quiz me please.,#campus #studybreak,373,20,10,0.4588,Fake Influencer,1
igdemo_000008,Study session with Crystal turned into a nap. Turns out procrastination is a full-time job. Currently 31 days away from break. ✨🐾,#finals #classof2026 #studentlife,994,12,23,0.3182,Fake Influencer,1
igdemo_000008,Campus is so pretty in Walkerton today. Turns out procrastination is a full-time job. Currently 9 days away from break. 📚,#dormlife #classof2026,355,8,3,0.6269,Fake Influencer,1
igdemo_000009,Taking a moment to say thank you. There's more coming that I can't wait to share. Project number 85 coming together nicely. Working on something big for 2023. 🙌,#exclusive #viral,52,3,2,0.5875,Celebrity Impersonator,1
igdemo_000009,To my real fans: This journey keeps surprising me. Working on something big for 2021. 🌟,#viral,14,2,0,0.2732,Celebrity Impersonator,1
igdemo_000009,"I don't get to say this enough. I read every message even if I can't reply to all. Since 2019, the journey continues. Share this so others know it's real.",,19,1,1,0.296,Celebrity Impersonator,1
igdemo_000009,"To my real fans: Ignore anyone claiming to be my manager elsewhere. Since 2018, the journey continues. 92 years in this industry now.",#official #trending #celebrity,35,1,1,-0.3612,Celebrity Impersonator,1
igdemo_000009,"Important announcement coming soon. Grateful for every one of you every single day. Message number 92 today, reading every one. Tagging Kevin, thank you for believing in this. 🎉🐾",#celebrity #official #fanpage,61,20,1,0.8666,Celebrity Impersonator,1
igdemo_000009,Thank you for the love this 2015. This journey keeps surprising me. Working on something big for 2022. Working on something big for 2024. 🌟🎉,,14,2,0,0.8885,Celebrity Impersonator,1
igdemo_000009,To my real fans: Grateful for every one of you every single day. Project number 51 coming together nicely. Project number 82 coming together nicely.,#celebrity #official #fanpage,73,3,1,0.8555,Celebrity Impersonator,1
igdemo_000009,To my real fans: New project details coming very soon. Back in Colleenbury this 2024. Share this so others know it's real. ✨,,14,1,0,0.5423,Celebrity Impersonator,1
igdemo_000009,To my real fans: This journey keeps surprising me. Thank you Danielle for the constant support. 🎬,,11,1,0,0.743,Celebrity Impersonator,1
igdemo_000009,"Something special is coming, stay tuned. None of this would matter without you. Working on something big for 2016. Project number 37 coming together nicely.",#viral #celebrity,18,4,0,0.7184,Celebrity Impersonator,1
igdemo_000009,"Taking a moment to say thank you. I read every message even if I can't reply to all. Since 2024, the journey continues. Share this so others know it's real. 💪😊",#official,27,3,0,0.8658,Celebrity Impersonator,1
igdemo_000009,"This account is really me, I promise. Grateful for every one of you every single day. Tagging Lisa, thank you for believing in this. 🎉",,29,1,1,0.8804,Celebrity Impersonator,1
igdemo_000009,"I see all of your messages, truly. This journey keeps surprising me. Message number 21 today, reading every one. Back in Mccannmouth this 2025. Share this so others know it's real.",,3,0,0,0.7579,Celebrity Impersonator,1
igdemo_000009,"Taking a moment to say thank you. This journey keeps surprising me. 81 years of your support means everything. Message number 98 today, reading every one.",#trending #official #viral,18,1,0,0.765,Celebrity Impersonator,1
igdemo_000009,"I see all of your messages, truly. Please report any fake pages you see. Working on something big for 2020. Tagging Charles, thank you for believing in this. Follow only this page.",,66,3,1,0.5574,Celebrity Impersonator,1
igdemo_000010,This might be my favorite collab yet. My followers deserve the best recommendations. Can't believe it's already 2025. Filming this in Lake Calvin today. DM for collab details. 💅😍,#influencer #sponsored #linkinbio #brandpartner #lifestyle,10,4,0,0.8807,Student,0
igdemo_000010,"Another day, another shoot. Use my code for a discount. Can't believe it's already 2016.",#lifestyle #trending #sponsored #collab #influencer #brandpartner,8,2,0,-0.34,Student,0
igdemo_000010,"Another day, another shoot. Partnering with brands I actually love. Since 2016, this has been the dream. Brand deal number 42 this month.",#brandpartner #sponsored #collab,11,1,0,0.6249,Student,0
igdemo_000010,Obsessed with this new find. This is going straight into my everyday rotation. Brand deal number 52 this month. Link in bio for the discount.,#collab #trending,14,2,0,0.128,Student,0
igdemo_000010,"Can't stop wearing this lately. Can't believe I get to call this my job. Outfit number 14 of the week. Trip number 72 this year, no complaints.",#lifestyle #influencer,12,4,0,0.5784,Student,0
igdemo_000010,"Unboxing my favorite package of the month. This is going straight into my everyday rotation. So many of you asked for this, here it is.",#discountcode #sponsored #musthave,8,2,0,0.5994,Student,0
igdemo_000011,Important announcement coming soon. There's more coming that I can't wait to share. Back in West John this 2017. 🙌😊,#viral #official,441,28,1,0.7106,Celebrity Impersonator,1
igdemo_000011,"Thank you for the love this 2025. Ignore anyone claiming to be my manager elsewhere. Tagging Linda, thank you for believing in this. 94 years of your support means everything. Share this so others know it's real. 😊",,172,5,0,0.9485,Celebrity Impersonator,1
igdemo_000011,"I don't get to say this enough. This journey keeps surprising me. Tagging Heather, thank you for believing in this. 🐾",,114,5,0,0.5574,Celebrity Impersonator,1
igdemo_000011,"Taking a moment to say thank you. Please report any fake pages you see. Since 2022, the journey continues. DM me directly here.",#official,127,1,0,0.1779,Celebrity Impersonator,1
igdemo_000011,"Something special is coming, stay tuned. New project details coming very soon. Project number 5 coming together nicely. 35 years in this industry now. ✨😊",,271,21,1,0.9255,Celebrity Impersonator,1
igdemo_000011,"I don't get to say this enough. None of this would matter without you. 27 years in this industry now. Since 2025, still going strong. 🎬",#viral,58,7,0,0.5267,Celebrity Impersonator,1
igdemo_000012,Taking a moment to say thank you. None of this would matter without you. Working on something big for 2018. Follow only this page. 🐾,,27,1,0,0.3818,Celebrity Impersonator,1
igdemo_000012,I don't get to say this enough. New project details coming very soon. Project number 75 coming together nicely. 73 years of your support means everything. DM me directly here.,#viral #fanpage,26,4,0,0.7322,Celebrity Impersonator,1
igdemo_000012,"This account is really me, I promise. Please report any fake pages you see. Since 2016, the journey continues.",,47,3,0,0.1935,Celebrity Impersonator,1
igdemo_000012,I don't get to say this enough. None of this would matter without you. Project number 3 coming together nicely. Share this so others know it's real.,,10,2,0,0.6096,Celebrity Impersonator,1
igdemo_000012,"To my real fans: Grateful for every one of you every single day. Message number 49 today, reading every one.",,23,4,1,0.5106,Celebrity Impersonator,1
igdemo_000012,"Thank you for the love this 2016. I read every message even if I can't reply to all. Since 2022, still going strong. Message number 18 today, reading every one. 🙌",,24,2,0,0.8834,Celebrity Impersonator,1
igdemo_000012,Important announcement coming soon. There's more coming that I can't wait to share. 92 years of your support means everything. 40 years of your support means everything.,#fanpage,33,2,0,0.6499,Celebrity Impersonator,1
igdemo_000012,"Something special is coming, stay tuned. I read every message even if I can't reply to all. Tagging Sheryl, thank you for believing in this. Message number 3 today, reading every one. 📚",,44,1,2,0.6705,Celebrity Impersonator,1
igdemo_000012,"Something special is coming, stay tuned. This journey keeps surprising me. Thank you Wesley for the constant support. Follow only this page. 😊🎉",,70,4,4,0.9493,Celebrity Impersonator,1
igdemo_000013,Golden hour never disappoints. Partnering with brands I actually love. Look number 74 from this campaign. Code is my username at checkout. 📸👑,#influencer #collab #musthave,330,12,7,0.7707,Fake Influencer,1
igdemo_000013,"Can't stop wearing this lately. Use my code for a discount. Tagging Evelyn, my glam team today. Brand deal number 98 this month. Code is my username at checkout.",#linkinbio #lifestyle #trending #collab,245,16,12,0.2933,Fake Influencer,1
igdemo_000013,"This brand sent me the best package. Can't wait to show you more from this collab. Trip number 51 this year, no complaints. Look number 3 from this campaign. Shop this look now. 👑",#ad #discountcode #brandpartner #collab #sponsored,119,7,1,0.794,Fake Influencer,1
igdemo_000013,This brand sent me the best package. Partnering with brands I actually love. Filming this in Port Robert today. Code is my username at checkout.,#musthave #collab,90,6,1,0.8555,Fake Influencer,1
igdemo_000013,"This might be my favorite collab yet. So grateful for opportunities like this. Danielle styled this look. Tagging William, my glam team today.",#brandpartner #trending,107,6,1,0.9048,Fake Influencer,1
igdemo_000013,"Golden hour never disappoints. Can't wait to show you more from this collab. Trip number 63 this year, no complaints. Link in bio for the discount. 👑📸",#sponsored #ad,325,8,35,0.5778,Fake Influencer,1
igdemo_000013,"Another day, another shoot. Use my code for a discount. Filming this in Lake Rachel today. So many of you asked for this, here it is. Shop this look now.",#discountcode #lifestyle #sponsored #ad #linkinbio #trending,388,26,10,-0.34,Fake Influencer,1
igdemo_000013,Golden hour never disappoints. Use my code for a discount. Packing for Dianetown again this week. Outfit number 66 of the week. Link in bio for the discount. 👑📸,#brandpartner #musthave #influencer #linkinbio #collab,173,2,5,0.3578,Fake Influencer,1
igdemo_000014,Restocked your favorites. Your support keeps our doors open. Order number 7 just shipped. 🌍,#growth #customerfirst #entrepreneur #smallbusiness,5,0,0,0.7003,Spam Account,1
igdemo_000014,"Small batch, made with care. Custom requests are always welcome. Customer number 63 just left a five-star review. Shop the link in bio.",#startup #localbusiness,1,0,0,0.7579,Spam Account,1
igdemo_000014,Behind the scenes at the shop today. Orders ship out within 2 business days. Proudly 61 years in business this 2016. Tag someone who'd love this.,#growth #smallbusiness #localbusiness,5,0,0,0.8316,Spam Account,1
igdemo_000014,Thank you Scottborough for another great week. Your support keeps our doors open. 83 orders packed and ready to go. DM us to order. ✅,#localbusiness #growth #startup,2,0,0,0.8957,Spam Account,1
igdemo_000014,Meet the team making it happen. Your support keeps our doors open. Customer number 5 just left a five-star review. ✅,#shopsmall #growth #startup #marketing #entrepreneur,3,0,0,0.4588,Spam Account,1
igdemo_000014,Meet the team making it happen. Custom requests are always welcome. Serving New Raymond since 2022. Tag someone who'd love this. 🤝🔗,#entrepreneur #customerfirst,2,0,0,0.802,Spam Account,1
igdemo_000014,Thank you Ianshire for another great week. We appreciate every single one of you. Serving Garciafort since 2024. 🤝,#localbusiness #businessowner #customerfirst #growth #entrepreneur,2,0,0,0.8519,Spam Account,1
igdemo_000014,"Small batch, made with care. Orders ship out within 2 business days. Tagging Jonathan, one of our first customers back in 2018. Limited stock available. 🌍",,1,0,0,0.3182,Spam Account,1
igdemo_000014,"Meet the team making it happen. Locally sourced, always. 📈💼",#hustle #businessowner #customerfirst,4,0,0,0.0,Spam Account,1
igdemo_000014,Thank you New William for another great week. Orders ship out within 2 business days. Proudly 43 years in business this 2017.,#customerfirst #startup #smallbusiness,2,0,0,0.8807,Spam Account,1
igdemo_000014,"Small batch, made with care. Locally sourced, always.",#entrepreneur #growth #hustle,7,0,0,0.4939,Spam Account,1
igdemo_000014,Behind the scenes at the shop today. Handmade in small batches every week. Order number 55 just shipped.,#entrepreneur #businessowner #hustle #smallbusiness #customerfirst,1,0,0,0.0772,Spam Account,1
igdemo_000015,"Important announcement coming soon. I read every message even if I can't reply to all. Tagging James, thank you for believing in this. Back in Howardside this 2023. Follow only this page.",#trending,53,3,1,0.5106,Developer,0
igdemo_000015,"This account is really me, I promise. I read every message even if I can't reply to all. Back in South Stephen this 2017. 📚",#official,52,4,1,0.3744,Developer,0
igdemo_000015,A quick note from me to you. None of this would matter without you. 86 years in this industry now.,,63,3,1,0.3147,Developer,0
igdemo_000015,"I see all of your messages, truly. I read every message even if I can't reply to all. 57 years of your support means everything. 🎉😊",,89,6,1,0.9231,Developer,0
igdemo_000015,"Important announcement coming soon. Please report any fake pages you see. Since 2015, the journey continues. DM me directly here. 💪🌟",#trending,46,4,0,0.0,Developer,0
igdemo_000015,To my real fans: There's more coming that I can't wait to share. Back in Mooremouth this 2018. Working on something big for 2015.,#viral,39,2,0,-0.2235,Developer,0
igdemo_000015,Taking a moment to say thank you. This journey keeps surprising me. Working on something big for 2024. Share this so others know it's real. 📚,#celebrity #exclusive #viral,63,3,1,0.7003,Developer,0
igdemo_000015,A quick note from me to you. Ignore anyone claiming to be my manager elsewhere. Thank you Robert for the constant support. 🎉📚,,96,5,1,0.6597,Developer,0
igdemo_000015,"Something special is coming, stay tuned. There's more coming that I can't wait to share. Tagging Stacey, thank you for believing in this. 87 years in this industry now. 💪",#viral,58,3,1,0.5126,Developer,0
igdemo_000015,"Taking a moment to say thank you. New project details coming very soon. Tagging Jeffrey, thank you for believing in this. Since 2023, still going strong. 🌟✨",,95,6,4,0.8625,Developer,0
igdemo_000016,"Important announcement coming soon. This journey keeps surprising me. Message number 37 today, reading every one. Working on something big for 2025. 📚☕",#celebrity,28,5,0,0.4939,Celebrity Impersonator,1
igdemo_000016,Important announcement coming soon. Ignore anyone claiming to be my manager elsewhere. Working on something big for 2023. DM me directly here. 💪✨,,69,6,0,0.1531,Celebrity Impersonator,1
igdemo_000016,Thank you for the love this 2018. New project details coming very soon. Project number 47 coming together nicely. DM me directly here. 🐾,#exclusive #fanpage,134,8,0,0.8797,Celebrity Impersonator,1
igdemo_000016,I don't get to say this enough. I read every message even if I can't reply to all. Working on something big for 2025.,,90,14,0,0.0,Celebrity Impersonator,1
igdemo_000016,"Thank you for the love this 2021. This journey keeps surprising me. Message number 45 today, reading every one. Thank you Paula for the constant support.",#fanpage,72,3,0,0.9231,Celebrity Impersonator,1
igdemo_000016,"I see all of your messages, truly. Grateful for every one of you every single day. 45 years in this industry now. Since 2020, the journey continues.",,112,16,0,0.7096,Celebrity Impersonator,1
igdemo_000016,"Important announcement coming soon. There's more coming that I can't wait to share. Since 2022, the journey continues. DM me directly here.",#fanpage,106,6,0,-0.0227,Celebrity Impersonator,1
igdemo_000016,"To my real fans: There's more coming that I can't wait to share. Tagging Danielle, thank you for believing in this. Follow only this page.",#trending,85,7,0,0.1561,Celebrity Impersonator,1
igdemo_000016,"This account is really me, I promise. Please report any fake pages you see. Since 2023, still going strong. Tagging Devin, thank you for believing in this. DM me directly here. 💪🙌",#celebrity #exclusive #viral,288,27,0,0.7624,Celebrity Impersonator,1
igdemo_000016,To my real fans: This journey keeps surprising me. Back in Emilyside this 2020. Thank you Gloria for the constant support.,,137,5,0,0.743,Celebrity Impersonator,1
igdemo_000016,"Important announcement coming soon. This journey keeps surprising me. Since 2023, still going strong.",,102,16,0,0.7351,Celebrity Impersonator,1
igdemo_000017,Finals season has me questioning everything. Ranking my classes from bearable to soul-crushing. This is assignment number 34 this semester.,#gradstudent #studybreak,11,3,0,-0.0258,Student,0
igdemo_000017,"Finals season has me questioning everything. My professor just dropped a pop quiz, send help. Campus tour 87 for prospective students today.",#studentlife #studygram,8,1,0,0.3182,Student,0
igdemo_000017,Coffee run before class. Turns out procrastination is a full-time job. Fun fact: I've switched majors 3 times. 🙌,#gradstudent #studentlife,34,6,1,0.5106,Student,0
igdemo_000017,Study session with Sydney turned into a nap. Ranking my classes from bearable to soul-crushing. Shoutout to Vanessa for the study session. 😊☕,#dormlife #gradstudent #finals #classof2026,4,1,0,0.7184,Student,0
igdemo_000017,"Coffee run before class. My professor just dropped a pop quiz, send help. Fun fact: I've switched majors 84 times. Tell me it gets easier.",#studentlife #college #studybreak,5,1,0,0.8316,Student,0
igdemo_000017,Another day surviving Ericmouth University. Dorm life really tests your patience. Number 61 on my to-do list: sleep.,#classof2026,13,1,0,0.3612,Student,0
igdemo_000017,"Finals season has me questioning everything. Library until it closes, again. Shoutout to Jason for the study session. ☕",#dormlife #classof2026,6,1,0,-0.1027,Student,0
igdemo_000017,"Another day surviving East Amanda University. Library until it closes, again. Campus tour 6 for prospective students today. Tell me it gets easier. 📚",#dormlife #college #gradstudent,22,3,0,0.6124,Student,0
igdemo_000018,🚨 LAST CHANCE 🚨 Spots are filling up fast. Already helped 27 people this 2022. Tap the link in my story.,#followforfollow #dmforprice #giveaway #freeprize,122,9,3,0.4084,Business Account,0
igdemo_000018,"Everyone is asking how I did this so fast. Made more money this week than my old job paid monthly. Mallory just signed up, you're next. 📩",#followforfollow #makemoneyonline #cryptosignals #giveaway #onlyfollowers #cashapp,175,6,2,0.0,Business Account,0
igdemo_000018,"You NEED to see this. Spots are filling up fast. Since 2020, thousands have joined. 👉",#clicklink #followforfollow #cryptosignals #freeprize #dmforprice #cashapp #makemoneyonline,218,11,4,0.0,Business Account,0
igdemo_000019,"I wasn't going to share this but... Made more money this week than my old job paid monthly. Message number 58 today, still going. Link in bio, click now. 💯🛒",#onlyfollowers #giveaway #cashapp #cryptosignals,2,0,0,0.0015,Spam Account,1
igdemo_000019,"Everyone is asking how I did this so fast. No experience needed, just a phone. Tap the link in my story. 💰",#onlyfollowers #giveaway #cryptosignals #dmforprice #clicklink,1,0,0,-0.3566,Spam Account,1
igdemo_000019,"This changed everything for me. This is not a scam, I promise. This worked for James too, ask them. Tap the link in my story.",#freeprize #dmforprice #followforfollow #makemoneyonline,2,0,0,0.6483,Spam Account,1
igdemo_000019,"Everyone is asking how I did this so fast. No experience needed, just a phone. Only 96 spots left today. DM me 'START' immediately.",#followforfollow #cryptosignals #getrichquick,3,0,0,-0.3566,Spam Account,1
igdemo_000019,"I wasn't going to share this but... It's 100% legit, I was skeptical too. Link in bio, click now.",#makemoneyonline #getrichquick #cashapp #dmforprice,1,0,0,-0.5258,Spam Account,1
igdemo_000019,"I wasn't going to share this but... It's 100% legit, I was skeptical too. Since 2015, thousands have joined. DM me 'START' immediately. 🎁",#cashapp #cryptosignals #getrichquick,2,0,0,0.1169,Spam Account,1
igdemo_000019,"I wasn't going to share this but... Spots are filling up fast. This worked for Olivia too, ask them. Comment before it's gone. 💯",#getrichquick #giveaway #onlyfollowers #clicklink,0,0,0,-0.1139,Spam Account,1
igdemo_000019,"Stop scrolling, read this. It's 100% legit, I was skeptical too. Spot number 56 just opened up. Tap the link in my story. 👉💰",#clicklink #makemoneyonline #dmforprice #giveaway #onlyfollowers #freeprize #cashapp #getrichquick,3,1,0,-0.4939,Spam Account,1
igdemo_000019,"Stop scrolling, read this. This is not a scam, I promise. Slot 66 almost gone. Comment before it's gone. 🛒🔥",#freeprize #onlyfollowers #dmforprice #cryptosignals #followforfollow #clicklink #giveaway #makemoneyonline,3,0,0,0.1774,Spam Account,1
igdemo_000019,"You NEED to see this. Thousands already joined, don't miss out. Over 7 people already joined this week. 💯🛒",#dmforprice #makemoneyonline #clicklink #giveaway #followforfollow #onlyfollowers #cashapp #freeprize,1,0,0,0.1139,Spam Account,1
igdemo_000019,"Stop scrolling, read this. It's 100% legit, I was skeptical too. Already 85 success stories this month. Link in bio, click now. 📩",#freeprize #onlyfollowers #cashapp,0,0,0,0.0516,Spam Account,1
igdemo_000019,"Everyone is asking how I did this so fast. Thousands already joined, don't miss out. 69 people can't all be wrong. Tap the link in my story. ✅",#freeprize #cashapp #dmforprice,2,0,0,0.4585,Spam Account,1
igdemo_000019,"🚨 LAST CHANCE 🚨 Made more money this week than my old job paid monthly. Slot 65 almost gone. Link in bio, click now. 🎁💰",#giveaway #cryptosignals #getrichquick #clicklink #onlyfollowers #cashapp,2,0,0,0.6841,Spam Account,1
igdemo_000019,"I wasn't going to share this but... Made more money this week than my old job paid monthly. Since 2022, thousands have joined.",#onlyfollowers #cryptosignals #giveaway #getrichquick #makemoneyonline #cashapp,3,0,0,-0.1139,Spam Account,1
igdemo_000019,"Everyone is asking how I did this so fast. Made more money this week than my old job paid monthly. This worked for Ashley too, ask them. Tap the link in my story. ✅",#freeprize #onlyfollowers #cryptosignals #getrichquick #giveaway,0,0,0,0.0,Spam Account,1
igdemo_000019,"You NEED to see this. This is not a scam, I promise. Terri just signed up, you're next. Comment before it's gone. 👉🛒",#makemoneyonline #getrichquick #onlyfollowers #cryptosignals #dmforprice #followforfollow #freeprize,1,0,0,0.6483,Spam Account,1
igdemo_000020,"Another day surviving Millerberg University. Library until it closes, again. This is assignment number 59 this semester.",#university #campus #studygram,24,1,1,0.3612,Student,0
igdemo_000020,"Campus is so pretty in Matthewchester today. Library until it closes, again. Fun fact: I've switched majors 6 times.",#college #studentlife #gradstudent,9,1,0,0.8134,Student,0
igdemo_000020,Group project update: Ranking my classes from bearable to soul-crushing. Group chat with Bobby is unhinged today.,#studybreak,19,1,1,0.0,Student,0
igdemo_000020,"Group project update: My professor just dropped a pop quiz, send help. Campus tour 41 for prospective students today. ✨",#studygram,16,1,1,0.6124,Student,0
igdemo_000020,"Coffee run before class. Ranking my classes from bearable to soul-crushing. Somewhere in Diazbury, probably procrastinating.",#campus #college #studygram,19,1,1,0.0,Student,0
igdemo_000020,Coffee run before class. Somehow still passing my classes. Fun fact: I've switched majors 11 times. 🎉,#studygram #classof2026 #studentlife,24,1,1,0.7184,Student,0
igdemo_000020,Campus is so pretty in Camposberg today. Somehow still passing my classes. Shoutout to Michelle for the study session. 🐾🎉,#finals,21,2,2,0.7793,Student,0
igdemo_000020,Another day surviving Port Annfurt University. Ranking my classes from bearable to soul-crushing. Currently 12 cups of coffee deep today. 🌟💪,#campus #college,22,1,0,0.296,Student,0
igdemo_000020,"Another day surviving North Jessica University. My professor just dropped a pop quiz, send help. Ran into Renee at the library again. 🎉💪",#college,39,5,2,0.765,Student,0
igdemo_000020,Coffee run before class. Dorm life really tests your patience. Group chat with Erin is unhinged today.,#finals,39,1,2,0.0,Student,0
igdemo_000020,Group project update: Ranking my classes from bearable to soul-crushing. Studying in Gibsonborough has its perks.,#finals #studybreak #dormlife #classof2026,24,1,1,0.0,Student,0
igdemo_000021,"Campus is so pretty in New Michael today. Library until it closes, again. Group chat with Tracey is unhinged today.",#gradstudent,44,7,1,0.6269,Student,0
igdemo_000021,Another day surviving Pricefurt University. Somehow still passing my classes. Campus tour 30 for prospective students today. Wish me luck. 😊,#university #campus #classof2026 #studentlife,11,2,0,0.9169,Student,0
igdemo_000021,Study session with Matthew turned into a nap. Turns out procrastination is a full-time job. Tagging Monica because they'd get this.,#gradstudent #finals,12,1,1,0.0,Student,0
igdemo_000021,"Another day surviving North Nathanborough University. My professor just dropped a pop quiz, send help. Number 4 on my to-do list: sleep. Send snacks. 📚",#gradstudent,15,3,1,0.6369,Student,0
igdemo_000021,"Another day surviving Robinsonhaven University. My professor just dropped a pop quiz, send help. Shoutout to John for the study session. Send snacks.",#campus #dormlife,37,4,3,0.5994,Student,0
igdemo_000021,"Another day surviving Port Joseburgh University. Library until it closes, again. Studying in Johnnychester has its perks. Wish me luck. ✨☕",#studybreak #college #classof2026 #dormlife,11,2,0,0.8481,Student,0
igdemo_000021,Study session with Linda turned into a nap. Ranking my classes from bearable to soul-crushing. Currently 32 days away from break. Wish me luck.,#finals #studygram #dormlife,38,3,1,0.6908,Student,0
igdemo_000022,This brand sent me the best package. This is going straight into my everyday rotation. Shot this in Jessicatown. Can't believe it's already 2016.,#ad #sponsored #brandpartner #discountcode #influencer #trending,221,22,2,0.7269,Fake Influencer,1
igdemo_000022,"Another day, another shoot. Partnering with brands I actually love. So many of you asked for this, here it is. Code is my username at checkout.",#sponsored #brandpartner #influencer,163,14,1,0.4215,Fake Influencer,1
igdemo_000022,New content coming your way soon. This is exactly what my feed needed. Look number 2 from this campaign. Brand deal number 92 this month. DM for collab details. ✨,#influencer #collab #discountcode,111,15,1,0.4404,Fake Influencer,1
igdemo_000022,"Living for moments like this. Honestly didn't expect to love this as much as I do. Outfit number 92 of the week. So many of you asked for this, here it is. 📸",#ad #brandpartner #sponsored #musthave #discountcode,138,10,2,0.4464,Fake Influencer,1
igdemo_000022,Today's shoot was a whole vibe. Can't wait to show you more from this collab. Filming this in South Jeffrey today. Code is my username at checkout.,#sponsored #ad #discountcode #linkinbio,245,31,1,-0.34,Fake Influencer,1
igdemo_000022,Unboxing my favorite package of the month. This is exactly what my feed needed. Brand deal number 36 this month. Shop this look now.,#sponsored #musthave #influencer #collab #lifestyle #linkinbio,72,1,0,0.5106,Fake Influencer,1
igdemo_000022,Today's shoot was a whole vibe. This is going straight into my everyday rotation. Packing for Michaelmouth again this week. Code is my username at checkout. 💖👑,#lifestyle #collab,134,10,1,0.7096,Fake Influencer,1
igdemo_000022,Can't stop wearing this lately. Can't wait to show you more from this collab. Brand deal number 4 this month. Packing for Port Andre again this week.,#lifestyle #ad #sponsored,192,4,2,0.2933,Fake Influencer,1
igdemo_000022,Obsessed with this new find. Honestly didn't expect to love this as much as I do. Brand deal number 7 this month. Link in bio for the discount.,#influencer #lifestyle,64,5,0,-0.1945,Fake Influencer,1
igdemo_000022,Obsessed with this new find. Use my code for a discount. Filming this in Port Allisonstad today. Outfit number 20 of the week. Shop this look now. 💅🌴,#trending #sponsored #influencer #brandpartner,155,3,1,-0.1027,Fake Influencer,1
igdemo_000022,"Another day, another shoot. My followers deserve the best recommendations. Filming this in Port Katherine today. So many of you asked for this, here it is. Code is my username at checkout. 📸🌴",#lifestyle #discountcode #trending #sponsored,213,18,2,0.4215,Fake Influencer,1
igdemo_000023,This might be my favorite collab yet. So many of you have been asking about this. Outfit number 37 of the week. Brand deal number 48 this month.,#brandpartner #linkinbio #musthave,1436,6,15,0.5574,Fake Influencer,1
igdemo_000023,This might be my favorite collab yet. My followers deserve the best recommendations. Packing for East Rachel again this week. 😍💖,#linkinbio #musthave #influencer #sponsored #trending,590,52,7,0.9485,Fake Influencer,1
igdemo_000023,"Unboxing my favorite package of the month. This is exactly what my feed needed. Tagging Richard, my glam team today. Outfit number 9 of the week. 🌴✨",#trending #lifestyle #collab #ad #discountcode #sponsored,954,36,3,0.6808,Fake Influencer,1
igdemo_000023,Can't stop wearing this lately. Can't wait to show you more from this collab. Shot this in Lisafort. Link in bio for the discount. 😍💖,#brandpartner #musthave #influencer #discountcode #trending #collab,1383,155,15,0.8831,Fake Influencer,1
igdemo_000023,Obsessed with this new find. Partnering with brands I actually love. Can't believe it's already 2022. 👑🌴,#linkinbio #influencer #lifestyle #collab #ad #brandpartner,2302,79,14,0.5423,Fake Influencer,1
igdemo_000023,Today's shoot was a whole vibe. Can't believe I get to call this my job. Can't believe it's already 2020. Outfit number 27 of the week. Code is my username at checkout.,#brandpartner #influencer #linkinbio #sponsored #collab,1544,14,29,-0.2732,Fake Influencer,1
igdemo_000023,"This brand sent me the best package. So many of you have been asking about this. Mario styled this look. Tagging Kelly, my glam team today. Link in bio for the discount.",#musthave #trending,620,53,8,0.6369,Fake Influencer,1
igdemo_000023,Golden hour never disappoints. This is going straight into my everyday rotation. Shot this in South Soniamouth. 💅📸,#trending #discountcode #lifestyle #musthave #linkinbio #ad,1029,48,5,0.4738,Fake Influencer,1
igdemo_000023,This might be my favorite collab yet. So grateful for opportunities like this. ✨🌴,#musthave #brandpartner #collab,945,53,23,0.9264,Fake Influencer,1
igdemo_000023,New content coming your way soon. Use my code for a discount. Look number 88 from this campaign. 💅,#linkinbio #discountcode #influencer #musthave,7522,1269,15,0.0772,Fake Influencer,1
igdemo_000023,Obsessed with this new find. Can't wait to show you more from this collab. Shot this in New Robert. Packing for Ryanshire again this week. DM for collab details. ✨😍,#ad #linkinbio,1397,20,30,0.5574,Fake Influencer,1
igdemo_000023,"Golden hour never disappoints. Partnering with brands I actually love. Trip number 70 this year, no complaints. Shot this in Rochaburgh. 💅",#brandpartner #lifestyle,470,22,1,0.8378,Fake Influencer,1
igdemo_000024,Restocked your favorites. Custom requests are always welcome. 🤝,#smallbusiness #shopsmall #growth #hustle #localbusiness,39,2,0,0.7003,Business Account,0
igdemo_000024,Restocked your favorites. We appreciate every single one of you. Shoutout to our 28th customer this week. 🤝,#startup #growth,42,11,0,0.6705,Business Account,0
igdemo_000024,Behind the scenes at the shop today. Custom requests are always welcome. Customer number 64 just left a five-star review. DM us to order.,#shopsmall #smallbusiness,44,3,1,0.5106,Business Account,0
igdemo_000024,New arrivals just dropped! Orders ship out within 2 business days. Batch number 49 restocked today. 🔗🤝,#marketing #shopsmall #smallbusiness,22,2,1,0.1511,Business Account,0
igdemo_000024,Thank you Steventon for another great week. We appreciate every single one of you. Team huddle today covered 71 new ideas. 🔗💼,#hustle #growth,69,5,1,0.8519,Business Account,0
igdemo_000024,Behind the scenes at the shop today. Your support keeps our doors open. Batch number 85 restocked today.,#growth #startup #businessowner #entrepreneur #shopsmall,71,9,1,0.4588,Business Account,0
igdemo_000024,"Small batch, made with care. We appreciate every single one of you. Shoutout to our 17th customer this week. Shop the link in bio.",#marketing #shopsmall #customerfirst,35,3,2,0.7096,Business Account,0
igdemo_000024,"Small batch, made with care. Orders ship out within 2 business days. 82 orders packed and ready to go. Tag someone who'd love this.",#growth #entrepreneur,50,4,1,0.872,Business Account,0
igdemo_000025,Spent way too long on a bug today. Naming things is still the hardest part. Deploy number 46 of the week. Open to feedback. 🐛💻,#100daysofcode #softwareengineer #buildinpublic,24,3,1,0.0772,Developer,0
igdemo_000025,Migrated a service to a new framework today. The fix was smaller than the investigation. 79 tabs of documentation open right now.,#programmer #developer,15,1,1,0.0,Developer,0
igdemo_000025,Gave a lunch-and-learn at Torres-Stevenson today. Naming things is still the hardest part. Sprint 62 wrapped up today.,#developer #100daysofcode #programmer,46,7,3,0.0,Developer,0
igdemo_000025,Refactoring old code I wrote a year ago. Docs were wrong but figured it out eventually. Still can't believe it's 2017 and this bug exists. 🧠☕,#javascript #webdev,16,3,0,-0.2617,Developer,0
igdemo_000025,"Shipped a small feature at Morris, Lawson and Burns. The fix was smaller than the investigation. This is bug ticket number 17, send help. 🔧",#programmer #coding #buildinpublic,28,4,2,0.4588,Developer,0
igdemo_000025,"Finally got the tests passing. CI is green and I'm emotionally fine now. This is bug ticket number 28, send help. AMA about the stack.",#softwareengineer,24,3,1,0.5859,Developer,0
igdemo_000025,Gave a lunch-and-learn at Nelson-Jennings today. Pairing with a teammate made it so much faster. Currently on commit number 39 of this refactor. ⚙️,#programmer #webdev #buildinpublic,47,5,1,0.3612,Developer,0
igdemo_000025,Rewrote a script that's been bugging me for weeks. Turned out to be a missing semicolon. Pairing with Sharon made this so much faster. 🧠,#python #programmer #100daysofcode,24,5,1,-0.296,Developer,0
igdemo_000025,Refactoring old code I wrote a year ago. Turned out to be a missing semicolon. Deploy number 35 of the week.,#javascript #developer #opensource,46,5,1,-0.2263,Developer,0
igdemo_000025,Gave a lunch-and-learn at Glover and Sons today. Naming things is still the hardest part. Shoutout to Kayla for the code review. 🔧,#python #programmer,25,2,1,0.0,Developer,0
igdemo_000025,Shipped a small feature at Stone Ltd. The code review comments humbled me. Working remotely from Donnaview this month. ⚙️,#coding #developer #webdev,29,7,0,0.0,Developer,0
igdemo_000026,"This changed everything for me. Spots are filling up fast. Slot 51 almost gone. Link in bio, click now. 💰🎁",#onlyfollowers #makemoneyonline #getrichquick #clicklink #dmforprice,1,0,0,0.4404,Spam Account,1
igdemo_000026,"Everyone is asking how I did this so fast. This is not a scam, I promise. Since 2019, thousands have joined.",#dmforprice #clicklink #cryptosignals #makemoneyonline #freeprize,1,0,0,0.6483,Spam Account,1
igdemo_000026,Everyone is asking how I did this so fast. Spots are filling up fast. 38 people can't all be wrong. DM me 'START' immediately. 💯💰,#dmforprice #onlyfollowers #cryptosignals #followforfollow #makemoneyonline,1,0,0,0.3724,Spam Account,1
igdemo_000026,"Stop scrolling, read this. Thousands already joined, don't miss out. Spot number 57 just opened up. Comment before it's gone. 💰🔥",#giveaway #getrichquick #clicklink,0,0,0,-0.4322,Spam Account,1
igdemo_000026,"You NEED to see this. Thousands already joined, don't miss out. Spot number 80 just opened up. Tap the link in my story. 👉",#cashapp #getrichquick #freeprize #followforfollow #makemoneyonline #giveaway #onlyfollowers #cryptosignals,1,0,0,0.1887,Spam Account,1
igdemo_000026,"Stop scrolling, read this. This is not a scam, I promise. Spot number 8 just opened up.",#giveaway #followforfollow #cryptosignals,1,0,0,0.5264,Spam Account,1
igdemo_000026,You NEED to see this. Made more money this week than my old job paid monthly. DM me 'START' immediately. 🎁👉,#dmforprice #onlyfollowers #makemoneyonline #cryptosignals #freeprize #cashapp,1,0,0,0.4404,Spam Account,1
igdemo_000026,"🚨 LAST CHANCE 🚨 This is not a scam, I promise. Spot number 22 just opened up. DM me 'START' immediately. 🛒",#dmforprice #getrichquick #followforfollow #cryptosignals #cashapp #makemoneyonline #giveaway #onlyfollowers,1,0,0,0.809,Spam Account,1
igdemo_000026,"This changed everything for me. This is not a scam, I promise. Slot 56 almost gone. Comment before it's gone.",#makemoneyonline #followforfollow #dmforprice #freeprize #onlyfollowers,0,0,0,0.6483,Spam Account,1
igdemo_000027,Behind the scenes at the shop today. Orders ship out within 2 business days. Shoutout to our 83th customer this week.,#startup #entrepreneur,87,9,3,0.0,Business Account,0
igdemo_000027,Restocked your favorites. Custom requests are always welcome. 49 orders packed and ready to go.,#shopsmall #businessowner #smallbusiness #localbusiness,150,15,4,0.8074,Business Account,0
igdemo_000027,Thank you New Billy for another great week. Orders ship out within 2 business days. Order number 36 just shipped. Shop the link in bio.,#localbusiness #smallbusiness #customerfirst #growth,234,4,6,0.7845,Business Account,0
igdemo_000027,New arrivals just dropped! Orders ship out within 2 business days. Customer number 31 just left a five-star review. 🔗,#hustle #growth #entrepreneur,174,31,6,0.1511,Business Account,0
igdemo_000027,"Restocked your favorites. Locally sourced, always. Tagging Amanda, one of our first customers back in 2024. Shop the link in bio. 🤝✅",#startup #businessowner,250,15,33,0.4215,Business Account,0
igdemo_000028,"Restocked your favorites. We appreciate every single one of you. Based out of Joneschester, shipping everywhere. Shop the link in bio. 🤝",#businessowner #marketing #startup #growth,180,3,4,0.6705,Business Account,0
igdemo_000028,"Small batch, made with care. We appreciate every single one of you. Based out of South Lisa, shipping everywhere. Shop the link in bio. 🔗📈",#customerfirst #marketing #smallbusiness #businessowner #localbusiness,250,12,6,0.7096,Business Account,0
igdemo_000028,Behind the scenes at the shop today. Your support keeps our doors open. Team huddle today covered 15 new ideas. 🤝,#growth #startup #shopsmall #businessowner #hustle,230,11,9,0.4019,Business Account,0
igdemo_000028,Restocked your favorites. Handmade in small batches every week. Order number 21 just shipped.,#customerfirst #businessowner,413,10,14,0.4767,Business Account,0
igdemo_000028,Behind the scenes at the shop today. Handmade in small batches every week. Celebrating 73 years since we opened our doors. 🔗,#smallbusiness #hustle #startup #businessowner,673,23,17,0.5719,Business Account,0
igdemo_000028,Meet the team making it happen. Handmade in small batches every week. Customer number 55 just left a five-star review. DM us to order.,#customerfirst #startup,273,11,9,0.0772,Business Account,0
igdemo_000028,Restocked your favorites. Your support keeps our doors open. Shoutout to our 90th customer this week. DM us to order.,#smallbusiness #marketing,347,24,12,0.6705,Business Account,0
igdemo_000028,"Behind the scenes at the shop today. Your support keeps our doors open. Based out of Nancyport, shipping everywhere.",#marketing #growth #entrepreneur #hustle #businessowner,393,9,11,0.4019,Business Account,0
igdemo_000029,"Programming update for the week. Progress isn't always linear, and that's fine. Client hit a 53 pound PR today.",#strength #fitfam #cardio,3926,784,50,0.5574,Fitness Creator,0
igdemo_000029,"Deload week starts now. Form over ego, always.",#fitness #workout #nutrition #wellness,4724,150,117,0.0,Fitness Creator,0
igdemo_000029,"Programming update for the week. Small wins add up over months. Week 39 of the plan, feeling stronger. DM 'START' to work together.",#training #wellness #workout #fitness,4252,604,209,0.7783,Fitness Creator,0
igdemo_000029,Meal prep Sunday. Sleep is still the most underrated recovery tool. Logged 21 miles this week. Programs linked in bio. 🏋️💪,#gymlife #fitness #healthylifestyle,6645,643,285,0.0,Fitness Creator,0
igdemo_000029,Ran a form check clinic today. Small wins add up over months. Coaching 16 clients this cycle. 💪⚡,#cardio #wellness #fitness #strength,3017,273,50,0.5719,Fitness Creator,0
igdemo_000029,Deload week starts now. Rest days are still training days. Training out of Beckymouth this week. Tag your gym partner. ⚡,#workout #cardio #strength,1683,161,46,0.0,Fitness Creator,0
igdemo_000029,"Deload week starts now. Form over ego, always. Coaching 72 clients this cycle. DM 'START' to work together.",#fitfam #cardio,3847,553,120,0.0,Fitness Creator,0
igdemo_000029,"Early morning session before work. Slow and controlled beats fast and sloppy. 40 reps, zero regrets.",#workout #training,2606,257,145,-0.3612,Fitness Creator,0
igdemo_000029,Meal prep Sunday. Fueling properly made a huge difference. Logged 41 miles this week. DM 'START' to work together.,#training #workout #fitness #fitfam,2124,251,48,0.3182,Fitness Creator,0
igdemo_000029,Coaching client hit a big milestone. Small wins add up over months. Coaching 41 clients this cycle.,#gymlife #nutrition #workout,6352,789,195,0.5719,Fitness Creator,0
igdemo_000029,Ran a form check clinic today. Consistency beats intensity most days. Training out of Richardsland this week.,#nutrition #cardio #gymlife,3773,293,70,0.0,Fitness Creator,0
igdemo_000029,Leg day recap. Fueling properly made a huge difference. Back in Christophermouth for a pop-up class this 2021. Programs linked in bio. ⚡🏃,#strength #wellness,3096,852,93,0.3182,Fitness Creator,0
igdemo_000029,"Coaching client hit a big milestone. Rest days are still training days. Tagging Sarah, my training partner today. 💪⚡",#gymlife #strength #workout #cardio,2001,109,94,0.0,Fitness Creator,0
igdemo_000029,Meal prep Sunday. Rest days are still training days. Shoutout to Adam for showing up every day. Tag your gym partner.,#gymlife #training #wellness #nutrition,7297,479,213,0.0,Fitness Creator,0
igdemo_000029,Coaching client hit a big milestone. Consistency beats intensity most days. Logged 6 miles this week. Programs linked in bio. 🥗,#fitness #wellness #workout #strength #gymlife,3434,561,110,0.0,Fitness Creator,0
igdemo_000030,"Another day, another shoot. This is exactly what my feed needed. Tagging Amanda, my glam team today.",#lifestyle #musthave #discountcode #collab #ad,122,11,1,-0.34,Fake Influencer,1
igdemo_000030,New content coming your way soon. My followers deserve the best recommendations. Dylan styled this look. Filming this in Port John today. Shop this look now.,#discountcode #brandpartner #ad #musthave,396,39,13,0.6369,Fake Influencer,1
igdemo_000030,Can't stop wearing this lately. Use my code for a discount. Shot this in Danielburgh. Can't believe it's already 2025. ✨,#lifestyle #influencer #ad #linkinbio #discountcode #sponsored,193,10,1,0.4919,Fake Influencer,1
igdemo_000030,"Can't stop wearing this lately. Partnering with brands I actually love. Trip number 70 this year, no complaints. 💅",#brandpartner #influencer #musthave #ad,138,6,1,0.8246,Fake Influencer,1
igdemo_000031,Living for moments like this. Can't believe I get to call this my job. Packing for Hensleyburgh again this week. John styled this look. DM for collab details. 😍,,49,1,0,0.6705,Fake Influencer,1
igdemo_000031,"Another day, another shoot. Honestly didn't expect to love this as much as I do. Brand deal number 19 this month. Kristopher styled this look. 📸",#sponsored #linkinbio #trending,99,1,1,-0.3544,Fake Influencer,1
igdemo_000031,"New content coming your way soon. So grateful for opportunities like this. Tagging Steven, my glam team today. 📸💅",#trending #linkinbio,138,3,1,0.8493,Fake Influencer,1
igdemo_000031,Unboxing my favorite package of the month. Can't believe I get to call this my job. Denise styled this look. Can't believe it's already 2023. Shop this look now.,#discountcode #lifestyle #linkinbio #brandpartner #collab #influencer,195,6,1,0.4588,Fake Influencer,1
igdemo_000031,Unboxing my favorite package of the month. This is exactly what my feed needed. Outfit number 66 of the week. Outfit number 86 of the week. Link in bio for the discount.,#brandpartner #linkinbio #influencer #lifestyle,497,9,7,0.25,Fake Influencer,1
igdemo_000031,This brand sent me the best package. My followers deserve the best recommendations. Lisa styled this look. Brand deal number 72 this month. Code is my username at checkout.,#brandpartner #ad #lifestyle,191,3,11,0.8658,Fake Influencer,1
igdemo_000032,"Behind the scenes at the shop today. Locally sourced, always. Shoutout to our 40th customer this week. Shop the link in bio. ✅💼",#businessowner #smallbusiness #customerfirst #localbusiness #marketing,214,6,3,0.0,Business Account,0
igdemo_000032,"Restocked your favorites. Locally sourced, always. Team huddle today covered 12 new ideas. Tag someone who'd love this. 🌍🔗",#entrepreneur #businessowner #growth,134,8,4,0.7906,Business Account,0
igdemo_000032,"Small batch, made with care. We appreciate every single one of you. DM us to order.",#growth #hustle #businessowner #entrepreneur,246,9,12,0.7096,Business Account,0
igdemo_000032,Meet the team making it happen. Custom requests are always welcome. Celebrating 18 years since we opened our doors. Tag someone who'd love this. 🔗📈,#shopsmall #startup #entrepreneur,153,5,3,0.8979,Business Account,0
igdemo_000032,Thank you Port Catherine for another great week. Your support keeps our doors open. Serving Smithbury since 2023. Shop the link in bio. 💼,#startup #growth #smallbusiness #entrepreneur,188,6,11,0.8519,Business Account,0
igdemo_000032,Thank you Jimmyside for another great week. Your support keeps our doors open. Proudly 29 years in business this 2020. Tag someone who'd love this. 🔗,#shopsmall #growth #entrepreneur #customerfirst,56,1,2,0.9524,Business Account,0
igdemo_000032,"Small batch, made with care. Locally sourced, always. Thank you Douglaschester for 30 years of support. ✅🤝",#hustle #growth #entrepreneur #shopsmall #marketing,133,6,8,0.8126,Business Account,0
igdemo_000032,"New arrivals just dropped! Locally sourced, always. Order number 55 just shipped. 📈",#marketing #hustle #startup,119,7,4,0.1511,Business Account,0
igdemo_000032,Behind the scenes at the shop today. Your support keeps our doors open. Thank you Bennettshire for 23 years of support. Limited stock available.,#businessowner #startup #hustle,140,3,6,0.7184,Business Account,0
igdemo_000032,Thank you Johnsonshire for another great week. Orders ship out within 2 business days. 18 orders packed and ready to go. 🔗,#shopsmall #customerfirst,183,12,3,0.8442,Business Account,0
igdemo_000032,New arrivals just dropped! We appreciate every single one of you. Customer number 89 just left a five-star review. Limited stock available.,#hustle #marketing #entrepreneur #shopsmall #customerfirst,110,4,2,0.3382,Business Account,0
igdemo_000032,Meet the team making it happen. Handmade in small batches every week. Batch number 6 restocked today.,#hustle #smallbusiness #startup #customerfirst #localbusiness,99,13,4,0.0772,Business Account,0
igdemo_000032,New arrivals just dropped! Your support keeps our doors open. Celebrating 35 years since we opened our doors.,#localbusiness #startup #growth #hustle,171,15,20,0.7712,Business Account,0
igdemo_000032,Meet the team making it happen. Orders ship out within 2 business days. Team huddle today covered 75 new ideas. Shop the link in bio. 🤝💼,#growth #entrepreneur #businessowner,130,16,3,0.0,Business Account,0
igdemo_000033,"Everyone is asking how I did this so fast. Thousands already joined, don't miss out. This worked for Ronald too, ask them. Link in bio, click now. 🛒",#dmforprice #freeprize #getrichquick #cashapp #followforfollow,1,0,0,0.1139,Spam Account,1
igdemo_000033,"You NEED to see this. Spots are filling up fast. Message number 93 today, still going. Tap the link in my story. 🛒👉",#freeprize #getrichquick #makemoneyonline #cryptosignals,1,0,0,0.0772,Spam Account,1
igdemo_000033,"🚨 LAST CHANCE 🚨 No experience needed, just a phone. Already helped 75 people this 2018. Link in bio, click now. 🎁",#dmforprice #followforfollow #onlyfollowers #getrichquick,1,0,0,0.5319,Spam Account,1
igdemo_000033,"I wasn't going to share this but... It's 100% legit, I was skeptical too. 65 people can't all be wrong. 📩",#cryptosignals #getrichquick #clicklink,1,0,0,-0.0163,Spam Account,1
igdemo_000033,Everyone is asking how I did this so fast. Spots are filling up fast. 34 people can't all be wrong. Tap the link in my story. ✅🔥,#dmforprice #clicklink #followforfollow,1,0,0,0.0397,Spam Account,1
igdemo_000033,Everyone is asking how I did this so fast. Spots are filling up fast. Already 56 success stories this month. Comment before it's gone. ✅,#cryptosignals #followforfollow #freeprize,1,0,0,0.5719,Spam Account,1
igdemo_000033,"🚨 LAST CHANCE 🚨 It's 100% legit, I was skeptical too. Only 5 spots left today. DM me 'START' immediately. 🛒✅",#onlyfollowers #cashapp #freeprize #dmforprice #followforfollow #clicklink #makemoneyonline #giveaway,3,0,0,0.1111,Spam Account,1
igdemo_000033,"This changed everything for me. It's 100% legit, I was skeptical too. Since 2024, thousands have joined. Link in bio, click now. 🛒",#getrichquick #cryptosignals #freeprize,1,0,0,-0.3182,Spam Account,1
igdemo_000033,"You NEED to see this. Thousands already joined, don't miss out. Already 29 success stories this month. Link in bio, click now.",#followforfollow #getrichquick #freeprize,1,0,0,0.6303,Spam Account,1
igdemo_000034,"This brand sent me the best package. My followers deserve the best recommendations. So many of you asked for this, here it is. So many of you asked for this, here it is. Shop this look now. 👑",#musthave #influencer,374,19,9,0.8555,Fake Influencer,1
igdemo_000034,"Can't stop wearing this lately. This is exactly what my feed needed. Tagging Kathy, my glam team today. Brand deal number 27 this month.",#collab #lifestyle #trending #sponsored #linkinbio #brandpartner,165,32,4,0.2933,Fake Influencer,1
igdemo_000034,This might be my favorite collab yet. This is going straight into my everyday rotation. Can't believe it's already 2019. Code is my username at checkout. 🌴😍,#sponsored #musthave #linkinbio,419,6,4,0.7845,Fake Influencer,1
igdemo_000034,Golden hour never disappoints. Can't wait to show you more from this collab. Robert styled this look. Shot this in New Thomas. DM for collab details.,#influencer #discountcode #sponsored,158,43,1,0.2924,Fake Influencer,1
igdemo_000034,"Another day, another shoot. Can't believe I get to call this my job. Jenna styled this look. Can't believe it's already 2024. DM for collab details.",#brandpartner #discountcode #influencer #collab #linkinbio,1201,91,27,-0.34,Fake Influencer,1
igdemo_000034,Unboxing my favorite package of the month. So grateful for opportunities like this. Can't believe it's already 2018. 🌴👑,#sponsored #ad #discountcode #lifestyle #trending #musthave,243,34,2,0.9048,Fake Influencer,1
igdemo_000034,Obsessed with this new find. Use my code for a discount. Brand deal number 22 this month. DM for collab details.,#sponsored #brandpartner #collab #ad #influencer,898,22,32,-0.1027,Fake Influencer,1
igdemo_000034,Unboxing my favorite package of the month. Partnering with brands I actually love. Catherine styled this look.,#sponsored #musthave #linkinbio #ad,1882,18,44,0.802,Fake Influencer,1
igdemo_000034,Obsessed with this new find. So many of you have been asking about this.,#discountcode #sponsored,152,3,1,-0.1779,Fake Influencer,1
igdemo_000034,"Unboxing my favorite package of the month. So many of you have been asking about this. Tagging Phillip, my glam team today. Since 2021, this has been the dream.",#collab #linkinbio #sponsored #influencer,271,22,1,0.6124,Fake Influencer,1
igdemo_000034,This brand sent me the best package. Partnering with brands I actually love. Can't believe it's already 2023. Shop this look now.,#brandpartner #lifestyle #collab #linkinbio #trending,634,11,2,0.8555,Fake Influencer,1
igdemo_000034,"New content coming your way soon. So grateful for opportunities like this. Tagging Patricia, my glam team today. Link in bio for the discount.",#trending #influencer,815,7,18,0.8493,Fake Influencer,1
igdemo_000034,This might be my favorite collab yet. Use my code for a discount. Filming this in New Christopher today. Shot this in West Jeremyfort. Code is my username at checkout. ✨👑,#sponsored #influencer #discountcode #collab,381,21,13,0.6486,Fake Influencer,1
igdemo_000034,Today's shoot was a whole vibe. Honestly didn't expect to love this as much as I do. Elizabeth styled this look. Code is my username at checkout. 👑✨,#lifestyle #brandpartner #sponsored,763,25,22,-0.12,Fake Influencer,1
igdemo_000034,This brand sent me the best package. Use my code for a discount. Shot this in West Kathleenborough. Courtney styled this look. Code is my username at checkout. 🌴,#ad #discountcode #brandpartner #lifestyle #linkinbio #trending,336,4,27,0.6369,Fake Influencer,1
igdemo_000034,Golden hour never disappoints. This is exactly what my feed needed. Outfit number 90 of the week. Code is my username at checkout. 😍💖,#musthave #lifestyle #linkinbio,62,11,5,0.8975,Fake Influencer,1
igdemo_000035,"Back-to-back sessions today. Form over ego, always. Logged 10 miles this week. Tag your gym partner.",#nutrition #strength #fitness #training,1280,143,100,0.0,Fitness Creator,0
igdemo_000035,Back-to-back sessions today. Sleep is still the most underrated recovery tool. Training out of Austinshire this week. Save this for your next session.,#workout #cardio #fitfam #nutrition #strength #healthylifestyle,2432,157,159,0.4939,Fitness Creator,0
igdemo_000035,"Deload week starts now. Progress isn't always linear, and that's fine. Week 9 of the plan, feeling stronger. 💪⚡",#nutrition #strength #fitfam #wellness,1782,155,151,0.7717,Fitness Creator,0
igdemo_000035,Deload week starts now. Showing up matters more than the perfect plan. Tag your gym partner.,#nutrition #wellness #strength #workout #training #healthylifestyle,1690,415,46,0.6204,Fitness Creator,0
igdemo_000035,"Recovery day, mobility work only. Strength carries over into everything else. 63 reps, zero regrets. 🏃",#fitness #workout #cardio #gymlife #training #wellness,1547,298,49,0.1779,Fitness Creator,0
igdemo_000035,Back-to-back sessions today. Slow and controlled beats fast and sloppy. Logged 37 miles this week. Tag your gym partner. 💪,#cardio #fitness,1485,150,50,0.0,Fitness Creator,0
igdemo_000035,Deload week starts now. Rest days are still training days. Shoutout to Joel for showing up every day.,#wellness #strength #workout,951,205,36,0.0,Fitness Creator,0
igdemo_000036,Programming update for the week. Consistency beats intensity most days. Shoutout to Misty for showing up every day. 🏃🧘,#healthylifestyle #gymlife,14,0,0,0.0,Celebrity Impersonator,1
igdemo_000036,"Meal prep Sunday. Showing up matters more than the perfect plan. 60 reps, zero regrets.",#fitness #fitfam #gymlife #nutrition #workout #healthylifestyle,22,1,1,0.3744,Celebrity Impersonator,1
igdemo_000036,"Coaching client hit a big milestone. Progress isn't always linear, and that's fine. Training out of New Matthewbury this week. Programs linked in bio. 🔥💪",#training #workout #fitness #healthylifestyle #wellness,3,0,0,0.296,Celebrity Impersonator,1
igdemo_000036,Early morning session before work. Consistency beats intensity most days. 23 minutes of mobility work this morning. 🔥,#nutrition #gymlife #cardio,15,1,1,-0.34,Celebrity Impersonator,1
igdemo_000036,"Programming update for the week. Showing up matters more than the perfect plan. Session number 10 with this client, big progress. 🏃🏋️",#training #cardio #wellness,11,1,0,0.8,Celebrity Impersonator,1
igdemo_000036,Leg day recap. Small wins add up over months. Tag your gym partner.,#training #gymlife #fitfam #fitness #healthylifestyle #nutrition,16,1,0,0.5719,Celebrity Impersonator,1
igdemo_000036,"New PR today! Progress isn't always linear, and that's fine. Client hit a 7 pound PR today. Save this for your next session.",#workout #wellness,20,1,0,0.7959,Celebrity Impersonator,1
igdemo_000036,Back-to-back sessions today. Consistency beats intensity most days. Training out of East Charleshaven this week. ⚡🏋️,#nutrition #healthylifestyle #wellness #gymlife #fitness,12,0,0,0.0,Celebrity Impersonator,1
igdemo_000036,"Back-to-back sessions today. Fueling properly made a huge difference. Tagging Elizabeth, my training partner today. 🧘",#fitfam #fitness #wellness #training #healthylifestyle,12,2,0,0.3182,Celebrity Impersonator,1
igdemo_000037,I don't get to say this enough. This journey keeps surprising me. Thank you Jennifer for the constant support. Thank you Teresa for the constant support. Follow only this page.,#exclusive #fanpage #celebrity,260,14,3,0.8885,Celebrity Impersonator,1
igdemo_000037,"Important announcement coming soon. Please report any fake pages you see. Since 2019, still going strong.",,116,7,4,0.5106,Celebrity Impersonator,1
igdemo_000037,"To my real fans: None of this would matter without you. Since 2018, still going strong. Since 2015, the journey continues. DM me directly here.",,31,1,1,0.5267,Celebrity Impersonator,1
igdemo_000037,To my real fans: Please report any fake pages you see. Project number 56 coming together nicely. 🎬,#celebrity #official #fanpage,39,0,0,0.34,Celebrity Impersonator,1
igdemo_000037,"Taking a moment to say thank you. Grateful for every one of you every single day. Since 2021, the journey continues. Working on something big for 2016.",#trending #viral #official,104,6,2,0.6705,Celebrity Impersonator,1
igdemo_000037,"Thank you for the love this 2019. Grateful for every one of you every single day. Since 2017, still going strong. Since 2020, still going strong. Share this so others know it's real.",,101,1,3,0.9552,Celebrity Impersonator,1
igdemo_000037,To my real fans: Grateful for every one of you every single day. Working on something big for 2015. Share this so others know it's real. 🐾🙌,,48,13,2,0.6369,Celebrity Impersonator,1
igdemo_000037,A quick note from me to you. None of this would matter without you.,#exclusive #trending #viral,126,8,3,0.0258,Celebrity Impersonator,1
igdemo_000037,I don't get to say this enough. Ignore anyone claiming to be my manager elsewhere. Back in Tamaraside this 2020. Back in Sanchezburgh this 2019. Follow only this page. 💪🙌,,66,2,0,-0.3612,Celebrity Impersonator,1
igdemo_000037,"A quick note from me to you. Please report any fake pages you see. Tagging Melissa, thank you for believing in this. Follow only this page.",,44,2,4,0.1779,Celebrity Impersonator,1
igdemo_000037,Thank you for the love this 2019. None of this would matter without you. Working on something big for 2020. Follow only this page. 🌟🙌,,219,5,3,0.7783,Celebrity Impersonator,1
igdemo_000037,I don't get to say this enough. New project details coming very soon. 58 years in this industry now.,,12,0,1,0.0,Celebrity Impersonator,1
igdemo_000037,"A quick note from me to you. There's more coming that I can't wait to share. Since 2016, the journey continues. ☕",#exclusive,146,13,5,-0.2235,Celebrity Impersonator,1
igdemo_000037,Important announcement coming soon. Please report any fake pages you see. Project number 47 coming together nicely. 🎉☕,#official #exclusive #fanpage,965,44,2,0.7096,Celebrity Impersonator,1
igdemo_000037,"I see all of your messages, truly. Grateful for every one of you every single day. Project number 58 coming together nicely. Thank you Charles for the constant support. ✨💪",,90,4,3,0.9393,Celebrity Impersonator,1
igdemo_000037,"This account is really me, I promise. This journey keeps surprising me. Project number 58 coming together nicely. 3 years of your support means everything. ✨🌟",#trending #viral #fanpage,46,2,1,0.8971,Celebrity Impersonator,1
igdemo_000037,"I don't get to say this enough. Ignore anyone claiming to be my manager elsewhere. Message number 34 today, reading every one. Share this so others know it's real. ✨",#trending,181,9,2,0.3182,Celebrity Impersonator,1
igdemo_000038,On-call was quiet for once. The fix was smaller than the investigation. Still can't believe it's 2023 and this bug exists.,#programmer #python #buildinpublic,226,7,7,0.0,Spam Account,1
igdemo_000038,New side project idea just hit me at 2am. The fix was smaller than the investigation. PR number 78 finally merged. 💻☕,#python #javascript,126,5,6,0.0772,Spam Account,1
igdemo_000038,Rewrote a script that's been bugging me for weeks. The code review comments humbled me. 22 tabs of documentation open right now. AMA about the stack. ⚙️,#100daysofcode,345,22,19,0.0,Spam Account,1
igdemo_000038,Finally got the tests passing. Docs were wrong but figured it out eventually. Deploy number 49 of the week.,#softwareengineer #buildinpublic #python,478,18,30,-0.1531,Spam Account,1
igdemo_000039,"Stop scrolling, read this. This is not a scam, I promise. Slot 62 almost gone. 📩",#cashapp #followforfollow #makemoneyonline #clicklink #dmforprice,0,0,0,0.4763,Spam Account,1
igdemo_000039,"Stop scrolling, read this. This is not a scam, I promise. Over 81 people already joined this week. Comment before it's gone. 🎁",#clicklink #freeprize #followforfollow #dmforprice #cryptosignals,0,0,0,0.7182,Spam Account,1
igdemo_000039,"Stop scrolling, read this. Made more money this week than my old job paid monthly. Slot 10 almost gone. Tap the link in my story. 💰",#getrichquick #giveaway #clicklink #freeprize,1,0,0,-0.296,Spam Account,1
igdemo_000039,"Stop scrolling, read this. Spots are filling up fast. Already helped 40 people this 2023. Tap the link in my story. 🎁",#cryptosignals #cashapp #getrichquick,1,0,0,0.1779,Spam Account,1
igdemo_000039,"Everyone is asking how I did this so fast. It's 100% legit, I was skeptical too. Started in North Peter, now everywhere. Comment before it's gone. 📩",#giveaway #makemoneyonline #clicklink #dmforprice #followforfollow #freeprize,1,0,0,-0.3182,Spam Account,1
igdemo_000039,"Stop scrolling, read this. It's 100% legit, I was skeptical too. Since 2022, thousands have joined. Tap the link in my story.",#followforfollow #makemoneyonline #onlyfollowers #dmforprice #cashapp,1,0,0,-0.5423,Spam Account,1
igdemo_000039,"You NEED to see this. Spots are filling up fast. Slot 27 almost gone. Link in bio, click now.",#cashapp #dmforprice #makemoneyonline #getrichquick #clicklink #cryptosignals #freeprize,1,0,0,0.0,Spam Account,1
igdemo_000039,"This changed everything for me. This is not a scam, I promise. 78 people can't all be wrong. Comment before it's gone.",#getrichquick #followforfollow #freeprize #clicklink #makemoneyonline #cryptosignals,1,0,0,0.7815,Spam Account,1
igdemo_000039,"Everyone is asking how I did this so fast. It's 100% legit, I was skeptical too. Spot number 76 just opened up. Comment before it's gone. 💰",#getrichquick #makemoneyonline #cryptosignals #dmforprice #followforfollow #onlyfollowers #giveaway #cashapp,0,0,0,-0.25,Spam Account,1
igdemo_000039,"Stop scrolling, read this. It's 100% legit, I was skeptical too. Already helped 92 people this 2015. Tap the link in my story.",#getrichquick #followforfollow #giveaway #cashapp #dmforprice,2,0,0,-0.5423,Spam Account,1
igdemo_000039,"You NEED to see this. This is not a scam, I promise. Already 35 success stories this month.",#giveaway #onlyfollowers #dmforprice #getrichquick #freeprize #cryptosignals,1,0,0,0.8401,Spam Account,1
igdemo_000040,🚨 LAST CHANCE 🚨 Made more money this week than my old job paid monthly. Over 44 people already joined this week. DM me 'START' immediately. 🛒,#dmforprice #cashapp #makemoneyonline #clicklink,3,0,0,0.4084,Spam Account,1
igdemo_000040,You NEED to see this. Made more money this week than my old job paid monthly. Only 86 spots left today. Tap the link in my story. 📩,#cryptosignals #cashapp #getrichquick #freeprize #clicklink #followforfollow #onlyfollowers #dmforprice,1,0,0,-0.3818,Spam Account,1
igdemo_000040,"I wasn't going to share this but... Thousands already joined, don't miss out. Started in Ashleyton, now everywhere.",#dmforprice #onlyfollowers #giveaway #makemoneyonline #freeprize,0,0,0,0.0572,Spam Account,1
igdemo_000040,"🚨 LAST CHANCE 🚨 Thousands already joined, don't miss out. Over 77 people already joined this week. Tap the link in my story.",#cryptosignals #followforfollow #freeprize #giveaway,1,0,0,0.49,Spam Account,1
igdemo_000040,"Everyone is asking how I did this so fast. Thousands already joined, don't miss out. Robert just signed up, you're next. Comment before it's gone. 📩👉",#giveaway #cryptosignals #cashapp #makemoneyonline #followforfollow #clicklink #dmforprice,1,0,0,0.1139,Spam Account,1
igdemo_000040,"🚨 LAST CHANCE 🚨 This is not a scam, I promise. Only 28 spots left today. DM me 'START' immediately. 🛒",#dmforprice #followforfollow #getrichquick #makemoneyonline #cryptosignals #clicklink,1,0,0,0.7924,Spam Account,1
igdemo_000040,"Stop scrolling, read this. Made more money this week than my old job paid monthly. 23 people can't all be wrong. 💯🛒",#giveaway #getrichquick #followforfollow #cashapp,2,0,0,0.091,Spam Account,1
igdemo_000040,"You NEED to see this. Spots are filling up fast. Since 2015, thousands have joined. DM me 'START' immediately.",#dmforprice #makemoneyonline #giveaway #cashapp #freeprize #followforfollow #clicklink #cryptosignals,1,0,0,0.0,Spam Account,1
igdemo_000040,"You NEED to see this. Spots are filling up fast. Already helped 41 people this 2020. Link in bio, click now. 🎁",#freeprize #giveaway #clicklink #followforfollow #makemoneyonline #dmforprice #getrichquick,2,0,0,0.4404,Spam Account,1
igdemo_000040,"Stop scrolling, read this. This is not a scam, I promise. Link in bio, click now. ✅🎁",#onlyfollowers #makemoneyonline #giveaway #clicklink #cryptosignals #getrichquick #freeprize #cashapp,1,0,0,0.7182,Spam Account,1
igdemo_000040,"This changed everything for me. Thousands already joined, don't miss out. Message number 25 today, still going. Tap the link in my story. 📩👉",#freeprize #getrichquick #cashapp #makemoneyonline #cryptosignals,2,0,0,0.1887,Spam Account,1
igdemo_000040,"🚨 LAST CHANCE 🚨 This is not a scam, I promise. Slot 54 almost gone. DM me 'START' immediately. ✅👉",#makemoneyonline #onlyfollowers #getrichquick #followforfollow,1,0,0,0.7924,Spam Account,1
igdemo_000040,"I wasn't going to share this but... No experience needed, just a phone. Spot number 81 just opened up.",#freeprize #clicklink #followforfollow,1,0,0,-0.4203,Spam Account,1
igdemo_000040,"I wasn't going to share this but... This is not a scam, I promise. 26 people can't all be wrong. Link in bio, click now. 💰🛒",#cryptosignals #clicklink #dmforprice #cashapp #followforfollow #makemoneyonline,1,0,0,0.87,Spam Account,1
igdemo_000040,"Stop scrolling, read this. It's 100% legit, I was skeptical too. Since 2017, thousands have joined. Link in bio, click now. 💯",#getrichquick #dmforprice #followforfollow #giveaway,0,0,0,-0.5423,Spam Account,1
igdemo_000040,"You NEED to see this. Made more money this week than my old job paid monthly. Spot number 56 just opened up. Link in bio, click now. ✅",,0,0,0,0.0772,Spam Account,1
igdemo_000040,🚨 LAST CHANCE 🚨 Spots are filling up fast. Only 3 spots left today. Comment before it's gone. 💯,#makemoneyonline #cryptosignals #freeprize #dmforprice #giveaway,0,0,0,0.4084,Spam Account,1
igdemo_000040,"This changed everything for me. Thousands already joined, don't miss out. Since 2021, thousands have joined. Link in bio, click now.",#freeprize #makemoneyonline #cryptosignals #followforfollow #onlyfollowers #cashapp,1,0,0,0.1139,Spam Account,1
igdemo_000040,"Stop scrolling, read this. Made more money this week than my old job paid monthly. Over 98 people already joined this week. Tap the link in my story. 📩🛒",#cryptosignals #giveaway #onlyfollowers #getrichquick #clicklink #freeprize,1,0,0,-0.296,Spam Account,1
igdemo_000040,"🚨 LAST CHANCE 🚨 It's 100% legit, I was skeptical too. Already helped 76 people this 2017. Comment before it's gone. 💰🛒",#dmforprice #getrichquick #freeprize #followforfollow #giveaway,3,0,0,0.1111,Spam Account,1
igdemo_000040,"I wasn't going to share this but... This is not a scam, I promise. 62 people can't all be wrong. Comment before it's gone. ✅",#cashapp #getrichquick #onlyfollowers #followforfollow,0,0,0,0.87,Spam Account,1
igdemo_000041,"This changed everything for me. Made more money this week than my old job paid monthly. Started in Port Julieland, now everywhere. DM me 'START' immediately. 🎁🔥",#onlyfollowers #followforfollow #dmforprice #freeprize #giveaway #cryptosignals #getrichquick,525,56,206,0.128,Spam Account,1
igdemo_000041,"I wasn't going to share this but... This is not a scam, I promise. Already helped 5 people this 2015. 💰👉",#clicklink #freeprize #giveaway #getrichquick #cashapp,357,110,31,0.7582,Spam Account,1
igdemo_000041,"This changed everything for me. This is not a scam, I promise. Already 32 success stories this month. DM me 'START' immediately. 💯✅",#dmforprice #cryptosignals #getrichquick #followforfollow #makemoneyonline #cashapp #clicklink #giveaway,488,111,28,0.8401,Spam Account,1
igdemo_000041,"Stop scrolling, read this. No experience needed, just a phone. Message number 60 today, still going. DM me 'START' immediately. 📩",#followforfollow #clicklink #freeprize #cryptosignals #dmforprice #giveaway #onlyfollowers,810,110,45,-0.5267,Spam Account,1
igdemo_000041,This changed everything for me. Made more money this week than my old job paid monthly. Spot number 67 just opened up. Comment before it's gone. 💰👉,#dmforprice #clicklink #giveaway #onlyfollowers,985,183,61,0.0772,Spam Account,1
igdemo_000041,This changed everything for me. Spots are filling up fast. Already helped 97 people this 2016. Comment before it's gone.,#followforfollow #clicklink #dmforprice #cryptosignals,1563,195,22,0.0,Spam Account,1
igdemo_000041,"🚨 LAST CHANCE 🚨 Made more money this week than my old job paid monthly. Already helped 45 people this 2017. Link in bio, click now.",#cryptosignals #getrichquick #followforfollow #cashapp #freeprize,335,179,84,0.4084,Spam Account,1
igdemo_000041,"I wasn't going to share this but... Made more money this week than my old job paid monthly. Message number 92 today, still going. DM me 'START' immediately. 🎁",#makemoneyonline #giveaway #freeprize #onlyfollowers #cryptosignals #cashapp #followforfollow,442,93,19,0.5935,Spam Account,1
igdemo_000041,"Stop scrolling, read this. Spots are filling up fast. Spot number 59 just opened up.",#giveaway #makemoneyonline #getrichquick #dmforprice #cashapp #followforfollow #freeprize #clicklink,278,24,17,-0.2263,Spam Account,1
igdemo_000041,"I wasn't going to share this but... Made more money this week than my old job paid monthly. Spot number 48 just opened up. Link in bio, click now. 📩🛒",#cryptosignals #getrichquick #cashapp #clicklink #onlyfollowers #followforfollow #giveaway #makemoneyonline,653,130,17,0.0015,Spam Account,1
igdemo_000041,I wasn't going to share this but... Spots are filling up fast. Only 19 spots left today. DM me 'START' immediately. ✅,#clicklink #getrichquick #dmforprice #cryptosignals #cashapp #giveaway,1704,105,92,-0.1139,Spam Account,1
igdemo_000041,"This changed everything for me. Made more money this week than my old job paid monthly. Started in East Stephanieport, now everywhere. Tap the link in my story. 🔥",#cashapp #followforfollow #makemoneyonline #clicklink #onlyfollowers #freeprize,161,85,25,-0.34,Spam Account,1
igdemo_000041,"I wasn't going to share this but... Thousands already joined, don't miss out. This worked for Jimmy too, ask them. 💯",#clicklink #giveaway #freeprize #getrichquick #onlyfollowers #cryptosignals #makemoneyonline #cashapp,2019,176,68,0.0572,Spam Account,1
igdemo_000041,I wasn't going to share this but... Made more money this week than my old job paid monthly. Slot 77 almost gone. Comment before it's gone. 🛒📩,#followforfollow #dmforprice #clicklink #freeprize #getrichquick #giveaway #makemoneyonline,229,29,9,-0.1139,Spam Account,1
igdemo_000041,"Stop scrolling, read this. This is not a scam, I promise. Over 73 people already joined this week. 👉🛒",#onlyfollowers #clicklink #cashapp #followforfollow #getrichquick #makemoneyonline #freeprize,725,113,53,0.4763,Spam Account,1
igdemo_000042,"Thank you for the love this 2024. None of this would matter without you. Message number 42 today, reading every one. DM me directly here.",,2877,620,40,0.7634,Celebrity Impersonator,1
igdemo_000042,"Important announcement coming soon. This journey keeps surprising me. Since 2025, still going strong. Since 2018, still going strong.",#viral #official,2103,24,19,0.8591,Celebrity Impersonator,1
igdemo_000042,A quick note from me to you. This journey keeps surprising me. Thank you Timothy for the constant support. Working on something big for 2018. 🎉🌟,#trending #official,194,34,3,0.8402,Celebrity Impersonator,1
igdemo_000042,"I see all of your messages, truly. There's more coming that I can't wait to share. 74 years in this industry now.",,187,4,1,0.2528,Celebrity Impersonator,1
igdemo_000042,"I don't get to say this enough. This journey keeps surprising me. Working on something big for 2021. Since 2022, still going strong.",#official,71,15,0,0.6597,Celebrity Impersonator,1
igdemo_000042,Important announcement coming soon. I read every message even if I can't reply to all. 22 years of your support means everything. Back in West Michelle this 2019.,#official #trending,642,40,2,0.5423,Celebrity Impersonator,1
igdemo_000042,"I see all of your messages, truly. This journey keeps surprising me. Thank you Ashley for the constant support. 📚🌟",#trending,309,19,2,0.8481,Celebrity Impersonator,1
igdemo_000042,"This account is really me, I promise. There's more coming that I can't wait to share. 12 years in this industry now. Follow only this page. 🎉",,323,3,17,0.5229,Celebrity Impersonator,1
igdemo_000042,"Something special is coming, stay tuned. None of this would matter without you. Tagging Danielle, thank you for believing in this. Project number 58 coming together nicely. Share this so others know it's real. ☕😊",,449,25,3,0.9403,Celebrity Impersonator,1
igdemo_000042,"I don't get to say this enough. I read every message even if I can't reply to all. Message number 43 today, reading every one. Message number 68 today, reading every one. Share this so others know it's real.",#exclusive #fanpage,350,24,1,0.4215,Celebrity Impersonator,1
igdemo_000042,To my real fans: This journey keeps surprising me. Back in Port Briannastad this 2024. 3 years in this industry now.,,951,53,16,0.2732,Celebrity Impersonator,1
igdemo_000042,"I don't get to say this enough. Please report any fake pages you see. Since 2020, still going strong.",,263,24,2,0.3612,Celebrity Impersonator,1
igdemo_000042,"Taking a moment to say thank you. New project details coming very soon. Thank you Sara for the constant support. Message number 87 today, reading every one. 💪",,236,12,1,0.8062,Celebrity Impersonator,1
igdemo_000043,"Something special is coming, stay tuned. None of this would matter without you. Message number 36 today, reading every one. DM me directly here. 🎉",#viral #celebrity #trending,10,0,0,0.646,Celebrity Impersonator,1
igdemo_000043,"Taking a moment to say thank you. Ignore anyone claiming to be my manager elsewhere. Since 2018, the journey continues. Back in Markland this 2017. Follow only this page.",,8,0,0,0.0,Celebrity Impersonator,1
igdemo_000043,"I don't get to say this enough. I read every message even if I can't reply to all. Working on something big for 2019. Since 2019, the journey continues.",#fanpage,20,0,0,0.0,Celebrity Impersonator,1
igdemo_000043,"Something special is coming, stay tuned. I read every message even if I can't reply to all. Since 2020, the journey continues. DM me directly here. 🌟📚",,35,5,0,0.4019,Celebrity Impersonator,1
igdemo_000043,"Taking a moment to say thank you. Ignore anyone claiming to be my manager elsewhere. Since 2015, still going strong. Thank you Sandra for the constant support. 🐾📚",,16,1,0,0.8176,Celebrity Impersonator,1
igdemo_000043,A quick note from me to you. Grateful for every one of you every single day. Back in Vincentshire this 2020. Share this so others know it's real.,,16,1,0,0.6369,Celebrity Impersonator,1
igdemo_000043,Important announcement coming soon. Grateful for every one of you every single day. Back in South Spencer this 2017. Share this so others know it's real.,,14,2,0,0.7184,Celebrity Impersonator,1
igdemo_000043,"Important announcement coming soon. None of this would matter without you. Since 2024, the journey continues.",#fanpage #celebrity #trending,4,0,0,0.2263,Celebrity Impersonator,1
igdemo_000043,"Important announcement coming soon. Ignore anyone claiming to be my manager elsewhere. Since 2023, still going strong. Follow only this page.",#trending,13,2,0,0.3818,Celebrity Impersonator,1
igdemo_000043,Important announcement coming soon. This journey keeps surprising me. Back in South Rhonda this 2018. Share this so others know it's real.,,29,7,0,0.6249,Celebrity Impersonator,1
igdemo_000043,Important announcement coming soon. None of this would matter without you. Working on something big for 2022.,#viral,10,1,0,0.2263,Celebrity Impersonator,1
igdemo_000044,"Something special is coming, stay tuned. Ignore anyone claiming to be my manager elsewhere. Working on something big for 2016. DM me directly here.",,62,4,1,0.0516,Celebrity Impersonator,1
igdemo_000044,"I see all of your messages, truly. There's more coming that I can't wait to share. Tagging Deanna, thank you for believing in this. 🙌",,58,2,1,0.5442,Celebrity Impersonator,1
igdemo_000044,"To my real fans: Grateful for every one of you every single day. 83 years of your support means everything. Message number 51 today, reading every one.",#exclusive,27,3,1,0.7184,Celebrity Impersonator,1
igdemo_000044,"To my real fans: Please report any fake pages you see. Message number 98 today, reading every one. Back in Smithburgh this 2023.",,34,1,0,-0.128,Celebrity Impersonator,1
igdemo_000044,"I see all of your messages, truly. New project details coming very soon. 41 years in this industry now. Thank you Shari for the constant support. 💪🎬",,35,3,0,0.7964,Celebrity Impersonator,1
igdemo_000044,"I see all of your messages, truly. Please report any fake pages you see. 42 years in this industry now.",,39,1,0,0.2732,Celebrity Impersonator,1
igdemo_000044,To my real fans: Grateful for every one of you every single day. Back in Kellyhaven this 2016. 🎬,,40,3,0,0.4588,Celebrity Impersonator,1
igdemo_000044,"A quick note from me to you. I read every message even if I can't reply to all. Since 2017, still going strong. Since 2023, the journey continues.",#official #celebrity,53,7,1,0.5106,Celebrity Impersonator,1
igdemo_000044,"A quick note from me to you. I read every message even if I can't reply to all. Project number 65 coming together nicely. Message number 5 today, reading every one.",,58,1,1,0.5423,Celebrity Impersonator,1
igdemo_000044,"I see all of your messages, truly. Grateful for every one of you every single day. Back in Audreystad this 2021. Follow only this page.",#celebrity #exclusive #trending,80,4,1,0.7096,Celebrity Impersonator,1
igdemo_000044,"A quick note from me to you. Grateful for every one of you every single day. Since 2025, the journey continues. DM me directly here. 📚🐾",#viral #official #exclusive,57,2,0,0.4588,Celebrity Impersonator,1
igdemo_000045,"Stop scrolling, read this. Thousands already joined, don't miss out. Already helped 65 people this 2022. Comment before it's gone.",#freeprize #clicklink #cryptosignals #dmforprice #onlyfollowers #followforfollow,94,20,1,-0.1916,Fitness Creator,0
igdemo_000045,🚨 LAST CHANCE 🚨 Spots are filling up fast. Already helped 82 people this 2018. Comment before it's gone. 🎁,#giveaway #getrichquick #cryptosignals #makemoneyonline #dmforprice #cashapp #onlyfollowers #followforfollow,51,16,0,0.6841,Fitness Creator,0
igdemo_000045,"Everyone is asking how I did this so fast. This is not a scam, I promise. Message number 50 today, still going. 🔥",#makemoneyonline #cashapp #giveaway #clicklink,45,6,1,0.4936,Fitness Creator,0
igdemo_000045,"Everyone is asking how I did this so fast. Spots are filling up fast. Started in Jenniferland, now everywhere. Tap the link in my story. 💯",#clicklink #onlyfollowers #freeprize,68,5,6,0.0,Fitness Creator,0
igdemo_000045,"🚨 LAST CHANCE 🚨 This is not a scam, I promise. Message number 9 today, still going. Comment before it's gone. 📩",#dmforprice #clicklink #onlyfollowers #cashapp #cryptosignals #giveaway,101,2,2,0.809,Fitness Creator,0
igdemo_000045,I wasn't going to share this but... Spots are filling up fast. Only 14 spots left today. 🔥💰,#clicklink #freeprize #cryptosignals #getrichquick #makemoneyonline #giveaway #dmforprice #followforfollow,33,4,1,-0.549,Fitness Creator,0
igdemo_000046,"Something special is coming, stay tuned. There's more coming that I can't wait to share. Project number 8 coming together nicely. Share this so others know it's real.",#viral #fanpage #trending,23,6,0,0.7361,Celebrity Impersonator,1
igdemo_000046,"Important announcement coming soon. None of this would matter without you. Since 2017, the journey continues.",#trending,76,27,0,0.2263,Celebrity Impersonator,1
igdemo_000046,"Important announcement coming soon. I read every message even if I can't reply to all. Since 2025, the journey continues. Since 2018, the journey continues. Share this so others know it's real.",#trending #official,18,1,1,0.4588,Celebrity Impersonator,1
igdemo_000046,Taking a moment to say thank you. Grateful for every one of you every single day. Project number 28 coming together nicely.,#celebrity #viral,35,5,1,0.8271,Celebrity Impersonator,1
igdemo_000046,"Thank you for the love this 2022. I read every message even if I can't reply to all. Since 2023, the journey continues. Message number 60 today, reading every one. 🌟📚",,35,6,1,0.7906,Celebrity Impersonator,1
igdemo_000046,Thank you for the love this 2018. New project details coming very soon. Working on something big for 2017. Working on something big for 2017.,,24,3,1,0.7717,Celebrity Impersonator,1
igdemo_000046,"This account is really me, I promise. Please report any fake pages you see. Since 2021, the journey continues. Thank you Michael for the constant support. Share this so others know it's real. 🎬🐾",,34,2,1,0.8,Celebrity Impersonator,1
igdemo_000046,"Taking a moment to say thank you. I read every message even if I can't reply to all. Tagging Angel, thank you for believing in this. Follow only this page. 🙌🐾",#viral,30,5,1,0.6124,Celebrity Impersonator,1
igdemo_000046,Important announcement coming soon. New project details coming very soon. 95 years of your support means everything. 36 years of your support means everything.,#exclusive #trending,17,3,1,0.7351,Celebrity Impersonator,1
igdemo_000046,Taking a moment to say thank you. Grateful for every one of you every single day. Working on something big for 2024. 🎉,#fanpage #celebrity #viral,39,7,2,0.802,Celebrity Impersonator,1
igdemo_000047,This might be my favorite collab yet. Partnering with brands I actually love. Outfit number 36 of the week. Link in bio for the discount. 🌴💅,#brandpartner #trending #influencer #sponsored,8,1,0,0.8176,Fake Influencer,1
igdemo_000047,"Obsessed with this new find. Can't wait to show you more from this collab. Tagging Catherine, my glam team today. 💖💅",,3,0,0,0.6908,Fake Influencer,1
igdemo_000047,New content coming your way soon. This is going straight into my everyday rotation. Can't believe it's already 2024. Link in bio for the discount.,#collab #musthave #brandpartner #linkinbio #ad #influencer,7,0,0,0.2263,Fake Influencer,1
igdemo_000047,Can't stop wearing this lately. My followers deserve the best recommendations. Filming this in Andrewsview today.,#ad #discountcode #trending #lifestyle #influencer #brandpartner,9,0,0,0.7259,Fake Influencer,1
igdemo_000047,Unboxing my favorite package of the month. This is going straight into my everyday rotation. Shot this in Jeffreyport. DM for collab details. 💖😍,#sponsored #influencer,9,1,0,0.9231,Fake Influencer,1
igdemo_000047,Can't stop wearing this lately. Can't believe I get to call this my job. Outfit number 30 of the week. Shot this in Johnsonmouth. Code is my username at checkout.,#collab #linkinbio #influencer,14,2,0,0.2933,Fake Influencer,1
igdemo_000047,Unboxing my favorite package of the month. So many of you have been asking about this. Outfit number 25 of the week. Shop this look now.,#trending #sponsored,12,0,0,0.5106,Fake Influencer,1
igdemo_000047,"Living for moments like this. Can't wait to show you more from this collab. So many of you asked for this, here it is. 👑",#collab #trending #sponsored #lifestyle #brandpartner #linkinbio,5,0,0,0.3612,Fake Influencer,1
igdemo_000047,"Another day, another shoot. Partnering with brands I actually love. Brand deal number 90 this month. Shop this look now. 💖",#linkinbio #influencer,16,0,0,0.8591,Fake Influencer,1
igdemo_000047,Living for moments like this. Use my code for a discount. Can't believe it's already 2016. Filming this in West Paigeburgh today. Code is my username at checkout.,#brandpartner #influencer #ad #discountcode #collab #sponsored,17,0,0,0.3612,Fake Influencer,1
igdemo_000047,"Golden hour never disappoints. So many of you have been asking about this. So many of you asked for this, here it is. Since 2022, this has been the dream. 💅😍",#lifestyle #brandpartner #linkinbio #collab #influencer #trending,14,0,0,0.7339,Fake Influencer,1
igdemo_000047,"Today's shoot was a whole vibe. This is exactly what my feed needed. Since 2021, this has been the dream. Look number 5 from this campaign. 📸",,6,0,0,-0.0258,Fake Influencer,1
igdemo_000048,Back-to-back sessions today. Rest days are still training days. Training out of Lopezfort this week.,#strength #workout,1805,156,19,0.0,Fitness Creator,0
igdemo_000048,Back-to-back sessions today. Rest days are still training days. Logged 24 miles this week. Programs linked in bio.,#training #strength #healthylifestyle #gymlife #nutrition #cardio,1712,88,65,0.0,Fitness Creator,0
igdemo_000048,"Leg day recap. Form over ego, always. Session number 82 with this client, big progress. Tag your gym partner. 🔥",#fitfam #wellness #strength #workout #fitness,804,50,30,0.1779,Fitness Creator,0
igdemo_000048,"Recovery day, mobility work only. Form over ego, always. 20 reps, zero regrets. Programs linked in bio.",,1746,136,58,-0.3612,Fitness Creator,0
igdemo_000048,"Ran a form check clinic today. Slow and controlled beats fast and sloppy. Tagging Andrew, my training partner today. Programs linked in bio. ⚡🏋️",#fitfam #strength #nutrition,920,66,25,0.0,Fitness Creator,0
igdemo_000048,"New PR today! Sleep is still the most underrated recovery tool. Week 97 of the plan, feeling stronger. Programs linked in bio.",#workout #healthylifestyle #fitfam #wellness,1826,89,212,0.5255,Fitness Creator,0
igdemo_000048,Ran a form check clinic today. Strength carries over into everything else. Coaching 44 clients this cycle.,#gymlife #strength #fitness #wellness #cardio,905,21,39,0.4939,Fitness Creator,0
igdemo_000048,"Programming update for the week. Consistency beats intensity most days. 80 reps, zero regrets. Programs linked in bio.",#cardio #workout #healthylifestyle #wellness #nutrition,916,73,50,-0.3612,Fitness Creator,0
igdemo_000048,Meal prep Sunday. Consistency beats intensity most days. Coaching 29 clients this cycle.,,942,229,40,0.0,Fitness Creator,0
igdemo_000049,"Campus is so pretty in Kylebury today. Library until it closes, again. Number 72 on my to-do list: sleep.",#dormlife #studygram,49,6,1,0.6615,Student,0
igdemo_000049,Another day surviving Lauriehaven University. Somehow still passing my classes. Campus tour 5 for prospective students today. 📚🎬,#finals #studybreak,48,2,1,0.296,Student,0
igdemo_000049,"Coffee run before class. Turns out procrastination is a full-time job. Somewhere in Beckland, probably procrastinating. Tell me it gets easier. 🙌",,40,3,1,0.4215,Student,0
igdemo_000049,"Study session with John turned into a nap. My professor just dropped a pop quiz, send help. Studying in East Angela has its perks.",#university #gradstudent #studybreak,59,6,1,0.4019,Student,0
igdemo_000049,Coffee run before class. Ranking my classes from bearable to soul-crushing. Campus tour 51 for prospective students today.,#classof2026 #finals #college #university,47,4,3,0.0,Student,0
igdemo_000049,Finals season has me questioning everything. Turns out procrastination is a full-time job. Currently 52 cups of coffee deep today. 🐾😊,#classof2026,66,5,1,0.6808,Student,0
igdemo_000049,Finals season has me questioning everything. Somehow still passing my classes. Send snacks.,#studygram,22,2,0,-0.1027,Student,0
igdemo_000049,Study session with Elizabeth turned into a nap. Dorm life really tests your patience. Group chat with Isaiah is unhinged today. 🙌,#classof2026 #campus,63,10,2,0.0,Student,0
igdemo_000049,"Group project update: Library until it closes, again. Tagging Joseph because they'd get this.",,45,4,1,0.0,Student,0
igdemo_000050,This might be my favorite collab yet. This is going straight into my everyday rotation. DM for collab details. 💅,#ad #collab #musthave,76,2,0,0.5994,Fake Influencer,1
igdemo_000050,"Obsessed with this new find. This is exactly what my feed needed. So many of you asked for this, here it is. Trip number 15 this year, no complaints.",#linkinbio #brandpartner,43,0,1,0.2163,Fake Influencer,1
igdemo_000050,New content coming your way soon. Can't wait to show you more from this collab. Can't believe it's already 2025. Filming this in Lake Nancy today. Code is my username at checkout. 💖✨,#sponsored #discountcode #lifestyle #musthave #linkinbio #brandpartner,313,3,2,0.8271,Fake Influencer,1
igdemo_000050,"Another day, another shoot. Partnering with brands I actually love. Can't believe it's already 2025. Pam styled this look. DM for collab details.",#trending #influencer #musthave #discountcode,137,3,1,0.4215,Fake Influencer,1
igdemo_000050,This might be my favorite collab yet. So grateful for opportunities like this. Look number 29 from this campaign. David styled this look. Code is my username at checkout.,#musthave #collab,111,3,1,0.9105,Fake Influencer,1
igdemo_000050,"Another day, another shoot. Partnering with brands I actually love. Trip number 66 this year, no complaints. Shop this look now.",#sponsored #brandpartner,210,8,1,0.6551,Fake Influencer,1
igdemo_000050,This brand sent me the best package. Partnering with brands I actually love. Packing for North Zacharyfort again this week. Shop this look now.,#sponsored #musthave #influencer #linkinbio,265,18,2,0.8555,Fake Influencer,1
igdemo_000050,"Obsessed with this new find. So grateful for opportunities like this. Outfit number 89 of the week. Trip number 20 this year, no complaints. Shop this look now.",#musthave #trending #sponsored #brandpartner #lifestyle,452,8,2,0.8857,Fake Influencer,1
igdemo_000050,Unboxing my favorite package of the month. This is exactly what my feed needed. Look number 54 from this campaign. 💅💖,#ad #musthave,120,13,2,0.8658,Fake Influencer,1
igdemo_000050,Unboxing my favorite package of the month. Can't believe I get to call this my job. Brand deal number 36 this month. ✨📸,#musthave #brandpartner #ad #influencer #trending,194,8,2,0.6808,Fake Influencer,1
igdemo_000050,"Another day, another shoot. Can't believe I get to call this my job. Tagging Ashley, my glam team today. 😍👑",#linkinbio #brandpartner #ad #collab #lifestyle,85,3,0,0.1531,Fake Influencer,1
igdemo_000050,Obsessed with this new find. This is exactly what my feed needed. Brand deal number 29 this month. Code is my username at checkout.,#discountcode #musthave #collab,96,19,0,-0.1027,Fake Influencer,1
igdemo_000051,"I see all of your messages, truly. Ignore anyone claiming to be my manager elsewhere. Since 2015, still going strong. Tagging Jamie, thank you for believing in this. 🌟💪",,142,23,2,0.7351,Student,0
igdemo_000051,"I see all of your messages, truly. New project details coming very soon. Working on something big for 2025. 17 years in this industry now. Follow only this page. 🐾",,16,2,0,0.4404,Student,0
igdemo_000051,"Something special is coming, stay tuned. I read every message even if I can't reply to all. 44 years in this industry now.",#exclusive #trending #celebrity,81,6,1,0.4019,Student,0
igdemo_000051,"A quick note from me to you. Grateful for every one of you every single day. Since 2015, the journey continues. Message number 7 today, reading every one. Share this so others know it's real. 💪",#fanpage,63,18,2,0.6705,Student,0
igdemo_000051,"Thank you for the love this 2019. I read every message even if I can't reply to all. Tagging Carol, thank you for believing in this. Share this so others know it's real.",,24,3,0,0.8934,Student,0
igdemo_000051,"Thank you for the love this 2022. New project details coming very soon. Since 2025, still going strong. Back in North Tiffany this 2020. 🌟🐾",,31,5,1,0.875,Student,0
igdemo_000051,"Thank you for the love this 2022. Grateful for every one of you every single day. Message number 64 today, reading every one. Follow only this page.",#exclusive #official #celebrity,71,11,1,0.875,Student,0
igdemo_000051,"A quick note from me to you. This journey keeps surprising me. Tagging Robert, thank you for believing in this. Working on something big for 2022. Follow only this page.",#viral #celebrity,44,7,1,0.5574,Student,0
igdemo_000051,"This account is really me, I promise. New project details coming very soon. Since 2016, still going strong. Message number 6 today, reading every one. 😊🌟",#fanpage #exclusive,23,3,0,0.9035,Student,0
igdemo_000051,"Thank you for the love this 2018. None of this would matter without you. Message number 73 today, reading every one. 😊🎬",#fanpage,49,7,0,0.9114,Student,0
igdemo_000051,Important announcement coming soon. New project details coming very soon. Thank you Scott for the constant support. 🐾📚,#official #viral,26,3,0,0.7414,Student,0
igdemo_000052,This brand sent me the best package. So grateful for opportunities like this. Shot this in Port Heather. Brand deal number 60 this month. DM for collab details.,#trending #ad #collab #lifestyle #musthave,1388,52,30,0.921,Fitness Creator,0
igdemo_000052,"Obsessed with this new find. My followers deserve the best recommendations. Since 2023, this has been the dream. Link in bio for the discount.",#brandpartner #influencer #trending,1487,53,50,0.6705,Fitness Creator,0
igdemo_000052,"Can't stop wearing this lately. So grateful for opportunities like this. So many of you asked for this, here it is. Link in bio for the discount. 📸",#ad #discountcode #collab #brandpartner #trending #musthave,1759,176,47,0.8784,Fitness Creator,0
igdemo_000052,"Another day, another shoot. This is exactly what my feed needed. Look number 38 from this campaign. Can't believe it's already 2018. Link in bio for the discount. ✨",#influencer #sponsored #lifestyle,2792,108,325,0.0516,Fitness Creator,0
igdemo_000052,This might be my favorite collab yet. Honestly didn't expect to love this as much as I do. Filming this in New Nicholaschester today. DM for collab details. 💖,#sponsored #lifestyle #collab #trending #discountcode,401,11,17,0.8415,Fitness Creator,0
igdemo_000052,"This brand sent me the best package. So many of you have been asking about this. So many of you asked for this, here it is. Trip number 31 this year, no complaints. Shop this look now. 💖🌴",#influencer #sponsored #discountcode,3302,495,94,0.921,Fitness Creator,0
igdemo_000052,"Can't stop wearing this lately. My followers deserve the best recommendations. Tagging Stephen, my glam team today. Code is my username at checkout. 👑😍",#discountcode #sponsored #trending #ad #brandpartner #musthave,2045,128,59,0.8437,Fitness Creator,0
igdemo_000053,Thank you Colefort for another great week. Orders ship out within 2 business days. Order number 11 just shipped. Limited stock available.,#localbusiness #hustle,135,8,9,0.7184,Business Account,0
igdemo_000053,Restocked your favorites. Orders ship out within 2 business days. Limited stock available.,#customerfirst #marketing #shopsmall,213,9,11,0.2263,Business Account,0
igdemo_000053,"Behind the scenes at the shop today. Locally sourced, always. Thank you Priscillafort for 15 years of support. ✅🌍",#growth #smallbusiness #startup #businessowner #entrepreneur,154,7,6,0.6369,Business Account,0
igdemo_000053,"Behind the scenes at the shop today. Your support keeps our doors open. Based out of North Stephanie, shipping everywhere. Limited stock available.",#businessowner #smallbusiness #startup #localbusiness,174,9,12,0.2023,Business Account,0
igdemo_000053,"Small batch, made with care. Orders ship out within 2 business days. Customer number 70 just left a five-star review. 🤝",,95,4,3,0.5423,Business Account,0
igdemo_000053,"Meet the team making it happen. Handmade in small batches every week. Tagging Jennifer, one of our first customers back in 2025. DM us to order.",#shopsmall #businessowner,156,6,7,0.0,Business Account,0
igdemo_000053,Thank you West Codyberg for another great week. Orders ship out within 2 business days. Batch number 46 restocked today.,#startup #localbusiness #smallbusiness #growth #hustle,94,2,8,0.7845,Business Account,0
igdemo_000053,"Thank you New Tina for another great week. We appreciate every single one of you. Tagging Matthew, one of our first customers back in 2019.",#entrepreneur #hustle #smallbusiness,145,9,4,0.8519,Business Account,0
igdemo_000053,"Restocked your favorites. Locally sourced, always. Batch number 84 restocked today. Shop the link in bio.",#entrepreneur #customerfirst #startup #smallbusiness #businessowner,332,19,16,0.4767,Business Account,0
igdemo_000053,"Small batch, made with care. Handmade in small batches every week. Proudly 57 years in business this 2016. ✅",#smallbusiness #growth #entrepreneur #localbusiness,171,7,8,0.7783,Business Account,0
igdemo_000054,Finals season has me questioning everything. Somehow still passing my classes. Ran into William at the library again. 🌟,#studentlife,12,3,1,-0.1027,Celebrity Impersonator,1
igdemo_000054,Campus is so pretty in Port Sarahview today. Somehow still passing my classes. Currently 50 cups of coffee deep today.,#dormlife,25,4,1,0.6269,Celebrity Impersonator,1
igdemo_000054,Coffee run before class. Turns out procrastination is a full-time job.,#gradstudent,11,3,1,0.0,Celebrity Impersonator,1
igdemo_000054,Finals season has me questioning everything. Ranking my classes from bearable to soul-crushing. Group chat with Stacey is unhinged today. 📚🎬,#gradstudent #dormlife #finals,15,6,0,-0.1027,Celebrity Impersonator,1
igdemo_000054,"Another day surviving East Christopherfurt University. Library until it closes, again.",#studentlife #college #studybreak #campus,13,1,1,0.296,Celebrity Impersonator,1
igdemo_000054,Study session with Heather turned into a nap. Somehow still passing my classes. Studying in Colleenhaven has its perks.,,21,9,1,0.0,Celebrity Impersonator,1
igdemo_000054,Group project update: Turns out procrastination is a full-time job. Fun fact: I've switched majors 11 times.,#college #campus,17,4,0,0.5106,Celebrity Impersonator,1
igdemo_000054,Study session with Jermaine turned into a nap. Dorm life really tests your patience. Shoutout to Leslie for the study session. 🎬,#gradstudent #finals,13,1,0,0.0,Celebrity Impersonator,1
igdemo_000054,Campus is so pretty in Cookeville today. Turns out procrastination is a full-time job. Officially 32 credits away from graduating. ☕,#classof2026 #gradstudent,16,3,0,0.7661,Celebrity Impersonator,1
igdemo_000055,"I don't get to say this enough. I read every message even if I can't reply to all. Since 2022, still going strong. Follow only this page. 📚😊",,76,3,2,0.8519,Celebrity Impersonator,1
igdemo_000055,"Important announcement coming soon. I read every message even if I can't reply to all. Message number 98 today, reading every one. 😊",,45,4,0,0.7964,Celebrity Impersonator,1
igdemo_000055,To my real fans: I read every message even if I can't reply to all. Project number 45 coming together nicely.,,67,20,0,0.4939,Celebrity Impersonator,1
igdemo_000055,Thank you for the love this 2016. New project details coming very soon. Back in Samanthamouth this 2022. Share this so others know it's real.,,17,1,0,0.836,Celebrity Impersonator,1
igdemo_000055,A quick note from me to you. Please report any fake pages you see. Project number 85 coming together nicely. Project number 26 coming together nicely. Follow only this page.,#viral #celebrity #trending,39,2,0,0.6808,Celebrity Impersonator,1
igdemo_000055,A quick note from me to you. I read every message even if I can't reply to all. 27 years of your support means everything. 😊,#viral #exclusive,90,31,1,0.8271,Celebrity Impersonator,1
igdemo_000055,"I see all of your messages, truly. Ignore anyone claiming to be my manager elsewhere. Since 2015, still going strong. 98 years in this industry now. Share this so others know it's real. ☕",#viral #celebrity #official,151,27,1,0.7096,Celebrity Impersonator,1
igdemo_000055,"Important announcement coming soon. I read every message even if I can't reply to all. Since 2021, the journey continues. Since 2020, the journey continues.",,111,7,1,0.2023,Celebrity Impersonator,1
igdemo_000055,"I see all of your messages, truly. There's more coming that I can't wait to share. Working on something big for 2022. Share this so others know it's real. 🎉",,65,17,0,0.7106,Celebrity Impersonator,1
igdemo_000056,"New arrivals just dropped! Custom requests are always welcome. Based out of Port Katelyn, shipping everywhere. 💼",#localbusiness #shopsmall #growth #customerfirst #entrepreneur,226,18,3,0.5093,Business Account,0
igdemo_000056,Thank you Port Bryanview for another great week. We appreciate every single one of you. 📈✅,#marketing #entrepreneur #hustle #localbusiness,143,10,3,0.8519,Business Account,0
igdemo_000056,New arrivals just dropped! We appreciate every single one of you. Shoutout to our 16th customer this week. 🌍,#customerfirst #entrepreneur,206,10,2,0.4574,Business Account,0
igdemo_000056,Thank you Monicaview for another great week. We appreciate every single one of you. DM us to order.,#shopsmall #marketing #entrepreneur #customerfirst,125,11,2,0.8519,Business Account,0
igdemo_000056,Behind the scenes at the shop today. We appreciate every single one of you. Limited stock available. 🤝,,128,8,4,0.2023,Business Account,0
igdemo_000056,"Restocked your favorites. Locally sourced, always. Order number 29 just shipped. Tag someone who'd love this.",#growth #businessowner,138,13,2,0.8074,Business Account,0
igdemo_000056,"Behind the scenes at the shop today. Locally sourced, always. Customer number 32 just left a five-star review. Tag someone who'd love this. 🌍🔗",#localbusiness #smallbusiness #startup #marketing #customerfirst,345,19,7,0.6705,Business Account,0
igdemo_000056,New arrivals just dropped! Your support keeps our doors open.,#growth #startup #marketing #shopsmall,180,18,3,0.4574,Business Account,0
igdemo_000056,"Restocked your favorites. Orders ship out within 2 business days. Based out of East Elizabeth, shipping everywhere. Limited stock available. ✅🔗",#entrepreneur #growth,189,10,5,0.2263,Business Account,0
igdemo_000056,"New arrivals just dropped! Locally sourced, always. Customer number 16 just left a five-star review. Shop the link in bio. 🤝",#smallbusiness #businessowner #customerfirst,96,13,2,0.1511,Business Account,0
igdemo_000057,"A quick note from me to you. Please report any fake pages you see. 7 years of your support means everything. Message number 20 today, reading every one. 🐾",#fanpage #official #celebrity,136,5,3,0.296,Celebrity Impersonator,1
igdemo_000057,"Important announcement coming soon. Ignore anyone claiming to be my manager elsewhere. Thank you Sandra for the constant support. Message number 35 today, reading every one.",#celebrity #trending,442,7,9,0.5859,Celebrity Impersonator,1
igdemo_000057,"Something special is coming, stay tuned. None of this would matter without you. Working on something big for 2015. DM me directly here.",,116,9,2,0.4215,Celebrity Impersonator,1
igdemo_000057,Important announcement coming soon. Grateful for every one of you every single day. 70 years in this industry now. 57 years of your support means everything. DM me directly here.,#viral #official #fanpage,239,27,12,0.7579,Celebrity Impersonator,1
igdemo_000057,"Taking a moment to say thank you. Please report any fake pages you see. Since 2020, still going strong. DM me directly here. 🙌",,60,15,2,0.6124,Celebrity Impersonator,1
igdemo_000057,"I see all of your messages, truly. I read every message even if I can't reply to all. Working on something big for 2017.",,119,4,0,0.4404,Celebrity Impersonator,1
igdemo_000057,"I see all of your messages, truly. New project details coming very soon. Since 2017, the journey continues. Back in Jenniferport this 2020.",,44,3,0,0.4404,Celebrity Impersonator,1
igdemo_000058,"Group project update: My professor just dropped a pop quiz, send help. Shoutout to Joseph for the study session. Someone quiz me please.",#studygram,18,3,0,0.6124,Student,0
igdemo_000058,"Campus is so pretty in South Marcusborough today. Library until it closes, again. Fun fact: I've switched majors 80 times. Send snacks.",#campus #university #gradstudent,47,2,0,0.8134,Student,0
igdemo_000058,Coffee run before class. Dorm life really tests your patience. Campus tour 39 for prospective students today.,#studybreak #finals,28,3,0,0.0,Student,0
igdemo_000058,Finals season has me questioning everything. Dorm life really tests your patience. This is assignment number 93 this semester. ☕📚,#campus #gradstudent #studentlife,54,4,1,-0.0258,Student,0
igdemo_000058,Coffee run before class. Somehow still passing my classes. Number 45 on my to-do list: sleep. Someone quiz me please. 🎬😊,#studybreak #studygram #college #gradstudent,12,2,0,0.8225,Student,0
igdemo_000058,"Finals season has me questioning everything. My professor just dropped a pop quiz, send help. Shoutout to Dorothy for the study session. 💪",#finals,22,2,0,0.3182,Student,0
igdemo_000058,Coffee run before class. Dorm life really tests your patience. Ran into Kimberly at the library again. 🌟✨,#campus,14,3,0,0.3182,Student,0
igdemo_000058,Group project update: Turns out procrastination is a full-time job. Campus tour 51 for prospective students today. Send snacks.,,27,2,1,0.0,Student,0
igdemo_000058,Campus is so pretty in Jaimeland today. Turns out procrastination is a full-time job. Group chat with Matthew is unhinged today. Send snacks. 🙌,#finals #campus,11,1,0,0.6269,Student,0
igdemo_000058,Group project update: Ranking my classes from bearable to soul-crushing. Studying in Carolinemouth has its perks. 💪,#classof2026 #studygram #studybreak #campus,9,1,0,0.0,Student,0
igdemo_000058,"Campus is so pretty in Jesusfort today. Library until it closes, again. Currently 47 days away from break. 🙌🎉",#gradstudent,16,3,0,0.7793,Student,0
igdemo_000058,"Study session with Shelby turned into a nap. Library until it closes, again. Currently 47 days away from break.",#classof2026 #dormlife,8,1,0,0.0,Student,0
igdemo_000058,"Coffee run before class. Library until it closes, again. Currently 5 days away from break. Tell me it gets easier. 📚💪",#studygram #finals #dormlife #classof2026,7,1,0,0.4215,Student,0
igdemo_000058,"Another day surviving New Patrickbury University. My professor just dropped a pop quiz, send help. Officially 60 credits away from graduating. 📚",#gradstudent #college #dormlife #studygram,7,0,0,0.7506,Student,0
igdemo_000058,"Campus is so pretty in Port Colinshire today. Library until it closes, again. Tagging David because they'd get this. Wish me luck.",#studentlife #studybreak #dormlife,19,3,1,0.8818,Student,0
igdemo_000058,Campus is so pretty in West Jacobtown today. Ranking my classes from bearable to soul-crushing. Currently 4 cups of coffee deep today. 😊✨,#dormlife #studybreak #studentlife #studygram,15,1,0,0.9084,Student,0
igdemo_000058,Group project update: Dorm life really tests your patience. Tagging Janice because they'd get this. Send snacks. 🎬🌟,#dormlife #gradstudent #finals,12,1,0,0.0,Student,0
igdemo_000059,"Thank you Gilmorebury for another great week. We appreciate every single one of you. Tagging Christine, one of our first customers back in 2020. 💼🤝",#startup #marketing #localbusiness #entrepreneur,220,18,10,0.8519,Business Account,0
igdemo_000059,Restocked your favorites. Custom requests are always welcome. Order number 48 just shipped. Tag someone who'd love this.,#growth #businessowner #localbusiness,208,22,7,0.8834,Business Account,0
igdemo_000059,"Meet the team making it happen. Locally sourced, always. Team huddle today covered 38 new ideas.",#entrepreneur #startup #localbusiness #businessowner,136,29,4,0.0,Business Account,0
igdemo_000059,"New arrivals just dropped! Your support keeps our doors open. Tagging Wendy, one of our first customers back in 2025. DM us to order. 🤝",#startup #hustle,154,18,5,0.4574,Business Account,0
igdemo_000059,"Small batch, made with care. Your support keeps our doors open. Customer number 45 just left a five-star review. Tag someone who'd love this. 📈",#customerfirst #growth,250,44,9,0.886,Business Account,0
igdemo_000059,Behind the scenes at the shop today. Your support keeps our doors open. Team huddle today covered 67 new ideas. Tag someone who'd love this.,#marketing #smallbusiness #localbusiness #businessowner,139,18,5,0.7845,Business Account,0
igdemo_000059,"Meet the team making it happen. Locally sourced, always. Shoutout to our 15th customer this week. 🌍🤝",,259,22,3,0.0,Business Account,0
igdemo_000059,Meet the team making it happen. Your support keeps our doors open. Batch number 41 restocked today. Limited stock available.,#startup #hustle #shopsmall,175,20,8,0.2732,Business Account,0
igdemo_000060,"Another day, another shoot. This is exactly what my feed needed. Filming this in Howardchester today. Packing for Mindyborough again this week. Code is my username at checkout.",,251,21,0,-0.34,Fake Influencer,1
igdemo_000060,"Another day, another shoot. Can't wait to show you more from this collab. Since 2017, this has been the dream. 😍💅",#brandpartner #discountcode,144,4,0,0.3818,Fake Influencer,1
igdemo_000060,"Obsessed with this new find. So grateful for opportunities like this. Brand deal number 95 this month. Since 2015, this has been the dream. Link in bio for the discount. 📸👑",#lifestyle #influencer #musthave #collab #discountcode,127,5,0,0.8699,Fake Influencer,1
igdemo_000060,New content coming your way soon. So many of you have been asking about this. Brand deal number 96 this month. Shop this look now. 💖,#linkinbio #discountcode #influencer,125,7,0,0.7717,Fake Influencer,1
igdemo_000060,Living for moments like this. This is exactly what my feed needed.,#trending #lifestyle,50,1,0,0.3612,Fake Influencer,1
igdemo_000060,"Another day, another shoot. Can't wait to show you more from this collab. Since 2021, this has been the dream. Frank styled this look. Code is my username at checkout. ✨",,280,34,0,0.2263,Fake Influencer,1
igdemo_000060,"Unboxing my favorite package of the month. Use my code for a discount. Since 2019, this has been the dream. Code is my username at checkout.",#discountcode #brandpartner,327,7,0,0.6124,Fake Influencer,1
igdemo_000061,Learning a new part of the stack this week. Turned out to be a missing semicolon. Working remotely from West Lindsay this month.,#developer,28,4,1,-0.296,Developer,0
igdemo_000061,"Refactoring old code I wrote a year ago. Past me really did not comment anything. Tagging Evan, they'll appreciate this one.",#python #softwareengineer #javascript,120,7,3,0.4019,Developer,0
igdemo_000061,New side project idea just hit me at 2am. Naming things is still the hardest part. Shoutout to Aaron for the code review.,#developer #opensource,180,42,4,0.0,Developer,0
igdemo_000061,Rewrote a script that's been bugging me for weeks. Turned out to be a missing semicolon. PR number 22 finally merged. Open to feedback. ☕📦,,35,2,3,-0.2263,Developer,0
igdemo_000061,Refactoring old code I wrote a year ago. Past me really did not comment anything. Deploy number 2 of the week. ⚙️🚀,#developer #softwareengineer,53,9,2,0.0772,Developer,0
igdemo_000061,Gave a lunch-and-learn at Jackson PLC today. The code review comments humbled me. Pairing with Isaac made this so much faster. Curious how others solve this.,#programmer #100daysofcode #softwareengineer,86,3,3,0.5209,Developer,0
igdemo_000062,Spent way too long on a bug today. Pairing with a teammate made it so much faster. Sprint 70 wrapped up today. AMA about the stack.,#opensource #javascript,99,4,1,0.0,Developer,0
igdemo_000062,Migrated a service to a new framework today. Pairing with a teammate made it so much faster. Currently on commit number 96 of this refactor.,#developer #programmer #opensource,56,2,2,0.3612,Developer,0
igdemo_000062,"Spent way too long on a bug today. Linting caught it before it shipped, thankfully. Tagging Dorothy, they'll appreciate this one. AMA about the stack.",,37,6,0,0.6705,Developer,0
igdemo_000062,"Shipped a small feature at Wilkerson-Simpson. CI is green and I'm emotionally fine now. Tagging Frederick, they'll appreciate this one. Curious how others solve this.",#javascript,32,1,1,0.765,Developer,0
igdemo_000062,New side project idea just hit me at 2am. Past me really did not comment anything. Shoutout to Teresa for the code review. Repo link below. 🐛,,75,2,1,0.0,Developer,0
igdemo_000062,On-call was quiet for once. Docs were wrong but figured it out eventually. Sprint 58 wrapped up today. Repo link below. 📦,,73,4,1,-0.2617,Developer,0
igdemo_000062,Finally got the tests passing. Turned out to be a missing semicolon. Pairing with Angela made this so much faster. Curious how others solve this. ☕🧠,#coding #opensource #webdev,50,2,1,0.2878,Developer,0
igdemo_000062,Gave a lunch-and-learn at Trujillo Inc today. The fix was smaller than the investigation. PR number 51 finally merged. 🧠,#developer #opensource,76,2,1,0.0772,Developer,0
igdemo_000062,Learning a new part of the stack this week. Turned out to be a missing semicolon. Still can't believe it's 2024 and this bug exists. 🐛⚙️,#opensource #100daysofcode,89,5,1,-0.296,Developer,0
igdemo_000062,New side project idea just hit me at 2am. Pairing with a teammate made it so much faster. 38 tabs of documentation open right now. Repo link below. 📦,#developer,38,3,1,0.0,Developer,0
igdemo_000062,"Finally got the tests passing. Linting caught it before it shipped, thankfully. Working remotely from East Grantville this month. AMA about the stack. 🚀🧠",#python #buildinpublic,75,5,2,0.4215,Developer,0
igdemo_000062,Gave a lunch-and-learn at Carter-Hayes today. Pairing with a teammate made it so much faster. Currently on commit number 96 of this refactor. AMA about the stack. 💻📦,#buildinpublic,31,1,1,0.3612,Developer,0
igdemo_000062,Refactoring old code I wrote a year ago. Docs were wrong but figured it out eventually. 🧠,#100daysofcode #developer,30,1,1,-0.2617,Developer,0
igdemo_000063,"Everyone is asking how I did this so fast. Thousands already joined, don't miss out. This worked for Dana too, ask them. Comment before it's gone. 👉",#makemoneyonline #getrichquick #clicklink #followforfollow #onlyfollowers #dmforprice #freeprize,2,0,0,0.1139,Spam Account,1
igdemo_000063,"You NEED to see this. It's 100% legit, I was skeptical too. Message number 17 today, still going. Link in bio, click now. 🎁🔥",#clicklink #onlyfollowers #getrichquick #makemoneyonline,1,0,0,-0.128,Spam Account,1
igdemo_000063,"Everyone is asking how I did this so fast. No experience needed, just a phone. Spot number 78 just opened up. 📩💯",#clicklink #followforfollow #giveaway #cryptosignals #onlyfollowers #cashapp #dmforprice #freeprize,2,0,0,-0.2911,Spam Account,1
igdemo_000063,"You NEED to see this. Spots are filling up fast. Only 23 spots left today. Link in bio, click now. ✅",#cryptosignals #clicklink #cashapp #freeprize #giveaway,6,0,0,0.0,Spam Account,1
igdemo_000063,"Stop scrolling, read this. Made more money this week than my old job paid monthly. Since 2022, thousands have joined. 📩💰",#freeprize #clicklink #cryptosignals #dmforprice #giveaway #followforfollow #makemoneyonline,1,0,0,-0.296,Spam Account,1
igdemo_000063,"I wasn't going to share this but... Spots are filling up fast. Since 2021, thousands have joined. 🛒👉",#clicklink #cryptosignals #cashapp,2,0,0,-0.1139,Spam Account,1
igdemo_000064,Finally got the tests passing. Turned out to be a missing semicolon. Currently on commit number 28 of this refactor. AMA about the stack.,#coding,64,5,1,0.0772,Developer,0
igdemo_000064,Gave a lunch-and-learn at Harrison-Moore today. The code review comments humbled me. Shoutout to Joseph for the code review. Open to feedback. 🚀☕,#javascript #100daysofcode #webdev,107,6,2,0.0,Developer,0
igdemo_000064,"Migrated a service to a new framework today. Turns out the cache was the whole problem. This is bug ticket number 45, send help.",#100daysofcode #developer,107,9,2,0.0772,Developer,0
igdemo_000064,Spent way too long on a bug today. The fix was smaller than the investigation. Working out of Carlaside this 2020. ☕,#opensource #webdev #buildinpublic,86,9,3,0.0,Developer,0
igdemo_000064,Learning a new part of the stack this week. Naming things is still the hardest part. PR number 59 finally merged. Curious how others solve this. 📦🐛,#softwareengineer #100daysofcode,79,10,3,0.5267,Developer,0
igdemo_000064,Rewrote a script that's been bugging me for weeks. Turns out the cache was the whole problem. 84 tabs of documentation open right now. Open to feedback.,#opensource,44,4,1,-0.4019,Developer,0
igdemo_000064,"Learning a new part of the stack this week. Linting caught it before it shipped, thankfully. Sprint 20 wrapped up today.",#webdev #buildinpublic #coding,74,4,2,0.4215,Developer,0
igdemo_000064,New side project idea just hit me at 2am. The fix was smaller than the investigation. Currently on commit number 83 of this refactor.,#100daysofcode #javascript #opensource,98,6,3,0.3612,Developer,0
igdemo_000064,Gave a lunch-and-learn at Turner-Baldwin today. The code review comments humbled me. Standup update: 12 things fixed today. ⚙️,#javascript #buildinpublic,55,5,1,0.0,Developer,0
igdemo_000064,On-call was quiet for once. The code review comments humbled me. 43 tabs of documentation open right now.,#programmer #coding #python,59,3,1,0.0,Developer,0
igdemo_000064,Spent way too long on a bug today. The fix was smaller than the investigation. Still can't believe it's 2017 and this bug exists. Open to feedback. 🔧,#programmer #javascript #webdev,65,3,2,0.0,Developer,0
igdemo_000064,On-call was quiet for once. Turns out the cache was the whole problem. Repo link below.,#programmer #javascript,112,4,2,-0.4019,Developer,0
igdemo_000065,"Taking a moment to say thank you. Grateful for every one of you every single day. Since 2019, still going strong. Working on something big for 2025. 🙌",#viral #official #celebrity,143,19,3,0.8316,Celebrity Impersonator,1
igdemo_000065,Taking a moment to say thank you. This journey keeps surprising me. Project number 41 coming together nicely.,#celebrity #viral #exclusive,15,1,0,0.7783,Celebrity Impersonator,1
igdemo_000065,"Thank you for the love this 2017. New project details coming very soon. Tagging Patrick, thank you for believing in this. DM me directly here.",,55,6,0,0.8481,Celebrity Impersonator,1
igdemo_000065,"I don't get to say this enough. There's more coming that I can't wait to share. Tagging Brian, thank you for believing in this. Thank you George for the constant support. 📚🎬",,173,9,2,0.7341,Celebrity Impersonator,1
igdemo_000065,"Important announcement coming soon. Please report any fake pages you see. Since 2025, the journey continues.",#viral #fanpage #trending,89,20,1,0.0,Celebrity Impersonator,1
igdemo_000065,I don't get to say this enough. None of this would matter without you. Thank you Mary for the constant support.,,91,6,6,0.1754,Celebrity Impersonator,1
igdemo_000065,"This account is really me, I promise. None of this would matter without you. Thank you Betty for the constant support. Project number 84 coming together nicely.",,24,4,1,0.7546,Celebrity Impersonator,1
igdemo_000065,"This account is really me, I promise. Grateful for every one of you every single day. Project number 92 coming together nicely.",,26,5,0,0.83,Celebrity Impersonator,1
igdemo_000066,This brand sent me the best package. This is going straight into my everyday rotation. Look number 80 from this campaign. Look number 74 from this campaign. Code is my username at checkout.,#musthave #lifestyle,354,22,3,0.7717,Fake Influencer,1
igdemo_000066,This brand sent me the best package. Can't wait to show you more from this collab. Packing for West Bradland again this week. Patrick styled this look.,#collab #brandpartner #musthave #lifestyle,56,4,0,0.6369,Fake Influencer,1
igdemo_000066,"New content coming your way soon. Use my code for a discount. Brand deal number 63 this month. Trip number 87 this year, no complaints. Shop this look now. ✨",#sponsored #discountcode #trending,168,10,3,0.6319,Fake Influencer,1
igdemo_000066,This brand sent me the best package. So many of you have been asking about this. Packing for Cabreraburgh again this week. Packing for Vanessamouth again this week. Link in bio for the discount.,#ad #brandpartner #musthave,272,8,2,0.6369,Fake Influencer,1
igdemo_000066,New content coming your way soon. Partnering with brands I actually love. Look number 72 from this campaign.,#influencer #ad #musthave,196,9,2,0.6705,Fake Influencer,1
igdemo_000066,"Today's shoot was a whole vibe. Use my code for a discount. Brand deal number 16 this month. Since 2022, this has been the dream. Code is my username at checkout.",#sponsored #ad #influencer #trending,123,1,1,-0.0258,Fake Influencer,1
igdemo_000066,"Another day, another shoot. Can't wait to show you more from this collab. Since 2020, this has been the dream. James styled this look. Code is my username at checkout.",#linkinbio #brandpartner,59,1,1,-0.1027,Fake Influencer,1
igdemo_000067,"I see all of your messages, truly. This journey keeps surprising me. Project number 86 coming together nicely.",#viral,270,62,2,0.6808,Celebrity Impersonator,1
igdemo_000067,I don't get to say this enough. Grateful for every one of you every single day. Thank you Alyssa for the constant support.,,44,2,1,0.802,Celebrity Impersonator,1
igdemo_000067,"I see all of your messages, truly. Please report any fake pages you see. Back in Lake Ericaport this 2021. Share this so others know it's real. 🌟",,367,25,3,0.5106,Celebrity Impersonator,1
igdemo_000067,"Something special is coming, stay tuned. Ignore anyone claiming to be my manager elsewhere. 94 years of your support means everything. Since 2021, the journey continues. 🎬🐾",,83,2,1,0.4404,Celebrity Impersonator,1
igdemo_000067,Taking a moment to say thank you. None of this would matter without you. Project number 4 coming together nicely. Follow only this page.,#celebrity,97,2,0,0.646,Celebrity Impersonator,1
igdemo_000067,"To my real fans: Please report any fake pages you see. Tagging Eric, thank you for believing in this. 45 years of your support means everything.",,103,11,1,0.5267,Celebrity Impersonator,1
igdemo_000067,I don't get to say this enough. This journey keeps surprising me. Working on something big for 2020. 3 years of your support means everything. DM me directly here. 🎬,,174,2,4,0.5859,Celebrity Impersonator,1
igdemo_000067,"Important announcement coming soon. I read every message even if I can't reply to all. Tagging Jerry, thank you for believing in this. Since 2021, still going strong.",,372,15,3,0.765,Celebrity Impersonator,1
igdemo_000067,"Something special is coming, stay tuned. This journey keeps surprising me. Since 2015, the journey continues. Tagging Dorothy, thank you for believing in this.",#exclusive #trending,142,4,3,0.743,Celebrity Impersonator,1
igdemo_000067,"I don't get to say this enough. Grateful for every one of you every single day. Thank you Jacob for the constant support. Tagging Debbie, thank you for believing in this. 🎬🐾",,117,3,1,0.8658,Celebrity Impersonator,1
igdemo_000067,To my real fans: I read every message even if I can't reply to all. Back in New Angela this 2020. Working on something big for 2021. Follow only this page. 🌟☕,,610,17,2,0.0,Celebrity Impersonator,1
igdemo_000068,A quick note from me to you. This journey keeps surprising me. Project number 13 coming together nicely. Follow only this page. 🎉🎬,,844,26,36,0.7906,Celebrity Impersonator,1
igdemo_000068,"A quick note from me to you. This journey keeps surprising me. Project number 80 coming together nicely. Since 2016, the journey continues.",,2418,54,172,0.6486,Celebrity Impersonator,1
igdemo_000068,A quick note from me to you. Grateful for every one of you every single day. 66 years in this industry now. 97 years of your support means everything. Share this so others know it's real.,,2007,185,116,0.7845,Celebrity Impersonator,1
igdemo_000068,"Something special is coming, stay tuned. Grateful for every one of you every single day. 22 years in this industry now.",,3857,395,181,0.6908,Celebrity Impersonator,1
igdemo_000068,"Taking a moment to say thank you. None of this would matter without you. Message number 93 today, reading every one. ☕🎬",,4363,177,428,0.3352,Celebrity Impersonator,1
igdemo_000068,Thank you for the love this 2020. Please report any fake pages you see. Working on something big for 2022. 🎬,,2621,157,109,0.7096,Celebrity Impersonator,1
igdemo_000068,"Something special is coming, stay tuned. I read every message even if I can't reply to all. Working on something big for 2015.",#exclusive,1285,81,143,0.4019,Celebrity Impersonator,1
igdemo_000068,"This account is really me, I promise. This journey keeps surprising me. 80 years of your support means everything. 13 years in this industry now.",,4030,84,199,0.7479,Celebrity Impersonator,1
igdemo_000068,I don't get to say this enough. I read every message even if I can't reply to all. Project number 84 coming together nicely. DM me directly here.,,1308,51,119,0.4939,Celebrity Impersonator,1
igdemo_000068,"I see all of your messages, truly. I read every message even if I can't reply to all. Since 2019, still going strong. 32 years of your support means everything. ✨🎉",,8057,959,293,0.9169,Celebrity Impersonator,1
igdemo_000068,Taking a moment to say thank you. This journey keeps surprising me. Working on something big for 2015. 😊🎉,,1324,20,133,0.9062,Celebrity Impersonator,1
igdemo_000068,"Something special is coming, stay tuned. Grateful for every one of you every single day. Back in South Danielstad this 2016. Message number 33 today, reading every one.",#fanpage #official #celebrity,4367,87,269,0.7184,Celebrity Impersonator,1
igdemo_000068,"A quick note from me to you. I read every message even if I can't reply to all. Since 2016, the journey continues.",#viral #trending,1909,351,195,0.0,Celebrity Impersonator,1
igdemo_000068,"Something special is coming, stay tuned. This journey keeps surprising me. Message number 54 today, reading every one. ☕",#exclusive,1865,41,133,0.6249,Celebrity Impersonator,1
igdemo_000068,"I see all of your messages, truly. This journey keeps surprising me. Message number 35 today, reading every one. 🎬",#fanpage,8231,769,1164,0.6486,Celebrity Impersonator,1
igdemo_000069,Group project update: Turns out procrastination is a full-time job. Tagging Jessica because they'd get this. Send snacks. 💪,#classof2026 #dormlife,49,8,2,0.0,Student,0
igdemo_000069,"Study session with Patrick turned into a nap. Somehow still passing my classes. Somewhere in Summermouth, probably procrastinating.",,57,5,2,0.0,Student,0
igdemo_000069,Study session with Timothy turned into a nap. Ranking my classes from bearable to soul-crushing. Group chat with Courtney is unhinged today. Wish me luck. 🎬😊,#college #studentlife,21,2,1,0.8934,Student,0
igdemo_000069,Group project update: Turns out procrastination is a full-time job. Tagging Elizabeth because they'd get this. 🎬🙌,,16,1,1,0.0,Student,0
igdemo_000069,"Group project update: My professor just dropped a pop quiz, send help. Number 39 on my to-do list: sleep. 🎬",#studybreak #campus #finals,25,5,1,0.4588,Student,0
igdemo_000069,Another day surviving Lake Meganberg University. Dorm life really tests your patience. Studying in Mcmillanhaven has its perks. 📚,#university #campus #dormlife #finals,28,6,1,0.296,Student,0
igdemo_000069,"Group project update: Library until it closes, again. Fun fact: I've switched majors 71 times.",#university #college,32,3,1,0.5106,Student,0
igdemo_000070,"Something special is coming, stay tuned. There's more coming that I can't wait to share. 62 years of your support means everything. Message number 30 today, reading every one. Share this so others know it's real.",,110,4,2,0.7195,Celebrity Impersonator,1
igdemo_000070,"Thank you for the love this 2025. There's more coming that I can't wait to share. Since 2017, the journey continues. Since 2020, still going strong.",#celebrity #official #viral,47,1,2,0.8447,Celebrity Impersonator,1
igdemo_000070,"Thank you for the love this 2019. Ignore anyone claiming to be my manager elsewhere. Project number 82 coming together nicely. Since 2024, the journey continues. 💪☕",,266,7,2,0.8126,Celebrity Impersonator,1
igdemo_000070,Important announcement coming soon. I read every message even if I can't reply to all. 19 years of your support means everything. 😊,#viral #exclusive,59,1,1,0.8591,Celebrity Impersonator,1
igdemo_000070,"Something special is coming, stay tuned. New project details coming very soon. Thank you Zachary for the constant support. Working on something big for 2025. 😊",#viral #fanpage #exclusive,101,10,2,0.9213,Celebrity Impersonator,1
igdemo_000070,"Important announcement coming soon. There's more coming that I can't wait to share. Since 2016, the journey continues. DM me directly here.",#official,289,13,23,-0.0227,Celebrity Impersonator,1
igdemo_000070,"Something special is coming, stay tuned. Please report any fake pages you see. Message number 8 today, reading every one.",#celebrity #viral,199,4,3,0.296,Celebrity Impersonator,1
igdemo_000070,A quick note from me to you. This journey keeps surprising me.,,196,47,2,0.2732,Celebrity Impersonator,1
igdemo_000070,Important announcement coming soon. None of this would matter without you. 61 years of your support means everything. ☕🙌,#official #viral #fanpage,147,22,12,0.5574,Celebrity Impersonator,1
igdemo_000070,"Taking a moment to say thank you. I read every message even if I can't reply to all. Since 2018, still going strong. Since 2019, the journey continues. DM me directly here.",,69,4,2,0.7003,Celebrity Impersonator,1
igdemo_000070,"I see all of your messages, truly. Ignore anyone claiming to be my manager elsewhere. Since 2023, the journey continues. Working on something big for 2024. 🎉🌟",#fanpage #official #exclusive,221,38,2,0.4767,Celebrity Impersonator,1
igdemo_000071,Learning a new part of the stack this week. The code review comments humbled me. Sprint 23 wrapped up today. 📦🧠,#javascript,44,1,0,0.0,Developer,0
igdemo_000071,"Spent way too long on a bug today. The code review comments humbled me. This is bug ticket number 70, send help.",#buildinpublic,51,2,0,0.4588,Developer,0
igdemo_000071,Shipped a small feature at Johnson Inc. Turned out to be a missing semicolon. Curious how others solve this.,#developer,50,11,0,0.2263,Developer,0
igdemo_000071,Finally got the tests passing. The code review comments humbled me. Deploy number 68 of the week. 🧠📦,#developer,91,9,0,0.0772,Developer,0
igdemo_000071,New side project idea just hit me at 2am. The code review comments humbled me. 🐛,,69,3,1,0.0,Developer,0
igdemo_000071,"Rewrote a script that's been bugging me for weeks. Turned out to be a missing semicolon. This is bug ticket number 91, send help.",#100daysofcode #python #coding,74,2,1,0.2023,Developer,0
igdemo_000071,Learning a new part of the stack this week. Turned out to be a missing semicolon. 76 tabs of documentation open right now. 🧠,#coding,94,2,0,-0.296,Developer,0
igdemo_000071,"New side project idea just hit me at 2am. Linting caught it before it shipped, thankfully. Sprint 90 wrapped up today. 🐛",#opensource,91,3,1,0.4215,Developer,0
igdemo_000071,Finally got the tests passing. CI is green and I'm emotionally fine now. Shoutout to Jennifer for the code review. ☕📦,#javascript,61,1,0,0.2023,Developer,0
igdemo_000071,Rewrote a script that's been bugging me for weeks. The fix was smaller than the investigation. Working remotely from East Craig this month. Repo link below. 🐛,#opensource,128,7,1,0.0,Developer,0
igdemo_000071,"Finally got the tests passing. Linting caught it before it shipped, thankfully. This is bug ticket number 36, send help. 🔧",#softwareengineer #programmer,43,1,1,0.7003,Developer,0
igdemo_000072,Today's shoot was a whole vibe. So grateful for opportunities like this. Brand deal number 72 this month. Filming this in Port Michael today. Shop this look now. 😍✨,#discountcode #lifestyle #musthave #influencer #brandpartner,605,168,6,0.9087,Fake Influencer,1
igdemo_000072,"Living for moments like this. My followers deserve the best recommendations. Tagging Lauren, my glam team today. Brand deal number 49 this month. DM for collab details. 📸",#brandpartner #sponsored #musthave #collab #ad #lifestyle,82,3,6,0.7906,Fake Influencer,1
igdemo_000072,Unboxing my favorite package of the month. My followers deserve the best recommendations. Outfit number 97 of the week. Shop this look now.,#influencer #brandpartner,129,5,8,0.8176,Fake Influencer,1
igdemo_000072,Unboxing my favorite package of the month. My followers deserve the best recommendations. Filming this in Perkinsside today. Code is my username at checkout.,#musthave #influencer,104,5,1,0.802,Fake Influencer,1
igdemo_000072,New content coming your way soon. My followers deserve the best recommendations. Packing for North Jesustown again this week. Shop this look now. 🌴💅,#ad #influencer #musthave #sponsored #linkinbio #collab,98,14,8,0.6369,Fake Influencer,1
igdemo_000073,New side project idea just hit me at 2am. Turned out to be a missing semicolon. 13 tabs of documentation open right now. Open to feedback. 🧠,#javascript #webdev,119,15,4,-0.296,Developer,0
igdemo_000073,"Shipped a small feature at Kennedy, King and Dickerson. The code review comments humbled me. Working out of New Whitney this 2019.",#100daysofcode #softwareengineer,36,2,1,0.0,Developer,0
igdemo_000073,"Spent way too long on a bug today. Linting caught it before it shipped, thankfully. Pairing with Paula made this so much faster.",#coding #javascript,60,7,1,0.4215,Developer,0
igdemo_000073,"Rewrote a script that's been bugging me for weeks. Naming things is still the hardest part. This is bug ticket number 97, send help.",#developer,72,7,1,0.4588,Developer,0
igdemo_000073,Finally got the tests passing. Past me really did not comment anything. Shoutout to Jennifer for the code review.,#softwareengineer #developer #100daysofcode,123,9,4,0.0,Developer,0
igdemo_000073,"Migrated a service to a new framework today. Linting caught it before it shipped, thankfully. Standup update: 14 things fixed today. Repo link below. 🧠⚙️",#coding #javascript,50,4,1,0.4215,Developer,0
igdemo_000073,Rewrote a script that's been bugging me for weeks. The fix was smaller than the investigation. Standup update: 54 things fixed today. Curious how others solve this.,#webdev #opensource,82,5,2,0.4767,Developer,0
igdemo_000073,"On-call was quiet for once. Linting caught it before it shipped, thankfully. Currently debugging from Port James. Curious how others solve this.",#softwareengineer,46,3,1,0.7096,Developer,0
igdemo_000073,New side project idea just hit me at 2am. The fix was smaller than the investigation. Currently on commit number 10 of this refactor.,#python #buildinpublic #webdev,147,15,4,0.3612,Developer,0
igdemo_000073,New side project idea just hit me at 2am. Turned out to be a missing semicolon. Standup update: 42 things fixed today. ⚙️📦,#developer #python #100daysofcode,46,2,2,-0.296,Developer,0
igdemo_000073,Migrated a service to a new framework today. Pairing with a teammate made it so much faster. Working out of Taylormouth this 2024. Repo link below.,#programmer #buildinpublic,51,3,2,0.0,Developer,0
igdemo_000073,Gave a lunch-and-learn at Lane-Silva today. Naming things is still the hardest part. Working out of Johnsonbury this 2025.,#python #opensource #buildinpublic,64,4,1,0.0,Developer,0
igdemo_000074,Behind the scenes at the shop today. We appreciate every single one of you. Order number 74 just shipped. 📈🔗,#shopsmall #localbusiness #growth #customerfirst #startup,189,29,6,0.4588,Business Account,0
igdemo_000074,Behind the scenes at the shop today. We appreciate every single one of you. Celebrating 62 years since we opened our doors. Tag someone who'd love this.,#growth #shopsmall #customerfirst #smallbusiness #entrepreneur,144,10,5,0.891,Business Account,0
igdemo_000074,Meet the team making it happen. Your support keeps our doors open. Celebrating 78 years since we opened our doors. Limited stock available.,#hustle #marketing #smallbusiness #localbusiness #shopsmall,190,16,8,0.6705,Business Account,0
igdemo_000074,Behind the scenes at the shop today. Custom requests are always welcome. 52 orders packed and ready to go. Limited stock available.,#customerfirst #shopsmall,184,25,15,0.5574,Business Account,0
igdemo_000074,"Restocked your favorites. Locally sourced, always. Shoutout to our 12th customer this week.",#entrepreneur #growth #marketing #startup,233,9,7,0.4215,Business Account,0
igdemo_000074,Restocked your favorites. We appreciate every single one of you. Batch number 32 restocked today. Shop the link in bio.,#marketing #smallbusiness,158,16,13,0.7003,Business Account,0
igdemo_000074,Restocked your favorites. We appreciate every single one of you. Team huddle today covered 88 new ideas. Tag someone who'd love this. 🌍,#marketing #smallbusiness #localbusiness #hustle,137,13,6,0.8658,Business Account,0
igdemo_000074,"Small batch, made with care. We appreciate every single one of you. Team huddle today covered 83 new ideas.",,197,20,11,0.7096,Business Account,0
igdemo_000074,Thank you Lukeport for another great week. Your support keeps our doors open. Serving Port Lisamouth since 2018. Tag someone who'd love this. ✅🤝,#smallbusiness #growth #customerfirst,327,33,8,0.926,Business Account,0
igdemo_000074,Behind the scenes at the shop today. Orders ship out within 2 business days. Shoutout to our 9th customer this week.,#localbusiness #hustle #marketing,156,11,5,0.0,Business Account,0
igdemo_000074,Behind the scenes at the shop today. Custom requests are always welcome. Serving Brandihaven since 2018. DM us to order.,#entrepreneur #localbusiness #marketing #hustle #startup,77,12,2,0.4588,Business Account,0
igdemo_000075,Unboxing my favorite package of the month. Partnering with brands I actually love. Packing for Staceyfort again this week. Shop this look now. 📸,#linkinbio #musthave #ad #influencer,1,0,0,0.802,Business Account,0
igdemo_000075,This might be my favorite collab yet. This is exactly what my feed needed. Packing for Lake Sean again this week.,#influencer #lifestyle,1,0,0,0.4588,Business Account,0
igdemo_000075,This brand sent me the best package. This is exactly what my feed needed. Shannon styled this look. ✨💅,#ad #musthave #linkinbio #collab #discountcode #sponsored,4,0,0,0.7579,Business Account,0
igdemo_000075,Obsessed with this new find. Can't believe I get to call this my job. Bryan styled this look. Packing for Jennyberg again this week. DM for collab details. 💖,#brandpartner #influencer,2,0,0,0.6908,Business Account,0
igdemo_000075,"New content coming your way soon. Can't wait to show you more from this collab. Trip number 39 this year, no complaints.",,3,0,0,0.3732,Business Account,0
igdemo_000075,New content coming your way soon. My followers deserve the best recommendations. Brand deal number 31 this month. Code is my username at checkout.,#linkinbio #trending #discountcode,1,0,0,0.6705,Business Account,0
igdemo_000075,"Another day, another shoot. Honestly didn't expect to love this as much as I do. So many of you asked for this, here it is. Code is my username at checkout. 😍✨",#lifestyle #discountcode #ad #brandpartner #musthave #linkinbio,1,0,0,0.3678,Business Account,0
igdemo_000075,New content coming your way soon. Can't wait to show you more from this collab. Daniel styled this look. Shop this look now.,#influencer #discountcode,2,0,0,0.0,Business Account,0
igdemo_000075,This brand sent me the best package. So many of you have been asking about this. Outfit number 63 of the week. Can't believe it's already 2024.,#influencer #sponsored #collab #trending,1,0,0,0.6705,Business Account,0
igdemo_000075,"Obsessed with this new find. This is going straight into my everyday rotation. So many of you asked for this, here it is. Filming this in Davidburgh today. 📸",#lifestyle #sponsored #linkinbio #discountcode #brandpartner,2,0,0,0.0516,Business Account,0
igdemo_000076,"Meal prep Sunday. Small wins add up over months. 78 reps, zero regrets. Save this for your next session. ⚡🏋️",#fitness #healthylifestyle #nutrition #fitfam,1261,98,28,0.6597,Fitness Creator,0
igdemo_000076,"Meal prep Sunday. Progress isn't always linear, and that's fine.",#cardio #healthylifestyle #fitfam,1900,255,50,0.5574,Fitness Creator,0
igdemo_000076,Deload week starts now. Slow and controlled beats fast and sloppy. Logged 80 miles this week.,#fitfam #fitness #wellness #cardio #training #strength,674,26,13,0.0,Fitness Creator,0
igdemo_000076,"Ran a form check clinic today. Rest days are still training days. Week 88 of the plan, feeling stronger. 🔥",#fitness #wellness,1365,165,26,0.1779,Fitness Creator,0
igdemo_000076,"Early morning session before work. Fueling properly made a huge difference. Tagging Amy, my training partner today. Tag your gym partner. 🏋️💪",#wellness #workout #nutrition,2860,437,18,0.3182,Fitness Creator,0
igdemo_000076,"Coaching client hit a big milestone. Small wins add up over months. Session number 56 with this client, big progress. 🏋️🧘",#fitfam #nutrition,661,87,11,0.7783,Fitness Creator,0
igdemo_000076,Early morning session before work. Slow and controlled beats fast and sloppy. Shoutout to Victoria for showing up every day. Tag your gym partner. 🥗🏃,#gymlife #training #fitness,1679,95,78,0.0,Fitness Creator,0
igdemo_000076,Coaching client hit a big milestone. Strength carries over into everything else. Shoutout to Kimberly for showing up every day. ⚡,#fitfam #training #wellness #fitness #cardio #gymlife,1510,46,18,0.4939,Fitness Creator,0
igdemo_000076,New PR today! Sleep is still the most underrated recovery tool. 74 minutes of mobility work this morning.,,1995,41,85,0.0,Fitness Creator,0
igdemo_000076,New PR today! Consistency beats intensity most days. Coaching 41 clients this cycle. Programs linked in bio. 🥗🏃,#cardio #strength #wellness #gymlife #healthylifestyle,569,156,4,0.0,Fitness Creator,0
igdemo_000076,"Early morning session before work. Form over ego, always. Week 3 of the plan, feeling stronger. Programs linked in bio. ⚡🥗",#workout #fitness #cardio #nutrition #healthylifestyle,2895,251,167,0.4767,Fitness Creator,0
igdemo_000076,"Meal prep Sunday. Form over ego, always. 67 reps, zero regrets. 🥗",#training #gymlife #wellness #nutrition #workout #cardio,434,46,5,-0.3612,Fitness Creator,0
igdemo_000077,"Campus is so pretty in East Devon today. Library until it closes, again. Somewhere in Port Kellyshire, probably procrastinating.",#studentlife #dormlife #finals,21,2,1,0.6269,Student,0
igdemo_000077,Coffee run before class. Turns out procrastination is a full-time job. Currently 75 cups of coffee deep today.,#classof2026 #studentlife,21,1,0,0.0,Student,0
igdemo_000077,"Campus is so pretty in Spencerport today. My professor just dropped a pop quiz, send help. Officially 52 credits away from graduating. Send snacks. ✨🎉",,13,1,0,0.9234,Student,0
igdemo_000077,Study session with James turned into a nap. Ranking my classes from bearable to soul-crushing. Studying in Marquezstad has its perks. Send snacks. ☕🌟,#studentlife #studygram,18,1,0,0.0,Student,0
igdemo_000077,Finals season has me questioning everything. Ranking my classes from bearable to soul-crushing. Group chat with Heidi is unhinged today. 🎉✨,#classof2026 #university #gradstudent,26,1,0,0.5574,Student,0
igdemo_000077,Study session with Denise turned into a nap. Somehow still passing my classes. Fun fact: I've switched majors 51 times.,#studygram #finals #campus #studentlife,24,2,1,0.5106,Student,0
igdemo_000078,"Meal prep Sunday. Slow and controlled beats fast and sloppy. Week 96 of the plan, feeling stronger. Programs linked in bio. 💪🥗",#gymlife #wellness #workout,1139,220,25,0.4767,Fitness Creator,0
igdemo_000078,"New PR today! Small wins add up over months. Week 9 of the plan, feeling stronger. Tag your gym partner. 💪🥗",#workout #healthylifestyle #cardio #training #nutrition #gymlife,524,63,14,0.7959,Fitness Creator,0
igdemo_000078,"Deload week starts now. Progress isn't always linear, and that's fine. Week 90 of the plan, feeling stronger. DM 'START' to work together. 🔥",#fitfam #gymlife #cardio #fitness #wellness #nutrition,613,112,13,0.6486,Fitness Creator,0
igdemo_000079,"New PR today! Progress isn't always linear, and that's fine. Logged 18 miles this week.",#wellness #gymlife #cardio #strength #training #fitfam,501,26,41,0.5983,Fitness Creator,0
igdemo_000079,Leg day recap. Small wins add up over months. Programs linked in bio. 🔥,#fitfam #nutrition #cardio #strength #training #fitness,714,37,31,0.3182,Fitness Creator,0
igdemo_000079,Early morning session before work. Sleep is still the most underrated recovery tool. Shoutout to Amy for showing up every day. Save this for your next session. 🧘,#gymlife #strength #workout,1277,84,58,0.4939,Fitness Creator,0
igdemo_000079,Programming update for the week. Consistency beats intensity most days. Client hit a 57 pound PR today. 🏃,#wellness #strength #fitness #fitfam #training,392,51,31,0.0,Fitness Creator,0
igdemo_000079,"Leg day recap. Progress isn't always linear, and that's fine. Tag your gym partner. ⚡",#healthylifestyle #fitness #fitfam #training #cardio,1041,38,82,0.5574,Fitness Creator,0
igdemo_000079,"Programming update for the week. Fueling properly made a huge difference. Tagging Justin, my training partner today. DM 'START' to work together.",#wellness #strength #nutrition,381,22,22,0.3182,Fitness Creator,0
igdemo_000079,"Recovery day, mobility work only. Fueling properly made a huge difference. Coaching 73 clients this cycle. Programs linked in bio.",#wellness #gymlife #nutrition #cardio,1215,78,46,0.3182,Fitness Creator,0
igdemo_000079,Leg day recap. Rest days are still training days. Logged 5 miles this week. 🧘💪,#gymlife #nutrition #fitfam #cardio,311,26,32,0.0,Fitness Creator,0
igdemo_000079,"Ran a form check clinic today. Progress isn't always linear, and that's fine. Week 65 of the plan, feeling stronger. Tag your gym partner.",#workout #healthylifestyle #nutrition,484,18,22,0.7717,Fitness Creator,0
igdemo_000079,Meal prep Sunday. Rest days are still training days. Shoutout to Bryan for showing up every day. DM 'START' to work together.,#cardio #workout #fitfam #gymlife #strength #nutrition,443,16,26,0.0,Fitness Creator,0
igdemo_000079,"Meal prep Sunday. Sleep is still the most underrated recovery tool. Session number 60 with this client, big progress. Programs linked in bio. 🔥🧘",#fitfam #cardio #strength #nutrition,554,71,21,0.1779,Fitness Creator,0
igdemo_000079,Programming update for the week. Fueling properly made a huge difference. Training out of Janehaven this week.,#training #fitness #cardio #nutrition,818,51,50,0.3182,Fitness Creator,0
igdemo_000080,"This changed everything for me. No experience needed, just a phone. Over 92 people already joined this week. DM me 'START' immediately. 🎁",#cryptosignals #clicklink #getrichquick #dmforprice #freeprize #makemoneyonline #giveaway,2,0,0,0.1779,Spam Account,1
igdemo_000080,"I wasn't going to share this but... This is not a scam, I promise. Started in Robertburgh, now everywhere. Link in bio, click now. 👉",#makemoneyonline #freeprize #getrichquick #onlyfollowers #cashapp #cryptosignals #clicklink,2,0,0,0.7582,Spam Account,1
igdemo_000080,"Stop scrolling, read this. No experience needed, just a phone. Over 79 people already joined this week. 📩",#makemoneyonline #clicklink #cashapp #giveaway #dmforprice #cryptosignals #freeprize,5,0,0,-0.5719,Spam Account,1
igdemo_000080,"I wasn't going to share this but... It's 100% legit, I was skeptical too. Over 72 people already joined this week. Link in bio, click now. 💰",#makemoneyonline #freeprize #clicklink #dmforprice #followforfollow,1,0,0,-0.5258,Spam Account,1
igdemo_000080,Everyone is asking how I did this so fast. Spots are filling up fast.,#dmforprice #cashapp #clicklink,3,0,0,0.0,Spam Account,1
igdemo_000080,"You NEED to see this. It's 100% legit, I was skeptical too. 87 people can't all be wrong. Link in bio, click now. 💰✅",#followforfollow #cashapp #freeprize,3,0,0,0.0654,Spam Account,1
igdemo_000080,"This changed everything for me. This is not a scam, I promise. Only 86 spots left today. DM me 'START' immediately.",#cryptosignals #makemoneyonline #dmforprice #clicklink,3,0,0,0.4015,Spam Account,1
igdemo_000081,"You NEED to see this. Thousands already joined, don't miss out. Spot number 14 just opened up. Comment before it's gone. 🎁👉",#getrichquick #dmforprice #makemoneyonline #giveaway #cashapp #followforfollow,2,0,0,0.5638,Spam Account,1
igdemo_000081,"This changed everything for me. Made more money this week than my old job paid monthly. Since 2015, thousands have joined. DM me 'START' immediately.",#followforfollow #clicklink #onlyfollowers #freeprize #dmforprice #giveaway #getrichquick,1,0,0,0.0,Spam Account,1
igdemo_000081,"I wasn't going to share this but... Thousands already joined, don't miss out. Only 11 spots left today. Tap the link in my story.",#freeprize #cashapp #followforfollow #makemoneyonline,2,0,0,0.0572,Spam Account,1
igdemo_000081,"This changed everything for me. No experience needed, just a phone. Over 97 people already joined this week.",#makemoneyonline #getrichquick #freeprize #followforfollow #cryptosignals #giveaway #dmforprice,6,0,0,-0.296,Spam Account,1
igdemo_000081,"Stop scrolling, read this. This is not a scam, I promise. Since 2020, thousands have joined. Comment before it's gone. 🛒💰",#giveaway #freeprize #getrichquick #onlyfollowers #followforfollow #clicklink #dmforprice #cryptosignals,5,0,0,0.4763,Spam Account,1
igdemo_000081,"🚨 LAST CHANCE 🚨 This is not a scam, I promise. Slot 26 almost gone. Comment before it's gone. 🎁👉",#giveaway #makemoneyonline #cashapp #clicklink #cryptosignals,3,0,0,0.873,Spam Account,1
igdemo_000081,"Stop scrolling, read this. No experience needed, just a phone. Over 80 people already joined this week. DM me 'START' immediately. 🛒",#followforfollow #cashapp #getrichquick #makemoneyonline #clicklink #cryptosignals,1,0,0,-0.5719,Spam Account,1
igdemo_000081,"🚨 LAST CHANCE 🚨 This is not a scam, I promise. Spot number 30 just opened up. Comment before it's gone. 🔥",#freeprize #followforfollow #cashapp #getrichquick #clicklink #giveaway #onlyfollowers #dmforprice,4,1,0,0.7123,Spam Account,1
igdemo_000081,"You NEED to see this. This is not a scam, I promise. Started in Tylerborough, now everywhere. Comment before it's gone.",#giveaway #clicklink #onlyfollowers #dmforprice #cashapp,3,0,0,0.6483,Spam Account,1
igdemo_000081,"I wasn't going to share this but... Spots are filling up fast. This worked for Jeremy too, ask them. DM me 'START' immediately. 🔥💰",#makemoneyonline #giveaway #onlyfollowers #getrichquick #cashapp,2,0,0,-0.549,Spam Account,1
igdemo_000081,"Stop scrolling, read this. It's 100% legit, I was skeptical too.",#cryptosignals #dmforprice #clicklink #onlyfollowers #cashapp,2,0,0,-0.5423,Spam Account,1
igdemo_000082,Meet the team making it happen. We appreciate every single one of you. 21 orders packed and ready to go. 🌍💼,#localbusiness #growth #hustle #entrepreneur,356,72,6,0.6369,Business Account,0
igdemo_000082,"Small batch, made with care. Your support keeps our doors open. Customer number 66 just left a five-star review. Shop the link in bio.",#businessowner #shopsmall #startup,130,7,1,0.7351,Business Account,0
igdemo_000082,New arrivals just dropped! Your support keeps our doors open. Order number 14 just shipped.,#hustle #businessowner #entrepreneur #shopsmall #customerfirst,192,35,3,0.5093,Business Account,0
igdemo_000082,Meet the team making it happen. Handmade in small batches every week. Serving South Tracey since 2017. Limited stock available. 🤝,#smallbusiness #growth #marketing,120,29,2,-0.2263,Business Account,0
igdemo_000082,Meet the team making it happen. Handmade in small batches every week. Customer number 65 just left a five-star review. DM us to order. 💼,#localbusiness #growth #customerfirst #hustle,88,4,2,0.0772,Business Account,0
igdemo_000082,"Meet the team making it happen. Locally sourced, always. Proudly 54 years in business this 2024.",#startup #localbusiness #businessowner #entrepreneur,153,29,4,0.5574,Business Account,0
igdemo_000082,"Small batch, made with care. Handmade in small batches every week. 90 orders packed and ready to go. 💼",#entrepreneur #localbusiness,67,9,2,0.6908,Business Account,0
igdemo_000082,"New arrivals just dropped! Locally sourced, always. Tagging Michael, one of our first customers back in 2021. Tag someone who'd love this.",#customerfirst #startup #growth #shopsmall #entrepreneur,138,18,1,0.6696,Business Account,0
igdemo_000082,New arrivals just dropped! Orders ship out within 2 business days. Shoutout to our 18th customer this week. DM us to order. 🤝💼,#localbusiness #smallbusiness #shopsmall #startup #marketing,95,7,2,0.0,Business Account,0
igdemo_000082,"Small batch, made with care. Custom requests are always welcome. Thank you West Ginamouth for 55 years of support. 📈✅",#hustle #shopsmall,131,9,2,0.886,Business Account,0
igdemo_000082,Restocked your favorites. Custom requests are always welcome. Shoutout to our 69th customer this week.,#entrepreneur #smallbusiness #shopsmall #localbusiness,284,69,9,0.7003,Business Account,0
igdemo_000082,Thank you Watsonstad for another great week. Handmade in small batches every week. Shoutout to our 86th customer this week.,#shopsmall #entrepreneur #smallbusiness #businessowner #growth,280,43,6,0.765,Business Account,0
igdemo_000082,"Behind the scenes at the shop today. Orders ship out within 2 business days. Tagging Amy, one of our first customers back in 2025. Limited stock available.",#marketing #growth #entrepreneur,68,5,1,-0.2263,Business Account,0
igdemo_000082,Behind the scenes at the shop today. Your support keeps our doors open. Customer number 84 just left a five-star review. Limited stock available.,#marketing #businessowner #smallbusiness,165,17,6,0.2732,Business Account,0
igdemo_000082,"Meet the team making it happen. Custom requests are always welcome. Based out of East Jerryfurt, shipping everywhere. DM us to order.",#growth #startup,97,8,1,0.4588,Business Account,0
igdemo_000083,"Thank you Thomaston for another great week. Handmade in small batches every week. Based out of Velasquezstad, shipping everywhere. DM us to order. 🌍",#smallbusiness #shopsmall #entrepreneur,73,3,3,0.765,Business Account,0
igdemo_000083,Meet the team making it happen. Your support keeps our doors open. Customer number 51 just left a five-star review. 🔗,#localbusiness #entrepreneur #smallbusiness #startup #customerfirst,52,3,1,0.4588,Business Account,0
igdemo_000083,"Restocked your favorites. Locally sourced, always. Order number 5 just shipped.",#smallbusiness #hustle,80,2,4,0.4767,Business Account,0
igdemo_000083,Restocked your favorites. Your support keeps our doors open. Thank you Anthonyshire for 64 years of support.,#hustle #growth,66,2,2,0.8658,Business Account,0
igdemo_000083,"New arrivals just dropped! Locally sourced, always. Proudly 45 years in business this 2023. Limited stock available.",#shopsmall #businessowner #startup,173,7,5,0.4574,Business Account,0
igdemo_000083,Restocked your favorites. We appreciate every single one of you. Shoutout to our 51th customer this week. 🌍🔗,#businessowner #startup #smallbusiness,68,4,3,0.6705,Business Account,0
igdemo_000083,Restocked your favorites. Handmade in small batches every week. Thank you Hamiltonton for 76 years of support. Shop the link in bio.,,103,4,6,0.7906,Business Account,0
igdemo_000083,"Meet the team making it happen. Locally sourced, always. Thank you South Tracyfort for 50 years of support.",#hustle #localbusiness #customerfirst,109,5,3,0.6369,Business Account,0
igdemo_000083,"New arrivals just dropped! Locally sourced, always. Serving Lake Bryan since 2020. 📈",#hustle #marketing #businessowner #localbusiness #entrepreneur,93,3,4,0.0,Business Account,0
igdemo_000083,"Small batch, made with care. We appreciate every single one of you. Serving South Mario since 2021. DM us to order.",#growth #customerfirst #businessowner #entrepreneur,55,3,2,0.7096,Business Account,0
igdemo_000083,Meet the team making it happen. Custom requests are always welcome. Customer number 41 just left a five-star review. Tag someone who'd love this.,#customerfirst #businessowner #growth,53,2,3,0.8176,Business Account,0
igdemo_000083,Thank you Teresahaven for another great week. We appreciate every single one of you. Shoutout to our 23th customer this week. 📈🔗,#localbusiness #smallbusiness #startup #businessowner #entrepreneur,176,9,5,0.8519,Business Account,0
igdemo_000083,"Small batch, made with care. Custom requests are always welcome. Customer number 90 just left a five-star review.",#startup #growth #smallbusiness #businessowner #marketing,175,6,6,0.7579,Business Account,0
igdemo_000083,Behind the scenes at the shop today. We appreciate every single one of you. Serving Tuckerstad since 2024. DM us to order. 🌍,#localbusiness #entrepreneur #marketing,198,13,9,0.4019,Business Account,0
igdemo_000083,New arrivals just dropped! We appreciate every single one of you. Shoutout to our 65th customer this week. Shop the link in bio. 🌍,,197,8,10,0.4574,Business Account,0
igdemo_000083,"Behind the scenes at the shop today. We appreciate every single one of you. Based out of Sarahport, shipping everywhere. Tag someone who'd love this. 🔗",#startup #businessowner #smallbusiness #entrepreneur #shopsmall,38,1,2,0.7845,Business Account,0
igdemo_000084,"Thank you Lake Annbury for another great week. Locally sourced, always. Order number 26 just shipped. Tag someone who'd love this.",#marketing #growth #customerfirst #hustle,112,6,1,0.9022,Business Account,0
igdemo_000084,Thank you Jillland for another great week. Handmade in small batches every week. Serving West Daniel since 2024. Shop the link in bio. 📈🔗,#hustle #shopsmall,229,11,6,0.765,Business Account,0
igdemo_000084,New arrivals just dropped! Custom requests are always welcome. Celebrating 59 years since we opened our doors. 🔗📈,#startup #businessowner,131,7,3,0.7901,Business Account,0
igdemo_000084,"Small batch, made with care. We appreciate every single one of you. Customer number 17 just left a five-star review. Limited stock available.",#startup #customerfirst #businessowner #smallbusiness #hustle,142,11,5,0.6486,Business Account,0
igdemo_000084,Meet the team making it happen. Custom requests are always welcome. Serving Danieltown since 2025.,#smallbusiness #customerfirst #entrepreneur,122,8,2,0.4588,Business Account,0
igdemo_000084,New arrivals just dropped! We appreciate every single one of you. Team huddle today covered 2 new ideas. DM us to order. 🤝✅,#smallbusiness #entrepreneur #shopsmall,110,8,2,0.4574,Business Account,0
igdemo_000085,"Meet the team making it happen. Locally sourced, always. Shoutout to our 67th customer this week. ✅🔗",#businessowner #entrepreneur #marketing,61,6,3,0.0,Business Account,0
igdemo_000085,Restocked your favorites. We appreciate every single one of you. Shoutout to our 36th customer this week. ✅🤝,#businessowner #shopsmall #smallbusiness,104,6,4,0.6705,Business Account,0
igdemo_000085,Meet the team making it happen. We appreciate every single one of you. Serving East Andrew since 2024. Tag someone who'd love this.,#entrepreneur #shopsmall #localbusiness #businessowner #marketing,86,7,8,0.7845,Business Account,0
igdemo_000085,Thank you West Jessicaville for another great week. Orders ship out within 2 business days. Thank you Mariamouth for 90 years of support.,,127,12,5,0.8957,Business Account,0
igdemo_000085,Behind the scenes at the shop today. Your support keeps our doors open. Customer number 68 just left a five-star review. Limited stock available.,#hustle #marketing #shopsmall #startup,55,3,3,0.2732,Business Account,0
igdemo_000085,"New arrivals just dropped! Custom requests are always welcome. Based out of North Curtisport, shipping everywhere.",#customerfirst #shopsmall #marketing,144,11,5,0.5093,Business Account,0
igdemo_000085,"Thank you Lake John for another great week. Your support keeps our doors open. Based out of New Leahburgh, shipping everywhere. Limited stock available.",#startup #customerfirst #shopsmall #marketing #growth,29,2,1,0.8126,Business Account,0
igdemo_000085,Meet the team making it happen. Orders ship out within 2 business days. Order number 63 just shipped. Shop the link in bio. 🌍🔗,#businessowner #growth #customerfirst #shopsmall,104,6,4,0.0772,Business Account,0
igdemo_000085,"Thank you North Lorifurt for another great week. Locally sourced, always. Serving North Robin since 2021. DM us to order. 📈💼",#customerfirst #startup #smallbusiness #localbusiness,45,2,1,0.765,Business Account,0
igdemo_000085,New arrivals just dropped! Your support keeps our doors open. Order number 31 just shipped. Shop the link in bio. ✅,#businessowner #startup,51,3,1,0.5093,Business Account,0
igdemo_000085,Restocked your favorites. Handmade in small batches every week. Proudly 77 years in business this 2016.,#marketing #entrepreneur #localbusiness #businessowner,77,7,2,0.7506,Business Account,0
igdemo_000085,"Restocked your favorites. Handmade in small batches every week. Tagging Patricia, one of our first customers back in 2021. ✅🔗",#customerfirst #smallbusiness #businessowner #hustle,137,30,5,0.4215,Business Account,0
igdemo_000086,Programming update for the week. Sleep is still the most underrated recovery tool. Day 81 of the program. 💪🏋️,#gymlife #strength #nutrition,1973,272,133,0.0,Fitness Creator,0
igdemo_000086,Back-to-back sessions today. Consistency beats intensity most days. Shoutout to Jordan for showing up every day. Save this for your next session. 🏋️,#gymlife #workout #wellness #cardio #healthylifestyle #nutrition,2093,289,129,0.4939,Fitness Creator,0
igdemo_000086,Programming update for the week. Slow and controlled beats fast and sloppy. Day 60 of the program. DM 'START' to work together.,#healthylifestyle #strength #gymlife #wellness,1485,35,35,0.0,Fitness Creator,0
igdemo_000086,Ran a form check clinic today. Rest days are still training days. Day 39 of the program.,#strength #healthylifestyle #fitness #fitfam,3350,362,110,0.0,Fitness Creator,0
igdemo_000086,"Programming update for the week. Progress isn't always linear, and that's fine. Day 70 of the program.",#workout #strength #training #gymlife,1774,391,85,0.5574,Fitness Creator,0
igdemo_000086,Back-to-back sessions today. Fueling properly made a huge difference. Coaching 47 clients this cycle. DM 'START' to work together.,#fitfam #workout,2406,254,102,0.3182,Fitness Creator,0
igdemo_000086,"Meal prep Sunday. Slow and controlled beats fast and sloppy. Session number 4 with this client, big progress. DM 'START' to work together. 🏋️",#wellness #training #fitness #workout #nutrition #fitfam,2956,399,207,0.4767,Fitness Creator,0
igdemo_000086,"Recovery day, mobility work only. Rest days are still training days. Week 27 of the plan, feeling stronger. Save this for your next session.",#strength #workout #fitfam,2729,434,239,0.743,Fitness Creator,0
igdemo_000086,"Leg day recap. Slow and controlled beats fast and sloppy. Tagging Devin, my training partner today.",#gymlife #cardio #healthylifestyle,1806,138,76,0.0,Fitness Creator,0
igdemo_000086,Programming update for the week. Fueling properly made a huge difference. 45 minutes of mobility work this morning. 💪,#cardio #workout #nutrition,4559,682,208,0.3182,Fitness Creator,0
igdemo_000086,"Back-to-back sessions today. Form over ego, always. Week 21 of the plan, feeling stronger.",#wellness #training #gymlife #workout #nutrition,2312,222,107,0.4767,Fitness Creator,0
igdemo_000087,"Refactoring old code I wrote a year ago. Linting caught it before it shipped, thankfully. Sprint 82 wrapped up today.",#javascript #opensource,164,7,7,0.4215,Celebrity Impersonator,1
igdemo_000087,"Gave a lunch-and-learn at Garcia, Mckay and Mccoy today. Pairing with a teammate made it so much faster. Currently debugging from West Donna.",#programmer,311,10,2,0.0,Celebrity Impersonator,1
igdemo_000087,"Finally got the tests passing. Turned out to be a missing semicolon. This is bug ticket number 30, send help. Curious how others solve this.",#javascript #coding,195,7,3,0.5994,Celebrity Impersonator,1
igdemo_000087,"Gave a lunch-and-learn at Rush, Jimenez and Lucero today. Turns out the cache was the whole problem. Working out of Brownshire this 2019.",,259,5,2,-0.4019,Celebrity Impersonator,1
igdemo_000087,"Gave a lunch-and-learn at Conner, Sanchez and Roberson today. Past me really did not comment anything. Sprint 21 wrapped up today. Curious how others solve this.",#opensource #python,163,3,3,0.4767,Celebrity Impersonator,1
igdemo_000087,Gave a lunch-and-learn at Jackson-Hernandez today. Past me really did not comment anything. Pairing with Kristen made this so much faster. 🔧🧠,#buildinpublic #python #softwareengineer,175,3,1,0.0,Celebrity Impersonator,1
igdemo_000087,New side project idea just hit me at 2am. Past me really did not comment anything. Sprint 37 wrapped up today.,,284,7,11,0.0,Celebrity Impersonator,1
igdemo_000087,"Shipped a small feature at Barnett, Stewart and Gray. Pairing with a teammate made it so much faster. PR number 88 finally merged. 🐛",#opensource,246,26,5,0.0772,Celebrity Impersonator,1
igdemo_000087,"Shipped a small feature at White, Long and Rogers. Pairing with a teammate made it so much faster. Sprint 61 wrapped up today. 💻",#javascript #webdev,182,11,2,0.0,Celebrity Impersonator,1
igdemo_000087,Finally got the tests passing. Docs were wrong but figured it out eventually. PR number 39 finally merged. Repo link below.,#javascript #developer #webdev,106,4,2,-0.1531,Celebrity Impersonator,1
igdemo_000087,Spent way too long on a bug today. The fix was smaller than the investigation. Sprint 12 wrapped up today. ⚙️📦,#python #buildinpublic #javascript,265,18,2,0.0,Celebrity Impersonator,1
igdemo_000088,New content coming your way soon. My followers deserve the best recommendations. Packing for Port Matthewberg again this week. Shot this in Alisonstad.,#influencer #lifestyle,105,1,0,0.6369,Fake Influencer,1
igdemo_000088,"Golden hour never disappoints. Can't wait to show you more from this collab. So many of you asked for this, here it is. Can't believe it's already 2021. DM for collab details.",#trending #collab #influencer #musthave,52,0,0,0.2924,Fake Influencer,1
igdemo_000088,Living for moments like this. This is exactly what my feed needed. Can't believe it's already 2020. Code is my username at checkout.,#musthave #ad #linkinbio #sponsored #discountcode,105,1,3,0.3612,Fake Influencer,1
igdemo_000088,"Living for moments like this. So many of you have been asking about this. Look number 3 from this campaign. Since 2020, this has been the dream. Shop this look now. ✨📸",#discountcode #musthave #trending #ad,32,0,0,0.7269,Fake Influencer,1
igdemo_000088,"This brand sent me the best package. This is exactly what my feed needed. Can't believe it's already 2021. Tagging Mark, my glam team today. 💅",#lifestyle #trending #discountcode #collab #ad,93,3,2,0.6369,Fake Influencer,1
igdemo_000088,Living for moments like this. Can't wait to show you more from this collab. Filming this in Lake Anthonyview today.,#lifestyle #collab #brandpartner #ad #sponsored,204,9,4,0.3612,Fake Influencer,1
igdemo_000088,New content coming your way soon. Use my code for a discount. Packing for Garciashire again this week. Link in bio for the discount. 💖,#musthave #influencer #linkinbio #ad #lifestyle #discountcode,55,2,1,0.7506,Fake Influencer,1
igdemo_000088,Unboxing my favorite package of the month. So many of you have been asking about this. Packing for Louisberg again this week. Link in bio for the discount. 🌴✨,#lifestyle #sponsored #brandpartner #musthave #trending,41,2,1,0.6486,Fake Influencer,1
igdemo_000088,"Unboxing my favorite package of the month. This is exactly what my feed needed. Brand deal number 24 this month. Trip number 90 this year, no complaints. Shop this look now.",#brandpartner #collab #trending #ad #linkinbio,105,1,2,0.7057,Fake Influencer,1
igdemo_000088,New content coming your way soon. Can't believe I get to call this my job. Look number 91 from this campaign. Look number 71 from this campaign. Code is my username at checkout.,#linkinbio #lifestyle,78,7,1,0.1531,Fake Influencer,1
igdemo_000089,On-call was quiet for once. Naming things is still the hardest part. Currently on commit number 89 of this refactor. ☕,#javascript #python,32,1,1,0.3612,Developer,0
igdemo_000089,Learning a new part of the stack this week. Docs were wrong but figured it out eventually. Pairing with Jaclyn made this so much faster. Curious how others solve this.,#softwareengineer #buildinpublic,7,0,0,0.5416,Developer,0
igdemo_000089,Rewrote a script that's been bugging me for weeks. Past me really did not comment anything. PR number 88 finally merged. 🔧📦,#webdev,25,1,0,0.0772,Developer,0
igdemo_000089,On-call was quiet for once. Turned out to be a missing semicolon. Working remotely from Anthonyburgh this month. 🧠🐛,#100daysofcode #javascript,46,4,0,-0.296,Developer,0
igdemo_000089,"Spent way too long on a bug today. Docs were wrong but figured it out eventually. Tagging Jonathan, they'll appreciate this one.",#programmer,13,1,0,0.3612,Developer,0
igdemo_000089,Refactoring old code I wrote a year ago. CI is green and I'm emotionally fine now. Sprint 68 wrapped up today. 🔧🚀,#python #buildinpublic,20,1,0,0.2023,Developer,0
igdemo_000089,Learning a new part of the stack this week. Pairing with a teammate made it so much faster. Deploy number 80 of the week.,#python,14,1,0,0.0772,Developer,0
igdemo_000090,"Behind the scenes at the shop today. Custom requests are always welcome. Based out of North Paulview, shipping everywhere.",#shopsmall #smallbusiness #growth #customerfirst #localbusiness,176,12,5,0.4588,Business Account,0
igdemo_000090,"New arrivals just dropped! Handmade in small batches every week. Based out of Lake Paula, shipping everywhere.",#marketing #startup,82,13,3,0.0,Business Account,0
igdemo_000090,Meet the team making it happen. Custom requests are always welcome. Proudly 94 years in business this 2016. DM us to order.,#customerfirst #startup #growth #businessowner,121,8,5,0.765,Business Account,0
igdemo_000090,Behind the scenes at the shop today. Handmade in small batches every week. Shoutout to our 43th customer this week.,#growth #localbusiness,50,4,3,0.0,Business Account,0
igdemo_000090,"New arrivals just dropped! Locally sourced, always. Shoutout to our 68th customer this week.",#shopsmall #smallbusiness,92,11,4,0.0,Business Account,0
igdemo_000090,Meet the team making it happen. Orders ship out within 2 business days. Celebrating 13 years since we opened our doors.,#hustle #marketing #growth #smallbusiness,141,9,8,0.5719,Business Account,0
igdemo_000090,Behind the scenes at the shop today. Orders ship out within 2 business days. Customer number 77 just left a five-star review. 🌍,#startup #localbusiness #growth,174,28,13,0.0772,Business Account,0
igdemo_000090,"Thank you Port Michaelmouth for another great week. Handmade in small batches every week. Tagging Heidi, one of our first customers back in 2022. Shop the link in bio. 🔗📈",#growth #businessowner #smallbusiness,79,6,6,0.765,Business Account,0
igdemo_000090,"Behind the scenes at the shop today. Locally sourced, always. Shoutout to our 98th customer this week. Tag someone who'd love this.",#shopsmall #growth,79,9,4,0.6369,Business Account,0
igdemo_000090,New arrivals just dropped! Handmade in small batches every week. Thank you Bartlettstad for 60 years of support. 🔗,#localbusiness #startup #smallbusiness #shopsmall #marketing,71,7,4,0.6696,Business Account,0
igdemo_000090,Restocked your favorites. Orders ship out within 2 business days. 14 orders packed and ready to go. 🌍,#marketing #localbusiness #smallbusiness,126,24,3,0.6486,Business Account,0
igdemo_000090,Meet the team making it happen. Orders ship out within 2 business days. Customer number 88 just left a five-star review. 🤝🔗,#growth #businessowner #hustle,69,8,3,0.0772,Business Account,0
igdemo_000090,Restocked your favorites. Your support keeps our doors open. Serving Nicholeburgh since 2016. Tag someone who'd love this.,#localbusiness #shopsmall #entrepreneur #growth,65,6,3,0.8658,Business Account,0
igdemo_000090,"Restocked your favorites. Locally sourced, always. Tagging Shelby, one of our first customers back in 2019. Shop the link in bio. 🌍",#shopsmall #entrepreneur #startup,121,15,6,0.4215,Business Account,0
igdemo_000090,Meet the team making it happen. Your support keeps our doors open.,#smallbusiness #businessowner,100,10,7,0.4019,Business Account,0
igdemo_000090,"Small batch, made with care. We appreciate every single one of you. Celebrating 34 years since we opened our doors. Shop the link in bio.",#customerfirst #marketing #hustle,66,5,3,0.8625,Business Account,0
igdemo_000091,"Small batch, made with care. Custom requests are always welcome. Serving Heatherside since 2021. Shop the link in bio. 💼✅",#smallbusiness #marketing #entrepreneur #businessowner,953,183,31,0.7351,Business Account,0
igdemo_000091,Thank you Stephensview for another great week. Handmade in small batches every week. Thank you North Daniel for 97 years of support. Shop the link in bio.,#entrepreneur #customerfirst #smallbusiness #shopsmall,360,28,9,0.8957,Business Account,0
igdemo_000091,Meet the team making it happen. Handmade in small batches every week. Order number 47 just shipped. 💼🔗,#startup #smallbusiness #entrepreneur #localbusiness,320,59,10,0.0772,Business Account,0
igdemo_000091,Meet the team making it happen. Orders ship out within 2 business days. Customer number 8 just left a five-star review.,#localbusiness #growth #hustle,401,25,17,0.0772,Business Account,0
igdemo_000091,Restocked your favorites. We appreciate every single one of you. Shoutout to our 96th customer this week. Limited stock available. ✅,#growth #hustle,232,56,5,0.5574,Business Account,0
igdemo_000091,Thank you Romanview for another great week. Your support keeps our doors open.,#marketing #hustle #businessowner,640,69,19,0.8519,Business Account,0
igdemo_000091,Meet the team making it happen. Handmade in small batches every week. Batch number 48 restocked today. Tag someone who'd love this.,#localbusiness #marketing #businessowner #customerfirst #smallbusiness,736,60,46,0.6705,Business Account,0
igdemo_000091,"Behind the scenes at the shop today. Locally sourced, always. 🤝",#growth #startup #hustle #entrepreneur #smallbusiness,1007,255,47,0.0,Business Account,0
igdemo_000091,"Small batch, made with care. Custom requests are always welcome. Proudly 42 years in business this 2018. Limited stock available. 🤝",#startup #localbusiness #businessowner #marketing,222,21,3,0.836,Business Account,0
igdemo_000091,Thank you North Susan for another great week. Custom requests are always welcome. Shoutout to our 26th customer this week. 🔗📈,#marketing #growth,329,27,14,0.8625,Business Account,0
igdemo_000092,Meet the team making it happen. We appreciate every single one of you. Batch number 86 restocked today.,#hustle #entrepreneur #businessowner #customerfirst #smallbusiness,114,6,2,0.1027,Business Account,0
igdemo_000092,Thank you Amyfurt for another great week. Handmade in small batches every week. Team huddle today covered 7 new ideas. DM us to order. 💼,#growth #smallbusiness,115,5,4,0.765,Business Account,0
igdemo_000092,Restocked your favorites. Your support keeps our doors open. Order number 20 just shipped. 📈,#smallbusiness #businessowner #entrepreneur,115,5,2,0.7003,Business Account,0
igdemo_000092,"Small batch, made with care. Your support keeps our doors open. Based out of North Katrina, shipping everywhere. 💼🤝",#localbusiness #entrepreneur,154,7,5,0.7096,Business Account,0
igdemo_000092,"Restocked your favorites. Locally sourced, always. Shoutout to our 5th customer this week. DM us to order.",#startup #entrepreneur,157,10,4,0.4215,Business Account,0
igdemo_000092,Restocked your favorites. Custom requests are always welcome. Proudly 38 years in business this 2016. Tag someone who'd love this. 💼🤝,#marketing #entrepreneur,114,7,5,0.9274,Business Account,0
igdemo_000092,"Small batch, made with care. Locally sourced, always. Thank you North Shaneborough for 57 years of support. ✅",#entrepreneur #startup #localbusiness #growth,81,3,3,0.8126,Business Account,0
igdemo_000092,Thank you Katherineville for another great week. Your support keeps our doors open. Shoutout to our 70th customer this week. Shop the link in bio. 🤝🌍,#growth #hustle #businessowner #shopsmall #smallbusiness,141,4,5,0.8519,Business Account,0
igdemo_000092,Restocked your favorites. We appreciate every single one of you. Team huddle today covered 31 new ideas. Shop the link in bio.,#localbusiness #smallbusiness #customerfirst #entrepreneur,141,5,2,0.6705,Business Account,0
igdemo_000092,Restocked your favorites. Handmade in small batches every week. Team huddle today covered 55 new ideas. Tag someone who'd love this. 🔗🌍,#shopsmall #entrepreneur #customerfirst,113,4,4,0.7906,Business Account,0
igdemo_000092,Meet the team making it happen. Orders ship out within 2 business days. Serving East Beverly since 2016. DM us to order. 🔗🤝,#businessowner #growth #entrepreneur,138,5,6,0.0,Business Account,0
igdemo_000092,Behind the scenes at the shop today. We appreciate every single one of you. Shoutout to our 46th customer this week. Shop the link in bio.,#hustle #smallbusiness,105,3,4,0.4019,Business Account,0
igdemo_000092,Thank you Lake Jessica for another great week. Handmade in small batches every week. Celebrating 21 years since we opened our doors. Tag someone who'd love this. 🔗🤝,#entrepreneur #hustle #marketing,209,14,3,0.9382,Business Account,0
igdemo_000093,"Another day, another shoot. So grateful for opportunities like this. Since 2021, this has been the dream. Tagging Michael, my glam team today. DM for collab details. 😍",,52,6,1,0.8963,Developer,0
igdemo_000093,"Golden hour never disappoints. So grateful for opportunities like this. Tagging Rebecca, my glam team today.",#collab #discountcode #influencer #lifestyle #sponsored #linkinbio,23,1,0,0.8863,Developer,0
igdemo_000093,"Golden hour never disappoints. So grateful for opportunities like this. So many of you asked for this, here it is. DM for collab details.",#trending #collab #brandpartner #musthave #influencer #discountcode,15,0,1,0.8863,Developer,0
igdemo_000093,"Can't stop wearing this lately. This is exactly what my feed needed. Tagging Cindy, my glam team today. Shot this in North Jessicabury. 💅",#trending #linkinbio,22,2,0,0.2235,Developer,0
igdemo_000093,"Today's shoot was a whole vibe. Honestly didn't expect to love this as much as I do. Tagging Scott, my glam team today. Jennifer styled this look. DM for collab details. ✨",#collab #lifestyle #trending #sponsored #ad,36,3,1,-0.12,Developer,0
igdemo_000093,Golden hour never disappoints. Can't wait to show you more from this collab. Outfit number 55 of the week. Can't believe it's already 2019.,#lifestyle #trending #musthave #sponsored #collab #ad,15,1,0,0.3578,Developer,0
igdemo_000093,"This might be my favorite collab yet. Honestly didn't expect to love this as much as I do. Shot this in Matthewmouth. So many of you asked for this, here it is. Code is my username at checkout. 📸💅",#trending #influencer,10,1,0,0.3883,Developer,0
igdemo_000093,New content coming your way soon. My followers deserve the best recommendations. Packing for Robertsonview again this week.,#sponsored #collab #musthave #linkinbio,19,1,0,0.6369,Developer,0
igdemo_000093,"Another day, another shoot. So grateful for opportunities like this. Shot this in New Lindsay. Filming this in Harrisshire today. Code is my username at checkout. ✨",#lifestyle #discountcode,29,2,0,0.8454,Developer,0
igdemo_000093,Today's shoot was a whole vibe. Use my code for a discount. Outfit number 86 of the week. Code is my username at checkout.,#linkinbio #trending #lifestyle,20,1,0,-0.5719,Developer,0
igdemo_000093,Today's shoot was a whole vibe. So grateful for opportunities like this. Outfit number 18 of the week. Outfit number 65 of the week. Link in bio for the discount. 💖👑,#musthave #collab #lifestyle #sponsored #ad,15,1,0,0.9304,Developer,0
igdemo_000094,Shipped a small feature at Wade-Sanders. The fix was smaller than the investigation. 49 tabs of documentation open right now. 📦,#coding #developer,34,7,1,0.0,Developer,0
igdemo_000094,"Shipped a small feature at Stone Group. Linting caught it before it shipped, thankfully. 40 tabs of documentation open right now. ☕🧠",#developer,22,2,0,0.4215,Developer,0
igdemo_000094,Finally got the tests passing. Naming things is still the hardest part. PR number 68 finally merged.,,29,4,0,0.0772,Developer,0
igdemo_000094,Migrated a service to a new framework today. Turns out the cache was the whole problem. Sprint 19 wrapped up today. Repo link below. 🚀,#buildinpublic,34,5,1,-0.4019,Developer,0
igdemo_000094,Learning a new part of the stack this week. The fix was smaller than the investigation. Standup update: 36 things fixed today.,#programmer #100daysofcode,33,4,1,0.0,Developer,0
igdemo_000094,"Migrated a service to a new framework today. Docs were wrong but figured it out eventually. This is bug ticket number 49, send help.",#buildinpublic #coding #opensource,15,6,0,0.4497,Developer,0
igdemo_000094,On-call was quiet for once. The code review comments humbled me. Shoutout to Cynthia for the code review. 📦,,20,3,0,0.0,Developer,0
igdemo_000094,"New side project idea just hit me at 2am. Naming things is still the hardest part. Tagging Derrick, they'll appreciate this one.",#programmer #javascript #buildinpublic,18,3,0,0.4019,Developer,0
igdemo_000094,Shipped a small feature at Smith-Phillips. Naming things is still the hardest part. Working out of Port Robertberg this 2024. 🔧🧠,#developer #python #softwareengineer,71,27,1,0.0,Developer,0
igdemo_000094,"Spent way too long on a bug today. CI is green and I'm emotionally fine now. Tagging Kelsey, they'll appreciate this one. Open to feedback. 💻",#javascript #coding #python,32,3,0,0.5423,Developer,0
igdemo_000094,Spent way too long on a bug today. Pairing with a teammate made it so much faster. PR number 79 finally merged. Open to feedback. 🐛,#100daysofcode #developer,29,3,1,0.0772,Developer,0
igdemo_000095,"Another day, another shoot. Partnering with brands I actually love. Filming this in East Melissa today.",#collab #brandpartner #discountcode #sponsored #trending,136,9,2,0.4215,Fake Influencer,1
igdemo_000095,This brand sent me the best package. So grateful for opportunities like this. Can't believe it's already 2021. Link in bio for the discount. 💖,,39,2,1,0.9599,Fake Influencer,1
igdemo_000095,Can't stop wearing this lately. Can't believe I get to call this my job. Brand deal number 33 this month. DM for collab details. 💅📸,#influencer #linkinbio #lifestyle #musthave #ad,246,10,8,0.2933,Fake Influencer,1
igdemo_000095,Obsessed with this new find. Use my code for a discount. Renee styled this look. Brandon styled this look.,#lifestyle #influencer #linkinbio #brandpartner #musthave,49,8,0,-0.1779,Fake Influencer,1
igdemo_000095,Golden hour never disappoints. Can't believe I get to call this my job. Outfit number 70 of the week. Link in bio for the discount.,#ad #brandpartner #lifestyle #collab #discountcode #trending,68,2,1,0.3578,Fake Influencer,1
igdemo_000095,"Living for moments like this. This is going straight into my everyday rotation. Trip number 78 this year, no complaints. Look number 76 from this campaign. DM for collab details.",#sponsored #influencer #lifestyle #discountcode #trending #linkinbio,49,4,1,0.7398,Fake Influencer,1
igdemo_000095,"Can't stop wearing this lately. This is going straight into my everyday rotation. So many of you asked for this, here it is.",#discountcode #musthave,30,1,0,0.4191,Fake Influencer,1
igdemo_000095,Living for moments like this. My followers deserve the best recommendations. Packing for Hinesview again this week.,#trending #brandpartner #musthave #influencer #ad #collab,120,9,3,0.7717,Fake Influencer,1
igdemo_000095,This brand sent me the best package. Can't wait to show you more from this collab. Shot this in Cynthiabury.,,60,1,3,0.6369,Fake Influencer,1
igdemo_000095,Today's shoot was a whole vibe. This is exactly what my feed needed. Look number 77 from this campaign. Look number 52 from this campaign. Shop this look now. 💖,,127,7,1,0.6808,Fake Influencer,1
igdemo_000095,"Another day, another shoot. Partnering with brands I actually love. Brand deal number 43 this month. Shop this look now. 😍",#sponsored #musthave,75,15,2,0.7269,Fake Influencer,1
igdemo_000096,"Finals season has me questioning everything. My professor just dropped a pop quiz, send help. Group chat with Julia is unhinged today. 🙌",#college #university #campus #classof2026,2,0,0,0.3182,Student,0
igdemo_000096,"Another day surviving East April University. Library until it closes, again. Shoutout to Amy for the study session. Wish me luck.",#university,1,0,0,0.7845,Student,0
igdemo_000096,Coffee run before class. Somehow still passing my classes. Officially 44 credits away from graduating.,#college #campus #gradstudent,2,0,0,0.3612,Student,0
igdemo_000096,Campus is so pretty in Arellanoberg today. Ranking my classes from bearable to soul-crushing. This is assignment number 98 this semester. 💪,#studygram #studentlife #college #campus,2,0,0,0.6615,Student,0
igdemo_000096,Group project update: Ranking my classes from bearable to soul-crushing. Number 20 on my to-do list: sleep.,#gradstudent #studentlife #classof2026,3,0,0,0.0772,Student,0
igdemo_000096,Another day surviving Emilymouth University. Turns out procrastination is a full-time job. Can't believe it's already 2021. ☕✨,,3,0,0,0.5423,Student,0
igdemo_000096,"Finals season has me questioning everything. My professor just dropped a pop quiz, send help. Shoutout to Chelsea for the study session. 📚",#studygram #gradstudent #university #studybreak,2,0,0,0.3182,Student,0
igdemo_000096,"Group project update: Library until it closes, again. Group chat with Diana is unhinged today. 📚",#classof2026 #university #studygram #gradstudent,3,0,0,0.0,Student,0
igdemo_000096,Study session with Jacob turned into a nap. Ranking my classes from bearable to soul-crushing. Tagging Jason because they'd get this.,#finals #university #college,1,0,0,0.0,Student,0
igdemo_000097,"Stop scrolling, read this. Spots are filling up fast. Spot number 41 just opened up. 🎁",#freeprize #cryptosignals #getrichquick #clicklink,1,0,0,0.25,Spam Account,1
igdemo_000097,You NEED to see this. Made more money this week than my old job paid monthly. Slot 69 almost gone. Comment before it's gone. ✅,#followforfollow #makemoneyonline #getrichquick #onlyfollowers #freeprize,0,0,0,0.0,Spam Account,1
igdemo_000097,"I wasn't going to share this but... Thousands already joined, don't miss out. David just signed up, you're next. 🎁📩",#giveaway #clicklink #cashapp #freeprize #onlyfollowers #cryptosignals,2,0,0,0.6214,Spam Account,1
igdemo_000097,"This changed everything for me. This is not a scam, I promise. Started in New Meghan, now everywhere.",#cashapp #onlyfollowers #dmforprice #makemoneyonline #cryptosignals #clicklink #freeprize #followforfollow,0,0,0,0.6483,Spam Account,1
igdemo_000097,I wasn't going to share this but... Spots are filling up fast. Already helped 89 people this 2020. 🛒👉,#cryptosignals #followforfollow #onlyfollowers #dmforprice #cashapp #getrichquick #freeprize,1,0,0,-0.1139,Spam Account,1
igdemo_000097,"This changed everything for me. It's 100% legit, I was skeptical too. This worked for Brian too, ask them.",#getrichquick #cryptosignals #giveaway,1,0,0,-0.3182,Spam Account,1
igdemo_000098,"Everyone is asking how I did this so fast. This is not a scam, I promise. 45 people can't all be wrong. DM me 'START' immediately. 💯",#clicklink #onlyfollowers #giveaway #makemoneyonline #freeprize #dmforprice,2,0,0,0.7815,Spam Account,1
igdemo_000098,"Stop scrolling, read this. Spots are filling up fast. Already 67 success stories this month. DM me 'START' immediately. 🎁",#cryptosignals #dmforprice #onlyfollowers #clicklink #cashapp #makemoneyonline #giveaway,3,0,0,0.6597,Spam Account,1
igdemo_000098,"I wasn't going to share this but... It's 100% legit, I was skeptical too. 74 people can't all be wrong. Link in bio, click now. 🎁",#clicklink #makemoneyonline #cashapp #freeprize,3,0,0,0.5841,Spam Account,1
igdemo_000098,"I wasn't going to share this but... Spots are filling up fast. Since 2017, thousands have joined. DM me 'START' immediately. ✅",#followforfollow #onlyfollowers #giveaway #cashapp #clicklink,3,0,0,-0.1139,Spam Account,1
igdemo_000098,"You NEED to see this. Made more money this week than my old job paid monthly. Since 2021, thousands have joined. DM me 'START' immediately. 📩💯",#makemoneyonline #giveaway #followforfollow #cryptosignals #cashapp #getrichquick #clicklink #onlyfollowers,2,0,0,0.0,Spam Account,1
igdemo_000098,"Stop scrolling, read this. This is not a scam, I promise. Amanda just signed up, you're next. Link in bio, click now. 👉🎁",#followforfollow #makemoneyonline #clicklink #cryptosignals #giveaway #getrichquick,3,0,0,0.7182,Spam Account,1
igdemo_000098,"Everyone is asking how I did this so fast. Thousands already joined, don't miss out. Already helped 94 people this 2020.",#dmforprice #followforfollow #freeprize #cryptosignals,3,0,0,0.1139,Spam Account,1
igdemo_000098,"🚨 LAST CHANCE 🚨 It's 100% legit, I was skeptical too. Started in North Jessicaton, now everywhere. Tap the link in my story.",#cryptosignals #clicklink #cashapp #onlyfollowers #dmforprice #makemoneyonline #giveaway,3,0,0,0.1111,Spam Account,1
igdemo_000098,"🚨 LAST CHANCE 🚨 Spots are filling up fast. This worked for Jacob too, ask them. DM me 'START' immediately. 📩🎁",#cashapp #followforfollow #clicklink #makemoneyonline #onlyfollowers #getrichquick #dmforprice,1,0,0,0.6841,Spam Account,1
igdemo_000098,"I wasn't going to share this but... Spots are filling up fast. Jessica just signed up, you're next. Tap the link in my story.",#clicklink #giveaway #getrichquick #cryptosignals #dmforprice #cashapp,2,0,0,-0.1139,Spam Account,1
igdemo_000098,"Everyone is asking how I did this so fast. This is not a scam, I promise. Since 2019, thousands have joined. Comment before it's gone. 👉📩",#dmforprice #clicklink #makemoneyonline #cashapp,1,0,0,0.6483,Spam Account,1
igdemo_000098,"This changed everything for me. No experience needed, just a phone. Already helped 13 people this 2021. Link in bio, click now.",#dmforprice #cashapp #freeprize #onlyfollowers #followforfollow #getrichquick #makemoneyonline,3,0,0,-0.296,Spam Account,1
igdemo_000098,"I wasn't going to share this but... It's 100% legit, I was skeptical too. Over 12 people already joined this week. Tap the link in my story. 🛒👉",#clicklink #cashapp #getrichquick #giveaway #onlyfollowers,2,0,0,-0.5258,Spam Account,1
igdemo_000098,"🚨 LAST CHANCE 🚨 Thousands already joined, don't miss out. Already helped 71 people this 2023. Tap the link in my story. 🎁",#dmforprice #onlyfollowers #getrichquick #cashapp #cryptosignals #giveaway,3,0,0,0.725,Spam Account,1
igdemo_000099,"Shipped a small feature at Matthews, Sims and Miller. CI is green and I'm emotionally fine now. Tagging Jeffrey, they'll appreciate this one. ☕",#opensource #python,77,3,1,0.5423,Developer,0
igdemo_000099,Spent way too long on a bug today. The fix was smaller than the investigation. Currently on commit number 98 of this refactor. 🔧📦,#coding #buildinpublic #softwareengineer,35,2,0,0.3612,Developer,0
igdemo_000099,Finally got the tests passing. Pairing with a teammate made it so much faster. Still can't believe it's 2022 and this bug exists.,#javascript #softwareengineer,51,2,1,0.0,Developer,0
igdemo_000099,Finally got the tests passing. Past me really did not comment anything. Pairing with Cassie made this so much faster. ⚙️,#webdev,105,6,2,0.0,Developer,0
igdemo_000099,"Rewrote a script that's been bugging me for weeks. Linting caught it before it shipped, thankfully. Tagging Jennifer, they'll appreciate this one.",#webdev #developer #opensource,33,1,0,0.6705,Developer,0
igdemo_000100,This brand sent me the best package. This is going straight into my everyday rotation. Packing for Pughtown again this week. Packing for Cooktown again this week. Link in bio for the discount. 👑,#linkinbio #discountcode #collab #sponsored #trending,534,32,21,0.7269,Fake Influencer,1
igdemo_000100,"Another day, another shoot. Honestly didn't expect to love this as much as I do. So many of you asked for this, here it is. Brand deal number 66 this month.",#trending #collab #musthave #linkinbio,117,6,1,-0.3544,Fake Influencer,1
igdemo_000100,"Obsessed with this new find. Can't believe I get to call this my job. Since 2025, this has been the dream. Can't believe it's already 2023. Code is my username at checkout.",#discountcode #musthave #linkinbio,371,28,4,0.0772,Fake Influencer,1
igdemo_000100,Can't stop wearing this lately. Can't wait to show you more from this collab. Outfit number 46 of the week. Link in bio for the discount. 💖,#influencer #trending #ad,533,13,4,0.8219,Fake Influencer,1
igdemo_000100,This brand sent me the best package. My followers deserve the best recommendations. Filming this in North Andreatown today. 🌴,#musthave #ad #collab #linkinbio #trending #sponsored,446,26,5,0.8555,Fake Influencer,1
igdemo_000100,Today's shoot was a whole vibe. My followers deserve the best recommendations. Look number 48 from this campaign. Angela styled this look. Shop this look now. 📸,#brandpartner #musthave #ad,180,4,2,0.4767,Fake Influencer,1
igdemo_000100,"Can't stop wearing this lately. Can't wait to show you more from this collab. Trip number 4 this year, no complaints. DM for collab details. 💅",#musthave #influencer #ad,225,8,2,0.534,Fake Influencer,1
igdemo_000100,"Unboxing my favorite package of the month. So many of you have been asking about this. So many of you asked for this, here it is. Link in bio for the discount.",#lifestyle #linkinbio #musthave,257,18,5,0.4588,Fake Influencer,1
igdemo_000100,This brand sent me the best package. Can't wait to show you more from this collab. Look number 49 from this campaign. Packing for South Toddville again this week.,#linkinbio #collab #sponsored,183,14,7,0.6705,Fake Influencer,1
igdemo_000100,"Living for moments like this. So many of you have been asking about this. Trip number 45 this year, no complaints. DM for collab details.",#collab #lifestyle #brandpartner #musthave #ad #influencer,376,18,8,0.6197,Fake Influencer,1
igdemo_000100,New content coming your way soon. Partnering with brands I actually love. Filming this in Farleyside today.,#lifestyle #musthave #influencer #linkinbio #discountcode #collab,237,24,5,0.6369,Fake Influencer,1
igdemo_000101,Rewrote a script that's been bugging me for weeks. Naming things is still the hardest part. Currently on commit number 27 of this refactor. ☕,#webdev #coding #buildinpublic,44,6,2,0.3612,Developer,0
igdemo_000101,"Shipped a small feature at Powell and Sons. The fix was smaller than the investigation. This is bug ticket number 17, send help.",#developer #javascript,41,4,0,0.4588,Developer,0
igdemo_000101,New side project idea just hit me at 2am. Past me really did not comment anything. Currently debugging from Port Tony. Open to feedback. ☕🧠,#programmer #developer,71,6,2,0.0,Developer,0
igdemo_000101,"Gave a lunch-and-learn at Herrera, Grant and Jones today. Pairing with a teammate made it so much faster. PR number 28 finally merged. 📦☕",#developer,86,12,1,0.4215,Developer,0
igdemo_000101,"Gave a lunch-and-learn at Perez, Peterson and Winters today. Pairing with a teammate made it so much faster. Standup update: 66 things fixed today.",#python #coding,42,4,2,0.0,Developer,0
igdemo_000101,Spent way too long on a bug today. Pairing with a teammate made it so much faster. 34 tabs of documentation open right now. 🚀🐛,,40,9,4,0.0,Developer,0
igdemo_000101,"Migrated a service to a new framework today. Turned out to be a missing semicolon. This is bug ticket number 30, send help. Curious how others solve this. 📦",,49,4,1,0.5994,Developer,0
igdemo_000101,"Finally got the tests passing. The fix was smaller than the investigation. Tagging Patrick, they'll appreciate this one. Curious how others solve this. 🐛",#webdev #programmer,42,5,1,0.7003,Developer,0
igdemo_000101,Learning a new part of the stack this week. Docs were wrong but figured it out eventually. Standup update: 22 things fixed today. Open to feedback.,#buildinpublic #coding,49,4,1,-0.2617,Developer,0
igdemo_000101,Finally got the tests passing. Naming things is still the hardest part. Still can't believe it's 2018 and this bug exists.,#python #developer,48,6,1,0.0,Developer,0
igdemo_000101,New side project idea just hit me at 2am. CI is green and I'm emotionally fine now. Pairing with Laura made this so much faster. ☕,,57,5,1,0.2023,Developer,0
igdemo_000101,"Learning a new part of the stack this week. Naming things is still the hardest part. This is bug ticket number 46, send help.",#opensource #developer,22,1,0,0.4588,Developer,0
igdemo_000101,Gave a lunch-and-learn at Simon and Sons today. Past me really did not comment anything. Deploy number 59 of the week.,#softwareengineer #developer #coding,33,3,1,0.0772,Developer,0
igdemo_000101,Finally got the tests passing. Turned out to be a missing semicolon. ☕🔧,#coding,75,6,3,-0.296,Developer,0
igdemo_000101,Migrated a service to a new framework today. Turns out the cache was the whole problem. 16 tabs of documentation open right now.,#programmer #webdev,46,6,2,-0.4019,Developer,0
igdemo_000102,New arrivals just dropped! Orders ship out within 2 business days. Thank you West Sharonborough for 27 years of support. Tag someone who'd love this.,#entrepreneur #localbusiness #startup #shopsmall,130,3,5,0.8655,Business Account,0
igdemo_000102,Meet the team making it happen. Orders ship out within 2 business days. Team huddle today covered 83 new ideas. Shop the link in bio. ✅📈,#hustle #localbusiness #shopsmall #entrepreneur,65,2,4,0.0,Business Account,0
igdemo_000102,Restocked your favorites. We appreciate every single one of you. Serving Baxterstad since 2020.,#shopsmall #localbusiness #hustle #growth #customerfirst,108,5,4,0.6705,Business Account,0
igdemo_000102,Thank you Larsenfurt for another great week. Custom requests are always welcome. Shoutout to our 34th customer this week. Tag someone who'd love this. 💼,#businessowner #hustle #customerfirst,107,6,3,0.93,Business Account,0
igdemo_000102,"Thank you New Harold for another great week. Locally sourced, always. Proudly 47 years in business this 2019.",#startup #growth #localbusiness #smallbusiness,78,4,3,0.8807,Business Account,0
igdemo_000102,Thank you Hawkinsshire for another great week. We appreciate every single one of you. 58 orders packed and ready to go.,#startup #shopsmall #marketing #growth #businessowner,101,6,3,0.8957,Business Account,0
igdemo_000102,"Small batch, made with care. Your support keeps our doors open. Serving Biancastad since 2022. DM us to order. 💼🌍",#localbusiness #hustle,62,1,3,0.7096,Business Account,0
igdemo_000102,Thank you Dustinstad for another great week. Orders ship out within 2 business days. Serving Anthonyville since 2017. Shop the link in bio. 📈,#marketing #localbusiness #startup #customerfirst #entrepreneur,40,2,1,0.765,Business Account,0
igdemo_000103,Can't stop wearing this lately. This is going straight into my everyday rotation. Outfit number 49 of the week. Look number 58 from this campaign. DM for collab details.,#influencer #lifestyle #musthave #ad,134,12,2,0.5248,Fake Influencer,1
igdemo_000103,New content coming your way soon. Can't wait to show you more from this collab. Outfit number 49 of the week. 😍,#collab #linkinbio,52,14,1,0.5106,Fake Influencer,1
igdemo_000103,"Today's shoot was a whole vibe. So grateful for opportunities like this. Since 2018, this has been the dream. So many of you asked for this, here it is. 😍💅",#ad #linkinbio #sponsored #trending,119,4,2,0.8963,Fake Influencer,1
igdemo_000103,Can't stop wearing this lately. Can't believe I get to call this my job. Brand deal number 91 this month. Code is my username at checkout.,#collab #influencer #sponsored #discountcode #brandpartner #trending,70,4,1,0.2933,Fake Influencer,1
igdemo_000103,"Obsessed with this new find. Can't wait to show you more from this collab. Trip number 34 this year, no complaints. Code is my username at checkout.",#sponsored #lifestyle,105,14,2,0.2163,Fake Influencer,1
igdemo_000103,New content coming your way soon. So many of you have been asking about this.,#trending #sponsored #musthave,41,5,1,0.0,Fake Influencer,1
igdemo_000103,Golden hour never disappoints. My followers deserve the best recommendations. Brand deal number 23 this month. 🌴,#discountcode #brandpartner #linkinbio #lifestyle,118,8,0,0.7707,Fake Influencer,1
igdemo_000103,"Obsessed with this new find. Can't believe I get to call this my job. Since 2022, this has been the dream. DM for collab details.",#brandpartner #ad,55,3,2,0.0772,Fake Influencer,1
igdemo_000103,"Can't stop wearing this lately. This is exactly what my feed needed. Look number 49 from this campaign. So many of you asked for this, here it is.",#linkinbio #sponsored #lifestyle,135,12,1,0.2933,Fake Influencer,1
igdemo_000103,"Can't stop wearing this lately. Can't believe I get to call this my job. Trip number 94 this year, no complaints. Brand deal number 24 this month. Shop this look now. 🌴💅",#trending #discountcode #collab,95,2,1,0.5784,Fake Influencer,1
igdemo_000103,"New content coming your way soon. Honestly didn't expect to love this as much as I do. Trip number 6 this year, no complaints.",#sponsored #discountcode #lifestyle #linkinbio,137,5,7,0.2937,Fake Influencer,1
igdemo_000103,Unboxing my favorite package of the month. Honestly didn't expect to love this as much as I do. Can't believe it's already 2022. Jose styled this look. 💖📸,#lifestyle #influencer #ad #collab #brandpartner,79,6,2,0.8415,Fake Influencer,1
igdemo_000104,"Finals season has me questioning everything. Library until it closes, again. 🎬✨",#finals #studentlife,94,9,2,0.2263,Student,0
igdemo_000104,Study session with Carolyn turned into a nap. Ranking my classes from bearable to soul-crushing. Can't believe it's already 2019. Wish me luck.,#campus,75,10,3,0.6908,Student,0
igdemo_000104,"Campus is so pretty in Port Cheryl today. My professor just dropped a pop quiz, send help. This is assignment number 49 this semester. 🐾",#finals #studentlife #studygram #university,28,3,1,0.7973,Student,0
igdemo_000104,Another day surviving South Elizabethland University. Ranking my classes from bearable to soul-crushing. Can't believe it's already 2022.,#studygram,53,9,1,0.296,Student,0
igdemo_000104,"Group project update: Library until it closes, again. Ran into Jennifer at the library again. Tell me it gets easier. 🎬",#studentlife,49,7,1,0.4215,Student,0
igdemo_000104,Study session with Phillip turned into a nap. Dorm life really tests your patience. Shoutout to Allen for the study session. Tell me it gets easier. ☕,#studygram #studybreak #university,41,5,4,0.4215,Student,0
igdemo_000104,"Group project update: My professor just dropped a pop quiz, send help. Fun fact: I've switched majors 21 times. ✨🌟",#classof2026,52,7,2,0.8074,Student,0
igdemo_000104,Study session with Ryan turned into a nap. Ranking my classes from bearable to soul-crushing. Currently 41 days away from break. Tell me it gets easier. 🎉,#university #finals #studygram #college,24,3,1,0.6705,Student,0
igdemo_000104,Study session with David turned into a nap. Somehow still passing my classes. Number 93 on my to-do list: sleep.,#studygram #studentlife #college #campus,15,1,0,0.0772,Student,0
igdemo_000104,Group project update: Ranking my classes from bearable to soul-crushing. Currently 53 days away from break. Wish me luck. 🎬🎉,#studygram #studentlife #campus #dormlife,51,4,2,0.8126,Student,0
igdemo_000104,Coffee run before class. Turns out procrastination is a full-time job. Currently 42 cups of coffee deep today.,#finals #studybreak #studygram,99,6,1,0.0,Student,0
igdemo_000104,"Coffee run before class. Library until it closes, again. Group chat with Brandy is unhinged today. 💪",#dormlife #college #campus #studygram,13,1,0,0.0,Student,0
igdemo_000104,Study session with Robert turned into a nap. Dorm life really tests your patience. Number 78 on my to-do list: sleep. 🌟,#dormlife #classof2026 #gradstudent,5,1,0,0.0772,Student,0
igdemo_000105,"Migrated a service to a new framework today. Linting caught it before it shipped, thankfully. 66 tabs of documentation open right now.",#softwareengineer,75,7,4,0.4215,Developer,0
igdemo_000105,Rewrote a script that's been bugging me for weeks. CI is green and I'm emotionally fine now. Currently on commit number 56 of this refactor. Curious how others solve this. 📦💻,#softwareengineer,42,3,0,0.7506,Developer,0
igdemo_000105,Shipped a small feature at Garza-Ellis. CI is green and I'm emotionally fine now. 59 tabs of documentation open right now. AMA about the stack. ☕,,29,1,1,0.2023,Developer,0
igdemo_000105,Rewrote a script that's been bugging me for weeks. The code review comments humbled me. PR number 54 finally merged.,#coding #100daysofcode,14,2,0,0.0772,Developer,0
igdemo_000105,Learning a new part of the stack this week. The code review comments humbled me. Sprint 24 wrapped up today.,#javascript,21,3,0,0.0,Developer,0
igdemo_000105,Gave a lunch-and-learn at Vargas and Sons today. Turned out to be a missing semicolon. Standup update: 49 things fixed today. 🚀💻,#python #opensource #programmer,22,2,1,-0.296,Developer,0
igdemo_000105,Rewrote a script that's been bugging me for weeks. CI is green and I'm emotionally fine now. Pairing with Cole made this so much faster. Curious how others solve this.,#buildinpublic,53,4,3,0.6326,Developer,0
igdemo_000105,Spent way too long on a bug today. Past me really did not comment anything. 🚀🐛,,16,2,0,0.0,Developer,0
igdemo_000105,"New side project idea just hit me at 2am. CI is green and I'm emotionally fine now. This is bug ticket number 14, send help.",#python,23,1,1,0.5859,Developer,0
igdemo_000105,"Shipped a small feature at Castro Group. Linting caught it before it shipped, thankfully. Currently debugging from West Robertfurt.",#developer #buildinpublic #programmer,23,6,0,0.4215,Developer,0
igdemo_000106,Behind the scenes at the shop today. Handmade in small batches every week. Batch number 94 restocked today. ✅🌍,#growth #hustle #shopsmall #marketing #entrepreneur,376,23,11,0.0772,Business Account,0
igdemo_000106,Thank you New Kendra for another great week. Orders ship out within 2 business days. 45 orders packed and ready to go. DM us to order. 🌍,#businessowner #shopsmall,154,6,7,0.8442,Business Account,0
igdemo_000106,New arrivals just dropped! Orders ship out within 2 business days. Batch number 96 restocked today. Tag someone who'd love this.,#smallbusiness #marketing #entrepreneur,229,11,8,0.6996,Business Account,0
igdemo_000106,"Thank you New Wandashire for another great week. Locally sourced, always. Tagging Charles, one of our first customers back in 2015. 📈✅",#customerfirst #smallbusiness #localbusiness #marketing #shopsmall,255,25,5,0.765,Business Account,0
igdemo_000106,"Restocked your favorites. Locally sourced, always. Thank you Jessicastad for 72 years of support. Limited stock available.",#businessowner #entrepreneur,295,8,8,0.7269,Business Account,0
igdemo_000106,"Meet the team making it happen. Locally sourced, always. Celebrating 39 years since we opened our doors. DM us to order. 🔗",#hustle #customerfirst #businessowner #entrepreneur,232,4,5,0.5719,Business Account,0
igdemo_000106,Behind the scenes at the shop today. Your support keeps our doors open. Serving North Ashley since 2023.,#smallbusiness #businessowner #growth #marketing #entrepreneur,163,16,5,0.4019,Business Account,0
igdemo_000107,"Deload week starts now. Progress isn't always linear, and that's fine. Back in Mariamouth for a pop-up class this 2020.",#fitness #workout #training #cardio #nutrition,421,66,17,0.5574,Fitness Creator,0
igdemo_000107,"Ran a form check clinic today. Showing up matters more than the perfect plan. Week 75 of the plan, feeling stronger. Programs linked in bio.",#fitness #strength #cardio #training #fitfam,944,114,77,0.8,Fitness Creator,0
igdemo_000107,"Recovery day, mobility work only. Showing up matters more than the perfect plan. Day 8 of the program. Programs linked in bio. 🏋️🔥",#fitness #cardio #training #healthylifestyle,273,36,11,0.3947,Fitness Creator,0
igdemo_000107,Programming update for the week. Rest days are still training days. 🏋️,#nutrition #cardio #fitfam,320,35,22,0.0,Fitness Creator,0
igdemo_000107,Leg day recap. Sleep is still the most underrated recovery tool. Shoutout to Lance for showing up every day.,#fitfam #cardio #gymlife #fitness #wellness,780,78,19,0.0,Fitness Creator,0
igdemo_000107,"Deload week starts now. Rest days are still training days. Tagging Megan, my training partner today. DM 'START' to work together.",#wellness #workout,381,21,12,0.0,Fitness Creator,0
igdemo_000107,Back-to-back sessions today. Strength carries over into everything else. Programs linked in bio. 🏃🥗,#wellness #fitfam #fitness #gymlife #strength,1478,147,69,0.4939,Fitness Creator,0
igdemo_000107,"Leg day recap. Form over ego, always. Shoutout to Samantha for showing up every day.",#fitness #nutrition,997,126,108,0.0,Fitness Creator,0
igdemo_000108,New arrivals just dropped! Handmade in small batches every week. Thank you Michaelton for 37 years of support. Tag someone who'd love this. 🌍,#startup #entrepreneur #marketing #customerfirst #localbusiness,224,29,12,0.8655,Business Account,0
igdemo_000108,New arrivals just dropped! Handmade in small batches every week. Order number 70 just shipped. DM us to order.,#shopsmall #growth #startup,169,10,7,0.1511,Business Account,0
igdemo_000108,"Small batch, made with care. Orders ship out within 2 business days. Celebrating 44 years since we opened our doors. 🌍📈",#startup #marketing #shopsmall #smallbusiness #businessowner,321,21,22,0.7845,Business Account,0
igdemo_000108,New arrivals just dropped! Orders ship out within 2 business days. Team huddle today covered 98 new ideas. 🤝🌍,#shopsmall #customerfirst #startup,159,15,9,0.0,Business Account,0
igdemo_000108,New arrivals just dropped! Orders ship out within 2 business days. Team huddle today covered 78 new ideas. ✅,#startup #marketing,256,57,16,0.0,Business Account,0
igdemo_000108,"Small batch, made with care. Handmade in small batches every week. 📈💼",#shopsmall #marketing #entrepreneur,162,19,8,0.4939,Business Account,0
igdemo_000108,Meet the team making it happen. We appreciate every single one of you. Customer number 94 just left a five-star review. 🤝🔗,,239,29,21,0.4588,Business Account,0
igdemo_000108,"Behind the scenes at the shop today. Locally sourced, always. Based out of Samanthamouth, shipping everywhere. Limited stock available.",#customerfirst #entrepreneur,192,15,5,-0.2263,Business Account,0
igdemo_000108,"Meet the team making it happen. Locally sourced, always. Based out of Whiteburgh, shipping everywhere. Limited stock available. ✅🌍",#hustle #startup #localbusiness #smallbusiness #entrepreneur,252,29,13,-0.2263,Business Account,0
igdemo_000108,"Small batch, made with care. Custom requests are always welcome. Based out of Coleport, shipping everywhere. Tag someone who'd love this.",#localbusiness #hustle,137,10,5,0.886,Business Account,0
igdemo_000108,Behind the scenes at the shop today. Custom requests are always welcome. Thank you Dalefort for 38 years of support. Limited stock available. 🤝✅,#shopsmall #smallbusiness #startup,191,13,10,0.743,Business Account,0
igdemo_000108,"Small batch, made with care. Your support keeps our doors open. Order number 26 just shipped.",#smallbusiness #shopsmall #entrepreneur #customerfirst,216,25,15,0.7351,Business Account,0
igdemo_000108,"Small batch, made with care. Custom requests are always welcome. Proudly 33 years in business this 2024. Tag someone who'd love this.",#growth #shopsmall,183,10,5,0.9325,Business Account,0
igdemo_000108,"Thank you New Wendystad for another great week. Locally sourced, always. Celebrating 11 years since we opened our doors. Limited stock available.",#startup #growth #businessowner #shopsmall,227,23,12,0.8555,Business Account,0
igdemo_000109,Coffee run before class. Somehow still passing my classes. Campus tour 69 for prospective students today.,#finals #studygram #studybreak,721,33,9,0.0,Fake Influencer,1
igdemo_000109,Finals season has me questioning everything. Ranking my classes from bearable to soul-crushing. Group chat with Christine is unhinged today. Send snacks.,#campus #university #dormlife #studygram,423,5,3,-0.1027,Fake Influencer,1
igdemo_000109,"Another day surviving Elizabethmouth University. My professor just dropped a pop quiz, send help. Officially 86 credits away from graduating. 😊",#campus,402,12,7,0.8689,Fake Influencer,1
igdemo_000109,Study session with Alyssa turned into a nap. Turns out procrastination is a full-time job. This is assignment number 11 this semester. 🎬🙌,,1566,35,36,0.0772,Fake Influencer,1
igdemo_000109,"Coffee run before class. My professor just dropped a pop quiz, send help. Ran into Amanda at the library again. Send snacks.",#finals #dormlife #college #university,359,16,6,0.4019,Fake Influencer,1
igdemo_000109,Another day surviving Josephville University. Somehow still passing my classes. Tagging Robin because they'd get this. Tell me it gets easier. 🙌,#dormlife #gradstudent #finals,275,5,3,0.6124,Fake Influencer,1
igdemo_000109,Finals season has me questioning everything. Turns out procrastination is a full-time job. This is assignment number 87 this semester. 📚✨,#studybreak #college #gradstudent #studentlife,1860,37,52,0.296,Fake Influencer,1
igdemo_000109,"Study session with Michael turned into a nap. Library until it closes, again. This is assignment number 72 this semester. ☕",#dormlife #university,1799,48,21,0.0772,Fake Influencer,1
igdemo_000109,Study session with Heather turned into a nap. Dorm life really tests your patience. Fun fact: I've switched majors 61 times. Someone quiz me please. ✨🎬,#campus #classof2026 #gradstudent #university,716,40,7,0.7845,Fake Influencer,1
igdemo_000110,"This changed everything for me. Thousands already joined, don't miss out. Tap the link in my story. ✅",#cashapp #followforfollow #cryptosignals #dmforprice,1096,99,104,0.1139,Fitness Creator,0
igdemo_000110,"Stop scrolling, read this. No experience needed, just a phone. Already helped 2 people this 2022. Tap the link in my story. 🔥💰",#giveaway #cashapp #onlyfollowers,2572,364,135,-0.7269,Fitness Creator,0
igdemo_000110,"I wasn't going to share this but... This is not a scam, I promise. Already 93 success stories this month. Tap the link in my story. 🛒",#cryptosignals #makemoneyonline #giveaway #dmforprice #freeprize #clicklink,2747,127,175,0.911,Fitness Creator,0
igdemo_000110,This changed everything for me. Made more money this week than my old job paid monthly. Already helped 14 people this 2023. DM me 'START' immediately. 💰👉,#freeprize #followforfollow #clicklink #cashapp #onlyfollowers,2307,190,37,0.0,Fitness Creator,0
igdemo_000110,"I wasn't going to share this but... Made more money this week than my old job paid monthly. Spot number 18 just opened up. Link in bio, click now. 🛒",#onlyfollowers #cashapp #makemoneyonline #cryptosignals #followforfollow #clicklink,1863,136,42,0.0015,Fitness Creator,0
igdemo_000110,"🚨 LAST CHANCE 🚨 Thousands already joined, don't miss out. Started in East Edward, now everywhere. Link in bio, click now.",#dmforprice #cryptosignals #freeprize #giveaway #getrichquick #followforfollow #makemoneyonline,645,100,43,0.49,Fitness Creator,0
igdemo_000110,"Everyone is asking how I did this so fast. This is not a scam, I promise. Slot 18 almost gone. Comment before it's gone. 📩🛒",#cashapp #clicklink #onlyfollowers #giveaway #dmforprice #getrichquick #freeprize #followforfollow,1878,58,55,0.6483,Fitness Creator,0
igdemo_000110,"This changed everything for me. No experience needed, just a phone. Already helped 73 people this 2024. Link in bio, click now. 👉✅",#followforfollow #getrichquick #cryptosignals #giveaway #dmforprice #cashapp #makemoneyonline,1467,662,46,-0.296,Fitness Creator,0
igdemo_000110,"Stop scrolling, read this. No experience needed, just a phone. Noah just signed up, you're next. Link in bio, click now. 🔥🛒",#clicklink #cashapp #followforfollow #dmforprice,1378,153,71,-0.7269,Fitness Creator,0
igdemo_000110,"🚨 LAST CHANCE 🚨 This is not a scam, I promise. Already 88 success stories this month. 💯👉",#getrichquick #clicklink #makemoneyonline #followforfollow #freeprize,430,12,10,0.8941,Fitness Creator,0
igdemo_000110,"Stop scrolling, read this. Spots are filling up fast. Only 86 spots left today. 📩👉",#followforfollow #freeprize #cryptosignals #giveaway #getrichquick,1173,95,68,-0.5859,Fitness Creator,0
igdemo_000111,"Early morning session before work. Slow and controlled beats fast and sloppy. 4 reps, zero regrets. DM 'START' to work together.",#strength #gymlife #workout #healthylifestyle #nutrition #training,253,11,10,-0.3612,Fitness Creator,0
igdemo_000111,Meal prep Sunday. Strength carries over into everything else. Training out of New Mary this week. Programs linked in bio.,#workout #training #fitfam #fitness,855,41,47,0.4939,Fitness Creator,0
igdemo_000111,Meal prep Sunday. Slow and controlled beats fast and sloppy. Day 96 of the program. Save this for your next session. ⚡🧘,#fitfam #cardio #fitness #training,953,73,42,0.4939,Fitness Creator,0
igdemo_000111,"Programming update for the week. Consistency beats intensity most days. Week 49 of the plan, feeling stronger. 💪🥗",#gymlife #training #wellness #nutrition #strength,791,55,36,0.4767,Fitness Creator,0
igdemo_000111,Programming update for the week. Rest days are still training days. Day 57 of the program. 🔥💪,#healthylifestyle #workout,756,63,17,-0.34,Fitness Creator,0
igdemo_000112,Leg day recap. Sleep is still the most underrated recovery tool. Client hit a 48 pound PR today. Tag your gym partner.,#fitness #healthylifestyle #gymlife #training #nutrition #strength,833,114,48,0.0,Fitness Creator,0
igdemo_000112,New PR today! Consistency beats intensity most days. Day 44 of the program. 🧘,#fitness #wellness #workout #gymlife #fitfam,747,83,37,0.0,Fitness Creator,0
igdemo_000112,Back-to-back sessions today. Strength carries over into everything else. Logged 52 miles this week. Save this for your next session.,#gymlife #nutrition #strength #fitfam,890,86,38,0.7506,Fitness Creator,0
igdemo_000112,"Early morning session before work. Form over ego, always. Training out of New Jacqueline this week. DM 'START' to work together. 💪🥗",#workout #fitness #cardio,1141,107,37,0.0,Fitness Creator,0
igdemo_000112,Deload week starts now. Consistency beats intensity most days. Day 64 of the program.,#nutrition #fitness #strength #training #gymlife,1157,144,42,0.0,Fitness Creator,0
igdemo_000112,"New PR today! Progress isn't always linear, and that's fine. Week 72 of the plan, feeling stronger. Programs linked in bio.",#nutrition #training #fitness #strength,496,36,40,0.7901,Fitness Creator,0
igdemo_000112,Deload week starts now. Slow and controlled beats fast and sloppy. Save this for your next session. 🏃,#strength #gymlife,639,48,19,0.4939,Fitness Creator,0
igdemo_000112,Programming update for the week. Strength carries over into everything else. Training out of East Gregory this week. Tag your gym partner.,#nutrition #cardio #training #gymlife #fitfam,1018,79,26,0.4939,Fitness Creator,0
igdemo_000112,Programming update for the week. Small wins add up over months. Logged 17 miles this week. Tag your gym partner.,#strength #gymlife #fitfam #workout,1208,98,63,0.5719,Fitness Creator,0
igdemo_000113,New side project idea just hit me at 2am. The fix was smaller than the investigation. Working out of Patriciaville this 2019. ⚙️🧠,,20,2,1,0.0,Developer,0
igdemo_000113,Gave a lunch-and-learn at Flores-Duncan today. The fix was smaller than the investigation. Working out of South Heatherfurt this 2018.,,22,3,1,0.0,Developer,0
igdemo_000113,Rewrote a script that's been bugging me for weeks. Turned out to be a missing semicolon. Working remotely from South Jamie this month.,#python,17,2,1,-0.296,Developer,0
igdemo_000113,Shipped a small feature at Sanford Ltd. CI is green and I'm emotionally fine now. Currently debugging from Ramseybury. 🚀,#opensource #buildinpublic #100daysofcode,21,3,1,0.2023,Developer,0
igdemo_000113,Rewrote a script that's been bugging me for weeks. The fix was smaller than the investigation. Shoutout to Alejandro for the code review.,#buildinpublic #developer,37,7,1,0.0,Developer,0
igdemo_000113,Learning a new part of the stack this week. Pairing with a teammate made it so much faster. Shoutout to Christine for the code review. 🔧📦,#coding,20,2,1,0.0,Developer,0
igdemo_000113,Refactoring old code I wrote a year ago. Docs were wrong but figured it out eventually. Deploy number 21 of the week. 🚀,#developer #100daysofcode #javascript,18,1,1,-0.1531,Developer,0
igdemo_000113,New side project idea just hit me at 2am. Naming things is still the hardest part. PR number 71 finally merged. Curious how others solve this.,#coding,13,1,0,0.5267,Developer,0
igdemo_000113,New side project idea just hit me at 2am. CI is green and I'm emotionally fine now. Standup update: 95 things fixed today. AMA about the stack. 🔧,#programmer #webdev #developer,8,1,0,0.2023,Developer,0
igdemo_000113,"Refactoring old code I wrote a year ago. Linting caught it before it shipped, thankfully. Pairing with Nicole made this so much faster.",#programmer #buildinpublic #python,24,2,0,0.4215,Developer,0
igdemo_000113,"Learning a new part of the stack this week. Pairing with a teammate made it so much faster. This is bug ticket number 9, send help. 🐛",#programmer #softwareengineer,23,4,0,0.4588,Developer,0
igdemo_000113,Finally got the tests passing. Naming things is still the hardest part. Working remotely from North Omarton this month. 🐛,#javascript #developer,30,3,1,0.0,Developer,0
igdemo_000113,"Finally got the tests passing. Linting caught it before it shipped, thankfully. Still can't believe it's 2025 and this bug exists.",#softwareengineer #javascript #developer,20,1,0,0.4215,Developer,0
igdemo_000114,"Coffee run before class. Library until it closes, again. Officially 2 credits away from graduating. 🙌",#college,48,4,1,0.3612,Student,0
igdemo_000114,Campus is so pretty in Brandonmouth today. Turns out procrastination is a full-time job. Officially 53 credits away from graduating. Wish me luck. 💪📚,#dormlife,54,4,1,0.9065,Student,0
igdemo_000114,Another day surviving North Kara University. Turns out procrastination is a full-time job. Group chat with Michael is unhinged today.,#college #studentlife,45,6,1,0.296,Student,0
igdemo_000114,"Study session with Jennifer turned into a nap. My professor just dropped a pop quiz, send help. Tagging Joseph because they'd get this. 🙌",#university #gradstudent,35,4,1,0.4019,Student,0
igdemo_000114,"Group project update: Library until it closes, again. Tagging Kimberly because they'd get this. 🌟☕",#college #studygram #classof2026 #gradstudent,25,1,1,0.0,Student,0
igdemo_000114,"Group project update: My professor just dropped a pop quiz, send help. Can't believe it's already 2018. Wish me luck. 🎬💪",#studybreak #campus #classof2026,25,2,1,0.8126,Student,0
igdemo_000114,Group project update: Somehow still passing my classes. Can't believe it's already 2017. Someone quiz me please.,#studentlife,50,4,0,0.3182,Student,0
igdemo_000115,Ran a form check clinic today. Small wins add up over months. 33 minutes of mobility work this morning. ⚡,#training #fitness #healthylifestyle #fitfam #strength #gymlife,931,100,28,0.5719,Fitness Creator,0
igdemo_000115,"Leg day recap. Slow and controlled beats fast and sloppy. Tagging Kelly, my training partner today.",#healthylifestyle #workout #training #fitfam #wellness #nutrition,613,47,13,0.0,Fitness Creator,0
igdemo_000115,"Meal prep Sunday. Strength carries over into everything else. Week 72 of the plan, feeling stronger. Save this for your next session.",#workout #training #gymlife,909,82,18,0.8591,Fitness Creator,0
igdemo_000115,Leg day recap. Rest days are still training days. Coaching 26 clients this cycle. Programs linked in bio.,#training #workout #cardio #gymlife #nutrition #strength,924,116,16,0.0,Fitness Creator,0
igdemo_000115,Programming update for the week. Showing up matters more than the perfect plan. Training out of New Wayne this week. Programs linked in bio. 🥗🔥,#nutrition #cardio #fitness #wellness #strength,548,101,14,0.3947,Fitness Creator,0
igdemo_000115,Back-to-back sessions today. Consistency beats intensity most days. 73 minutes of mobility work this morning.,#strength #healthylifestyle #fitfam,746,106,15,0.0,Fitness Creator,0
igdemo_000115,Deload week starts now. Fueling properly made a huge difference. Client hit a 4 pound PR today. Save this for your next session. 💪🥗,#strength #nutrition #cardio,1077,56,13,0.6705,Fitness Creator,0
igdemo_000115,Meal prep Sunday. Consistency beats intensity most days. Client hit a 67 pound PR today.,#healthylifestyle #nutrition #fitness #gymlife #training #strength,3154,163,45,0.0,Fitness Creator,0
igdemo_000115,Back-to-back sessions today. Showing up matters more than the perfect plan. Logged 63 miles this week. Programs linked in bio. ⚡,#strength #training,902,145,6,0.6204,Fitness Creator,0
igdemo_000115,"Back-to-back sessions today. Showing up matters more than the perfect plan. Session number 5 with this client, big progress.",#healthylifestyle #fitness #gymlife,642,50,8,0.8,Fitness Creator,0
igdemo_000115,"Coaching client hit a big milestone. Form over ego, always. 30 reps, zero regrets. 🏋️🥗",#fitness #gymlife #wellness #nutrition #workout,838,37,13,-0.3612,Fitness Creator,0
igdemo_000115,New PR today! Small wins add up over months. Training out of New Benjaminborough this week.,#nutrition #gymlife #fitness #training #cardio #wellness,612,20,14,0.6114,Fitness Creator,0
igdemo_000116,"Ran a form check clinic today. Showing up matters more than the perfect plan. Week 92 of the plan, feeling stronger. Save this for your next session. 🧘",#training #nutrition #healthylifestyle #fitfam,71,12,2,0.885,Fitness Creator,0
igdemo_000116,Back-to-back sessions today. Small wins add up over months. Day 64 of the program.,#gymlife #workout #strength #wellness #healthylifestyle #training,87,7,3,0.5719,Fitness Creator,0
igdemo_000116,"Meal prep Sunday. Fueling properly made a huge difference. 27 reps, zero regrets. 🥗",#fitness #wellness #fitfam #workout #cardio,135,28,4,-0.0516,Fitness Creator,0
igdemo_000116,Ran a form check clinic today. Consistency beats intensity most days. Client hit a 96 pound PR today.,#wellness #training #healthylifestyle #fitfam #strength #gymlife,230,19,9,0.0,Fitness Creator,0
igdemo_000116,Meal prep Sunday. Small wins add up over months. Coaching 12 clients this cycle. 💪,#workout #healthylifestyle #strength #wellness #cardio,174,33,6,0.5719,Fitness Creator,0
igdemo_000116,"Recovery day, mobility work only. Fueling properly made a huge difference. Session number 3 with this client, big progress. Save this for your next session. ⚡🏃",#workout #fitfam #healthylifestyle,446,41,13,0.8225,Fitness Creator,0
igdemo_000116,Coaching client hit a big milestone. Strength carries over into everything else. Day 4 of the program. 🧘,#workout #nutrition #healthylifestyle #gymlife #fitfam #fitness,162,11,13,0.4939,Fitness Creator,0
igdemo_000116,"Leg day recap. Form over ego, always. Day 74 of the program.",#training #workout #gymlife,214,13,6,0.0,Fitness Creator,0
igdemo_000116,Meal prep Sunday. Slow and controlled beats fast and sloppy. Day 30 of the program.,#gymlife #nutrition #cardio #wellness,255,22,11,0.0,Fitness Creator,0
igdemo_000117,"This changed everything for me. Thousands already joined, don't miss out. Slot 89 almost gone. 💰",#onlyfollowers #makemoneyonline #dmforprice #cryptosignals #cashapp #followforfollow #freeprize,2,0,0,0.1139,Spam Account,1
igdemo_000117,"🚨 LAST CHANCE 🚨 It's 100% legit, I was skeptical too. Since 2019, thousands have joined. Comment before it's gone. 💰",#clicklink #giveaway #onlyfollowers,8,0,0,0.1111,Spam Account,1
igdemo_000117,"🚨 LAST CHANCE 🚨 No experience needed, just a phone. Started in Mccoyfurt, now everywhere. Link in bio, click now. 👉",#makemoneyonline #dmforprice #getrichquick #giveaway,6,0,0,0.1363,Spam Account,1
igdemo_000117,"Everyone is asking how I did this so fast. It's 100% legit, I was skeptical too. This worked for Wanda too, ask them. 🎁",#freeprize #dmforprice #followforfollow #clicklink #getrichquick #makemoneyonline #giveaway,4,0,0,0.1531,Spam Account,1
igdemo_000117,You NEED to see this. Made more money this week than my old job paid monthly. Already helped 41 people this 2019. Tap the link in my story. 📩,#clicklink #cashapp #followforfollow #makemoneyonline,2,0,0,0.0,Spam Account,1
igdemo_000117,"I wasn't going to share this but... This is not a scam, I promise. Tap the link in my story. 💯",#makemoneyonline #giveaway #clicklink #freeprize #cryptosignals #followforfollow #onlyfollowers,1,0,0,0.7582,Spam Account,1
igdemo_000117,"I wasn't going to share this but... This is not a scam, I promise. Already 28 success stories this month. Comment before it's gone. 💯",#clicklink #onlyfollowers #cryptosignals,3,0,0,0.911,Spam Account,1
igdemo_000117,"You NEED to see this. Made more money this week than my old job paid monthly. Since 2021, thousands have joined. Comment before it's gone. 🔥",#getrichquick #giveaway #makemoneyonline #dmforprice #freeprize #onlyfollowers,5,0,0,-0.34,Spam Account,1
igdemo_000117,"Stop scrolling, read this. Spots are filling up fast. David just signed up, you're next. 🛒",#cashapp #freeprize #giveaway #followforfollow #makemoneyonline #onlyfollowers #cryptosignals #dmforprice,2,0,0,-0.296,Spam Account,1
igdemo_000117,"Stop scrolling, read this. It's 100% legit, I was skeptical too. Over 18 people already joined this week. Comment before it's gone. 👉🎁",#freeprize #dmforprice #getrichquick,5,0,0,-0.1531,Spam Account,1
igdemo_000118,"I see all of your messages, truly. None of this would matter without you. Working on something big for 2015. Project number 63 coming together nicely. ✨😊",#trending #exclusive #celebrity,95,19,2,0.926,Student,0
igdemo_000118,A quick note from me to you. I read every message even if I can't reply to all. Back in Cynthiaside this 2017.,#viral,93,10,3,0.0,Student,0
igdemo_000118,"Important announcement coming soon. Ignore anyone claiming to be my manager elsewhere. Tagging Douglas, thank you for believing in this. DM me directly here.",,43,4,1,0.2023,Student,0
igdemo_000118,"Important announcement coming soon. None of this would matter without you. Project number 48 coming together nicely. Tagging Amy, thank you for believing in this. 🌟📚",,22,4,0,0.7251,Student,0
igdemo_000118,I don't get to say this enough. Grateful for every one of you every single day. Project number 89 coming together nicely. Working on something big for 2019. DM me directly here.,,52,7,1,0.7351,Student,0
igdemo_000118,"Taking a moment to say thank you. New project details coming very soon. Since 2016, still going strong. Since 2020, the journey continues. Follow only this page.",,57,7,2,0.7003,Student,0
igdemo_000118,"This account is really me, I promise. I read every message even if I can't reply to all. Since 2024, still going strong. DM me directly here.",,37,5,1,0.7063,Student,0
igdemo_000118,A quick note from me to you. New project details coming very soon. Thank you Crystal for the constant support. DM me directly here. 🌟🙌,#viral #official #trending,49,14,1,0.6682,Student,0
igdemo_000118,Important announcement coming soon. Ignore anyone claiming to be my manager elsewhere. 68 years of your support means everything.,,50,6,2,0.25,Student,0
igdemo_000118,Taking a moment to say thank you. None of this would matter without you. Project number 14 coming together nicely. Follow only this page.,,42,8,1,0.646,Student,0
igdemo_000118,A quick note from me to you. Grateful for every one of you every single day. 47 years of your support means everything. 3 years in this industry now. ✨😊,#official #celebrity #trending,53,5,2,0.9186,Student,0
igdemo_000118,"This account is really me, I promise. Please report any fake pages you see. 22 years of your support means everything. Follow only this page. 🎬🐾",,27,3,1,0.5367,Student,0
igdemo_000118,"Something special is coming, stay tuned. Ignore anyone claiming to be my manager elsewhere. Back in Bartlettstad this 2015. Back in North Carrie this 2015. Share this so others know it's real.",,119,35,4,0.34,Student,0
igdemo_000119,This might be my favorite collab yet. This is going straight into my everyday rotation. Packing for Huberport again this week. Link in bio for the discount.,#lifestyle #sponsored,44,4,0,0.5994,Fake Influencer,1
igdemo_000119,Unboxing my favorite package of the month. So many of you have been asking about this. Cheryl styled this look. DM for collab details. 💅,#lifestyle #musthave #brandpartner #ad,18,1,0,0.4588,Fake Influencer,1
igdemo_000119,Unboxing my favorite package of the month. Partnering with brands I actually love. Filming this in Robertmouth today. Shot this in Bradberg. Link in bio for the discount.,#brandpartner #sponsored #trending #linkinbio #ad,42,2,0,0.802,Fake Influencer,1
igdemo_000119,"This brand sent me the best package. Can't believe I get to call this my job. So many of you asked for this, here it is. Shop this look now. 💅",#trending #influencer #discountcode,62,4,0,0.6369,Fake Influencer,1
igdemo_000119,"This brand sent me the best package. My followers deserve the best recommendations. Amanda styled this look. Trip number 50 this year, no complaints.",#trending #lifestyle #brandpartner #discountcode,34,3,0,0.8992,Fake Influencer,1
igdemo_000119,"Today's shoot was a whole vibe. Partnering with brands I actually love. So many of you asked for this, here it is. Brand deal number 75 this month. Code is my username at checkout. 👑✨",#brandpartner #influencer #discountcode,30,1,0,0.6597,Fake Influencer,1
igdemo_000119,This might be my favorite collab yet. Partnering with brands I actually love. Can't believe it's already 2024. 👑,#discountcode #lifestyle #musthave,16,1,0,0.802,Fake Influencer,1
igdemo_000119,Today's shoot was a whole vibe. Partnering with brands I actually love. Brand deal number 29 this month. Code is my username at checkout. 👑,#collab #lifestyle #sponsored #musthave #ad,32,2,0,0.4767,Fake Influencer,1
igdemo_000119,"This might be my favorite collab yet. My followers deserve the best recommendations. Since 2015, this has been the dream. Code is my username at checkout.",#influencer #brandpartner #musthave #ad #lifestyle,23,1,0,0.8481,Fake Influencer,1
igdemo_000119,Golden hour never disappoints. So many of you have been asking about this. Can't believe it's already 2016. Link in bio for the discount.,#collab #lifestyle #trending,41,1,0,0.2924,Fake Influencer,1
igdemo_000120,New side project idea just hit me at 2am. Pairing with a teammate made it so much faster. Standup update: 52 things fixed today. Open to feedback.,,27,3,1,0.0,Developer,0
igdemo_000120,Refactoring old code I wrote a year ago. The fix was smaller than the investigation. Working out of East Joseph this 2025.,#softwareengineer #buildinpublic,10,2,0,0.0,Developer,0
igdemo_000120,Spent way too long on a bug today. Past me really did not comment anything. Currently on commit number 63 of this refactor. Open to feedback.,#python #webdev #opensource,35,3,1,0.3612,Developer,0
igdemo_000120,Spent way too long on a bug today. Past me really did not comment anything. AMA about the stack.,,11,2,0,0.0,Developer,0
igdemo_000120,Finally got the tests passing. The code review comments humbled me. Still can't believe it's 2020 and this bug exists. AMA about the stack.,#buildinpublic #softwareengineer #100daysofcode,21,3,1,0.0,Developer,0
igdemo_000120,Finally got the tests passing. Turned out to be a missing semicolon. Shoutout to Nicholas for the code review. AMA about the stack. 🚀📦,#javascript #python #developer,15,2,0,-0.296,Developer,0
igdemo_000120,Rewrote a script that's been bugging me for weeks. Turned out to be a missing semicolon. Currently debugging from West Stevenfurt. 🐛⚙️,#python #javascript #developer,10,1,0,-0.296,Developer,0
igdemo_000120,Migrated a service to a new framework today. Naming things is still the hardest part. PR number 94 finally merged. 🧠,#coding #developer #webdev,18,3,1,0.0772,Developer,0
igdemo_000120,Learning a new part of the stack this week. Naming things is still the hardest part. Still can't believe it's 2024 and this bug exists.,#buildinpublic,11,2,0,0.0,Developer,0
igdemo_000120,Rewrote a script that's been bugging me for weeks. Pairing with a teammate made it so much faster. Currently debugging from Greerborough. Open to feedback. 💻,#developer,26,5,1,0.0,Developer,0
igdemo_000120,"Learning a new part of the stack this week. Linting caught it before it shipped, thankfully. Currently debugging from Douglastown. ⚙️",#programmer #python,24,3,1,0.4215,Developer,0
igdemo_000120,New side project idea just hit me at 2am. Naming things is still the hardest part. Currently on commit number 96 of this refactor. 📦,#programmer #softwareengineer,43,5,1,0.3612,Developer,0
igdemo_000120,Gave a lunch-and-learn at Thomas LLC today. CI is green and I'm emotionally fine now. Working out of Washingtonborough this 2018. Curious how others solve this. 🔧,#coding #javascript,20,1,0,0.5994,Developer,0
igdemo_000120,Shipped a small feature at Brooks-Little. Past me really did not comment anything. Pairing with Teresa made this so much faster. Curious how others solve this. 📦,#100daysofcode,12,1,0,0.5209,Developer,0
igdemo_000121,Behind the scenes at the shop today. Your support keeps our doors open. Shoutout to our 96th customer this week. ✅,#smallbusiness #entrepreneur #customerfirst #growth #startup,100,4,3,0.4019,Business Account,0
igdemo_000121,"Small batch, made with care. Your support keeps our doors open. Shoutout to our 8th customer this week.",#marketing #localbusiness #growth,66,4,1,0.7096,Business Account,0
igdemo_000121,New arrivals just dropped! Custom requests are always welcome. Team huddle today covered 9 new ideas. 📈,#growth #hustle #shopsmall #marketing #entrepreneur,93,4,1,0.5093,Business Account,0
igdemo_000121,Thank you New Garybury for another great week. We appreciate every single one of you. Batch number 50 restocked today.,,195,12,1,0.8625,Business Account,0
igdemo_000121,Restocked your favorites. Your support keeps our doors open. 33 orders packed and ready to go.,,86,5,1,0.7906,Business Account,0
igdemo_000121,Restocked your favorites. We appreciate every single one of you. Serving North Crystal since 2020.,#marketing #localbusiness,55,7,1,0.6705,Business Account,0
igdemo_000121,New arrivals just dropped! Orders ship out within 2 business days. Batch number 4 restocked today.,#customerfirst #shopsmall #localbusiness #businessowner #smallbusiness,11,0,0,0.1511,Business Account,0
igdemo_000121,"New arrivals just dropped! Locally sourced, always. Order number 39 just shipped. Limited stock available. 🔗",#smallbusiness #growth,50,3,1,-0.2244,Business Account,0
igdemo_000121,Restocked your favorites. Your support keeps our doors open. Team huddle today covered 67 new ideas. 🤝✅,#marketing #startup,140,9,1,0.6705,Business Account,0
igdemo_000121,Restocked your favorites. Custom requests are always welcome. Serving Kathymouth since 2019. Limited stock available. ✅📈,#growth #startup #hustle #shopsmall,72,14,1,0.5994,Business Account,0
igdemo_000121,Meet the team making it happen. We appreciate every single one of you. Shoutout to our 14th customer this week. Tag someone who'd love this. 🤝,,146,13,2,0.7845,Business Account,0
igdemo_000121,Meet the team making it happen. We appreciate every single one of you. Customer number 33 just left a five-star review. Limited stock available.,#startup #shopsmall #customerfirst #entrepreneur,101,3,2,0.2732,Business Account,0
igdemo_000121,Behind the scenes at the shop today. Your support keeps our doors open. Celebrating 24 years since we opened our doors. ✅,#growth #smallbusiness #startup #hustle,50,3,1,0.7506,Business Account,0
igdemo_000121,Meet the team making it happen. Orders ship out within 2 business days. Customer number 90 just left a five-star review. Limited stock available. 💼,#localbusiness #marketing,44,4,1,-0.1531,Business Account,0
igdemo_000122,"🚨 LAST CHANCE 🚨 It's 100% legit, I was skeptical too. Started in West Kevinview, now everywhere. Tap the link in my story. 💯✅",#getrichquick #cashapp #clicklink #dmforprice,1,0,0,0.1111,Spam Account,1
igdemo_000122,"Everyone is asking how I did this so fast. Made more money this week than my old job paid monthly. This worked for Sandra too, ask them. Tap the link in my story. 🛒💰",#cryptosignals #cashapp #clicklink #onlyfollowers #makemoneyonline #followforfollow #freeprize,3,0,0,0.0,Spam Account,1
igdemo_000122,"I wasn't going to share this but... Thousands already joined, don't miss out. Already helped 98 people this 2024. 👉",#cryptosignals #clicklink #cashapp #getrichquick #followforfollow #freeprize,1,0,0,0.0572,Spam Account,1
igdemo_000122,"I wasn't going to share this but... Made more money this week than my old job paid monthly. Message number 96 today, still going. Comment before it's gone. 🔥",#makemoneyonline #followforfollow #clicklink #getrichquick,2,0,0,-0.4756,Spam Account,1
igdemo_000122,"I wasn't going to share this but... Thousands already joined, don't miss out. Over 13 people already joined this week. 💯",#dmforprice #freeprize #followforfollow #clicklink #cashapp #giveaway #getrichquick #onlyfollowers,0,0,0,0.0572,Spam Account,1
igdemo_000122,"Stop scrolling, read this. Thousands already joined, don't miss out. Spot number 29 just opened up. 💯",#getrichquick #makemoneyonline #followforfollow #cryptosignals #dmforprice #giveaway,4,0,0,-0.1169,Spam Account,1
igdemo_000122,"You NEED to see this. Made more money this week than my old job paid monthly. Started in Rodriguezshire, now everywhere. Tap the link in my story.",#giveaway #cashapp #makemoneyonline #clicklink #followforfollow #onlyfollowers #cryptosignals,1,0,0,0.0,Spam Account,1
igdemo_000122,"I wasn't going to share this but... It's 100% legit, I was skeptical too. Started in Karatown, now everywhere. Link in bio, click now. 💰💯",#cashapp #onlyfollowers #followforfollow #dmforprice,1,0,0,-0.5258,Spam Account,1
igdemo_000122,"Stop scrolling, read this. Spots are filling up fast. Darrell just signed up, you're next. Link in bio, click now. 🔥",#cashapp #getrichquick #freeprize #clicklink #dmforprice #giveaway #followforfollow,1,0,0,-0.5574,Spam Account,1
igdemo_000122,"🚨 LAST CHANCE 🚨 No experience needed, just a phone. Only 53 spots left today. Comment before it's gone. 🔥👉",#dmforprice #getrichquick #cryptosignals,3,0,0,-0.2185,Spam Account,1
igdemo_000123,"I wasn't going to share this but... It's 100% legit, I was skeptical too. Slot 18 almost gone.",#onlyfollowers #cryptosignals #dmforprice,3,0,0,-0.5258,Spam Account,1
igdemo_000123,"Stop scrolling, read this. Made more money this week than my old job paid monthly. Already 19 success stories this month.",#dmforprice #giveaway #freeprize #cryptosignals #makemoneyonline #getrichquick #followforfollow,2,0,0,0.3612,Spam Account,1
igdemo_000123,"This changed everything for me. Thousands already joined, don't miss out. Spot number 91 just opened up. Link in bio, click now. 🛒",#followforfollow #onlyfollowers #giveaway #getrichquick #freeprize #cryptosignals #dmforprice,7,0,0,0.1887,Spam Account,1
igdemo_000123,"I wasn't going to share this but... No experience needed, just a phone. Only 67 spots left today. 💯🛒",#giveaway #onlyfollowers #followforfollow #freeprize,2,0,0,-0.5013,Spam Account,1
igdemo_000123,"Everyone is asking how I did this so fast. Made more money this week than my old job paid monthly. Joshua just signed up, you're next. Tap the link in my story. 🔥",#getrichquick #cryptosignals #makemoneyonline #cashapp #giveaway #freeprize #onlyfollowers,2,0,0,-0.34,Spam Account,1
igdemo_000123,"I wasn't going to share this but... This is not a scam, I promise. Message number 88 today, still going. Link in bio, click now. 🎁💰",#clicklink #cashapp #makemoneyonline #cryptosignals #freeprize,1,0,0,0.8957,Spam Account,1
igdemo_000123,"I wasn't going to share this but... Thousands already joined, don't miss out. Spot number 9 just opened up. DM me 'START' immediately.",#cashapp #clicklink #followforfollow #onlyfollowers,1,0,0,0.171,Spam Account,1
igdemo_000123,"Stop scrolling, read this. Spots are filling up fast. Since 2025, thousands have joined. 💰🎁",#onlyfollowers #dmforprice #clicklink #makemoneyonline #cashapp,3,0,0,0.1779,Spam Account,1
igdemo_000124,Coaching client hit a big milestone. Small wins add up over months. Day 40 of the program.,#strength #fitfam,4,0,0,0.5719,Fitness Creator,0
igdemo_000124,Early morning session before work. Strength carries over into everything else.,#strength #workout #gymlife #training #nutrition #fitfam,1,0,0,0.4939,Fitness Creator,0
igdemo_000124,"Programming update for the week. Strength carries over into everything else. Week 22 of the plan, feeling stronger. Tag your gym partner. 💪",#wellness #workout #nutrition #healthylifestyle,4,0,0,0.743,Fitness Creator,0
igdemo_000124,Back-to-back sessions today. Slow and controlled beats fast and sloppy. Logged 90 miles this week.,#cardio #training,2,0,0,0.0,Fitness Creator,0
igdemo_000124,Ran a form check clinic today. Fueling properly made a huge difference. Coaching 45 clients this cycle.,#strength #fitness #healthylifestyle #gymlife #cardio,2,0,0,0.3182,Fitness Creator,0
igdemo_000124,Deload week starts now. Rest days are still training days. 85 minutes of mobility work this morning.,#gymlife #strength #training #fitness,1,0,0,0.0,Fitness Creator,0
igdemo_000125,Study session with Reginald turned into a nap. Turns out procrastination is a full-time job. Number 87 on my to-do list: sleep. 🎬,#studentlife #studybreak #university,3,0,0,0.0772,Spam Account,1
igdemo_000125,Finals season has me questioning everything. Ranking my classes from bearable to soul-crushing. Studying in West Johnstad has its perks. 💪,#dormlife #finals,4,0,0,-0.1027,Spam Account,1
igdemo_000125,Study session with Christopher turned into a nap. Turns out procrastination is a full-time job. Currently 47 days away from break.,#campus #college #studybreak #studygram,5,0,0,0.0,Spam Account,1
igdemo_000125,"Campus is so pretty in Mcdanielstad today. Library until it closes, again. Shoutout to Brian for the study session. Tell me it gets easier. 🌟😊",#studentlife,2,0,0,0.9172,Spam Account,1
igdemo_000125,"Campus is so pretty in West Tinastad today. Library until it closes, again. Campus tour 77 for prospective students today. 🙌",#classof2026,10,0,1,0.6269,Spam Account,1
igdemo_000125,"Study session with Theresa turned into a nap. Library until it closes, again. Shoutout to Tyler for the study session. 😊📚",#campus #studybreak #college,2,0,0,0.7184,Spam Account,1
igdemo_000125,Finals season has me questioning everything. Turns out procrastination is a full-time job. This is assignment number 21 this semester. Tell me it gets easier. 🎬,,2,0,0,0.4019,Spam Account,1
igdemo_000125,Another day surviving Colemanbury University. Ranking my classes from bearable to soul-crushing. Officially 55 credits away from graduating. 🐾🎬,#studygram #studentlife,6,0,0,0.5719,Spam Account,1
igdemo_000125,"Campus is so pretty in Yatesfort today. My professor just dropped a pop quiz, send help. Tagging Richard because they'd get this. Tell me it gets easier.",#studentlife,5,0,0,0.863,Spam Account,1
igdemo_000125,"Study session with Christopher turned into a nap. Library until it closes, again. Number 44 on my to-do list: sleep. Tell me it gets easier.",#campus #dormlife #studentlife,3,0,0,0.4767,Spam Account,1
igdemo_000125,"Another day surviving North Stephanieburgh University. Library until it closes, again. This is assignment number 85 this semester.",#studygram #classof2026,13,0,0,0.3612,Spam Account,1
igdemo_000125,Study session with Cynthia turned into a nap. Somehow still passing my classes. This is assignment number 25 this semester.,#dormlife #university #finals #classof2026,8,0,0,0.0772,Spam Account,1
igdemo_000126,"Small batch, made with care. We appreciate every single one of you. Batch number 30 restocked today.",#startup #businessowner,710,45,19,0.7351,Business Account,0
igdemo_000126,Meet the team making it happen. Custom requests are always welcome. Celebrating 32 years since we opened our doors. Limited stock available.,#localbusiness #businessowner,341,19,4,0.7003,Business Account,0
igdemo_000126,Thank you Port Ashley for another great week. Your support keeps our doors open. Shoutout to our 91th customer this week. 🤝,#smallbusiness #entrepreneur #localbusiness #businessowner #customerfirst,749,33,26,0.8519,Business Account,0
igdemo_000126,Meet the team making it happen. Handmade in small batches every week. Celebrating 24 years since we opened our doors. Shop the link in bio. ✅,#marketing #growth #customerfirst,819,55,7,0.5719,Business Account,0
igdemo_000126,Meet the team making it happen. We appreciate every single one of you. Team huddle today covered 64 new ideas. Shop the link in bio. ✅🔗,#localbusiness #customerfirst #startup #hustle,141,8,4,0.4019,Business Account,0
igdemo_000126,Meet the team making it happen. Orders ship out within 2 business days. Serving Matthewbury since 2019.,#shopsmall #marketing,520,20,22,0.0,Business Account,0
igdemo_000126,Thank you West Christopher for another great week. Handmade in small batches every week. Batch number 48 restocked today. 🌍,#growth #customerfirst #localbusiness #businessowner,616,42,17,0.7845,Business Account,0
igdemo_000126,"Thank you Port Joshualand for another great week. We appreciate every single one of you. Based out of Lake Melanie, shipping everywhere. Shop the link in bio. 💼🔗",#localbusiness #entrepreneur #startup #growth,550,20,18,0.8519,Business Account,0
igdemo_000126,Thank you Anneland for another great week. Handmade in small batches every week.,#localbusiness #hustle #shopsmall #growth,819,95,22,0.765,Business Account,0
igdemo_000126,Meet the team making it happen. Your support keeps our doors open. Proudly 47 years in business this 2021. DM us to order. ✅💼,#entrepreneur #shopsmall #growth #startup #localbusiness,203,9,10,0.743,Business Account,0
igdemo_000127,Programming update for the week. Fueling properly made a huge difference. Day 98 of the program.,#nutrition #wellness #strength #healthylifestyle #gymlife,2029,222,92,0.3182,Fitness Creator,0
igdemo_000127,"Early morning session before work. Sleep is still the most underrated recovery tool. Session number 60 with this client, big progress. 🧘🏋️",#nutrition #cardio #gymlife,2253,281,102,0.4767,Fitness Creator,0
igdemo_000127,"Ran a form check clinic today. Small wins add up over months. Tagging Ashley, my training partner today. 🏋️",#gymlife #cardio #nutrition #wellness #strength,2659,188,84,0.5719,Fitness Creator,0
igdemo_000127,"Leg day recap. Progress isn't always linear, and that's fine. 25 minutes of mobility work this morning.",#nutrition #healthylifestyle #wellness #fitness #strength,2734,207,113,0.5574,Fitness Creator,0
igdemo_000127,"Ran a form check clinic today. Form over ego, always. Training out of Lake Veronicahaven this week. DM 'START' to work together.",#fitness #training #fitfam #wellness #cardio #healthylifestyle,2560,241,131,0.0,Fitness Creator,0
igdemo_000127,"Leg day recap. Consistency beats intensity most days. Tagging Jonathan, my training partner today. 💪🥗",#nutrition #cardio #wellness,1760,72,69,0.0,Fitness Creator,0
igdemo_000127,"Early morning session before work. Strength carries over into everything else. 94 reps, zero regrets. ⚡🏋️",#fitness #cardio,2729,312,157,0.1779,Fitness Creator,0
igdemo_000127,New PR today! Fueling properly made a huge difference. Back in Haneyville for a pop-up class this 2021. 🥗,#training #strength,2688,116,162,0.3802,Fitness Creator,0
igdemo_000127,"Ran a form check clinic today. Showing up matters more than the perfect plan. Tagging Michelle, my training partner today. DM 'START' to work together. ⚡💪",#strength #workout #healthylifestyle,2573,222,129,0.6204,Fitness Creator,0
igdemo_000128,Group project update: Somehow still passing my classes. This is assignment number 81 this semester.,#studygram #campus,12,1,0,0.0772,Student,0
igdemo_000128,"Study session with Jason turned into a nap. My professor just dropped a pop quiz, send help. Fun fact: I've switched majors 63 times. Tell me it gets easier.",#campus #studygram #gradstudent,15,2,0,0.8316,Student,0
igdemo_000128,Coffee run before class. Turns out procrastination is a full-time job. Can't believe it's already 2019.,#university,11,1,0,0.0,Student,0
igdemo_000128,Study session with Melissa turned into a nap. Somehow still passing my classes. This is assignment number 81 this semester. Someone quiz me please. 📚,#dormlife #studygram #gradstudent,11,1,0,0.3818,Student,0
igdemo_000128,Finals season has me questioning everything. Somehow still passing my classes. Tagging Kim because they'd get this.,#studybreak #studentlife,47,4,1,-0.1027,Student,0
igdemo_000128,"Another day surviving South Elizabethville University. Ranking my classes from bearable to soul-crushing. Somewhere in Cathychester, probably procrastinating.",#classof2026 #finals,26,2,0,0.296,Student,0
igdemo_000128,Campus is so pretty in South Sarah today. Somehow still passing my classes. Number 96 on my to-do list: sleep.,#studentlife #dormlife #college #gradstudent,12,1,0,0.6615,Student,0
igdemo_000128,"Coffee run before class. Library until it closes, again. Currently 76 cups of coffee deep today. Wish me luck.",#university #dormlife,18,1,0,0.6908,Student,0
igdemo_000128,Study session with John turned into a nap. Turns out procrastination is a full-time job. Wish me luck. 🎬,,18,1,0,0.6908,Student,0
igdemo_000128,Group project update: Dorm life really tests your patience. Group chat with Kimberly is unhinged today.,#finals,11,1,0,0.0,Student,0
igdemo_000128,"Finals season has me questioning everything. Somehow still passing my classes. Somewhere in Ellistown, probably procrastinating. ✨☕",#studygram #gradstudent,20,3,0,0.2263,Student,0
igdemo_000128,"Coffee run before class. My professor just dropped a pop quiz, send help. Currently 44 days away from break. 🎬",#studygram #campus #college,11,1,0,0.4019,Student,0
igdemo_000128,Finals season has me questioning everything. Dorm life really tests your patience. This is assignment number 38 this semester.,#dormlife #university #classof2026 #finals,14,2,0,-0.0258,Student,0
igdemo_000128,"Campus is so pretty in Eatonmouth today. My professor just dropped a pop quiz, send help. Can't believe it's already 2022.",#studybreak #gradstudent #university #finals,24,2,0,0.7793,Student,0
igdemo_000128,"Finals season has me questioning everything. Library until it closes, again. Somewhere in West Michelle, probably procrastinating.",#classof2026 #studentlife #dormlife,16,2,0,-0.1027,Student,0
igdemo_000128,"Study session with Courtney turned into a nap. My professor just dropped a pop quiz, send help. Somewhere in Port Elizabeth, probably procrastinating. ✨",#studybreak,13,1,0,0.6124,Student,0
igdemo_000129,Living for moments like this. This is going straight into my everyday rotation. Brand deal number 95 this month. Can't believe it's already 2016. Link in bio for the discount.,#discountcode #ad #linkinbio #collab #brandpartner #sponsored,107,6,4,0.5719,Fake Influencer,1
igdemo_000129,"New content coming your way soon. Partnering with brands I actually love. So many of you asked for this, here it is. 💅👑",#lifestyle #linkinbio #brandpartner #musthave #ad,168,10,5,0.6369,Fake Influencer,1
igdemo_000129,Golden hour never disappoints. Honestly didn't expect to love this as much as I do. Outfit number 61 of the week. Filming this in Lake Emilyburgh today. 🌴,#sponsored #lifestyle,38,1,1,-0.521,Fake Influencer,1
igdemo_000129,"This brand sent me the best package. This is going straight into my everyday rotation. Trip number 27 this year, no complaints. Code is my username at checkout.",#musthave #lifestyle #ad #influencer,32,3,1,0.8252,Fake Influencer,1
igdemo_000129,"New content coming your way soon. Use my code for a discount. So many of you asked for this, here it is. Packing for South Angelatown again this week.",#brandpartner #linkinbio #discountcode #ad #trending #influencer,181,20,12,0.0,Fake Influencer,1
igdemo_000129,"Another day, another shoot. Can't wait to show you more from this collab. Shot this in Devinfurt. Shop this look now.",#influencer #linkinbio #collab #trending #musthave #lifestyle,86,4,4,-0.34,Fake Influencer,1
igdemo_000129,Unboxing my favorite package of the month. Can't wait to show you more from this collab. Outfit number 44 of the week. Packing for Lake Barbarachester again this week. 👑😍,,158,61,8,0.743,Fake Influencer,1
igdemo_000129,"Can't stop wearing this lately. Can't wait to show you more from this collab. Since 2025, this has been the dream. Can't believe it's already 2016. 📸",#brandpartner #ad #discountcode #linkinbio #musthave,64,7,3,0.4382,Fake Influencer,1
igdemo_000129,Living for moments like this. Can't believe I get to call this my job. Alexander styled this look. Shot this in Beckchester. 👑🌴,#discountcode #sponsored #trending #collab,187,3,14,0.3612,Fake Influencer,1
igdemo_000129,"Living for moments like this. This is exactly what my feed needed. Since 2021, this has been the dream. Shop this look now. 📸",#lifestyle #discountcode #linkinbio #brandpartner #sponsored,57,2,1,0.5423,Fake Influencer,1
igdemo_000129,"Unboxing my favorite package of the month. Can't believe I get to call this my job. Trip number 46 this year, no complaints. Look number 28 from this campaign. 😍🌴",#trending #ad #discountcode #musthave #brandpartner #lifestyle,93,1,4,0.8342,Fake Influencer,1
igdemo_000129,New content coming your way soon. Can't wait to show you more from this collab. Brand deal number 20 this month. Packing for West Davidland again this week.,#ad #discountcode #linkinbio,56,6,0,0.0772,Fake Influencer,1
igdemo_000129,"Can't stop wearing this lately. My followers deserve the best recommendations. Trip number 32 this year, no complaints.",#influencer #ad,143,11,7,0.8246,Fake Influencer,1
igdemo_000130,"Thank you for the love this 2022. There's more coming that I can't wait to share. Since 2017, still going strong. Back in Jeffreyfurt this 2021. Follow only this page. 🐾💪",#official #exclusive,127,2,4,0.8447,Celebrity Impersonator,1
igdemo_000130,"Taking a moment to say thank you. Ignore anyone claiming to be my manager elsewhere. Tagging Heather, thank you for believing in this. Since 2023, the journey continues.",#celebrity #exclusive #viral,160,3,7,0.3612,Celebrity Impersonator,1
igdemo_000130,Important announcement coming soon. None of this would matter without you. Project number 95 coming together nicely. DM me directly here. 🎬💪,,74,2,1,0.5541,Celebrity Impersonator,1
igdemo_000130,"I see all of your messages, truly. New project details coming very soon. Project number 46 coming together nicely.",,230,6,6,0.7479,Celebrity Impersonator,1
igdemo_000130,"This account is really me, I promise. There's more coming that I can't wait to share. 83 years in this industry now. Since 2023, the journey continues. Follow only this page.",,56,2,2,0.1719,Celebrity Impersonator,1
igdemo_000130,"A quick note from me to you. There's more coming that I can't wait to share. Tagging Alexandra, thank you for believing in this.",,125,4,5,0.1561,Celebrity Impersonator,1
igdemo_000130,"I see all of your messages, truly. New project details coming very soon. 61 years of your support means everything. Thank you Cynthia for the constant support. Follow only this page.",,84,2,3,0.8689,Celebrity Impersonator,1
igdemo_000131,Refactoring old code I wrote a year ago. The fix was smaller than the investigation. Working remotely from Lake Cheryl this month. 🔧,#webdev #python #developer,153,16,2,0.0,Developer,0
igdemo_000131,Finally got the tests passing. CI is green and I'm emotionally fine now. Currently debugging from Loveton. Open to feedback.,#softwareengineer #webdev,304,38,3,0.2023,Developer,0
igdemo_000131,Spent way too long on a bug today. Naming things is still the hardest part. Deploy number 20 of the week.,#javascript #developer,136,6,4,0.0772,Developer,0
igdemo_000131,Rewrote a script that's been bugging me for weeks. The fix was smaller than the investigation. Still can't believe it's 2018 and this bug exists. AMA about the stack.,#opensource #programmer #100daysofcode,47,2,1,0.0,Developer,0
igdemo_000131,New side project idea just hit me at 2am. Turned out to be a missing semicolon. Working remotely from Lorihaven this month.,#webdev #opensource,166,7,5,-0.296,Developer,0
igdemo_000131,Finally got the tests passing. Turns out the cache was the whole problem. Sprint 95 wrapped up today.,#softwareengineer #developer,107,11,1,-0.4019,Developer,0
igdemo_000131,New side project idea just hit me at 2am. The fix was smaller than the investigation. Shoutout to James for the code review. Repo link below. 💻,#programmer,207,9,8,0.0,Developer,0
igdemo_000131,Finally got the tests passing. Docs were wrong but figured it out eventually. Pairing with Brian made this so much faster. AMA about the stack. 🐛⚙️,#buildinpublic #webdev #developer,206,11,3,-0.2617,Developer,0
igdemo_000131,"New side project idea just hit me at 2am. Pairing with a teammate made it so much faster. Tagging Thomas, they'll appreciate this one.",#softwareengineer #buildinpublic #100daysofcode,141,9,2,0.4019,Developer,0
igdemo_000131,New side project idea just hit me at 2am. The code review comments humbled me. Currently on commit number 53 of this refactor.,#developer #programmer #javascript,124,15,4,0.3612,Developer,0
igdemo_000132,Thank you for the love this 2024. There's more coming that I can't wait to share. Project number 26 coming together nicely. Share this so others know it's real.,#trending #official,138,7,3,0.881,Fitness Creator,0
igdemo_000132,Taking a moment to say thank you. Please report any fake pages you see. 69 years in this industry now. Working on something big for 2021.,,125,3,1,0.1779,Fitness Creator,0
igdemo_000132,"A quick note from me to you. Ignore anyone claiming to be my manager elsewhere. Back in Lake Donna this 2024. Message number 34 today, reading every one. 🙌",#official #exclusive #fanpage,142,2,4,-0.296,Fitness Creator,0
igdemo_000132,"Thank you for the love this 2024. Please report any fake pages you see. Since 2022, still going strong. Message number 82 today, reading every one. 🎬🙌",,332,31,2,0.8591,Fitness Creator,0
igdemo_000132,To my real fans: None of this would matter without you. Project number 59 coming together nicely.,#official,43,5,0,0.4172,Fitness Creator,0
igdemo_000132,Taking a moment to say thank you. Please report any fake pages you see. 31 years in this industry now. 51 years of your support means everything.,,134,14,1,0.5267,Fitness Creator,0
igdemo_000132,"Taking a moment to say thank you. Please report any fake pages you see. Back in West Andrew this 2025. Tagging Jessica, thank you for believing in this. 🌟🐾",,93,3,1,0.4939,Fitness Creator,0
igdemo_000132,"Thank you for the love this 2017. This journey keeps surprising me. Message number 77 today, reading every one. Thank you Jerry for the constant support. 🎉",#fanpage #trending,72,4,1,0.9432,Fitness Creator,0
igdemo_000133,"Another day surviving Edwardshaven University. Library until it closes, again. Tagging Kelly because they'd get this. Tell me it gets easier. ☕",#studentlife,86,17,2,0.6124,Student,0
igdemo_000133,Finals season has me questioning everything. Ranking my classes from bearable to soul-crushing. Currently 18 days away from break. Tell me it gets easier.,#campus #classof2026,59,21,6,0.34,Student,0
igdemo_000133,"Group project update: Library until it closes, again. Campus tour 76 for prospective students today. 📚",#dormlife #studentlife #studygram #classof2026,15,4,0,0.0,Student,0
igdemo_000133,"Study session with Ashley turned into a nap. Library until it closes, again. Can't believe it's already 2016.",#finals,25,4,1,0.0,Student,0
igdemo_000133,Group project update: Somehow still passing my classes. Currently 8 cups of coffee deep today. 😊✨,#dormlife #university,15,4,1,0.8074,Student,0
igdemo_000133,"Campus is so pretty in Alisonhaven today. My professor just dropped a pop quiz, send help. Group chat with Thomas is unhinged today.",#studybreak,28,2,1,0.7793,Student,0
igdemo_000133,Finals season has me questioning everything. Turns out procrastination is a full-time job. Studying in North Brittanyburgh has its perks.,#college #university #studybreak #studentlife,92,26,4,-0.1027,Student,0
igdemo_000133,Campus is so pretty in North Staceychester today. Turns out procrastination is a full-time job. Ran into Brent at the library again. 🙌✨,#campus,23,3,3,0.7518,Student,0
igdemo_000133,Study session with Jerry turned into a nap. Ranking my classes from bearable to soul-crushing. Can't believe it's already 2019.,#studentlife #university,32,15,1,0.0,Student,0
igdemo_000133,Group project update: Turns out procrastination is a full-time job. Can't believe it's already 2025. 🎬,#campus #college,122,19,3,0.0,Student,0
igdemo_000133,Finals season has me questioning everything. Somehow still passing my classes. Can't believe it's already 2017. 🌟💪,#studentlife,212,25,2,-0.1027,Student,0
igdemo_000134,"Recovery day, mobility work only. Rest days are still training days. Back in West Christinaport for a pop-up class this 2015.",#healthylifestyle #nutrition #workout #strength #training #wellness,1241,122,40,0.0,Fitness Creator,0
igdemo_000134,Deload week starts now. Strength carries over into everything else. Coaching 46 clients this cycle. 🏃💪,#training #wellness #nutrition #healthylifestyle #cardio,3579,194,102,0.4939,Fitness Creator,0
igdemo_000134,Deload week starts now. Rest days are still training days. Shoutout to Emma for showing up every day. Tag your gym partner.,#training #gymlife #fitness #fitfam,2532,294,80,0.0,Fitness Creator,0
igdemo_000134,"Recovery day, mobility work only. Progress isn't always linear, and that's fine. Week 66 of the plan, feeling stronger. Programs linked in bio.",#fitfam #gymlife #wellness #fitness #nutrition,1610,75,38,0.7717,Fitness Creator,0
igdemo_000134,"Coaching client hit a big milestone. Rest days are still training days. Week 60 of the plan, feeling stronger. Tag your gym partner.",#strength #nutrition #gymlife #healthylifestyle #wellness,5710,626,152,0.4767,Fitness Creator,0
igdemo_000134,"Programming update for the week. Small wins add up over months. Session number 90 with this client, big progress. Tag your gym partner.",#training #strength #workout #gymlife,3671,241,72,0.7783,Fitness Creator,0
igdemo_000134,"Coaching client hit a big milestone. Progress isn't always linear, and that's fine. 14 reps, zero regrets. Programs linked in bio. ⚡",#fitness #cardio #strength #healthylifestyle,3060,206,102,0.2732,Fitness Creator,0
igdemo_000134,"Recovery day, mobility work only. Progress isn't always linear, and that's fine. 50 reps, zero regrets. DM 'START' to work together.",#workout #gymlife #strength #nutrition #training #fitness,1631,155,44,0.2732,Fitness Creator,0
igdemo_000134,Coaching client hit a big milestone. Fueling properly made a huge difference.,#nutrition #fitfam #workout #gymlife #healthylifestyle #cardio,3182,525,37,0.3182,Fitness Creator,0
igdemo_000134,"Ran a form check clinic today. Form over ego, always. Client hit a 72 pound PR today.",#fitness #workout #training #healthylifestyle #wellness,3914,620,94,0.0,Fitness Creator,0
igdemo_000134,"Programming update for the week. Small wins add up over months. Tagging Mark, my training partner today.",#strength #fitfam #workout,6175,467,259,0.5719,Fitness Creator,0
igdemo_000135,Coffee run before class. Turns out procrastination is a full-time job. Currently 94 days away from break. Send snacks.,#finals #studygram #dormlife,14,5,0,0.0,Student,0
igdemo_000135,Coffee run before class. Turns out procrastination is a full-time job. Number 16 on my to-do list: sleep. Tell me it gets easier.,#university #dormlife #college,9,1,0,0.4767,Student,0
igdemo_000135,Study session with Tracey turned into a nap. Dorm life really tests your patience. Shoutout to Richard for the study session. Someone quiz me please. 🐾📚,#finals #college #gradstudent #dormlife,16,3,0,0.3182,Student,0
igdemo_000135,Finals season has me questioning everything. Turns out procrastination is a full-time job. Ran into Joseph at the library again.,#studybreak #studygram #college,6,2,1,-0.1027,Student,0
igdemo_000135,Coffee run before class. Turns out procrastination is a full-time job. Tell me it gets easier.,#studentlife #studygram,2,0,0,0.4215,Student,0
igdemo_000135,Study session with Lauren turned into a nap. Ranking my classes from bearable to soul-crushing. Ran into Anna at the library again. Wish me luck.,#university #campus,9,2,0,0.6908,Student,0
igdemo_000135,Group project update: Turns out procrastination is a full-time job. Officially 28 credits away from graduating.,#studygram #campus #classof2026 #finals,5,3,0,0.3612,Student,0
igdemo_000135,Study session with April turned into a nap. Ranking my classes from bearable to soul-crushing. Number 49 on my to-do list: sleep.,#university,11,1,0,0.0772,Student,0
igdemo_000136,"Unboxing my favorite package of the month. So grateful for opportunities like this. Douglas styled this look. So many of you asked for this, here it is. Shop this look now.",#ad #trending #discountcode #influencer,134,7,0,0.9048,Developer,0
igdemo_000136,New content coming your way soon. Can't believe I get to call this my job. Filming this in North Kenneth today.,#sponsored #ad #linkinbio #brandpartner #collab,147,8,0,0.0,Developer,0
igdemo_000136,Unboxing my favorite package of the month. This is exactly what my feed needed. Brand deal number 6 this month. Outfit number 91 of the week. ✨💅,#ad #influencer,163,9,0,0.7096,Developer,0
igdemo_000136,Can't stop wearing this lately. Honestly didn't expect to love this as much as I do. Shot this in South Valerie. 👑📸,#lifestyle #influencer #linkinbio #brandpartner #trending,89,11,0,0.1331,Developer,0
igdemo_000136,Golden hour never disappoints. Partnering with brands I actually love. Outfit number 84 of the week. 💅🌴,#sponsored #trending,71,5,0,0.7707,Developer,0
igdemo_000136,New content coming your way soon. Can't wait to show you more from this collab. Shot this in Amandastad. Packing for East Bradleyland again this week.,#linkinbio #influencer #sponsored #brandpartner #discountcode,98,6,0,0.0,Developer,0
igdemo_000136,Obsessed with this new find. Use my code for a discount. Justin styled this look. Outfit number 46 of the week. DM for collab details. 📸👑,#linkinbio #influencer #lifestyle,191,10,0,-0.1027,Developer,0
igdemo_000136,This brand sent me the best package. Use my code for a discount. Filming this in Lake Willie today. Brand deal number 79 this month. ✨💖,#sponsored #influencer #lifestyle #discountcode,135,10,1,0.9217,Developer,0
igdemo_000136,New content coming your way soon. This is going straight into my everyday rotation. Look number 61 from this campaign. Can't believe it's already 2024. Shop this look now. ✨😍,#musthave #brandpartner #linkinbio #sponsored #influencer #lifestyle,56,2,0,0.7579,Developer,0
igdemo_000137,I don't get to say this enough. This journey keeps surprising me. Project number 86 coming together nicely. 😊,#trending #official #fanpage,345,16,0,0.8271,Celebrity Impersonator,1
igdemo_000137,A quick note from me to you. This journey keeps surprising me. Back in Jonathanborough this 2023. 65 years in this industry now.,#viral #official,502,58,0,0.2732,Celebrity Impersonator,1
igdemo_000137,"I see all of your messages, truly. This journey keeps surprising me. Since 2015, the journey continues. Back in Lake Shellytown this 2015. ☕",,400,207,1,0.6124,Celebrity Impersonator,1
igdemo_000137,A quick note from me to you. There's more coming that I can't wait to share. 38 years in this industry now.,,107,46,0,-0.2235,Celebrity Impersonator,1
igdemo_000137,Important announcement coming soon. None of this would matter without you. Project number 56 coming together nicely. DM me directly here. 🌟,,74,21,0,0.5541,Celebrity Impersonator,1
igdemo_000137,"Taking a moment to say thank you. I read every message even if I can't reply to all. Tagging Michael, thank you for believing in this. 🌟🎉",#trending #exclusive #fanpage,158,12,0,0.7717,Celebrity Impersonator,1
igdemo_000137,"Important announcement coming soon. Please report any fake pages you see. Since 2022, still going strong.",#official #viral #fanpage,180,15,0,0.5106,Celebrity Impersonator,1
igdemo_000137,"A quick note from me to you. I read every message even if I can't reply to all. Tagging Christine, thank you for believing in this. Project number 57 coming together nicely. DM me directly here.",#viral #fanpage,631,11,0,0.6908,Celebrity Impersonator,1
igdemo_000137,"I don't get to say this enough. Grateful for every one of you every single day. Since 2018, the journey continues. Project number 23 coming together nicely. ☕💪",#exclusive #trending,382,11,0,0.7351,Celebrity Impersonator,1
igdemo_000137,"Taking a moment to say thank you. None of this would matter without you. 34 years in this industry now. Since 2024, the journey continues.",,319,6,0,0.3818,Celebrity Impersonator,1
igdemo_000138,Another day surviving Claudiachester University. Turns out procrastination is a full-time job. Currently 3 cups of coffee deep today.,#university #dormlife #studybreak,13,1,1,0.296,Student,0
igdemo_000138,"Finals season has me questioning everything. Library until it closes, again. Ran into Jeremy at the library again. 🌟",,20,2,1,-0.1027,Student,0
igdemo_000138,Coffee run before class. Ranking my classes from bearable to soul-crushing. Tagging Roy because they'd get this. Wish me luck.,,29,2,1,0.729,Student,0
igdemo_000138,Group project update: Dorm life really tests your patience. Studying in West Moniqueport has its perks. Someone quiz me please. 🙌,#classof2026 #studybreak #finals,33,2,1,0.3182,Student,0
igdemo_000138,"Coffee run before class. Library until it closes, again. Group chat with Stacy is unhinged today. 💪🎉",#campus #studybreak,16,3,1,0.4019,Student,0
igdemo_000138,"Campus is so pretty in Ginaborough today. Ranking my classes from bearable to soul-crushing. Somewhere in Evansfort, probably procrastinating. Tell me it gets easier.",#university #studybreak #gradstudent #studentlife,15,2,0,0.7855,Student,0
igdemo_000138,Another day surviving North Rachel University. Somehow still passing my classes. Group chat with Mary is unhinged today.,#university #finals,15,0,0,0.296,Student,0
igdemo_000138,"Group project update: My professor just dropped a pop quiz, send help. Shoutout to Jacqueline for the study session. Someone quiz me please.",#finals,13,3,0,0.6124,Student,0
igdemo_000139,"Group project update: My professor just dropped a pop quiz, send help. Can't believe it's already 2021.",#college #classof2026 #finals #studybreak,3,0,0,0.4019,Student,0
igdemo_000139,"Group project update: My professor just dropped a pop quiz, send help. Fun fact: I've switched majors 97 times. ☕🐾",#studybreak,3,0,0,0.7184,Student,0
igdemo_000139,Finals season has me questioning everything. Dorm life really tests your patience. Officially 56 credits away from graduating. ☕🎉,#studybreak #dormlife,5,0,0,0.5859,Student,0
igdemo_000139,Another day surviving East Kayla University. Ranking my classes from bearable to soul-crushing. Shoutout to Russell for the study session.,#studygram #campus #studentlife,5,0,0,0.296,Student,0
igdemo_000139,Study session with Barbara turned into a nap. Somehow still passing my classes. This is assignment number 46 this semester. 😊,#finals #university #classof2026 #studygram,6,0,0,0.743,Student,0
igdemo_000139,Campus is so pretty in Kellerfurt today. Dorm life really tests your patience. Officially 92 credits away from graduating. Someone quiz me please. 🐾📚,#university #dormlife #campus,3,0,0,0.8367,Student,0
igdemo_000139,Coffee run before class. Turns out procrastination is a full-time job. Ran into Michelle at the library again. 🎬📚,#dormlife #studentlife,3,0,0,0.0,Student,0
igdemo_000139,Campus is so pretty in North Debbieshire today. Somehow still passing my classes. Send snacks.,#university #finals #studentlife,6,0,0,0.6269,Student,0
igdemo_000139,Campus is so pretty in Jenkinsland today. Somehow still passing my classes. This is assignment number 4 this semester. 🎬☕,#classof2026 #university #gradstudent #studybreak,5,0,0,0.6615,Student,0
igdemo_000139,"Another day surviving Lake Dylanfort University. Library until it closes, again. Group chat with Michelle is unhinged today. 🐾☕",#campus #finals #classof2026,4,0,0,0.296,Student,0
igdemo_000140,Meet the team making it happen. Orders ship out within 2 business days. Shoutout to our 74th customer this week. Limited stock available.,#entrepreneur #smallbusiness #localbusiness #hustle,302,29,16,-0.2263,Business Account,0
igdemo_000140,"Restocked your favorites. Locally sourced, always. Thank you West Jacob for 37 years of support. Tag someone who'd love this.",#localbusiness #hustle #smallbusiness #growth #businessowner,647,39,33,0.9042,Business Account,0
igdemo_000140,"New arrivals just dropped! Locally sourced, always. Serving West Jonathan since 2025.",#localbusiness #customerfirst #smallbusiness #entrepreneur,291,14,12,0.0,Business Account,0
igdemo_000140,Behind the scenes at the shop today. Orders ship out within 2 business days. Team huddle today covered 46 new ideas. 🌍,,174,11,9,0.0,Business Account,0
igdemo_000140,Thank you Edwardfort for another great week. Handmade in small batches every week. Shoutout to our 23th customer this week.,#customerfirst #growth,438,27,13,0.765,Business Account,0
igdemo_000140,New arrivals just dropped! Custom requests are always welcome. Tag someone who'd love this. 🔗,#shopsmall #customerfirst #smallbusiness,288,20,10,0.8172,Business Account,0
igdemo_000140,Restocked your favorites. Your support keeps our doors open. Shop the link in bio.,#growth #shopsmall #customerfirst #businessowner #hustle,226,12,11,0.6705,Business Account,0
igdemo_000140,Behind the scenes at the shop today. Handmade in small batches every week. Serving Bridgeschester since 2024. Tag someone who'd love this. ✅💼,#businessowner #startup,468,23,36,0.6369,Business Account,0
igdemo_000140,"Thank you Taylortown for another great week. Your support keeps our doors open. Based out of New Craig, shipping everywhere. Shop the link in bio.",#hustle #growth #entrepreneur,327,26,16,0.8519,Business Account,0
igdemo_000140,Thank you West Danielberg for another great week. Custom requests are always welcome. 68 orders packed and ready to go.,#customerfirst #startup #growth #localbusiness #entrepreneur,251,12,13,0.9022,Business Account,0
igdemo_000140,Restocked your favorites. Custom requests are always welcome. Serving Sarahchester since 2023.,#localbusiness #hustle #entrepreneur #shopsmall #smallbusiness,318,32,27,0.7003,Business Account,0
igdemo_000140,"Restocked your favorites. Locally sourced, always. Shoutout to our 71th customer this week. Shop the link in bio.",#growth #marketing #hustle #localbusiness,201,15,16,0.4215,Business Account,0
igdemo_000140,Meet the team making it happen. Custom requests are always welcome. 💼🤝,#businessowner #localbusiness #shopsmall,181,12,7,0.4588,Business Account,0
igdemo_000141,"🚨 LAST CHANCE 🚨 No experience needed, just a phone. Message number 50 today, still going. Link in bio, click now. 🔥✅",#followforfollow #dmforprice #onlyfollowers #giveaway,79,12,5,-0.1449,Business Account,0
igdemo_000141,"Stop scrolling, read this. It's 100% legit, I was skeptical too. 43 people can't all be wrong. 👉",#clicklink #makemoneyonline #freeprize #onlyfollowers,74,9,2,-0.2373,Business Account,0
igdemo_000141,I wasn't going to share this but... Spots are filling up fast. Already 80 success stories this month. Tap the link in my story. 👉🔥,#followforfollow #giveaway #onlyfollowers #clicklink #dmforprice #makemoneyonline #freeprize,75,12,2,0.3624,Business Account,0
igdemo_000141,"🚨 LAST CHANCE 🚨 Thousands already joined, don't miss out. Tap the link in my story. 🎁",#cryptosignals #cashapp #freeprize #getrichquick,195,13,2,0.725,Business Account,0
igdemo_000141,"I wasn't going to share this but... Thousands already joined, don't miss out. Over 88 people already joined this week. 💯",#cryptosignals #getrichquick #cashapp #onlyfollowers #dmforprice,69,5,3,0.0572,Business Account,0
igdemo_000141,"🚨 LAST CHANCE 🚨 Thousands already joined, don't miss out. 89 people can't all be wrong. 🛒",#giveaway #getrichquick #makemoneyonline #followforfollow,209,28,13,0.6938,Business Account,0
igdemo_000141,"Everyone is asking how I did this so fast. No experience needed, just a phone. Message number 72 today, still going. 🛒",#dmforprice #freeprize #clicklink,349,24,6,-0.2911,Business Account,0
igdemo_000141,"Stop scrolling, read this. Spots are filling up fast. Slot 81 almost gone. Comment before it's gone.",#clicklink #cashapp #makemoneyonline #giveaway #cryptosignals #onlyfollowers #getrichquick,140,19,4,-0.296,Business Account,0
igdemo_000141,"Stop scrolling, read this. Spots are filling up fast. Only 68 spots left today. DM me 'START' immediately. 🎁💯",#makemoneyonline #cryptosignals #onlyfollowers #clicklink #followforfollow #cashapp #freeprize #dmforprice,71,9,2,0.1779,Business Account,0
igdemo_000141,"🚨 LAST CHANCE 🚨 It's 100% legit, I was skeptical too. Valerie just signed up, you're next. Comment before it's gone. 🎁",#getrichquick #makemoneyonline #followforfollow #giveaway #onlyfollowers,126,5,6,0.516,Business Account,0
igdemo_000141,"You NEED to see this. It's 100% legit, I was skeptical too. 94 people can't all be wrong. Comment before it's gone. 🛒💯",#freeprize #getrichquick #clicklink #dmforprice #makemoneyonline,263,34,4,0.0654,Business Account,0
igdemo_000141,"You NEED to see this. This is not a scam, I promise. Only 75 spots left today. Comment before it's gone. 💰",#dmforprice #onlyfollowers #freeprize #giveaway,253,30,4,0.6483,Business Account,0
igdemo_000141,"🚨 LAST CHANCE 🚨 It's 100% legit, I was skeptical too. 14 people can't all be wrong. Comment before it's gone. 👉",#onlyfollowers #dmforprice #cashapp #followforfollow #freeprize #getrichquick #giveaway #clicklink,197,21,26,0.4565,Business Account,0
igdemo_000141,"🚨 LAST CHANCE 🚨 No experience needed, just a phone. Since 2021, thousands have joined. Tap the link in my story. 💯",#dmforprice #cryptosignals #makemoneyonline #giveaway #onlyfollowers #getrichquick #clicklink #followforfollow,157,12,4,0.1363,Business Account,0
igdemo_000142,Living for moments like this. Can't believe I get to call this my job. Brand deal number 69 this month. Matthew styled this look. DM for collab details.,#discountcode #linkinbio #musthave #brandpartner,91,8,0,0.4215,Fake Influencer,1
igdemo_000142,"Golden hour never disappoints. So grateful for opportunities like this. Since 2025, this has been the dream. Outfit number 31 of the week. 🌴",#influencer #trending,52,2,0,0.9138,Fake Influencer,1
igdemo_000142,Living for moments like this. Honestly didn't expect to love this as much as I do. Outfit number 10 of the week. DM for collab details.,#sponsored #linkinbio #lifestyle #brandpartner #discountcode #musthave,127,4,0,0.4464,Fake Influencer,1
igdemo_000142,Golden hour never disappoints. This is exactly what my feed needed. Outfit number 50 of the week. Casey styled this look.,#discountcode #linkinbio,95,4,0,0.3578,Fake Influencer,1
igdemo_000142,"Today's shoot was a whole vibe. This is exactly what my feed needed. Tagging Melanie, my glam team today. Code is my username at checkout.",#trending #discountcode,130,7,1,-0.34,Fake Influencer,1
igdemo_000142,Golden hour never disappoints. Can't believe I get to call this my job. Shot this in Port Andrew.,#musthave #discountcode #sponsored #linkinbio #collab,78,4,0,0.2924,Fake Influencer,1
igdemo_000142,"Obsessed with this new find. So many of you have been asking about this. Tagging Alyssa, my glam team today. Code is my username at checkout. 💖",#lifestyle #musthave #trending #discountcode #collab #influencer,97,8,0,0.6908,Fake Influencer,1
igdemo_000142,Unboxing my favorite package of the month. Honestly didn't expect to love this as much as I do. Can't believe it's already 2025. 📸,#discountcode #brandpartner #lifestyle #collab #musthave,59,2,0,0.3883,Fake Influencer,1
igdemo_000142,Obsessed with this new find. My followers deserve the best recommendations. Filming this in South Matthewmouth today. 👑🌴,#influencer #trending #ad #musthave,72,5,0,0.5423,Fake Influencer,1
igdemo_000142,Today's shoot was a whole vibe. Can't believe I get to call this my job. Filming this in South Stephanie today. Shop this look now. 💖,#sponsored #discountcode,256,18,1,0.6124,Fake Influencer,1
igdemo_000142,Unboxing my favorite package of the month. Use my code for a discount. Can't believe it's already 2021. Code is my username at checkout.,#influencer #trending #brandpartner #linkinbio,65,2,0,0.4588,Fake Influencer,1
igdemo_000143,Thank you for the love this 2021. New project details coming very soon. Working on something big for 2025. 8 years of your support means everything. Follow only this page.,,243,11,1,0.8555,Celebrity Impersonator,1
igdemo_000143,"I don't get to say this enough. This journey keeps surprising me. Since 2021, still going strong. Tagging Alexis, thank you for believing in this. 💪",,89,4,0,0.7845,Celebrity Impersonator,1
igdemo_000144,"Meet the team making it happen. Handmade in small batches every week. Based out of Darylchester, shipping everywhere. Limited stock available.",#smallbusiness #hustle #localbusiness,50,4,1,-0.2263,Business Account,0
igdemo_000144,Restocked your favorites. Handmade in small batches every week. Customer number 60 just left a five-star review. Limited stock available. 📈,#entrepreneur #smallbusiness #growth #startup,40,1,1,0.296,Business Account,0
igdemo_000144,"New arrivals just dropped! Locally sourced, always. 25 orders packed and ready to go. DM us to order.",#hustle #startup #entrepreneur #businessowner,60,3,1,0.4199,Business Account,0
igdemo_000144,"Small batch, made with care. Orders ship out within 2 business days. Limited stock available. 💼✅",#growth #localbusiness #shopsmall #businessowner,42,2,1,0.3182,Business Account,0
igdemo_000144,"Small batch, made with care. Handmade in small batches every week. Tagging Steven, one of our first customers back in 2025. DM us to order. 🔗",#entrepreneur #businessowner #marketing,34,1,0,0.4939,Business Account,0
igdemo_000144,New arrivals just dropped! Handmade in small batches every week. Celebrating 30 years since we opened our doors. Tag someone who'd love this.,#localbusiness #marketing #startup #customerfirst,43,1,1,0.8478,Business Account,0
igdemo_000144,Thank you Velasquezfort for another great week. Custom requests are always welcome. 40 orders packed and ready to go. Shop the link in bio.,#growth #startup #hustle #shopsmall,39,1,1,0.9022,Business Account,0
igdemo_000144,New arrivals just dropped! Orders ship out within 2 business days. Tag someone who'd love this.,#entrepreneur #businessowner #localbusiness #growth #smallbusiness,48,2,1,0.6696,Business Account,0
igdemo_000145,Meet the team making it happen. We appreciate every single one of you. Serving East Debrafort since 2020. ✅,#shopsmall #entrepreneur #marketing,228,11,5,0.4019,Business Account,0
igdemo_000145,Restocked your favorites. We appreciate every single one of you. Customer number 2 just left a five-star review. Shop the link in bio.,#customerfirst #startup #marketing,87,8,3,0.7003,Business Account,0
igdemo_000145,"Behind the scenes at the shop today. Orders ship out within 2 business days. Based out of Wilsonport, shipping everywhere. 🤝",#customerfirst #shopsmall #localbusiness #smallbusiness #startup,552,43,20,0.0,Business Account,0
igdemo_000145,"Small batch, made with care. Orders ship out within 2 business days. Thank you West Sherrytown for 48 years of support. 💼",#localbusiness #customerfirst #entrepreneur #marketing #businessowner,356,32,10,0.8126,Business Account,0
igdemo_000145,New arrivals just dropped! We appreciate every single one of you. 4 orders packed and ready to go. ✅,#marketing #shopsmall #smallbusiness #growth #hustle,108,10,2,0.6696,Business Account,0
igdemo_000145,Restocked your favorites. Custom requests are always welcome. Customer number 67 just left a five-star review. Limited stock available.,#customerfirst #growth,312,32,12,0.6369,Business Account,0
igdemo_000145,"Small batch, made with care. Orders ship out within 2 business days. Team huddle today covered 63 new ideas. Limited stock available.",#shopsmall #businessowner #startup #localbusiness #smallbusiness,167,9,6,0.3182,Business Account,0
igdemo_000145,Thank you West Cindy for another great week. We appreciate every single one of you. Customer number 80 just left a five-star review. DM us to order. 🌍,#entrepreneur #businessowner #growth,369,32,6,0.8625,Business Account,0
igdemo_000145,"Meet the team making it happen. Custom requests are always welcome. Tagging Jamie, one of our first customers back in 2025. Limited stock available.",#startup #entrepreneur #customerfirst #hustle #shopsmall,149,13,3,0.2732,Business Account,0
igdemo_000146,"Migrated a service to a new framework today. Linting caught it before it shipped, thankfully. 32 tabs of documentation open right now.",#python,13,1,0,0.4215,Developer,0
igdemo_000146,Shipped a small feature at Burke-Perez. The fix was smaller than the investigation. PR number 45 finally merged. Repo link below.,#softwareengineer #100daysofcode #webdev,26,1,1,0.0772,Developer,0
igdemo_000146,Refactoring old code I wrote a year ago. Turns out the cache was the whole problem. Pairing with Brittany made this so much faster. Curious how others solve this.,#javascript #coding #buildinpublic,23,3,0,0.1689,Developer,0
igdemo_000146,"Spent way too long on a bug today. Turns out the cache was the whole problem. This is bug ticket number 67, send help. AMA about the stack. 📦",#buildinpublic #softwareengineer #developer,36,4,1,0.0772,Developer,0
igdemo_000146,Learning a new part of the stack this week. The fix was smaller than the investigation. Currently debugging from Joshuaville. Open to feedback.,#coding #100daysofcode,11,1,0,0.0,Developer,0
igdemo_000146,Spent way too long on a bug today. Past me really did not comment anything. Currently on commit number 14 of this refactor. Curious how others solve this.,#softwareengineer,22,1,0,0.6808,Developer,0
igdemo_000146,"Spent way too long on a bug today. Linting caught it before it shipped, thankfully. Deploy number 61 of the week.",#coding #programmer,41,3,1,0.4767,Developer,0
igdemo_000146,Migrated a service to a new framework today. Naming things is still the hardest part. Working remotely from Geoffreybury this month. 🧠,#javascript,26,4,1,0.0,Developer,0
igdemo_000147,Gave a lunch-and-learn at Fisher LLC today. Docs were wrong but figured it out eventually. Standup update: 4 things fixed today. 🔧,#programmer,61,6,1,-0.2617,Developer,0
igdemo_000147,On-call was quiet for once. Turned out to be a missing semicolon. 45 tabs of documentation open right now. ☕,#javascript #python,49,4,1,-0.296,Developer,0
igdemo_000147,Rewrote a script that's been bugging me for weeks. The fix was smaller than the investigation. Standup update: 32 things fixed today.,#opensource #webdev,35,3,1,0.0,Developer,0
igdemo_000147,On-call was quiet for once. Turned out to be a missing semicolon. Shoutout to Melissa for the code review.,,42,3,2,-0.296,Developer,0
igdemo_000147,On-call was quiet for once. Pairing with a teammate made it so much faster. Shoutout to Michael for the code review. Repo link below. 📦,,27,3,1,0.0,Developer,0
igdemo_000147,On-call was quiet for once. The fix was smaller than the investigation. Currently on commit number 19 of this refactor. 📦,#coding #developer,37,3,0,0.3612,Developer,0
igdemo_000147,Shipped a small feature at Farmer Group. The code review comments humbled me. Shoutout to Chad for the code review. ⚙️🧠,#softwareengineer #developer,35,2,1,0.0,Developer,0
igdemo_000147,Spent way too long on a bug today. Turns out the cache was the whole problem. Standup update: 92 things fixed today. 📦🐛,#softwareengineer #opensource #webdev,24,1,0,-0.4019,Developer,0
igdemo_000148,Important announcement coming soon. Please report any fake pages you see. Back in Michelleside this 2022. Project number 34 coming together nicely. Share this so others know it's real.,#exclusive #official #fanpage,90,4,4,0.6597,Developer,0
igdemo_000148,"Something special is coming, stay tuned. None of this would matter without you. Since 2022, still going strong.",,16,1,0,0.7269,Developer,0
igdemo_000148,"A quick note from me to you. None of this would matter without you. Since 2019, still going strong.",#official #celebrity,93,3,2,0.5267,Developer,0
igdemo_000148,"Important announcement coming soon. There's more coming that I can't wait to share. Tagging Jeffrey, thank you for believing in this. Since 2019, the journey continues. Share this so others know it's real.",#official #fanpage #trending,51,5,1,0.5591,Developer,0
igdemo_000148,"Taking a moment to say thank you. None of this would matter without you. Tagging Matthew, thank you for believing in this. Thank you Alicia for the constant support. DM me directly here.",#official #fanpage #viral,37,3,1,0.8649,Developer,0
igdemo_000148,"I don't get to say this enough. None of this would matter without you. Working on something big for 2021. Message number 73 today, reading every one.",#trending #fanpage,39,2,1,0.1027,Developer,0
igdemo_000148,"A quick note from me to you. Please report any fake pages you see. Since 2019, still going strong. 85 years in this industry now. Follow only this page. 🎉🌟",#official #fanpage #exclusive,64,5,1,0.6369,Developer,0
igdemo_000148,Thank you for the love this 2024. This journey keeps surprising me. 67 years in this industry now.,#viral #exclusive,39,2,1,0.8316,Developer,0
igdemo_000148,"Something special is coming, stay tuned. There's more coming that I can't wait to share. Back in West Rogermouth this 2025. Message number 81 today, reading every one.",#fanpage,30,3,1,0.276,Developer,0
igdemo_000148,"I don't get to say this enough. Please report any fake pages you see. Since 2016, still going strong.",,28,1,3,0.3612,Developer,0
igdemo_000148,"Something special is coming, stay tuned. Grateful for every one of you every single day. Since 2020, still going strong. Working on something big for 2024. Share this so others know it's real. 🎉🐾",#fanpage,54,2,2,0.9169,Developer,0
igdemo_000148,"I see all of your messages, truly. This journey keeps surprising me. Message number 39 today, reading every one. 🐾😊",#celebrity #viral #fanpage,24,0,1,0.8834,Developer,0
igdemo_000149,Another day surviving Lindafort University. Ranking my classes from bearable to soul-crushing. Group chat with Christopher is unhinged today. ☕🙌,#college,13,1,1,0.296,Student,0
igdemo_000149,"Study session with Anthony turned into a nap. My professor just dropped a pop quiz, send help. Somewhere in Josephburgh, probably procrastinating. 📚",#studygram #finals #university,39,2,2,0.4019,Student,0
igdemo_000149,Coffee run before class. Dorm life really tests your patience. Currently 64 cups of coffee deep today. 🌟🎬,#dormlife #gradstudent,17,2,0,0.0,Student,0
igdemo_000149,Campus is so pretty in South Christinetown today. Somehow still passing my classes. Fun fact: I've switched majors 17 times. Send snacks.,#university #studygram,16,1,0,0.8134,Student,0
igdemo_000149,Campus is so pretty in Rodriguezchester today. Somehow still passing my classes. Fun fact: I've switched majors 94 times.,#finals #dormlife #studentlife,20,2,1,0.8134,Student,0
igdemo_000149,Another day surviving Davidtown University. Somehow still passing my classes. Group chat with Lori is unhinged today. Send snacks. ☕,#university #studybreak #dormlife #classof2026,42,3,2,0.296,Student,0
igdemo_000149,Finals season has me questioning everything. Ranking my classes from bearable to soul-crushing. This is assignment number 80 this semester. Someone quiz me please.,#gradstudent #studentlife,27,2,2,0.296,Student,0
igdemo_000149,Finals season has me questioning everything. Dorm life really tests your patience. Studying in South Dennis has its perks. Wish me luck.,#classof2026 #university,20,1,1,0.6486,Student,0
igdemo_000149,"Study session with Dale turned into a nap. Library until it closes, again. Someone quiz me please. 🌟",#college,44,2,1,0.3182,Student,0
igdemo_000150,"Migrated a service to a new framework today. Linting caught it before it shipped, thankfully. Tagging Nancy, they'll appreciate this one. 💻🐛",#developer #100daysofcode,74,8,1,0.6705,Developer,0
igdemo_000150,Refactoring old code I wrote a year ago. Past me really did not comment anything. Currently on commit number 80 of this refactor. Open to feedback. ☕🧠,,73,4,0,0.3612,Developer,0
igdemo_000150,Migrated a service to a new framework today. The fix was smaller than the investigation. Deploy number 83 of the week. 🚀,#softwareengineer,52,3,0,0.0772,Developer,0
igdemo_000150,"Gave a lunch-and-learn at Dixon, Rodriguez and Whitehead today. The code review comments humbled me. PR number 8 finally merged.",#softwareengineer #100daysofcode #coding,35,3,0,0.0772,Developer,0
igdemo_000150,Finally got the tests passing. Turns out the cache was the whole problem. Standup update: 76 things fixed today. Curious how others solve this.,#coding #softwareengineer #developer,63,5,1,0.1027,Developer,0
igdemo_000150,Spent way too long on a bug today. CI is green and I'm emotionally fine now. Working remotely from East John this month.,#opensource,100,12,1,0.2023,Developer,0
igdemo_000150,Refactoring old code I wrote a year ago. The code review comments humbled me. PR number 84 finally merged. ⚙️☕,#webdev #python,77,10,1,0.0772,Developer,0
igdemo_000150,"Finally got the tests passing. Turned out to be a missing semicolon. This is bug ticket number 29, send help. Repo link below. 🔧☕",#100daysofcode #softwareengineer,35,2,1,0.2023,Developer,0
igdemo_000150,Refactoring old code I wrote a year ago. CI is green and I'm emotionally fine now. Currently on commit number 88 of this refactor. 🚀,#100daysofcode #opensource,70,4,1,0.5106,Developer,0
igdemo_000150,Shipped a small feature at Ramos-Barnes. Docs were wrong but figured it out eventually. Standup update: 32 things fixed today.,#webdev #javascript,53,6,0,-0.2617,Developer,0
igdemo_000151,"Thank you New Elizabeth for another great week. Locally sourced, always. 78 orders packed and ready to go. 💼",#businessowner #hustle #marketing #localbusiness,307,17,8,0.8442,Business Account,0
igdemo_000151,"Restocked your favorites. Orders ship out within 2 business days. Based out of Port Williamhaven, shipping everywhere.",#shopsmall #startup,142,10,6,0.4215,Business Account,0
igdemo_000151,Restocked your favorites. Orders ship out within 2 business days. Customer number 55 just left a five-star review. DM us to order. 🌍,#marketing #shopsmall #customerfirst #startup,117,8,3,0.4767,Business Account,0
igdemo_000151,Thank you Lopezberg for another great week. We appreciate every single one of you. Serving Shawburgh since 2018. Limited stock available.,#shopsmall #startup #customerfirst #businessowner #growth,116,5,6,0.8126,Business Account,0
igdemo_000151,Behind the scenes at the shop today. We appreciate every single one of you. Thank you Rubenshire for 62 years of support. DM us to order.,#smallbusiness #customerfirst #startup #entrepreneur,246,19,12,0.7845,Business Account,0
igdemo_000151,Meet the team making it happen. Handmade in small batches every week. Order number 15 just shipped.,#businessowner #customerfirst #hustle #growth,214,21,3,0.0772,Business Account,0
igdemo_000151,New arrivals just dropped! Orders ship out within 2 business days. Proudly 70 years in business this 2024.,#businessowner #smallbusiness #shopsmall #customerfirst,160,5,9,0.5983,Business Account,0
igdemo_000151,"Thank you Port Christopherborough for another great week. Locally sourced, always. Thank you Port Sarashire for 34 years of support. ✅",#growth #businessowner #marketing #smallbusiness #shopsmall,196,12,5,0.8957,Business Account,0
igdemo_000151,Thank you Shepherdville for another great week. Custom requests are always welcome. Thank you Port Roberthaven for 23 years of support. Shop the link in bio. 💼🌍,#shopsmall #startup,296,15,11,0.93,Business Account,0
igdemo_000151,"Small batch, made with care. We appreciate every single one of you. Batch number 64 restocked today. 📈🌍",#businessowner #marketing,161,6,4,0.7351,Business Account,0
igdemo_000152,Rewrote a script that's been bugging me for weeks. Naming things is still the hardest part. 46 tabs of documentation open right now. Curious how others solve this. ⚙️🔧,#coding #softwareengineer #opensource,64,6,1,0.4767,Developer,0
igdemo_000152,Learning a new part of the stack this week. Turns out the cache was the whole problem. Working out of West Corey this 2023.,#python #100daysofcode #coding,30,4,0,-0.4019,Developer,0
igdemo_000152,New side project idea just hit me at 2am. Past me really did not comment anything. Still can't believe it's 2017 and this bug exists. ⚙️,#100daysofcode,86,9,3,0.0,Developer,0
igdemo_000152,"Gave a lunch-and-learn at Scott, Mcmillan and Schmidt today. Turned out to be a missing semicolon. Pairing with Alan made this so much faster. ⚙️",#python,49,3,1,-0.296,Developer,0
igdemo_000152,Finally got the tests passing. The fix was smaller than the investigation. Repo link below.,#softwareengineer #opensource,9,1,0,0.0,Developer,0
igdemo_000152,Spent way too long on a bug today. Turns out the cache was the whole problem. 57 tabs of documentation open right now. 🐛⚙️,#opensource #coding #webdev,42,4,1,-0.4019,Developer,0
igdemo_000152,Learning a new part of the stack this week. Past me really did not comment anything. 🔧,#javascript #buildinpublic,33,2,0,0.0,Developer,0
igdemo_000152,Spent way too long on a bug today. Docs were wrong but figured it out eventually. 37 tabs of documentation open right now. AMA about the stack.,#opensource #buildinpublic #100daysofcode,16,2,0,-0.2617,Developer,0
igdemo_000152,Learning a new part of the stack this week. CI is green and I'm emotionally fine now. Pairing with Charles made this so much faster.,#python,16,1,0,0.2023,Developer,0
igdemo_000152,"Spent way too long on a bug today. CI is green and I'm emotionally fine now. This is bug ticket number 83, send help.",#webdev,30,1,0,0.5859,Developer,0
igdemo_000152,Rewrote a script that's been bugging me for weeks. Past me really did not comment anything. Deploy number 64 of the week. 🚀,#webdev,18,2,1,0.0772,Developer,0
igdemo_000152,New side project idea just hit me at 2am. CI is green and I'm emotionally fine now. Standup update: 40 things fixed today. Open to feedback. 🚀,#webdev,57,6,0,0.2023,Developer,0
igdemo_000152,"On-call was quiet for once. Turns out the cache was the whole problem. This is bug ticket number 43, send help.",#webdev #developer,30,7,1,0.0772,Developer,0
igdemo_000153,"Deload week starts now. Fueling properly made a huge difference. 8 reps, zero regrets.",#strength #fitness #healthylifestyle #fitfam #workout,698,83,20,-0.0516,Fitness Creator,0
igdemo_000153,"Back-to-back sessions today. Form over ego, always. Week 96 of the plan, feeling stronger.",#healthylifestyle #nutrition #workout #cardio,838,25,41,0.4767,Fitness Creator,0
igdemo_000153,"New PR today! Progress isn't always linear, and that's fine. Logged 89 miles this week. ⚡🏋️",#strength #training #wellness,243,54,8,0.5983,Fitness Creator,0
igdemo_000153,"Leg day recap. Fueling properly made a huge difference. 84 reps, zero regrets.",#fitness #strength,673,32,15,-0.0516,Fitness Creator,0
igdemo_000153,Meal prep Sunday. Sleep is still the most underrated recovery tool. Back in New Patricia for a pop-up class this 2023. Programs linked in bio. 🔥🥗,#nutrition #wellness #fitness #fitfam #cardio,494,29,15,-0.34,Fitness Creator,0
igdemo_000153,New PR today! Showing up matters more than the perfect plan. Day 32 of the program. Tag your gym partner. 🏋️,#gymlife #training,936,97,38,0.6548,Fitness Creator,0
igdemo_000153,Leg day recap. Consistency beats intensity most days. Logged 98 miles this week.,#gymlife #training #workout #wellness #fitfam,228,20,11,0.0,Fitness Creator,0
igdemo_000153,New PR today! Slow and controlled beats fast and sloppy. Training out of Lake Kevinport this week. Save this for your next session.,#healthylifestyle #cardio #strength #wellness #fitness,500,113,15,0.5411,Fitness Creator,0
igdemo_000153,"New PR today! Progress isn't always linear, and that's fine. Tagging Karen, my training partner today. Programs linked in bio. 🔥",#fitness #workout #training #nutrition #strength #gymlife,309,13,11,0.3595,Fitness Creator,0
igdemo_000153,Deload week starts now. Showing up matters more than the perfect plan. Day 49 of the program. Programs linked in bio.,#fitness #workout #strength,296,9,18,0.6204,Fitness Creator,0
igdemo_000153,Coaching client hit a big milestone. Small wins add up over months. Shoutout to Kathryn for showing up every day. Save this for your next session.,#cardio #wellness,356,31,7,0.7845,Fitness Creator,0
igdemo_000153,Deload week starts now. Rest days are still training days. Shoutout to Daniel for showing up every day. 🔥⚡,,450,47,22,-0.34,Fitness Creator,0
igdemo_000154,You NEED to see this. Made more money this week than my old job paid monthly. Over 79 people already joined this week. 👉📩,#getrichquick #makemoneyonline #followforfollow #giveaway #cryptosignals #cashapp #dmforprice #freeprize,9,0,0,0.0,Spam Account,1
igdemo_000154,"This changed everything for me. No experience needed, just a phone. Message number 94 today, still going. Tap the link in my story. 🔥",#clicklink #makemoneyonline #getrichquick #cryptosignals,10,0,0,-0.5106,Spam Account,1
igdemo_000154,"I wasn't going to share this but... No experience needed, just a phone. Only 90 spots left today. Tap the link in my story. 👉🛒",#clicklink #getrichquick #freeprize #followforfollow,8,0,0,-0.5013,Spam Account,1
igdemo_000154,"This changed everything for me. Thousands already joined, don't miss out. Heather just signed up, you're next. DM me 'START' immediately. 📩✅",#followforfollow #cryptosignals #makemoneyonline #clicklink #cashapp #onlyfollowers #freeprize #getrichquick,8,0,0,0.1139,Spam Account,1
igdemo_000154,"Everyone is asking how I did this so fast. This is not a scam, I promise. Only 66 spots left today.",#onlyfollowers #freeprize #cryptosignals #cashapp #makemoneyonline #getrichquick #giveaway,7,0,0,0.6483,Spam Account,1
igdemo_000154,"🚨 LAST CHANCE 🚨 This is not a scam, I promise. Spot number 39 just opened up. 🛒💰",#cashapp #cryptosignals #freeprize #makemoneyonline #onlyfollowers #clicklink #dmforprice #getrichquick,5,0,0,0.809,Spam Account,1
igdemo_000155,Living for moments like this. So grateful for opportunities like this. Shot this in Lake Codyburgh. Code is my username at checkout.,#ad #discountcode #collab #musthave,583,16,17,0.8795,Fake Influencer,1
igdemo_000155,"Another day, another shoot. Can't wait to show you more from this collab. Look number 45 from this campaign.",#collab #musthave #sponsored #linkinbio #discountcode,187,9,6,-0.2732,Fake Influencer,1
igdemo_000155,Living for moments like this. So many of you have been asking about this. Jimmy styled this look. Outfit number 43 of the week. DM for collab details.,#linkinbio #collab #sponsored,272,9,3,0.4215,Fake Influencer,1
igdemo_000155,Can't stop wearing this lately. So grateful for opportunities like this. Packing for East Deanna again this week. Filming this in Port Tina today. DM for collab details.,#lifestyle #collab,158,7,6,0.8784,Fake Influencer,1
igdemo_000155,"Another day, another shoot. So grateful for opportunities like this. Filming this in Lisastad today.",#brandpartner #discountcode #influencer #sponsored #musthave,293,12,9,0.7802,Fake Influencer,1
igdemo_000155,"This might be my favorite collab yet. This is going straight into my everyday rotation. Trip number 93 this year, no complaints. Trip number 36 this year, no complaints. DM for collab details.",#discountcode #trending,242,16,8,0.8408,Fake Influencer,1
igdemo_000155,Today's shoot was a whole vibe. So many of you have been asking about this. Ebony styled this look. Packing for Lake Robertborough again this week. Link in bio for the discount.,#influencer #trending,606,44,10,-0.34,Fake Influencer,1
igdemo_000155,"Can't stop wearing this lately. My followers deserve the best recommendations. Look number 76 from this campaign. Since 2024, this has been the dream. Link in bio for the discount. ✨🌴",#ad #influencer #discountcode,316,7,3,0.8654,Fake Influencer,1
igdemo_000155,Living for moments like this. My followers deserve the best recommendations. Packing for Robertmouth again this week. Shannon styled this look.,#collab #musthave #influencer #ad,274,8,3,0.7717,Fake Influencer,1
igdemo_000156,"I wasn't going to share this but... No experience needed, just a phone. This worked for April too, ask them. Comment before it's gone. 🎁",#cashapp #getrichquick #makemoneyonline #dmforprice #followforfollow #giveaway #freeprize,17,0,0,0.1546,Spam Account,1
igdemo_000156,"🚨 LAST CHANCE 🚨 It's 100% legit, I was skeptical too. Over 81 people already joined this week. Link in bio, click now.",#makemoneyonline #cashapp #clicklink,4,0,0,0.1111,Spam Account,1
igdemo_000156,"You NEED to see this. It's 100% legit, I was skeptical too. 76 people can't all be wrong. Comment before it's gone. 🛒📩",#followforfollow #onlyfollowers #freeprize,23,0,0,0.0654,Spam Account,1
igdemo_000156,"Everyone is asking how I did this so fast. Spots are filling up fast. Started in North Joshua, now everywhere. Link in bio, click now. 💰",#cryptosignals #freeprize #cashapp #dmforprice #onlyfollowers,6,0,0,0.0,Spam Account,1
igdemo_000156,"Everyone is asking how I did this so fast. Thousands already joined, don't miss out. Tap the link in my story. 👉🔥",#dmforprice #freeprize #onlyfollowers #makemoneyonline,10,0,0,-0.2396,Spam Account,1
igdemo_000156,"Everyone is asking how I did this so fast. Thousands already joined, don't miss out. Cathy just signed up, you're next. 💯",#clicklink #dmforprice #makemoneyonline #cashapp,11,0,0,0.1139,Spam Account,1
igdemo_000156,"You NEED to see this. Made more money this week than my old job paid monthly. Since 2023, thousands have joined. 🛒",#onlyfollowers #makemoneyonline #giveaway,7,0,0,0.0,Spam Account,1
igdemo_000156,"I wasn't going to share this but... This is not a scam, I promise. Over 78 people already joined this week.",#dmforprice #clicklink #freeprize #makemoneyonline,25,1,0,0.7582,Spam Account,1
igdemo_000156,"You NEED to see this. Thousands already joined, don't miss out. Katie just signed up, you're next. Comment before it's gone.",#freeprize #makemoneyonline #getrichquick #clicklink #onlyfollowers #cashapp #dmforprice,2,0,0,0.1139,Spam Account,1
igdemo_000156,"I wasn't going to share this but... Spots are filling up fast. Started in East Rebecca, now everywhere. Tap the link in my story. 👉",#cashapp #makemoneyonline #getrichquick #onlyfollowers #giveaway,8,0,0,-0.1139,Spam Account,1
igdemo_000156,"I wasn't going to share this but... It's 100% legit, I was skeptical too. Since 2025, thousands have joined. Link in bio, click now. 📩🎁",#makemoneyonline #clicklink #onlyfollowers #dmforprice #cashapp #getrichquick #freeprize,33,0,2,0.1169,Spam Account,1
igdemo_000156,"Stop scrolling, read this. Spots are filling up fast. 78 people can't all be wrong. Comment before it's gone. 👉",#onlyfollowers #getrichquick #freeprize #dmforprice #followforfollow #cryptosignals #makemoneyonline,22,1,2,0.091,Spam Account,1
igdemo_000156,"Stop scrolling, read this. Thousands already joined, don't miss out. Started in Martinmouth, now everywhere. Link in bio, click now.",#onlyfollowers #giveaway #followforfollow #cryptosignals #freeprize #makemoneyonline #getrichquick,36,1,0,-0.1916,Spam Account,1
igdemo_000157,Group project update: Somehow still passing my classes. Ran into Lisa at the library again. Someone quiz me please. 🎬,#college #university #finals,313,14,3,0.3182,Fake Influencer,1
igdemo_000157,Group project update: Somehow still passing my classes. Tagging Sherry because they'd get this. Someone quiz me please.,#studybreak,176,27,4,0.3182,Fake Influencer,1
igdemo_000157,Study session with Bill turned into a nap. Dorm life really tests your patience. Studying in West Kylieburgh has its perks.,#finals #studybreak #gradstudent #college,161,5,5,0.0,Fake Influencer,1
igdemo_000157,Group project update: Dorm life really tests your patience. Tagging Barbara because they'd get this. 😊🌟,#finals #classof2026,222,5,1,0.7579,Fake Influencer,1
igdemo_000157,"Another day surviving Port Laurenton University. Library until it closes, again. Officially 26 credits away from graduating. 😊",#studygram,756,30,5,0.8658,Fake Influencer,1
igdemo_000157,Study session with Alexandria turned into a nap. Ranking my classes from bearable to soul-crushing. Can't believe it's already 2022.,#studybreak #campus #gradstudent #finals,364,33,7,0.0,Fake Influencer,1
igdemo_000157,Another day surviving Jefffurt University. Turns out procrastination is a full-time job. Can't believe it's already 2023.,#finals,249,20,3,0.296,Fake Influencer,1
igdemo_000157,Study session with Paul turned into a nap. Somehow still passing my classes. Number 92 on my to-do list: sleep.,#campus #studentlife #dormlife,218,14,9,0.0772,Fake Influencer,1
igdemo_000157,Study session with Donald turned into a nap. Somehow still passing my classes. Officially 69 credits away from graduating. 🐾🎬,#gradstudent #studygram #classof2026 #university,84,2,1,0.3612,Fake Influencer,1
igdemo_000157,"Coffee run before class. Dorm life really tests your patience. Somewhere in South Jacqueline, probably procrastinating. 🐾",#dormlife #studygram,153,14,2,0.0,Fake Influencer,1
igdemo_000157,Coffee run before class. Turns out procrastination is a full-time job. Fun fact: I've switched majors 74 times.,#finals #studygram #campus #gradstudent,412,16,13,0.5106,Fake Influencer,1
igdemo_000157,Finals season has me questioning everything. Dorm life really tests your patience. Tagging John because they'd get this. Wish me luck.,#classof2026 #dormlife #studygram,350,24,5,0.6932,Fake Influencer,1
igdemo_000158,"Unboxing my favorite package of the month. Can't believe I get to call this my job. Look number 71 from this campaign. Since 2022, this has been the dream.",#brandpartner #linkinbio #discountcode,12,3,0,0.6486,Student,0
igdemo_000158,Obsessed with this new find. Honestly didn't expect to love this as much as I do. Shot this in Sharonfort. Code is my username at checkout. 📸,#trending #linkinbio #sponsored,13,3,0,-0.2658,Student,0
igdemo_000158,New content coming your way soon. My followers deserve the best recommendations. Brand deal number 12 this month. Look number 91 from this campaign. DM for collab details. 💅✨,#collab #linkinbio #trending #ad #influencer,12,1,0,0.7964,Student,0
igdemo_000158,Golden hour never disappoints. Can't wait to show you more from this collab. Shot this in Nathanton.,#linkinbio #brandpartner,16,1,1,0.2924,Student,0
igdemo_000158,"Another day, another shoot. Partnering with brands I actually love. Look number 38 from this campaign. DM for collab details. 🌴",#brandpartner #discountcode #influencer,18,2,0,0.4767,Student,0
igdemo_000158,"Another day, another shoot. So many of you have been asking about this. So many of you asked for this, here it is. Trip number 51 this year, no complaints. Link in bio for the discount. 💖👑",#sponsored #collab #trending #musthave #discountcode,12,2,0,0.762,Student,0
igdemo_000158,Can't stop wearing this lately. So grateful for opportunities like this. Shot this in Williamfort. Link in bio for the discount.,#discountcode #ad #trending #linkinbio #musthave #influencer,16,2,0,0.8784,Student,0
igdemo_000158,Golden hour never disappoints. Can't believe I get to call this my job. Eric styled this look. DM for collab details. 😍📸,#lifestyle #musthave #collab #linkinbio,17,2,0,0.6351,Student,0
igdemo_000158,"Can't stop wearing this lately. So many of you have been asking about this. Tagging John, my glam team today. Packing for Rojaschester again this week. 😍💅",#influencer #lifestyle #discountcode #sponsored,10,1,0,0.5978,Student,0
igdemo_000158,Can't stop wearing this lately. Can't believe I get to call this my job. Look number 31 from this campaign. Shot this in Port Davidfort. DM for collab details. 🌴📸,#lifestyle #influencer #linkinbio #brandpartner #trending #collab,15,1,1,0.2933,Student,0
igdemo_000158,Golden hour never disappoints. Honestly didn't expect to love this as much as I do. Look number 31 from this campaign. 📸,#trending #lifestyle #musthave #linkinbio #brandpartner #ad,56,8,2,-0.521,Student,0
igdemo_000158,"New content coming your way soon. Honestly didn't expect to love this as much as I do. Filming this in Seanton today. Tagging Alex, my glam team today. Shop this look now.",#lifestyle #influencer #musthave,9,1,0,-0.0946,Student,0
igdemo_000159,"Ran a form check clinic today. Rest days are still training days. Week 11 of the plan, feeling stronger. Programs linked in bio.",#wellness #cardio #gymlife #healthylifestyle,853,36,14,0.4767,Fitness Creator,0
igdemo_000159,Deload week starts now. Strength carries over into everything else. Logged 68 miles this week. Save this for your next session.,#gymlife #wellness #cardio,948,102,44,0.7506,Fitness Creator,0
igdemo_000159,"Recovery day, mobility work only. Showing up matters more than the perfect plan. Training out of New Karen this week. ⚡",#healthylifestyle #training #fitness,1919,308,22,0.6204,Fitness Creator,0
igdemo_000159,"Back-to-back sessions today. Form over ego, always. 10 minutes of mobility work this morning. Save this for your next session. 🥗🔥",#gymlife #wellness #healthylifestyle #fitfam #nutrition #strength,1181,80,47,0.2023,Fitness Creator,0
igdemo_000159,Programming update for the week. Showing up matters more than the perfect plan. 64 minutes of mobility work this morning. 🔥⚡,#workout #healthylifestyle #wellness #fitness #strength,1145,174,70,0.3947,Fitness Creator,0
igdemo_000159,Programming update for the week. Strength carries over into everything else. Shoutout to Charles for showing up every day. Tag your gym partner. ⚡,#healthylifestyle #cardio #gymlife #workout #nutrition,761,60,26,0.4939,Fitness Creator,0
igdemo_000159,"Early morning session before work. Strength carries over into everything else. 75 reps, zero regrets. 🏃",#strength #nutrition #workout #healthylifestyle #fitness,1615,136,14,0.1779,Fitness Creator,0
igdemo_000159,"Back-to-back sessions today. Form over ego, always. Logged 31 miles this week. Tag your gym partner.",#training #cardio,1330,86,70,0.0,Fitness Creator,0
igdemo_000159,New PR today! Strength carries over into everything else. Client hit a 5 pound PR today. 🏋️🧘,#workout #strength #healthylifestyle #cardio #nutrition #fitness,1211,93,47,0.5411,Fitness Creator,0
igdemo_000159,"Ran a form check clinic today. Progress isn't always linear, and that's fine. Day 71 of the program. Save this for your next session. 💪⚡",#workout #cardio #strength #training #fitness #healthylifestyle,614,23,11,0.7783,Fitness Creator,0
igdemo_000159,Meal prep Sunday. Rest days are still training days. Coaching 96 clients this cycle. DM 'START' to work together. 🔥,#fitfam #healthylifestyle #nutrition,1083,119,36,-0.34,Fitness Creator,0
igdemo_000160,"🚨 LAST CHANCE 🚨 This is not a scam, I promise. 50 people can't all be wrong. Link in bio, click now. 🎁🛒",#followforfollow #clicklink #dmforprice #cashapp,98,9,2,0.9097,Business Account,0
igdemo_000160,🚨 LAST CHANCE 🚨 Made more money this week than my old job paid monthly. Slot 34 almost gone. Tap the link in my story. 👉💯,#dmforprice #giveaway #onlyfollowers #makemoneyonline #cashapp,67,9,1,0.4084,Business Account,0
igdemo_000160,"I wasn't going to share this but... No experience needed, just a phone. Over 44 people already joined this week. DM me 'START' immediately. 🎁",#getrichquick #onlyfollowers #clicklink #freeprize #dmforprice,58,10,0,0.1546,Business Account,0
igdemo_000160,"🚨 LAST CHANCE 🚨 Thousands already joined, don't miss out. Already helped 83 people this 2023. DM me 'START' immediately. ✅🔥",#clicklink #giveaway #getrichquick #followforfollow #makemoneyonline #freeprize,100,3,3,0.1967,Business Account,0
igdemo_000160,"This changed everything for me. No experience needed, just a phone. Started in West Devin, now everywhere. DM me 'START' immediately. 🔥",#cashapp #cryptosignals #clicklink #giveaway #dmforprice #makemoneyonline #freeprize #onlyfollowers,71,3,1,-0.5574,Business Account,0
igdemo_000160,"I wasn't going to share this but... No experience needed, just a phone. Started in Nguyenmouth, now everywhere. Comment before it's gone. 👉",#cryptosignals #freeprize #cashapp #followforfollow #giveaway #clicklink #dmforprice #onlyfollowers,124,7,3,-0.5013,Business Account,0
igdemo_000160,"Stop scrolling, read this. No experience needed, just a phone. Slot 50 almost gone. Comment before it's gone. 🎁",#clicklink #onlyfollowers #getrichquick #dmforprice,67,7,1,-0.2023,Business Account,0
igdemo_000160,I wasn't going to share this but... Spots are filling up fast. 89 people can't all be wrong. Tap the link in my story. 🔥💯,#freeprize #makemoneyonline #clicklink #onlyfollowers #giveaway,45,3,0,-0.0549,Business Account,0
igdemo_000160,"I wasn't going to share this but... This is not a scam, I promise. This worked for Matthew too, ask them.",#dmforprice #giveaway #getrichquick #clicklink #onlyfollowers #makemoneyonline #cryptosignals,84,3,3,0.7582,Business Account,0
igdemo_000161,"Study session with Kimberly turned into a nap. Library until it closes, again. Tagging Ronald because they'd get this. Tell me it gets easier. ✨",#studybreak #finals #studygram #gradstudent,315,22,3,0.6249,Student,0
igdemo_000161,Study session with John turned into a nap. Ranking my classes from bearable to soul-crushing. Fun fact: I've switched majors 93 times. 🎉😊,#gradstudent #studentlife #studygram,181,9,1,0.9001,Student,0
igdemo_000161,Finals season has me questioning everything. Ranking my classes from bearable to soul-crushing. Currently 65 cups of coffee deep today.,#gradstudent #dormlife #campus,119,12,1,-0.1027,Student,0
igdemo_000161,"Another day surviving North Andrewmouth University. My professor just dropped a pop quiz, send help. Fun fact: I've switched majors 90 times.",#classof2026 #campus,81,8,0,0.802,Student,0
igdemo_000161,Study session with Brandon turned into a nap. Turns out procrastination is a full-time job. Can't believe it's already 2015. Send snacks.,#studybreak #studygram #dormlife,243,31,1,0.0,Student,0
igdemo_000161,Finals season has me questioning everything. Ranking my classes from bearable to soul-crushing. Wish me luck.,#finals,134,4,0,0.6486,Student,0
igdemo_000161,Campus is so pretty in Carlosport today. Ranking my classes from bearable to soul-crushing. Number 60 on my to-do list: sleep.,#dormlife #studybreak,415,23,2,0.6615,Student,0
igdemo_000161,Coffee run before class. Somehow still passing my classes. Tagging Alicia because they'd get this. 💪,#finals,331,9,2,0.0,Student,0
igdemo_000161,Study session with Lauren turned into a nap. Somehow still passing my classes. Currently 35 days away from break. 🌟🐾,#studentlife,297,54,1,0.0,Student,0
igdemo_000161,"Finals season has me questioning everything. My professor just dropped a pop quiz, send help. Shoutout to Lisa for the study session. Wish me luck. 🎬",#gradstudent,170,14,1,0.7906,Student,0
igdemo_000161,"Coffee run before class. Library until it closes, again. Somewhere in Lake Lanceshire, probably procrastinating. Someone quiz me please. ✨",#university,166,13,1,0.5574,Student,0
igdemo_000161,Another day surviving Jennifermouth University. Dorm life really tests your patience. Number 69 on my to-do list: sleep. 📚🌟,,240,11,1,0.3612,Student,0
igdemo_000162,Meet the team making it happen. Orders ship out within 2 business days. Serving Haleyview since 2018.,#marketing #startup,411,78,6,0.0,Business Account,0
igdemo_000162,Restocked your favorites. Your support keeps our doors open. Thank you East Debra for 14 years of support. Shop the link in bio.,#entrepreneur #growth #localbusiness,542,44,7,0.8658,Business Account,0
igdemo_000162,Restocked your favorites. Handmade in small batches every week. Order number 52 just shipped.,#customerfirst #localbusiness #entrepreneur #businessowner,380,29,7,0.4767,Business Account,0
igdemo_000162,Thank you East Heatherfort for another great week. Orders ship out within 2 business days. Team huddle today covered 11 new ideas.,#entrepreneur #localbusiness #marketing #smallbusiness,296,29,3,0.765,Business Account,0
igdemo_000162,"Small batch, made with care. Locally sourced, always. Serving Goodwinton since 2025. Tag someone who'd love this. 🔗📈",#startup #customerfirst #marketing #businessowner,350,35,5,0.8126,Business Account,0
igdemo_000162,Behind the scenes at the shop today. We appreciate every single one of you. Celebrating 64 years since we opened our doors. 🤝🌍,#localbusiness #marketing #smallbusiness,332,43,6,0.7506,Business Account,0
igdemo_000162,Thank you Davidside for another great week. Custom requests are always welcome. Customer number 19 just left a five-star review.,#localbusiness #businessowner #shopsmall,324,50,4,0.872,Business Account,0
igdemo_000162,New arrivals just dropped! Handmade in small batches every week. 68 orders packed and ready to go.,#marketing #entrepreneur #growth,887,98,13,0.4199,Business Account,0
igdemo_000162,New arrivals just dropped! Your support keeps our doors open. Order number 56 just shipped.,#marketing #customerfirst #localbusiness #growth,497,32,12,0.5093,Business Account,0
igdemo_000163,"This account is really me, I promise. None of this would matter without you. Since 2024, the journey continues.",#official,33,5,2,0.3947,Celebrity Impersonator,1
igdemo_000163,"I see all of your messages, truly. Grateful for every one of you every single day. Thank you Travis for the constant support. 🌟🐾",#exclusive #celebrity,72,31,1,0.8779,Celebrity Impersonator,1
igdemo_000163,Important announcement coming soon. Please report any fake pages you see. Back in New Kevinmouth this 2016.,,39,6,1,0.0,Celebrity Impersonator,1
igdemo_000163,Thank you for the love this 2019. This journey keeps surprising me. Back in South Pamela this 2024. Working on something big for 2016. DM me directly here.,,21,4,1,0.8316,Celebrity Impersonator,1
igdemo_000163,"This account is really me, I promise. Please report any fake pages you see. Since 2022, still going strong. 59 years in this industry now. Share this so others know it's real.",,43,5,0,0.7402,Celebrity Impersonator,1
igdemo_000163,Thank you for the love this 2018. None of this would matter without you. Back in South Dan this 2018.,#exclusive,12,3,0,0.7783,Celebrity Impersonator,1
igdemo_000163,Thank you for the love this 2022. I read every message even if I can't reply to all. Thank you Janet for the constant support. 93 years in this industry now. 📚,#official #viral #fanpage,31,2,0,0.8979,Celebrity Impersonator,1
igdemo_000163,"I don't get to say this enough. There's more coming that I can't wait to share. Tagging Marcus, thank you for believing in this.",,27,5,1,0.1561,Celebrity Impersonator,1
igdemo_000163,"Something special is coming, stay tuned. There's more coming that I can't wait to share. Since 2015, the journey continues. Thank you Rachel for the constant support. 📚",,12,2,0,0.7195,Celebrity Impersonator,1
igdemo_000163,"I see all of your messages, truly. Grateful for every one of you every single day. 53 years in this industry now. 🎬🎉",,81,29,1,0.8225,Celebrity Impersonator,1
igdemo_000163,"Important announcement coming soon. Ignore anyone claiming to be my manager elsewhere. Since 2023, still going strong. Thank you Jacqueline for the constant support. Follow only this page.",,263,84,5,0.7783,Celebrity Impersonator,1
igdemo_000163,Thank you for the love this 2021. Grateful for every one of you every single day. 17 years of your support means everything. Back in Drakeberg this 2025. Share this so others know it's real.,#celebrity #fanpage #official,67,47,1,0.9274,Celebrity Impersonator,1
igdemo_000163,A quick note from me to you. Please report any fake pages you see. Back in Port Luisfurt this 2020. Thank you David for the constant support. DM me directly here.,#viral #fanpage #official,43,4,0,0.5267,Celebrity Impersonator,1
igdemo_000163,Taking a moment to say thank you. Ignore anyone claiming to be my manager elsewhere. 67 years in this industry now. Project number 19 coming together nicely. 🙌,,22,1,0,0.4939,Celebrity Impersonator,1
igdemo_000164,"Recovery day, mobility work only. Consistency beats intensity most days. Logged 98 miles this week.",#healthylifestyle #fitness #training,245,28,7,0.0,Fitness Creator,0
igdemo_000164,"Back-to-back sessions today. Progress isn't always linear, and that's fine. Logged 12 miles this week. DM 'START' to work together. 🥗🏋️",#gymlife #workout #training #cardio,626,67,26,0.5574,Fitness Creator,0
igdemo_000164,Meal prep Sunday. Strength carries over into everything else. Client hit a 79 pound PR today. DM 'START' to work together.,#workout #fitness #fitfam #healthylifestyle #nutrition #training,1109,199,26,0.4939,Fitness Creator,0
igdemo_000164,Early morning session before work. Consistency beats intensity most days. Day 69 of the program. DM 'START' to work together. 🧘,#cardio #nutrition #strength,710,49,15,0.0,Fitness Creator,0
igdemo_000164,Deload week starts now. Showing up matters more than the perfect plan. Back in Richardsonshire for a pop-up class this 2018. Save this for your next session. 🧘,#gymlife #nutrition #training #fitfam,301,49,8,0.8055,Fitness Creator,0
igdemo_000164,New PR today! Showing up matters more than the perfect plan. Training out of Rebeccafurt this week. ⚡,#gymlife #healthylifestyle,370,70,15,0.6548,Fitness Creator,0
igdemo_000164,Coaching client hit a big milestone. Showing up matters more than the perfect plan. Logged 90 miles this week. Save this for your next session. 🔥⚡,#strength #cardio #training #fitness,628,122,61,0.7063,Fitness Creator,0
igdemo_000164,"Recovery day, mobility work only. Showing up matters more than the perfect plan. Training out of Port Joshua this week. Programs linked in bio. 🥗🏋️",#nutrition #fitfam #wellness,786,67,16,0.6204,Fitness Creator,0
igdemo_000164,"Early morning session before work. Consistency beats intensity most days. 18 reps, zero regrets. Save this for your next session.",#workout #nutrition #fitness #cardio #wellness #training,700,58,15,0.1779,Fitness Creator,0
igdemo_000164,Programming update for the week. Fueling properly made a huge difference. 🥗🧘,#healthylifestyle #wellness #workout #cardio #fitness #gymlife,97,17,1,0.3182,Fitness Creator,0
igdemo_000165,Spent way too long on a bug today. Past me really did not comment anything. Working remotely from Lake Nathaniel this month.,#webdev,176,15,4,0.0,Developer,0
igdemo_000165,Spent way too long on a bug today. Pairing with a teammate made it so much faster. Currently debugging from Petersonmouth. ☕,,124,9,2,0.0,Developer,0
igdemo_000165,New side project idea just hit me at 2am. Past me really did not comment anything. Shoutout to Elizabeth for the code review. 🔧🐛,#python #coding #softwareengineer,40,4,0,0.0,Developer,0
igdemo_000165,Shipped a small feature at Martin-Lee. Docs were wrong but figured it out eventually. Pairing with Chad made this so much faster.,,40,6,1,-0.2617,Developer,0
igdemo_000165,"Rewrote a script that's been bugging me for weeks. Linting caught it before it shipped, thankfully. PR number 37 finally merged. AMA about the stack. 🔧⚙️",#softwareengineer,162,23,3,0.4767,Developer,0
igdemo_000165,Refactoring old code I wrote a year ago. Pairing with a teammate made it so much faster. 20 tabs of documentation open right now.,#javascript #python,43,3,1,0.0,Developer,0
igdemo_000165,Spent way too long on a bug today. CI is green and I'm emotionally fine now. Currently debugging from East Danielleside. 🚀🧠,#buildinpublic,66,5,1,0.2023,Developer,0
igdemo_000165,Finally got the tests passing. Docs were wrong but figured it out eventually. PR number 82 finally merged. Repo link below.,#100daysofcode #softwareengineer,33,6,0,-0.1531,Developer,0
igdemo_000165,Spent way too long on a bug today. Docs were wrong but figured it out eventually. ☕📦,#opensource,58,17,1,-0.2617,Developer,0
igdemo_000165,On-call was quiet for once. Past me really did not comment anything. Currently on commit number 82 of this refactor. Open to feedback.,#opensource #developer,95,10,2,0.3612,Developer,0
igdemo_000165,"Shipped a small feature at Bowman Inc. Pairing with a teammate made it so much faster. This is bug ticket number 51, send help. 🧠⚙️",#coding #developer,39,3,1,0.4588,Developer,0
igdemo_000165,"Learning a new part of the stack this week. Linting caught it before it shipped, thankfully. Pairing with Allison made this so much faster. Open to feedback.",#coding #softwareengineer #javascript,24,3,1,0.4215,Developer,0
igdemo_000165,Migrated a service to a new framework today. CI is green and I'm emotionally fine now. 🐛☕,,113,17,3,0.2023,Developer,0
igdemo_000165,Shipped a small feature at Jones-Parker. Naming things is still the hardest part. Currently on commit number 97 of this refactor. 🚀🧠,#python,62,2,1,0.3612,Developer,0
igdemo_000165,Rewrote a script that's been bugging me for weeks. CI is green and I'm emotionally fine now. Working remotely from Thomasshire this month. ⚙️,#programmer #opensource,131,15,4,0.2023,Developer,0
igdemo_000165,New side project idea just hit me at 2am. Naming things is still the hardest part. Working out of West Emilymouth this 2019. AMA about the stack. ⚙️,#100daysofcode #webdev #buildinpublic,66,5,1,0.0,Developer,0
igdemo_000165,"Shipped a small feature at Thomas, Villanueva and Warner. Past me really did not comment anything. Currently on commit number 57 of this refactor. Open to feedback. ⚙️💻",#opensource,245,12,7,0.3612,Developer,0
igdemo_000165,"Gave a lunch-and-learn at Moore, Jenkins and Martin today. Naming things is still the hardest part. Still can't believe it's 2021 and this bug exists. AMA about the stack.",,84,27,1,0.0,Developer,0
igdemo_000166,Obsessed with this new find. So grateful for opportunities like this. Packing for Jameschester again this week. Look number 81 from this campaign. ✨,#brandpartner #musthave,2852,591,64,0.8787,Fake Influencer,1
igdemo_000166,"Living for moments like this. So grateful for opportunities like this. Tagging Regina, my glam team today. Trip number 28 this year, no complaints. DM for collab details.",#musthave #brandpartner,2446,73,23,0.9138,Fake Influencer,1
igdemo_000166,Living for moments like this. So many of you have been asking about this. Brand deal number 15 this month.,#linkinbio #brandpartner #collab #trending,4049,289,204,0.4215,Fake Influencer,1
igdemo_000166,Obsessed with this new find. This is exactly what my feed needed. William styled this look. Shop this look now.,#musthave #trending,2916,295,689,-0.1779,Fake Influencer,1
igdemo_000166,Obsessed with this new find. Can't believe I get to call this my job. Outfit number 23 of the week. 😍,#sponsored #discountcode #linkinbio #ad #influencer,5510,1336,166,0.3818,Fake Influencer,1
igdemo_000166,This brand sent me the best package. Use my code for a discount. Outfit number 6 of the week. Link in bio for the discount. 🌴👑,#trending #brandpartner #sponsored #lifestyle #influencer #musthave,1232,44,84,0.6705,Fake Influencer,1
igdemo_000166,"Can't stop wearing this lately. Can't believe I get to call this my job. Tagging Ian, my glam team today. Tagging Nicole, my glam team today. ✨",#ad #influencer #collab #discountcode #brandpartner,910,40,180,0.4919,Fake Influencer,1
igdemo_000167,Important announcement coming soon. This journey keeps surprising me. Project number 66 coming together nicely.,,208,12,6,0.7269,Celebrity Impersonator,1
igdemo_000167,"This account is really me, I promise. I read every message even if I can't reply to all. Project number 15 coming together nicely. Back in Janiceland this 2017.",,160,3,12,0.6969,Celebrity Impersonator,1
igdemo_000167,"I see all of your messages, truly. I read every message even if I can't reply to all. 6 years in this industry now.",,297,9,9,0.4404,Celebrity Impersonator,1
igdemo_000167,"I see all of your messages, truly. Ignore anyone claiming to be my manager elsewhere. Back in Brianland this 2019. Back in Cortezmouth this 2022. 🐾🎉",,119,3,3,0.4767,Celebrity Impersonator,1
igdemo_000167,"I see all of your messages, truly. Grateful for every one of you every single day. Since 2018, the journey continues. 31 years of your support means everything. 📚",#viral #celebrity,173,30,12,0.8225,Celebrity Impersonator,1
igdemo_000167,"I don't get to say this enough. None of this would matter without you. Message number 47 today, reading every one. Message number 28 today, reading every one. ☕",#exclusive,445,36,8,0.0459,Celebrity Impersonator,1
igdemo_000167,"A quick note from me to you. Please report any fake pages you see. Message number 71 today, reading every one.",,52,5,0,-0.128,Celebrity Impersonator,1
igdemo_000167,"To my real fans: None of this would matter without you. Since 2023, still going strong. DM me directly here. 🙌😊",#exclusive #trending #official,87,4,1,0.8555,Celebrity Impersonator,1
igdemo_000167,"I see all of your messages, truly. I read every message even if I can't reply to all. 52 years of your support means everything.",,123,11,6,0.6808,Celebrity Impersonator,1
igdemo_000167,A quick note from me to you. Ignore anyone claiming to be my manager elsewhere. 91 years in this industry now. DM me directly here.,,78,1,2,-0.3612,Celebrity Impersonator,1
igdemo_000168,Early morning session before work. Rest days are still training days. Back in West Michaelport for a pop-up class this 2017. Tag your gym partner. 🔥,#workout #training #strength #cardio #wellness #healthylifestyle,287,43,16,-0.34,Fitness Creator,0
igdemo_000168,Coaching client hit a big milestone. Slow and controlled beats fast and sloppy. Training out of Port Jamiehaven this week. 🥗🏋️,#strength #workout #nutrition #wellness #cardio #fitfam,304,26,7,0.0,Fitness Creator,0
igdemo_000168,"Deload week starts now. Progress isn't always linear, and that's fine. Training out of Richardsonberg this week. DM 'START' to work together. 🏃💪",#healthylifestyle #gymlife #strength #training #cardio #fitness,270,41,6,0.5574,Fitness Creator,0
igdemo_000168,"Back-to-back sessions today. Small wins add up over months. Week 67 of the plan, feeling stronger. Tag your gym partner.",#healthylifestyle #nutrition,744,106,21,0.7783,Fitness Creator,0
igdemo_000168,"Recovery day, mobility work only. Form over ego, always. Shoutout to Steven for showing up every day. 💪🥗",#gymlife #nutrition #workout #strength,335,48,5,0.0,Fitness Creator,0
igdemo_000168,"Recovery day, mobility work only. Form over ego, always. Training out of Parkschester this week. Programs linked in bio. 💪🏋️",#healthylifestyle #fitfam #nutrition,547,52,15,0.0,Fitness Creator,0
igdemo_000168,Programming update for the week. Rest days are still training days. Shoutout to Ann for showing up every day. Programs linked in bio. 🥗🏃,#nutrition #fitfam #workout #strength #healthylifestyle #training,487,92,13,0.0,Fitness Creator,0
igdemo_000169,"This changed everything for me. It's 100% legit, I was skeptical too. 23 people can't all be wrong. Link in bio, click now. 🛒💰",#freeprize #followforfollow #makemoneyonline #cashapp #onlyfollowers,1,0,0,0.0654,Spam Account,1
igdemo_000169,"You NEED to see this. Made more money this week than my old job paid monthly. Over 26 people already joined this week. Link in bio, click now. 🎁🛒",#cashapp #cryptosignals #giveaway #makemoneyonline #followforfollow,3,0,0,0.4404,Spam Account,1
igdemo_000169,🚨 LAST CHANCE 🚨 Spots are filling up fast. Slot 68 almost gone. Tap the link in my story. 🎁💰,#dmforprice #getrichquick #onlyfollowers,1,0,0,0.6841,Spam Account,1
igdemo_000169,"You NEED to see this. It's 100% legit, I was skeptical too. Comment before it's gone. 🛒✅",#cryptosignals #cashapp #clicklink #onlyfollowers #freeprize #giveaway,1,0,0,-0.3182,Spam Account,1
igdemo_000169,"🚨 LAST CHANCE 🚨 No experience needed, just a phone. Message number 25 today, still going. 💯",#cashapp #clicklink #getrichquick #dmforprice,2,0,0,0.2103,Spam Account,1
igdemo_000169,"You NEED to see this. It's 100% legit, I was skeptical too. Over 32 people already joined this week. DM me 'START' immediately. 🎁",#giveaway #cryptosignals #followforfollow #freeprize #getrichquick #clicklink #dmforprice,1,0,0,0.1531,Spam Account,1
igdemo_000169,Everyone is asking how I did this so fast. Made more money this week than my old job paid monthly. Already 12 success stories this month. Comment before it's gone. 🎁,#getrichquick #cashapp #cryptosignals #followforfollow,2,0,0,0.765,Spam Account,1
igdemo_000169,"You NEED to see this. This is not a scam, I promise. Spot number 51 just opened up. Tap the link in my story. 👉💰",#getrichquick #dmforprice #cashapp,2,0,0,0.6806,Spam Account,1
igdemo_000169,"This changed everything for me. No experience needed, just a phone. Already 59 success stories this month. 📩💰",#freeprize #dmforprice #getrichquick #cryptosignals #followforfollow #cashapp #makemoneyonline,3,0,0,0.3612,Spam Account,1
igdemo_000169,"You NEED to see this. No experience needed, just a phone. Slot 21 almost gone. DM me 'START' immediately. 🎁👉",#makemoneyonline #freeprize #getrichquick #cryptosignals,5,0,0,0.1027,Spam Account,1
igdemo_000169,"I wasn't going to share this but... No experience needed, just a phone. Already 34 success stories this month. Tap the link in my story.",#makemoneyonline #dmforprice #cashapp #followforfollow #giveaway #getrichquick #freeprize,1,0,0,0.4226,Spam Account,1
igdemo_000170,"This might be my favorite collab yet. Use my code for a discount. Trip number 11 this year, no complaints. Outfit number 36 of the week.",#sponsored #collab #brandpartner #trending,1585,31,17,0.7057,Fake Influencer,1
igdemo_000170,"Another day, another shoot. This is going straight into my everyday rotation. Since 2024, this has been the dream. Code is my username at checkout. 💖💅",#trending #musthave #sponsored #discountcode #lifestyle #linkinbio,1044,64,39,0.7845,Fake Influencer,1
igdemo_000170,"This might be my favorite collab yet. This is exactly what my feed needed. Since 2018, this has been the dream.",#ad #linkinbio #influencer #trending #musthave,224,9,12,0.6124,Fake Influencer,1
igdemo_000170,"Unboxing my favorite package of the month. This is going straight into my everyday rotation. So many of you asked for this, here it is. Outfit number 73 of the week. Link in bio for the discount.",#collab #musthave #sponsored #lifestyle #discountcode #linkinbio,971,33,42,0.6369,Fake Influencer,1
igdemo_000170,Today's shoot was a whole vibe. So many of you have been asking about this. Packing for Codyport again this week. Shop this look now. ✨,#brandpartner #influencer #trending #collab #lifestyle,1363,117,91,-0.0258,Fake Influencer,1
igdemo_000170,Living for moments like this. So grateful for opportunities like this. Can't believe it's already 2020. 👑💅,#collab #discountcode,123,13,4,0.8795,Fake Influencer,1
igdemo_000170,This brand sent me the best package. Partnering with brands I actually love. Shot this in Port Beckybury. Code is my username at checkout.,#influencer #linkinbio #ad #lifestyle #brandpartner #collab,571,18,43,0.8555,Fake Influencer,1
igdemo_000170,"Another day, another shoot. Use my code for a discount. Shop this look now.",#influencer #collab #ad #brandpartner,316,12,12,-0.34,Fake Influencer,1
igdemo_000170,Today's shoot was a whole vibe. Use my code for a discount. Brendan styled this look. DM for collab details.,#influencer #discountcode #brandpartner #trending #sponsored,1041,207,48,-0.34,Fake Influencer,1
igdemo_000170,"Can't stop wearing this lately. Can't wait to show you more from this collab. Packing for New Lacey again this week. So many of you asked for this, here it is. Shop this look now.",#collab #lifestyle #linkinbio #ad #influencer #discountcode,831,88,72,0.2235,Fake Influencer,1
igdemo_000170,New content coming your way soon. Can't believe I get to call this my job. Outfit number 86 of the week.,#discountcode #lifestyle #brandpartner #influencer #ad,430,36,9,-0.3182,Fake Influencer,1
igdemo_000171,"Early morning session before work. Form over ego, always. Back in Candaceville for a pop-up class this 2022. Tag your gym partner.",#training #nutrition,2501,270,161,0.0,Fitness Creator,0
igdemo_000171,Meal prep Sunday. Rest days are still training days. Client hit a 76 pound PR today.,#healthylifestyle #fitness #training #wellness,1172,144,54,0.0,Fitness Creator,0
igdemo_000171,Back-to-back sessions today. Consistency beats intensity most days. Back in Cooperchester for a pop-up class this 2024. Programs linked in bio. 🏃🧘,#nutrition #workout #fitness,1919,204,55,0.0,Fitness Creator,0
igdemo_000171,Ran a form check clinic today. Consistency beats intensity most days. 49 minutes of mobility work this morning.,#healthylifestyle #strength,1399,207,41,0.0,Fitness Creator,0
igdemo_000171,Early morning session before work. Sleep is still the most underrated recovery tool. Back in East Heather for a pop-up class this 2020. Save this for your next session. 🧘,#workout #strength,1626,274,43,0.4939,Fitness Creator,0
igdemo_000171,"Coaching client hit a big milestone. Form over ego, always. Client hit a 80 pound PR today. Tag your gym partner.",#workout #strength,2538,407,104,0.0,Fitness Creator,0
igdemo_000171,"Recovery day, mobility work only. Progress isn't always linear, and that's fine. Training out of New Carlosbury this week. 🥗",#training #strength #fitness,986,75,51,0.5574,Fitness Creator,0
igdemo_000171,"New PR today! Form over ego, always. Coaching 13 clients this cycle.",#strength #fitness #training #healthylifestyle #fitfam #nutrition,1373,154,64,0.0,Fitness Creator,0
igdemo_000171,"Recovery day, mobility work only. Form over ego, always. 2 minutes of mobility work this morning. Programs linked in bio.",#nutrition #fitfam #training #strength #workout,506,22,27,0.0,Fitness Creator,0
igdemo_000171,"Coaching client hit a big milestone. Form over ego, always. Week 25 of the plan, feeling stronger.",#fitfam #cardio #workout,1857,428,30,0.4767,Fitness Creator,0
igdemo_000171,"Deload week starts now. Progress isn't always linear, and that's fine. 91 minutes of mobility work this morning. Programs linked in bio.",#training #fitness #fitfam,1281,201,39,0.5574,Fitness Creator,0
igdemo_000171,"Programming update for the week. Consistency beats intensity most days. Week 70 of the plan, feeling stronger. Programs linked in bio. 🥗",#wellness #cardio #healthylifestyle #fitness,4069,365,89,0.4767,Fitness Creator,0
igdemo_000171,"Ran a form check clinic today. Slow and controlled beats fast and sloppy. Tagging Abigail, my training partner today.",#fitness #wellness #strength #nutrition #cardio #workout,528,170,14,0.0,Fitness Creator,0
igdemo_000171,"Recovery day, mobility work only. Sleep is still the most underrated recovery tool. 22 minutes of mobility work this morning. Tag your gym partner. ⚡",#training #wellness #nutrition #cardio #gymlife,1455,526,40,0.0,Fitness Creator,0
igdemo_000171,"Ran a form check clinic today. Rest days are still training days. Tagging Jessica, my training partner today. DM 'START' to work together. 💪",#nutrition #training #healthylifestyle #fitfam,1524,76,57,0.0,Fitness Creator,0
igdemo_000172,Finals season has me questioning everything. Somehow still passing my classes. Currently 38 days away from break. Someone quiz me please. ☕🐾,#gradstudent #college,78,15,1,0.2263,Student,0
igdemo_000172,"Study session with Brenda turned into a nap. Library until it closes, again. Can't believe it's already 2022.",#classof2026 #campus #gradstudent,63,4,2,0.0,Student,0
igdemo_000172,Finals season has me questioning everything. Dorm life really tests your patience. Currently 33 days away from break. Wish me luck. 📚😊,#finals,105,15,7,0.8834,Student,0
igdemo_000172,Group project update: Somehow still passing my classes. Studying in East Franciscoview has its perks.,#finals #studentlife #studybreak #campus,52,5,3,0.0,Student,0
igdemo_000172,Campus is so pretty in Traciside today. Somehow still passing my classes. Shoutout to Jennifer for the study session.,#gradstudent #university #studygram #studybreak,95,19,2,0.6269,Student,0
igdemo_000172,Coffee run before class. Turns out procrastination is a full-time job. Studying in South Victorport has its perks. Wish me luck. 🎉🐾,#studybreak #studygram,23,6,1,0.8126,Student,0
igdemo_000172,Another day surviving Lake Amandastad University. Dorm life really tests your patience. Number 38 on my to-do list: sleep. 📚💪,#studentlife #classof2026 #studybreak,76,8,3,0.3612,Student,0
igdemo_000172,"Group project update: Dorm life really tests your patience. Somewhere in North Michaelfort, probably procrastinating. Someone quiz me please.",,54,4,1,0.3182,Student,0
igdemo_000172,Another day surviving Birdtown University. Dorm life really tests your patience. 💪,,178,11,7,0.296,Student,0
igdemo_000172,Another day surviving Jenniferchester University. Ranking my classes from bearable to soul-crushing. Currently 7 cups of coffee deep today. Tell me it gets easier.,#university #studentlife #classof2026 #gradstudent,80,14,2,0.6124,Student,0
igdemo_000173,Programming update for the week. Fueling properly made a huge difference. 72 minutes of mobility work this morning.,#training #fitfam #fitness,397,36,5,0.3182,Fitness Creator,0
igdemo_000173,"New PR today! Fueling properly made a huge difference. Session number 83 with this client, big progress. Save this for your next session.",#workout #healthylifestyle #training #wellness,464,28,9,0.8356,Fitness Creator,0
igdemo_000173,Meal prep Sunday. Rest days are still training days. Client hit a 8 pound PR today. Tag your gym partner. 🧘,#fitness #nutrition,466,31,8,0.0,Fitness Creator,0
igdemo_000173,"Recovery day, mobility work only. Fueling properly made a huge difference. Back in Turnerchester for a pop-up class this 2024. 🔥🏃",#healthylifestyle #wellness #fitfam #cardio #workout,361,49,9,-0.0258,Fitness Creator,0
igdemo_000173,Deload week starts now. Slow and controlled beats fast and sloppy. Logged 93 miles this week. DM 'START' to work together.,#workout #healthylifestyle #nutrition,503,85,12,0.0,Fitness Creator,0
igdemo_000173,Leg day recap. Fueling properly made a huge difference. Back in Wrightstad for a pop-up class this 2017. Tag your gym partner.,#fitness #wellness #fitfam,639,80,13,0.3182,Fitness Creator,0
igdemo_000173,Meal prep Sunday. Consistency beats intensity most days. Client hit a 11 pound PR today.,#wellness #fitness #fitfam #gymlife,348,31,5,0.0,Fitness Creator,0
igdemo_000173,New PR today! Strength carries over into everything else. Back in Lake Jodimouth for a pop-up class this 2018. Tag your gym partner.,#healthylifestyle #training #wellness #cardio #gymlife,293,78,7,0.5411,Fitness Creator,0
igdemo_000173,Leg day recap. Small wins add up over months. Coaching 47 clients this cycle. 💪,#cardio #healthylifestyle #nutrition #workout #fitfam #training,259,31,4,0.5719,Fitness Creator,0
igdemo_000173,Coaching client hit a big milestone. Small wins add up over months. Day 38 of the program. 🥗💪,#strength #nutrition #cardio #fitness,345,38,6,0.5719,Fitness Creator,0
igdemo_000173,Early morning session before work. Showing up matters more than the perfect plan. Back in Garnertown for a pop-up class this 2020.,#fitfam #wellness #cardio,464,37,15,0.6204,Fitness Creator,0
igdemo_000173,Back-to-back sessions today. Fueling properly made a huge difference. Coaching 47 clients this cycle. Programs linked in bio.,#workout #gymlife,399,51,16,0.3182,Fitness Creator,0
igdemo_000173,Deload week starts now. Sleep is still the most underrated recovery tool. Shoutout to Amanda for showing up every day. 🔥🏋️,,305,26,6,-0.34,Fitness Creator,0
igdemo_000174,Campus is so pretty in East Ashley today. Dorm life really tests your patience. Ran into Ruth at the library again. ✨,#campus #gradstudent #finals #studygram,20,5,1,0.7518,Student,0
igdemo_000174,Coffee run before class. Turns out procrastination is a full-time job. Tagging Aaron because they'd get this. Wish me luck. 😊,#classof2026 #finals #college #campus,23,6,1,0.9027,Student,0
igdemo_000174,Finals season has me questioning everything. Turns out procrastination is a full-time job. Fun fact: I've switched majors 37 times. Tell me it gets easier.,#studentlife #classof2026 #finals #studygram,8,0,0,0.6908,Student,0
igdemo_000174,"Coffee run before class. My professor just dropped a pop quiz, send help. Can't believe it's already 2023. Tell me it gets easier. ✨🐾",#finals #classof2026 #studygram #university,8,1,0,0.7783,Student,0
igdemo_000174,Study session with Kevin turned into a nap. Somehow still passing my classes. Number 66 on my to-do list: sleep. 🌟,#finals,9,2,0,0.0772,Student,0
igdemo_000174,"Study session with David turned into a nap. Library until it closes, again. Fun fact: I've switched majors 76 times. Someone quiz me please. 🎉✨",#dormlife #studentlife #university,35,6,1,0.8625,Student,0
igdemo_000174,Study session with Catherine turned into a nap. Somehow still passing my classes. Number 88 on my to-do list: sleep.,#finals,18,2,0,0.0772,Student,0
igdemo_000174,Coffee run before class. Turns out procrastination is a full-time job. Can't believe it's already 2024. 🎬☕,#gradstudent #studentlife,13,1,0,0.0,Student,0
igdemo_000174,"Group project update: Library until it closes, again. Shoutout to Cynthia for the study session.",#gradstudent #university #dormlife #finals,9,3,1,0.0,Student,0
igdemo_000174,Group project update: Ranking my classes from bearable to soul-crushing. Shoutout to Mary for the study session.,#college,26,6,2,0.0,Student,0
igdemo_000175,"Deload week starts now. Form over ego, always. Logged 71 miles this week.",#strength #gymlife #workout #training,788,202,17,0.0,Fitness Creator,0
igdemo_000175,Meal prep Sunday. Rest days are still training days. 94 minutes of mobility work this morning. 💪🏃,#healthylifestyle #training #fitness #workout,560,203,17,0.0,Fitness Creator,0
igdemo_000175,"Recovery day, mobility work only. Progress isn't always linear, and that's fine. Shoutout to Julia for showing up every day.",#fitfam #strength #workout #fitness #gymlife,895,85,25,0.5574,Fitness Creator,0
igdemo_000175,New PR today! Strength carries over into everything else. Coaching 68 clients this cycle. DM 'START' to work together. ⚡🧘,#training #gymlife #wellness #workout,2145,204,70,0.5411,Fitness Creator,0
igdemo_000175,"Meal prep Sunday. Strength carries over into everything else. Tagging Hannah, my training partner today. 🧘⚡",#cardio #training,531,99,27,0.4939,Fitness Creator,0
igdemo_000176,Behind the scenes at the shop today. Handmade in small batches every week. Team huddle today covered 81 new ideas. Limited stock available. 🌍🤝,,181,7,0,-0.2263,Celebrity Impersonator,1
igdemo_000176,Thank you Schultzview for another great week. Orders ship out within 2 business days. Celebrating 70 years since we opened our doors.,#businessowner #startup #localbusiness #customerfirst,1193,59,34,0.8834,Celebrity Impersonator,1
igdemo_000176,"Small batch, made with care. Locally sourced, always. Team huddle today covered 3 new ideas. 💼",#smallbusiness #marketing #businessowner,177,48,7,0.4939,Celebrity Impersonator,1
igdemo_000176,Behind the scenes at the shop today. Orders ship out within 2 business days. 48 orders packed and ready to go.,#entrepreneur #growth #businessowner,96,33,3,0.3612,Celebrity Impersonator,1
igdemo_000176,Meet the team making it happen. Custom requests are always welcome. Serving Petersonhaven since 2015. 🔗💼,#smallbusiness #hustle #marketing #shopsmall #startup,165,8,1,0.4588,Celebrity Impersonator,1
igdemo_000176,Behind the scenes at the shop today. We appreciate every single one of you. Thank you New Marc for 32 years of support.,#localbusiness #businessowner #entrepreneur,54,2,0,0.7845,Celebrity Impersonator,1
igdemo_000176,Thank you East Shawnaland for another great week. Handmade in small batches every week. Batch number 94 restocked today. Shop the link in bio. 🔗🤝,#growth #startup #businessowner #customerfirst,152,15,4,0.7845,Celebrity Impersonator,1
igdemo_000176,"Small batch, made with care. We appreciate every single one of you. Based out of East James, shipping everywhere.",#entrepreneur #marketing #businessowner #localbusiness,227,73,2,0.7096,Celebrity Impersonator,1
igdemo_000176,Meet the team making it happen. Orders ship out within 2 business days. Proudly 98 years in business this 2016. Limited stock available. 🌍,#growth #startup,127,12,3,0.4019,Celebrity Impersonator,1
igdemo_000176,New arrivals just dropped! Handmade in small batches every week. Order number 67 just shipped.,#customerfirst #growth #startup #hustle,68,4,1,0.1511,Celebrity Impersonator,1
igdemo_000176,Restocked your favorites. We appreciate every single one of you. Batch number 35 restocked today. ✅,#entrepreneur #businessowner #localbusiness #growth #shopsmall,102,6,0,0.7003,Celebrity Impersonator,1
igdemo_000177,"Group project update: My professor just dropped a pop quiz, send help. Studying in East Karenmouth has its perks. 🎉",#dormlife #classof2026 #university #studygram,2,0,0,0.6597,Student,0
igdemo_000177,"Another day surviving New Mark University. My professor just dropped a pop quiz, send help. Officially 28 credits away from graduating.",#university,2,0,0,0.7506,Student,0
igdemo_000177,"Study session with Benjamin turned into a nap. Library until it closes, again. Studying in Arroyostad has its perks. Tell me it gets easier.",#studybreak,1,0,0,0.4215,Student,0
igdemo_000177,Study session with Stephen turned into a nap. Ranking my classes from bearable to soul-crushing. Tagging William because they'd get this.,#university,1,0,0,0.0,Student,0
igdemo_000177,Finals season has me questioning everything. Ranking my classes from bearable to soul-crushing. Fun fact: I've switched majors 33 times.,#university #college #studybreak,1,0,0,0.4404,Student,0
igdemo_000177,Study session with Jasmine turned into a nap. Ranking my classes from bearable to soul-crushing. Studying in Pricechester has its perks. 🙌,#studentlife #dormlife,1,0,0,0.0,Student,0
igdemo_000177,"Finals season has me questioning everything. Library until it closes, again. Number 31 on my to-do list: sleep.",#college #campus,3,0,0,-0.0258,Student,0
igdemo_000177,Finals season has me questioning everything. Dorm life really tests your patience. Currently 70 days away from break. 💪☕,#university #finals,1,0,0,-0.1027,Student,0
igdemo_000177,Group project update: Somehow still passing my classes. Tagging Christopher because they'd get this. Send snacks. 💪,#dormlife #finals #classof2026,1,0,0,0.0,Student,0
igdemo_000178,"To my real fans: This journey keeps surprising me. Since 2015, still going strong. Follow only this page. 💪📚",#fanpage #exclusive #official,106,2,1,0.6597,Celebrity Impersonator,1
igdemo_000178,"Thank you for the love this 2022. Grateful for every one of you every single day. Since 2016, the journey continues. 18 years in this industry now. 🎬📚",,28,1,1,0.8658,Celebrity Impersonator,1
igdemo_000178,"I see all of your messages, truly. I read every message even if I can't reply to all. 44 years of your support means everything.",#exclusive,99,7,1,0.6808,Celebrity Impersonator,1
igdemo_000178,"I see all of your messages, truly. None of this would matter without you. Working on something big for 2018. 💪🎬",#celebrity #viral,462,36,3,0.4588,Celebrity Impersonator,1
igdemo_000178,"This account is really me, I promise. This journey keeps surprising me. Back in North Nancy this 2017. Project number 77 coming together nicely. Follow only this page. ✨🎬",,116,4,2,0.8467,Celebrity Impersonator,1
igdemo_000178,"A quick note from me to you. I read every message even if I can't reply to all. Since 2022, the journey continues. DM me directly here. 🙌",,157,12,1,0.0,Celebrity Impersonator,1
igdemo_000178,"I see all of your messages, truly. New project details coming very soon. 40 years in this industry now. Thank you Katherine for the constant support.",#trending #official #exclusive,394,26,7,0.7964,Celebrity Impersonator,1
igdemo_000178,"A quick note from me to you. Ignore anyone claiming to be my manager elsewhere. Since 2016, the journey continues. Share this so others know it's real. 🌟☕",#trending #celebrity #viral,133,15,1,-0.0772,Celebrity Impersonator,1
igdemo_000178,"To my real fans: None of this would matter without you. 17 years in this industry now. Message number 32 today, reading every one.",,166,17,2,0.1027,Celebrity Impersonator,1
igdemo_000178,"Taking a moment to say thank you. New project details coming very soon. 82 years in this industry now. Since 2019, still going strong. ✨",,310,24,7,0.7964,Celebrity Impersonator,1
igdemo_000179,"This changed everything for me. No experience needed, just a phone. Message number 18 today, still going. DM me 'START' immediately.",#cashapp #clicklink #giveaway #freeprize #onlyfollowers #followforfollow #makemoneyonline #getrichquick,6,0,0,-0.2263,Spam Account,1
igdemo_000179,"You NEED to see this. Spots are filling up fast. Whitney just signed up, you're next. Link in bio, click now. 📩",#getrichquick #clicklink #onlyfollowers #followforfollow #makemoneyonline #dmforprice #giveaway,1,0,0,0.0,Spam Account,1
igdemo_000179,"🚨 LAST CHANCE 🚨 Thousands already joined, don't miss out. Kimberly just signed up, you're next. DM me 'START' immediately.",#makemoneyonline #freeprize #followforfollow #cashapp #giveaway #getrichquick #dmforprice #clicklink,4,0,0,0.49,Spam Account,1
igdemo_000179,"Stop scrolling, read this. No experience needed, just a phone. This worked for David too, ask them. Link in bio, click now. 🔥📩",#freeprize #followforfollow #clicklink #getrichquick,3,0,0,-0.7269,Spam Account,1
igdemo_000179,"Everyone is asking how I did this so fast. It's 100% legit, I was skeptical too. This worked for Douglas too, ask them. Tap the link in my story.",#dmforprice #makemoneyonline #onlyfollowers #clicklink,1,0,0,-0.3182,Spam Account,1
igdemo_000179,"Stop scrolling, read this. Made more money this week than my old job paid monthly. Message number 4 today, still going. Comment before it's gone.",#clicklink #makemoneyonline #cashapp #freeprize #followforfollow #giveaway #dmforprice,3,0,0,-0.2263,Spam Account,1
igdemo_000179,"This changed everything for me. It's 100% legit, I was skeptical too. Since 2020, thousands have joined. DM me 'START' immediately. ✅🛒",#cryptosignals #freeprize #dmforprice #cashapp,3,0,0,-0.3182,Spam Account,1
igdemo_000179,"Stop scrolling, read this. It's 100% legit, I was skeptical too. Only 34 spots left today. DM me 'START' immediately. 🎁",#clicklink #getrichquick #cryptosignals #followforfollow #giveaway #cashapp #freeprize #makemoneyonline,1,0,0,-0.1531,Spam Account,1
igdemo_000179,🚨 LAST CHANCE 🚨 Made more money this week than my old job paid monthly. Only 33 spots left today. Tap the link in my story. 💰👉,#makemoneyonline #freeprize #giveaway #cashapp #followforfollow #clicklink #onlyfollowers,1,0,0,0.4084,Spam Account,1
igdemo_000179,"This changed everything for me. This is not a scam, I promise. Spot number 90 just opened up.",#clicklink #dmforprice #onlyfollowers #cashapp #freeprize #followforfollow #giveaway,5,0,0,0.6806,Spam Account,1
igdemo_000180,Study session with Mark turned into a nap. Somehow still passing my classes. Ran into Mary at the library again. Someone quiz me please. 📚💪,#studygram,7,3,0,0.3182,Student,0
igdemo_000180,"Group project update: My professor just dropped a pop quiz, send help. Group chat with Brian is unhinged today. 🌟",#studentlife,9,1,0,0.4019,Student,0
igdemo_000180,Campus is so pretty in West Kevinbury today. Somehow still passing my classes. Currently 82 cups of coffee deep today. 🎉📚,#finals #campus,10,1,0,0.7793,Student,0
igdemo_000180,"Finals season has me questioning everything. My professor just dropped a pop quiz, send help. Group chat with Patricia is unhinged today. Send snacks. 📚",#studygram,8,2,0,0.3182,Student,0
igdemo_000180,"Finals season has me questioning everything. My professor just dropped a pop quiz, send help. Ran into Shelley at the library again.",#studybreak #classof2026 #college,6,1,0,0.3182,Student,0
igdemo_000180,Coffee run before class. Somehow still passing my classes. Tagging Alexander because they'd get this. 🙌🎉,#classof2026 #university,5,0,0,0.4019,Student,0
igdemo_000180,Group project update: Turns out procrastination is a full-time job. Ran into Benjamin at the library again.,#university #studygram #finals #dormlife,8,1,0,0.0,Student,0
igdemo_000180,Group project update: Somehow still passing my classes. Shoutout to Stacey for the study session.,#university #studygram #campus,7,2,0,0.0,Student,0
igdemo_000180,Group project update: Ranking my classes from bearable to soul-crushing. Fun fact: I've switched majors 72 times.,#finals,17,3,0,0.5106,Student,0
igdemo_000180,Campus is so pretty in Mullinsmouth today. Dorm life really tests your patience. Studying in East James has its perks. 😊🎉,#gradstudent #campus #studygram,8,3,0,0.9156,Student,0
igdemo_000180,Finals season has me questioning everything. Turns out procrastination is a full-time job. Shoutout to Benjamin for the study session. Wish me luck.,#finals,15,2,0,0.6486,Student,0
igdemo_000180,Study session with Jennifer turned into a nap. Somehow still passing my classes. Shoutout to Ross for the study session. Send snacks.,#university #classof2026 #studentlife #studygram,12,1,0,0.0,Student,0
igdemo_000181,Obsessed with this new find. This is going straight into my everyday rotation. Look number 39 from this campaign. Shop this look now.,#linkinbio #discountcode,1548,106,23,0.128,Fake Influencer,1
igdemo_000181,"Unboxing my favorite package of the month. Can't wait to show you more from this collab. Since 2018, this has been the dream. Shop this look now.",#musthave #brandpartner,1767,162,36,0.6124,Fake Influencer,1
igdemo_000181,This might be my favorite collab yet. Partnering with brands I actually love. Packing for Kathleenstad again this week. Shot this in West Mary. DM for collab details.,#musthave #sponsored #ad #brandpartner #discountcode #trending,1559,22,19,0.802,Fake Influencer,1
igdemo_000181,New content coming your way soon. So many of you have been asking about this. Packing for Sanchezland again this week. 📸,#linkinbio #influencer,1269,63,52,0.0,Fake Influencer,1
igdemo_000181,Golden hour never disappoints. My followers deserve the best recommendations. ✨,#musthave #brandpartner #ad,1495,39,18,0.8264,Fake Influencer,1
igdemo_000181,Can't stop wearing this lately. This is exactly what my feed needed. Outfit number 14 of the week. Code is my username at checkout. 🌴,#ad #influencer,1168,20,11,0.2933,Fake Influencer,1
igdemo_000181,Golden hour never disappoints. Honestly didn't expect to love this as much as I do. Christine styled this look. Can't believe it's already 2019. 💖🌴,#musthave #discountcode #ad,939,41,19,0.409,Fake Influencer,1
igdemo_000181,"This brand sent me the best package. Partnering with brands I actually love. Tagging Tammy, my glam team today. 😍📸",#linkinbio #trending #musthave #lifestyle #brandpartner,2319,232,30,0.9081,Fake Influencer,1
igdemo_000181,Obsessed with this new find. Can't believe I get to call this my job. Packing for North Graceborough again this week. Shop this look now. 😍💅,#trending #ad #musthave #sponsored #discountcode,896,32,8,0.3182,Fake Influencer,1
igdemo_000182,On-call was quiet for once. Past me really did not comment anything. Currently debugging from South Michael.,#100daysofcode #buildinpublic #programmer,3,0,0,0.0,Spam Account,1
igdemo_000182,Spent way too long on a bug today. Docs were wrong but figured it out eventually. Currently on commit number 76 of this refactor. Curious how others solve this. 🚀🐛,#python #programmer #webdev,2,0,0,0.7469,Spam Account,1
igdemo_000182,On-call was quiet for once. Pairing with a teammate made it so much faster. 79 tabs of documentation open right now. AMA about the stack.,#softwareengineer #programmer #developer,1,0,0,0.0,Spam Account,1
igdemo_000182,On-call was quiet for once. Docs were wrong but figured it out eventually. Working out of Grayville this 2022. AMA about the stack. 📦☕,#javascript #developer #buildinpublic,1,0,0,-0.2617,Spam Account,1
igdemo_000182,Spent way too long on a bug today. Turned out to be a missing semicolon. Working remotely from Lake James this month.,#buildinpublic #python,2,0,0,-0.296,Spam Account,1
igdemo_000182,"On-call was quiet for once. Linting caught it before it shipped, thankfully. Working out of Davidsonburgh this 2024. 💻📦",#opensource #python #webdev,1,0,0,0.4215,Spam Account,1
igdemo_000182,Migrated a service to a new framework today. Past me really did not comment anything. Currently on commit number 92 of this refactor. Open to feedback. ☕📦,#python #webdev,4,0,0,0.3612,Spam Account,1
igdemo_000182,On-call was quiet for once. Past me really did not comment anything. Curious how others solve this. 🧠🔧,#python #opensource,2,0,0,-0.0418,Spam Account,1
igdemo_000182,Rewrote a script that's been bugging me for weeks. CI is green and I'm emotionally fine now. Sprint 49 wrapped up today.,#programmer,3,0,0,0.2023,Spam Account,1
igdemo_000182,"Learning a new part of the stack this week. Linting caught it before it shipped, thankfully. Sprint 52 wrapped up today.",#programmer #coding #softwareengineer,4,0,0,0.4215,Spam Account,1
igdemo_000182,New side project idea just hit me at 2am. Naming things is still the hardest part. Standup update: 50 things fixed today. Open to feedback. ⚙️💻,#softwareengineer,1,0,0,0.0,Spam Account,1
igdemo_000182,On-call was quiet for once. Naming things is still the hardest part. Standup update: 23 things fixed today. 💻🐛,#programmer #python,2,0,0,0.0,Spam Account,1
igdemo_000182,Shipped a small feature at Benjamin LLC. Naming things is still the hardest part. Repo link below.,,5,0,0,0.0,Spam Account,1
igdemo_000182,Rewrote a script that's been bugging me for weeks. The code review comments humbled me. 61 tabs of documentation open right now. Curious how others solve this. 💻⚙️,#100daysofcode #webdev #developer,1,0,0,0.4767,Spam Account,1
igdemo_000182,"Gave a lunch-and-learn at Hernandez, Stuart and Campbell today. Turns out the cache was the whole problem. Deploy number 70 of the week.",#opensource #100daysofcode #coding,5,0,0,-0.34,Spam Account,1
igdemo_000182,Spent way too long on a bug today. Pairing with a teammate made it so much faster. Currently on commit number 72 of this refactor. Repo link below.,,1,0,0,0.3612,Spam Account,1
igdemo_000183,"Study session with Eric turned into a nap. Dorm life really tests your patience. Somewhere in Garciamouth, probably procrastinating.",#college #classof2026,8,1,0,0.0,Student,0
igdemo_000183,"Coffee run before class. Dorm life really tests your patience. Somewhere in Alexville, probably procrastinating. 🙌",#college #campus,6,0,0,0.0,Student,0
igdemo_000183,Another day surviving South Brittany University. Turns out procrastination is a full-time job. Officially 94 credits away from graduating. 🐾😊,#studygram #studentlife,12,1,0,0.8658,Student,0
igdemo_000183,Finals season has me questioning everything. Somehow still passing my classes. Group chat with Ethan is unhinged today. Tell me it gets easier.,,14,3,0,0.34,Student,0
igdemo_000183,Campus is so pretty in Robinsonberg today. Turns out procrastination is a full-time job. This is assignment number 13 this semester. 🐾🌟,#studygram,12,3,0,0.6615,Student,0
igdemo_000183,"Campus is so pretty in Jordanborough today. Library until it closes, again. Can't believe it's already 2022. Send snacks.",,18,2,0,0.6269,Student,0
igdemo_000183,"Finals season has me questioning everything. Ranking my classes from bearable to soul-crushing. Somewhere in New Chelseymouth, probably procrastinating.",#campus #dormlife,15,2,0,-0.1027,Student,0
igdemo_000183,"Study session with Brittany turned into a nap. Library until it closes, again. Tell me it gets easier. 🐾",#university #studybreak #classof2026 #finals,15,2,0,0.4215,Student,0
igdemo_000183,"Coffee run before class. Library until it closes, again. Officially 26 credits away from graduating. Send snacks. 🙌",#studygram #campus #studybreak #studentlife,13,2,1,0.3612,Student,0
igdemo_000183,Another day surviving Jonesview University. Somehow still passing my classes. Number 54 on my to-do list: sleep.,#dormlife #university,9,1,0,0.3612,Student,0
igdemo_000183,"Another day surviving Rodriguezborough University. My professor just dropped a pop quiz, send help. Can't believe it's already 2022.",#university #college #studybreak,10,1,0,0.5994,Student,0
igdemo_000183,"Study session with John turned into a nap. Library until it closes, again. Currently 14 cups of coffee deep today.",#university #studentlife #studybreak,10,1,0,0.0,Student,0
igdemo_000183,"Campus is so pretty in Paulshire today. Library until it closes, again. This is assignment number 98 this semester.",#classof2026 #studentlife #finals #university,14,1,0,0.6615,Student,0
igdemo_000184,"Learning a new part of the stack this week. Linting caught it before it shipped, thankfully. Working out of Port Lisaberg this 2017. ⚙️",,13,1,1,0.4215,Developer,0
igdemo_000184,Learning a new part of the stack this week. Turned out to be a missing semicolon. Pairing with Matthew made this so much faster.,#coding #buildinpublic #100daysofcode,18,1,0,-0.296,Developer,0
igdemo_000184,Finally got the tests passing. Turns out the cache was the whole problem. 🧠,#developer #javascript #programmer,13,1,0,-0.4019,Developer,0
igdemo_000184,Finally got the tests passing. The fix was smaller than the investigation. 💻,#buildinpublic,18,1,0,0.0,Developer,0
igdemo_000184,"Gave a lunch-and-learn at Rodriguez Group today. Linting caught it before it shipped, thankfully. PR number 44 finally merged.",#100daysofcode #programmer #coding,8,1,0,0.4767,Developer,0
igdemo_000184,Rewrote a script that's been bugging me for weeks. Turned out to be a missing semicolon. Standup update: 29 things fixed today. 🔧☕,#buildinpublic #coding #100daysofcode,13,1,0,-0.296,Developer,0
igdemo_000184,"Spent way too long on a bug today. Linting caught it before it shipped, thankfully. Currently on commit number 28 of this refactor. 🧠🐛",#coding #softwareengineer,12,1,0,0.6486,Developer,0
igdemo_000184,New side project idea just hit me at 2am. Pairing with a teammate made it so much faster. 84 tabs of documentation open right now. ⚙️☕,#softwareengineer,11,1,0,0.0,Developer,0
igdemo_000184,"Spent way too long on a bug today. The code review comments humbled me. Tagging Karina, they'll appreciate this one. 🚀☕",#javascript #webdev,21,2,0,0.4019,Developer,0
igdemo_000184,Migrated a service to a new framework today. The fix was smaller than the investigation. Currently on commit number 53 of this refactor. Curious how others solve this.,#javascript #developer #buildinpublic,10,1,0,0.6808,Developer,0
igdemo_000184,Refactoring old code I wrote a year ago. Pairing with a teammate made it so much faster. 22 tabs of documentation open right now. 🐛,#opensource #programmer,14,1,0,0.0,Developer,0
igdemo_000184,On-call was quiet for once. CI is green and I'm emotionally fine now. PR number 11 finally merged. 🧠⚙️,,9,1,0,0.2732,Developer,0
igdemo_000185,Migrated a service to a new framework today. The fix was smaller than the investigation. Sprint 2 wrapped up today. Repo link below. 🔧,#100daysofcode,9,2,0,0.0,Developer,0
igdemo_000185,Learning a new part of the stack this week. Turned out to be a missing semicolon. Working remotely from Butlerview this month. 💻📦,#buildinpublic,7,1,0,-0.296,Developer,0
igdemo_000185,"Gave a lunch-and-learn at Thompson, Nguyen and Giles today. Past me really did not comment anything. Sprint 78 wrapped up today.",#opensource,31,5,1,0.0,Developer,0
igdemo_000185,On-call was quiet for once. Naming things is still the hardest part. Standup update: 51 things fixed today. 💻,,21,3,1,0.0,Developer,0
igdemo_000185,Finally got the tests passing. CI is green and I'm emotionally fine now. Standup update: 70 things fixed today. Curious how others solve this. 🧠,#buildinpublic,19,2,0,0.5994,Developer,0
igdemo_000185,"Rewrote a script that's been bugging me for weeks. Linting caught it before it shipped, thankfully. Shoutout to Michael for the code review. 💻",,18,1,0,0.4215,Developer,0
igdemo_000185,Migrated a service to a new framework today. CI is green and I'm emotionally fine now. Currently on commit number 63 of this refactor.,#softwareengineer #buildinpublic,15,1,0,0.5106,Developer,0
igdemo_000185,Finally got the tests passing. Turned out to be a missing semicolon. PR number 98 finally merged.,#javascript #opensource,9,1,0,-0.2263,Developer,0
igdemo_000185,"Refactoring old code I wrote a year ago. Linting caught it before it shipped, thankfully. Currently debugging from Martinezstad. 🧠",#python #programmer #webdev,14,1,0,0.4215,Developer,0
igdemo_000185,"Refactoring old code I wrote a year ago. CI is green and I'm emotionally fine now. This is bug ticket number 8, send help. Open to feedback.",#opensource #coding,20,1,1,0.5859,Developer,0
igdemo_000185,"Shipped a small feature at Robinson Ltd. Turns out the cache was the whole problem. Tagging Erica, they'll appreciate this one. 💻",,51,6,0,0.0,Developer,0
igdemo_000185,Spent way too long on a bug today. CI is green and I'm emotionally fine now. Pairing with Danielle made this so much faster. Curious how others solve this.,#buildinpublic #coding,21,3,0,0.6326,Developer,0
igdemo_000186,Shipped a small feature at Beltran LLC. Naming things is still the hardest part. Open to feedback.,#100daysofcode,149,33,2,0.0,Developer,0
igdemo_000186,New side project idea just hit me at 2am. Docs were wrong but figured it out eventually. Still can't believe it's 2016 and this bug exists.,#python,105,25,1,-0.2617,Developer,0
igdemo_000186,Finally got the tests passing. Pairing with a teammate made it so much faster. Still can't believe it's 2021 and this bug exists. 🐛💻,#softwareengineer #coding #developer,174,16,2,0.0,Developer,0
igdemo_000186,Migrated a service to a new framework today. Pairing with a teammate made it so much faster. Standup update: 15 things fixed today.,,110,21,2,0.0,Developer,0
igdemo_000186,Rewrote a script that's been bugging me for weeks. The fix was smaller than the investigation. Currently on commit number 41 of this refactor. 🔧🧠,#webdev #javascript,135,10,1,0.3612,Developer,0
igdemo_000186,Finally got the tests passing. CI is green and I'm emotionally fine now. Working out of Davisport this 2015. 🔧💻,#buildinpublic,71,15,2,0.2023,Developer,0
igdemo_000186,Finally got the tests passing. Past me really did not comment anything.,#webdev #100daysofcode,132,11,2,0.0,Developer,0
igdemo_000186,New side project idea just hit me at 2am. Naming things is still the hardest part. Sprint 77 wrapped up today.,#python,93,6,2,0.0,Developer,0
igdemo_000186,Migrated a service to a new framework today. Past me really did not comment anything. Standup update: 28 things fixed today. Open to feedback. 🔧💻,#developer #webdev,239,22,3,0.0,Developer,0
igdemo_000187,"I wasn't going to share this but... This is not a scam, I promise. Since 2017, thousands have joined. 🛒📩",#cryptosignals #giveaway #followforfollow #clicklink #cashapp,64,20,2,0.7582,Spam Account,1
igdemo_000187,"Everyone is asking how I did this so fast. Thousands already joined, don't miss out. 91 people can't all be wrong. Comment before it's gone.",#freeprize #cryptosignals #clicklink #makemoneyonline #giveaway #onlyfollowers,87,10,1,0.4585,Spam Account,1
igdemo_000187,"Everyone is asking how I did this so fast. Made more money this week than my old job paid monthly. Started in Danielmouth, now everywhere. Comment before it's gone.",#onlyfollowers #followforfollow #giveaway #getrichquick #makemoneyonline #dmforprice,38,5,1,0.0,Spam Account,1
igdemo_000187,"This changed everything for me. Spots are filling up fast. Since 2022, thousands have joined. Link in bio, click now. ✅",#giveaway #getrichquick #followforfollow,99,15,2,0.0,Spam Account,1
igdemo_000187,"Everyone is asking how I did this so fast. Thousands already joined, don't miss out. Spot number 57 just opened up. Comment before it's gone. 🔥",#getrichquick #cryptosignals #freeprize #clicklink,112,5,1,-0.167,Spam Account,1
igdemo_000187,You NEED to see this. Made more money this week than my old job paid monthly. Already 6 success stories this month. Tap the link in my story.,#giveaway #clicklink #cashapp #onlyfollowers #cryptosignals,60,2,2,0.5719,Spam Account,1
igdemo_000187,"This changed everything for me. It's 100% legit, I was skeptical too. Only 88 spots left today. Link in bio, click now. ✅",#freeprize #cryptosignals #cashapp #followforfollow #giveaway,85,23,4,-0.3182,Spam Account,1
igdemo_000187,"🚨 LAST CHANCE 🚨 No experience needed, just a phone. Amy just signed up, you're next. DM me 'START' immediately. 🎁🔥",#cashapp #clicklink #getrichquick #onlyfollowers #giveaway #makemoneyonline #followforfollow #dmforprice,136,16,7,0.2577,Spam Account,1
igdemo_000188,"You NEED to see this. Spots are filling up fast. Since 2017, thousands have joined. 📩",#onlyfollowers #cryptosignals #getrichquick #cashapp #followforfollow #makemoneyonline,0,0,0,0.0,Spam Account,1
igdemo_000188,"This changed everything for me. Thousands already joined, don't miss out. Already helped 35 people this 2025. DM me 'START' immediately. 👉📩",#followforfollow #giveaway #dmforprice #makemoneyonline #getrichquick,1,0,0,0.1139,Spam Account,1
igdemo_000188,"This changed everything for me. It's 100% legit, I was skeptical too. Already 49 success stories this month. Comment before it's gone. 🔥🛒",#onlyfollowers #followforfollow #clicklink #cryptosignals #freeprize #getrichquick #giveaway #makemoneyonline,5,0,0,0.0,Spam Account,1
igdemo_000188,"🚨 LAST CHANCE 🚨 It's 100% legit, I was skeptical too. 87 people can't all be wrong. Comment before it's gone. 💰",#followforfollow #cryptosignals #freeprize,2,0,0,0.4565,Spam Account,1
igdemo_000188,"🚨 LAST CHANCE 🚨 Thousands already joined, don't miss out. Spot number 34 just opened up. 💯💰",#cryptosignals #onlyfollowers #cashapp #makemoneyonline,1,0,0,0.5388,Spam Account,1
igdemo_000188,"This changed everything for me. This is not a scam, I promise. Already helped 55 people this 2015. Comment before it's gone. 🛒🎁",#dmforprice #freeprize #cashapp #makemoneyonline #getrichquick #giveaway #onlyfollowers #clicklink,1,0,0,0.8019,Spam Account,1
igdemo_000188,"Stop scrolling, read this. Spots are filling up fast. Christian just signed up, you're next. Tap the link in my story.",#cryptosignals #getrichquick #dmforprice #makemoneyonline #followforfollow #freeprize #cashapp,1,0,0,-0.296,Spam Account,1
igdemo_000188,"Stop scrolling, read this. Made more money this week than my old job paid monthly. Spot number 91 just opened up. Link in bio, click now. 👉",#cashapp #giveaway #makemoneyonline #dmforprice #cryptosignals,2,0,0,-0.2263,Spam Account,1
igdemo_000189,Gave a lunch-and-learn at Rodriguez-Noble today. Past me really did not comment anything. Still can't believe it's 2023 and this bug exists. Open to feedback. 🚀⚙️,#webdev #buildinpublic,24,2,1,0.0,Developer,0
igdemo_000189,Spent way too long on a bug today. The code review comments humbled me. Working remotely from South Jermaineville this month. 💻,,21,1,0,0.0,Developer,0
igdemo_000189,Spent way too long on a bug today. The code review comments humbled me. Currently debugging from Kimberlyside. Repo link below.,#webdev,78,7,1,0.0,Developer,0
igdemo_000189,New side project idea just hit me at 2am. Pairing with a teammate made it so much faster. 94 tabs of documentation open right now. ⚙️🧠,#100daysofcode,26,2,1,0.0,Developer,0
igdemo_000189,"Rewrote a script that's been bugging me for weeks. Docs were wrong but figured it out eventually. Tagging James, they'll appreciate this one. 🚀",#100daysofcode,35,4,2,0.3612,Developer,0
igdemo_000189,Rewrote a script that's been bugging me for weeks. Pairing with a teammate made it so much faster. Shoutout to Shelby for the code review. AMA about the stack. ☕📦,#webdev,58,3,1,0.0,Developer,0
igdemo_000189,Migrated a service to a new framework today. Turns out the cache was the whole problem. Standup update: 83 things fixed today.,#python,33,3,2,-0.4019,Developer,0
igdemo_000189,Learning a new part of the stack this week. Docs were wrong but figured it out eventually. Working out of Branditown this 2025. AMA about the stack.,#100daysofcode #opensource,40,6,1,-0.2617,Developer,0
igdemo_000189,"Learning a new part of the stack this week. The fix was smaller than the investigation. Tagging Danielle, they'll appreciate this one.",#opensource #buildinpublic #webdev,21,2,0,0.4019,Developer,0
igdemo_000189,Finally got the tests passing. Docs were wrong but figured it out eventually. Currently debugging from New Lisaton. ⚙️,#javascript #100daysofcode,38,6,1,-0.2617,Developer,0
igdemo_000189,"Shipped a small feature at Davis, Franco and Trujillo. Turns out the cache was the whole problem. Currently on commit number 51 of this refactor. 📦",#coding #python,58,5,1,-0.0516,Developer,0
igdemo_000189,"Refactoring old code I wrote a year ago. Linting caught it before it shipped, thankfully. Standup update: 51 things fixed today. 🔧",#programmer #javascript #webdev,65,9,2,0.4215,Developer,0
igdemo_000190,Another day surviving Leemouth University. Turns out procrastination is a full-time job. This is assignment number 97 this semester.,#studybreak #dormlife,41,8,1,0.3612,Student,0
igdemo_000190,Another day surviving Timothyfurt University. Turns out procrastination is a full-time job. Shoutout to William for the study session. Wish me luck.,#studentlife #finals,38,6,2,0.7845,Student,0
igdemo_000190,"Study session with Kenneth turned into a nap. Library until it closes, again. Somewhere in Jessicatown, probably procrastinating. ✨",#campus #gradstudent #dormlife #studybreak,87,10,1,0.3182,Student,0
igdemo_000190,"Another day surviving Port Daniel University. My professor just dropped a pop quiz, send help. Ran into Kimberly at the library again. Tell me it gets easier.",#studentlife #university #campus,54,8,1,0.7717,Student,0
igdemo_000190,Another day surviving Thomasville University. Dorm life really tests your patience. Tagging Emily because they'd get this.,#studybreak #studentlife #studygram #classof2026,32,4,1,0.296,Student,0
igdemo_000190,Coffee run before class. Turns out procrastination is a full-time job. Tagging Connor because they'd get this. Wish me luck.,#college #studybreak,46,8,1,0.729,Student,0
igdemo_000190,"Another day surviving Terristad University. Library until it closes, again. Currently 78 days away from break. Send snacks. 💪",#studygram #studybreak #campus,88,17,3,0.296,Student,0
igdemo_000190,Campus is so pretty in New Michael today. Turns out procrastination is a full-time job. Shoutout to Christy for the study session. Tell me it gets easier.,#finals #dormlife,47,5,1,0.7855,Student,0
igdemo_000190,Another day surviving West Timothy University. Ranking my classes from bearable to soul-crushing. Officially 29 credits away from graduating. 🎉🐾,,56,15,2,0.7506,Student,0
igdemo_000191,"This account is really me, I promise. New project details coming very soon. Working on something big for 2019. DM me directly here. ☕🎉",,798,106,30,0.6444,Celebrity Impersonator,1
igdemo_000191,"I see all of your messages, truly. Grateful for every one of you every single day. 35 years of your support means everything. DM me directly here.",,368,44,7,0.8225,Celebrity Impersonator,1
igdemo_000191,To my real fans: Grateful for every one of you every single day. 67 years of your support means everything. Share this so others know it's real. ☕📚,#exclusive #official #fanpage,386,12,14,0.7845,Celebrity Impersonator,1
igdemo_000191,"Something special is coming, stay tuned. None of this would matter without you. Back in West Courtneybury this 2019.",#trending #viral #celebrity,178,5,3,0.4215,Celebrity Impersonator,1
igdemo_000191,"Thank you for the love this 2022. I read every message even if I can't reply to all. Message number 79 today, reading every one. Follow only this page. 🎬",,246,8,1,0.7906,Celebrity Impersonator,1
igdemo_000191,"I don't get to say this enough. This journey keeps surprising me. Since 2021, still going strong. Tagging Alex, thank you for believing in this. DM me directly here.",#viral,187,11,4,0.7845,Celebrity Impersonator,1
igdemo_000191,"Important announcement coming soon. None of this would matter without you. 52 years of your support means everything. Tagging Heather, thank you for believing in this. Follow only this page. ✨",#official,216,27,6,0.8126,Celebrity Impersonator,1
igdemo_000191,Taking a moment to say thank you. This journey keeps surprising me. 34 years of your support means everything.,,282,17,5,0.743,Celebrity Impersonator,1
igdemo_000191,I don't get to say this enough. There's more coming that I can't wait to share. 57 years in this industry now. Follow only this page. 🙌,,719,20,6,-0.2235,Celebrity Impersonator,1
igdemo_000192,Meal prep Sunday. Small wins add up over months. 8 minutes of mobility work this morning. Tag your gym partner. 🔥🏃,#training #wellness #fitfam #strength,1296,105,41,0.3182,Fitness Creator,0
igdemo_000192,"Meal prep Sunday. Progress isn't always linear, and that's fine. Back in Wilsonmouth for a pop-up class this 2024. DM 'START' to work together. ⚡🔥",#strength #fitfam #fitness,1597,293,76,0.296,Fitness Creator,0
igdemo_000192,New PR today! Sleep is still the most underrated recovery tool. 🥗,#fitness #training #healthylifestyle #wellness #cardio,692,45,36,0.0,Fitness Creator,0
igdemo_000192,"Ran a form check clinic today. Strength carries over into everything else. Tagging Tracy, my training partner today. Save this for your next session.",#wellness #strength #workout #training #fitfam,2848,360,95,0.7506,Fitness Creator,0
igdemo_000192,"Ran a form check clinic today. Small wins add up over months. 46 reps, zero regrets. 🏃",#workout #gymlife #strength,1639,165,58,0.296,Fitness Creator,0
igdemo_000192,"Leg day recap. Rest days are still training days. Week 55 of the plan, feeling stronger. Programs linked in bio. 🧘",#strength #gymlife #fitfam #training #workout,1194,167,70,0.4767,Fitness Creator,0
igdemo_000192,"Coaching client hit a big milestone. Slow and controlled beats fast and sloppy. Week 96 of the plan, feeling stronger. 🏃",#fitness #workout #strength #nutrition,1575,55,79,0.4767,Fitness Creator,0
igdemo_000192,Leg day recap. Rest days are still training days. Back in Ryanberg for a pop-up class this 2018.,#strength #workout,974,90,40,0.0,Fitness Creator,0
igdemo_000192,Coaching client hit a big milestone. Sleep is still the most underrated recovery tool. Shoutout to Alicia for showing up every day. DM 'START' to work together. 🧘,,937,59,34,0.0,Fitness Creator,0
igdemo_000192,Back-to-back sessions today. Consistency beats intensity most days. Logged 88 miles this week.,#fitfam #cardio #strength,3942,709,198,0.0,Fitness Creator,0
igdemo_000192,Coaching client hit a big milestone. Small wins add up over months. Training out of South Scottfort this week. ⚡🔥,#wellness #gymlife,898,107,36,0.3182,Fitness Creator,0
igdemo_000192,"Programming update for the week. Small wins add up over months. 44 reps, zero regrets.",#strength #fitfam #wellness #nutrition #cardio #gymlife,1410,227,75,0.296,Fitness Creator,0
igdemo_000193,Finals season has me questioning everything. Somehow still passing my classes.,#campus #dormlife #classof2026,28,4,0,-0.1027,Student,0
igdemo_000193,"Coffee run before class. Dorm life really tests your patience. Somewhere in South Richard, probably procrastinating. ☕😊",#campus,9,1,0,0.7184,Student,0
igdemo_000193,"Campus is so pretty in Victorialand today. My professor just dropped a pop quiz, send help. Tagging Michele because they'd get this.",#studybreak #dormlife #studygram #classof2026,3,0,0,0.7793,Student,0
igdemo_000193,"Coffee run before class. My professor just dropped a pop quiz, send help. Someone quiz me please. 🐾",#dormlife #classof2026 #gradstudent #college,9,1,0,0.6124,Student,0
igdemo_000193,Campus is so pretty in Frenchchester today. Turns out procrastination is a full-time job. Currently 10 days away from break.,#dormlife,13,1,0,0.6269,Student,0
igdemo_000193,"Another day surviving Langport University. Ranking my classes from bearable to soul-crushing. Somewhere in New Meredithchester, probably procrastinating.",#college #studybreak #dormlife,8,1,0,0.296,Student,0
igdemo_000193,Campus is so pretty in Paulburgh today. Ranking my classes from bearable to soul-crushing. Campus tour 78 for prospective students today. 🎬😊,#college #dormlife,10,1,0,0.8783,Student,0
igdemo_000193,"Finals season has me questioning everything. Library until it closes, again. Group chat with Kayla is unhinged today. Wish me luck.",#university #studygram #studybreak,16,3,0,0.6486,Student,0
igdemo_000194,"Everyone is asking how I did this so fast. Thousands already joined, don't miss out. This worked for Michelle too, ask them. Comment before it's gone. 🛒🔥",#cashapp #dmforprice #freeprize #onlyfollowers #makemoneyonline #clicklink,0,0,0,-0.2396,Spam Account,1
igdemo_000194,"🚨 LAST CHANCE 🚨 It's 100% legit, I was skeptical too. Already helped 86 people this 2025. Tap the link in my story. 🛒",#onlyfollowers #makemoneyonline #giveaway #cashapp #dmforprice,0,0,0,-0.2885,Spam Account,1
igdemo_000194,"This changed everything for me. Thousands already joined, don't miss out. Already 41 success stories this month. Comment before it's gone. 📩",#freeprize #onlyfollowers #dmforprice #getrichquick #makemoneyonline #giveaway #cashapp,1,0,0,0.6303,Spam Account,1
igdemo_000194,"Stop scrolling, read this. Made more money this week than my old job paid monthly. This worked for Jack too, ask them. 👉",#makemoneyonline #getrichquick #onlyfollowers,0,0,0,-0.296,Spam Account,1
igdemo_000194,"Stop scrolling, read this. This is not a scam, I promise. Only 66 spots left today. Tap the link in my story. 📩🔥",#getrichquick #freeprize #cryptosignals #clicklink #cashapp #giveaway #onlyfollowers,2,0,0,0.1774,Spam Account,1
igdemo_000194,"🚨 LAST CHANCE 🚨 Made more money this week than my old job paid monthly. John just signed up, you're next. Link in bio, click now. ✅",#onlyfollowers #cashapp #getrichquick #giveaway #makemoneyonline #dmforprice #cryptosignals #followforfollow,1,0,0,0.4084,Spam Account,1
igdemo_000194,"🚨 LAST CHANCE 🚨 This is not a scam, I promise. Since 2025, thousands have joined. Link in bio, click now. 💰🛒",#followforfollow #onlyfollowers #clicklink,1,0,0,0.7924,Spam Account,1
igdemo_000194,"🚨 LAST CHANCE 🚨 No experience needed, just a phone. Already helped 77 people this 2020. Link in bio, click now. 🎁✅",#giveaway #dmforprice #cashapp #followforfollow #onlyfollowers #makemoneyonline,1,0,0,0.5319,Spam Account,1
igdemo_000194,"Everyone is asking how I did this so fast. This is not a scam, I promise. This worked for Christopher too, ask them. 📩💰",#getrichquick #cashapp #clicklink #giveaway #cryptosignals #dmforprice,3,0,0,0.6483,Spam Account,1
igdemo_000194,"Stop scrolling, read this. Thousands already joined, don't miss out. Already 30 success stories this month. DM me 'START' immediately. 🛒",#followforfollow #freeprize #cashapp #giveaway,5,0,0,0.4486,Spam Account,1
igdemo_000194,"Stop scrolling, read this. This is not a scam, I promise. Started in Wrightland, now everywhere. 🔥",#clicklink #giveaway #dmforprice #followforfollow #getrichquick #onlyfollowers #cashapp #makemoneyonline,1,0,0,0.1774,Spam Account,1
igdemo_000194,"Everyone is asking how I did this so fast. This is not a scam, I promise. Slot 66 almost gone. Link in bio, click now. 💯",#onlyfollowers #cashapp #followforfollow #dmforprice #getrichquick #makemoneyonline #giveaway #clicklink,0,0,0,0.6483,Spam Account,1
igdemo_000194,"Stop scrolling, read this. Made more money this week than my old job paid monthly. Already 31 success stories this month. Link in bio, click now. 🛒",#cryptosignals #freeprize #clicklink #giveaway #makemoneyonline #followforfollow #onlyfollowers #dmforprice,1,0,0,0.3612,Spam Account,1
igdemo_000194,"I wasn't going to share this but... Thousands already joined, don't miss out. Slot 68 almost gone. Tap the link in my story. 📩",#onlyfollowers #getrichquick #dmforprice,0,0,0,0.0572,Spam Account,1
igdemo_000195,On-call was quiet for once. Turned out to be a missing semicolon. Still can't believe it's 2019 and this bug exists.,,12,1,0,-0.296,Developer,0
igdemo_000195,Rewrote a script that's been bugging me for weeks. Past me really did not comment anything. Currently on commit number 41 of this refactor. ☕,,17,7,0,0.3612,Developer,0
igdemo_000195,Learning a new part of the stack this week. Pairing with a teammate made it so much faster. Pairing with Henry made this so much faster.,#programmer #python,8,1,0,0.0,Developer,0
igdemo_000195,"Refactoring old code I wrote a year ago. Past me really did not comment anything. Tagging Donna, they'll appreciate this one. 🚀🧠",#opensource,14,2,0,0.4019,Developer,0
igdemo_000195,Migrated a service to a new framework today. Turns out the cache was the whole problem. Currently on commit number 55 of this refactor.,#softwareengineer #python #buildinpublic,7,1,0,-0.0516,Developer,0
igdemo_000195,"Gave a lunch-and-learn at Lewis, Mitchell and Cantu today. Turns out the cache was the whole problem. PR number 38 finally merged. 💻☕",#python #softwareengineer,31,3,1,-0.34,Developer,0
igdemo_000196,"You NEED to see this. Spots are filling up fast. Since 2024, thousands have joined. Link in bio, click now. 💯",#cryptosignals #onlyfollowers #freeprize #clicklink #makemoneyonline #dmforprice #giveaway #getrichquick,33,12,1,0.0,Spam Account,1
igdemo_000196,"This changed everything for me. It's 100% legit, I was skeptical too. Since 2025, thousands have joined. Tap the link in my story. 👉💰",#getrichquick #onlyfollowers #dmforprice #followforfollow #cashapp #clicklink,40,4,1,-0.3182,Spam Account,1
igdemo_000196,"I wasn't going to share this but... No experience needed, just a phone. This worked for Brooke too, ask them. DM me 'START' immediately. 💯",#dmforprice #freeprize #getrichquick #onlyfollowers #cashapp,33,12,1,-0.5013,Spam Account,1
igdemo_000196,"Stop scrolling, read this. Made more money this week than my old job paid monthly. Already helped 82 people this 2016. Link in bio, click now. 💯",#dmforprice #followforfollow #cryptosignals #cashapp #getrichquick #onlyfollowers #makemoneyonline #clicklink,31,2,1,-0.296,Spam Account,1
igdemo_000196,"Everyone is asking how I did this so fast. It's 100% legit, I was skeptical too. Only 3 spots left today. Link in bio, click now. 🛒",#giveaway #clicklink #getrichquick #makemoneyonline #cashapp #onlyfollowers,9,1,0,-0.3182,Spam Account,1
igdemo_000196,"🚨 LAST CHANCE 🚨 It's 100% legit, I was skeptical too. Spot number 19 just opened up. Comment before it's gone. 📩✅",#getrichquick #cryptosignals #cashapp #onlyfollowers #clicklink #followforfollow,79,5,1,0.186,Spam Account,1
igdemo_000196,"You NEED to see this. Made more money this week than my old job paid monthly. This worked for James too, ask them. Link in bio, click now. 👉",#getrichquick #dmforprice #cryptosignals #makemoneyonline #giveaway #clicklink,30,4,1,0.0,Spam Account,1
igdemo_000196,I wasn't going to share this but... Spots are filling up fast. Spot number 25 just opened up. Tap the link in my story. ✅,#dmforprice #getrichquick #cashapp,18,2,0,0.0015,Spam Account,1
igdemo_000196,"You NEED to see this. It's 100% legit, I was skeptical too. Over 71 people already joined this week. Tap the link in my story. ✅",#getrichquick #cashapp #clicklink,70,19,2,-0.3182,Spam Account,1
igdemo_000196,"I wasn't going to share this but... Thousands already joined, don't miss out. Slot 62 almost gone. Link in bio, click now. 🛒",#freeprize #makemoneyonline #cryptosignals,22,2,0,0.0572,Spam Account,1
igdemo_000196,"Everyone is asking how I did this so fast. No experience needed, just a phone. Already helped 36 people this 2020. Tap the link in my story.",#cryptosignals #getrichquick #dmforprice #makemoneyonline #onlyfollowers #freeprize #cashapp,16,1,0,-0.3566,Spam Account,1
igdemo_000196,"You NEED to see this. Made more money this week than my old job paid monthly. Message number 87 today, still going. Tap the link in my story. 🛒",#clicklink #dmforprice #makemoneyonline #giveaway #cashapp,56,15,2,0.0772,Spam Account,1
igdemo_000197,"Back-to-back sessions today. Showing up matters more than the perfect plan. Week 13 of the plan, feeling stronger. 🏃",#gymlife #nutrition #wellness #workout #cardio,12,1,0,0.8,Fitness Creator,0
igdemo_000197,"Back-to-back sessions today. Progress isn't always linear, and that's fine. Back in New Beverlytown for a pop-up class this 2021. Programs linked in bio. 💪🏋️",#fitfam #cardio #wellness #strength #fitness #healthylifestyle,9,1,0,0.5574,Fitness Creator,0
igdemo_000197,Coaching client hit a big milestone. Showing up matters more than the perfect plan. 92 minutes of mobility work this morning. Tag your gym partner.,#gymlife #fitfam #wellness #healthylifestyle #nutrition #strength,19,4,0,0.6204,Fitness Creator,0
igdemo_000197,"Programming update for the week. Form over ego, always. DM 'START' to work together.",#wellness #cardio #healthylifestyle #fitness #training,8,0,0,0.0,Fitness Creator,0
igdemo_000197,Ran a form check clinic today. Slow and controlled beats fast and sloppy. Coaching 72 clients this cycle. DM 'START' to work together.,#cardio #healthylifestyle #nutrition #gymlife #training #workout,3,0,0,0.0,Fitness Creator,0
igdemo_000197,Programming update for the week. Strength carries over into everything else. Logged 56 miles this week. Save this for your next session. 💪🏋️,#strength #cardio,14,2,0,0.7506,Fitness Creator,0
igdemo_000197,"Ran a form check clinic today. Form over ego, always. 61 reps, zero regrets.",#cardio #nutrition,10,0,0,-0.3612,Fitness Creator,0
igdemo_000197,"New PR today! Progress isn't always linear, and that's fine. 89 reps, zero regrets. Tag your gym partner. 💪🏋️",#gymlife #wellness,14,0,0,0.3382,Fitness Creator,0
igdemo_000197,Deload week starts now. Strength carries over into everything else. Day 36 of the program. Programs linked in bio.,#fitness #nutrition #gymlife #healthylifestyle #cardio #workout,3,0,0,0.4939,Fitness Creator,0
igdemo_000197,Back-to-back sessions today. Fueling properly made a huge difference. Shoutout to Beth for showing up every day. Save this for your next session.,#wellness #cardio #workout #training,5,0,0,0.6705,Fitness Creator,0
igdemo_000197,"Back-to-back sessions today. Form over ego, always. Tagging Kelli, my training partner today. 🏋️",#strength #cardio #fitfam #training #fitness,20,1,0,0.0,Fitness Creator,0
igdemo_000197,Early morning session before work. Strength carries over into everything else. Training out of North Marissaport this week. Save this for your next session.,#healthylifestyle #workout #fitness #wellness,7,0,0,0.7506,Fitness Creator,0
igdemo_000197,"Leg day recap. Form over ego, always. Session number 19 with this client, big progress. 🧘⚡",#training #fitfam #strength #wellness #healthylifestyle #fitness,8,1,0,0.4767,Fitness Creator,0
igdemo_000198,"🚨 LAST CHANCE 🚨 Thousands already joined, don't miss out. Message number 34 today, still going. Comment before it's gone. 🛒🔥",#getrichquick #makemoneyonline #dmforprice #cryptosignals #followforfollow #giveaway #clicklink,1,0,0,0.2679,Spam Account,1
igdemo_000198,"You NEED to see this. Spots are filling up fast. Started in Jasonmouth, now everywhere. Comment before it's gone.",,1,0,0,0.0,Spam Account,1
igdemo_000198,"🚨 LAST CHANCE 🚨 Spots are filling up fast. Message number 96 today, still going. 🔥",#dmforprice #clicklink #makemoneyonline #cashapp #followforfollow #onlyfollowers,2,0,0,0.1613,Spam Account,1
igdemo_000198,This changed everything for me. Made more money this week than my old job paid monthly. Over 2 people already joined this week. Comment before it's gone. 🛒💯,#followforfollow #getrichquick #freeprize #clicklink #cryptosignals #onlyfollowers,5,0,0,0.0,Spam Account,1
igdemo_000198,"Everyone is asking how I did this so fast. This is not a scam, I promise. Already helped 10 people this 2017. ✅",#cashapp #getrichquick #freeprize #clicklink,1,0,0,0.6483,Spam Account,1
igdemo_000198,I wasn't going to share this but... Made more money this week than my old job paid monthly. Tap the link in my story. 🔥,#makemoneyonline #cryptosignals #clicklink #dmforprice #cashapp,1,0,0,-0.549,Spam Account,1
igdemo_000198,"Stop scrolling, read this. This is not a scam, I promise. Already helped 26 people this 2019. Tap the link in my story. 👉",#cashapp #cryptosignals #dmforprice #freeprize #followforfollow,1,0,0,0.4763,Spam Account,1
igdemo_000198,"Stop scrolling, read this. This is not a scam, I promise. Only 23 spots left today. Comment before it's gone. ✅",#giveaway #followforfollow #cashapp #freeprize #getrichquick,3,0,0,0.4763,Spam Account,1
igdemo_000198,"This changed everything for me. Made more money this week than my old job paid monthly. Message number 61 today, still going. DM me 'START' immediately.",#freeprize #dmforprice #getrichquick #onlyfollowers #cashapp #clicklink,2,0,0,0.0772,Spam Account,1
igdemo_000198,"You NEED to see this. Spots are filling up fast. This worked for Zachary too, ask them. 💯✅",#cryptosignals #onlyfollowers #makemoneyonline #cashapp,2,0,0,0.0,Spam Account,1
igdemo_000198,🚨 LAST CHANCE 🚨 Made more money this week than my old job paid monthly. Only 51 spots left today. Comment before it's gone.,#clicklink #cashapp #followforfollow #onlyfollowers,1,0,0,0.4084,Spam Account,1
igdemo_000198,"You NEED to see this. This is not a scam, I promise. DM me 'START' immediately.",#onlyfollowers #cryptosignals #getrichquick #dmforprice #freeprize #giveaway #followforfollow #cashapp,2,0,0,0.6483,Spam Account,1
igdemo_000198,"Everyone is asking how I did this so fast. Spots are filling up fast. Cameron just signed up, you're next. Link in bio, click now. 💰🔥",#cryptosignals #onlyfollowers #makemoneyonline,1,0,0,-0.34,Spam Account,1
igdemo_000198,"🚨 LAST CHANCE 🚨 No experience needed, just a phone. Cheryl just signed up, you're next. DM me 'START' immediately.",#onlyfollowers #dmforprice #makemoneyonline,2,0,0,0.1363,Spam Account,1
igdemo_000198,I wasn't going to share this but... Spots are filling up fast. Already 52 success stories this month. Comment before it's gone. 🛒,#getrichquick #cashapp #dmforprice,1,0,0,0.6814,Spam Account,1
igdemo_000198,"You NEED to see this. No experience needed, just a phone. 94 people can't all be wrong. Tap the link in my story.",#clicklink #cryptosignals #dmforprice #freeprize #giveaway #onlyfollowers #followforfollow,4,0,0,0.0139,Spam Account,1
igdemo_000199,"Meet the team making it happen. Custom requests are always welcome. Tagging Bradley, one of our first customers back in 2022.",#entrepreneur #businessowner #startup,158,16,1,0.4588,Business Account,0
igdemo_000199,"New arrivals just dropped! We appreciate every single one of you. Tagging Dana, one of our first customers back in 2024. DM us to order. 🌍",#shopsmall #entrepreneur,184,7,2,0.4574,Business Account,0
igdemo_000199,"Behind the scenes at the shop today. Locally sourced, always. Celebrating 6 years since we opened our doors. Shop the link in bio.",#growth #localbusiness #smallbusiness #entrepreneur,79,5,1,0.5719,Business Account,0
igdemo_000199,"Behind the scenes at the shop today. Locally sourced, always. Order number 5 just shipped. 📈✅",#hustle #businessowner #entrepreneur #customerfirst #startup,142,13,1,0.0772,Business Account,0
igdemo_000199,Thank you East Larrymouth for another great week. Your support keeps our doors open. Proudly 50 years in business this 2025. Tag someone who'd love this.,#customerfirst #growth #businessowner #marketing,207,15,1,0.9524,Business Account,0
igdemo_000199,Behind the scenes at the shop today. Handmade in small batches every week. Celebrating 9 years since we opened our doors. Limited stock available. 🌍,#shopsmall #businessowner #customerfirst #smallbusiness #localbusiness,211,17,1,0.4215,Business Account,0
igdemo_000200,Ran a form check clinic today. Consistency beats intensity most days. 17 minutes of mobility work this morning. DM 'START' to work together. 🏃🧘,#strength #wellness #cardio #fitness #gymlife #healthylifestyle,2395,246,80,0.0,Fitness Creator,0
igdemo_000200,"Coaching client hit a big milestone. Fueling properly made a huge difference. Week 30 of the plan, feeling stronger. Save this for your next session. 🏃🔥",#fitfam #strength #wellness #gymlife #cardio #training,1932,184,57,0.7351,Fitness Creator,0
igdemo_000200,"Programming update for the week. Showing up matters more than the perfect plan. Week 44 of the plan, feeling stronger.",#training #nutrition #cardio #wellness #fitness #workout,2953,248,55,0.8,Fitness Creator,0
igdemo_000200,"Recovery day, mobility work only. Showing up matters more than the perfect plan. Back in New Travis for a pop-up class this 2015.",#healthylifestyle #fitness #gymlife #training #cardio #nutrition,1740,350,115,0.6204,Fitness Creator,0
igdemo_000200,"Coaching client hit a big milestone. Sleep is still the most underrated recovery tool. Tagging Stephanie, my training partner today.",#gymlife #healthylifestyle #workout #fitness,1705,177,128,0.0,Fitness Creator,0
igdemo_000200,Back-to-back sessions today. Small wins add up over months. Training out of North Kevinmouth this week. ⚡💪,#strength #workout #gymlife #fitness #healthylifestyle #training,1443,109,138,0.5719,Fitness Creator,0
igdemo_000200,Back-to-back sessions today. Consistency beats intensity most days. Training out of Lake Maria this week. DM 'START' to work together.,#strength #wellness #healthylifestyle #gymlife,1749,93,97,0.0,Fitness Creator,0
igdemo_000200,"Meal prep Sunday. Sleep is still the most underrated recovery tool. 82 reps, zero regrets. DM 'START' to work together.",#healthylifestyle #workout #fitness #nutrition #gymlife,1518,129,62,-0.3612,Fitness Creator,0
igdemo_000200,Leg day recap. Strength carries over into everything else.,#cardio #workout #training #gymlife #healthylifestyle #fitfam,830,164,25,0.4939,Fitness Creator,0
igdemo_000200,Coaching client hit a big milestone. Fueling properly made a huge difference. Logged 93 miles this week. Tag your gym partner. 🥗🏃,#healthylifestyle #workout #cardio #training #fitness,1126,60,36,0.3182,Fitness Creator,0
