user_id,caption,hashtags,likes,comments,shares,sentiment,archetype,is_fake
twdemo_000001,Ran a form check clinic today. Rest days are still training days. Coaching 11 clients this cycle. Save this for your next session. 🏃,#healthylifestyle #strength #fitfam #workout #fitness,983,164,14,0.4939,Fitness Creator,0
twdemo_000001,Early morning session before work. Strength carries over into everything else. Client hit a 60 pound PR today. Save this for your next session. 🔥💪,#healthylifestyle #strength #workout #fitfam #training,584,60,23,0.6124,Fitness Creator,0
twdemo_000001,"Ran a form check clinic today. Progress isn't always linear, and that's fine. Session number 86 with this client, big progress. ⚡",#strength #wellness,1170,222,46,0.6249,Fitness Creator,0
twdemo_000001,Leg day recap. Slow and controlled beats fast and sloppy. Logged 58 miles this week.,#healthylifestyle #workout #nutrition #gymlife #training,2068,370,26,0.0,Fitness Creator,0
twdemo_000001,"Leg day recap. Progress isn't always linear, and that's fine. 95 reps, zero regrets. Programs linked in bio.",#fitfam #workout,1000,46,23,0.2732,Fitness Creator,0
twdemo_000001,Coaching client hit a big milestone. Sleep is still the most underrated recovery tool. 52 minutes of mobility work this morning. Tag your gym partner. 💪🔥,#healthylifestyle,660,54,12,-0.34,Fitness Creator,0
twdemo_000001,Coaching client hit a big milestone. Strength carries over into everything else. Back in Kathleenberg for a pop-up class this 2015. DM 'START' to work together. 🏃,#gymlife #fitness #healthylifestyle #strength,1392,252,28,0.4939,Fitness Creator,0
twdemo_000001,"Leg day recap. Progress isn't always linear, and that's fine. 94 reps, zero regrets.",#training #workout,1339,59,52,0.2732,Fitness Creator,0
twdemo_000001,"Recovery day, mobility work only. Progress isn't always linear, and that's fine. Coaching 83 clients this cycle. 🧘🔥",#gymlife,1256,109,18,0.296,Fitness Creator,0
twdemo_000001,"New PR today! Slow and controlled beats fast and sloppy. Tagging Richard, my training partner today. DM 'START' to work together.",#healthylifestyle #gymlife,454,47,6,0.0,Fitness Creator,0
twdemo_000002,"🚨 LAST CHANCE 🚨 This is not a scam, I promise. This worked for Gregory too, ask them.",,1,0,0,0.7924,Spam/Bot Account,1
twdemo_000002,This changed everything for me. Spots are filling up fast. Slot 51 almost gone. Comment before it's gone.,#makemoneyonline #getrichquick #giveaway,1,0,0,0.0,Spam/Bot Account,1
twdemo_000002,"🚨 LAST CHANCE 🚨 Thousands already joined, don't miss out. Already 64 success stories this month.",#dmforprice #giveaway #getrichquick #clicklink #onlyfollowers #freeprize #followforfollow,2,0,0,0.7831,Spam/Bot Account,1
twdemo_000002,"I wasn't going to share this but... No experience needed, just a phone. Since 2019, thousands have joined. Tap the link in my story. 🔥",#cryptosignals #freeprize #onlyfollowers #makemoneyonline #giveaway #clicklink,7,0,0,-0.7464,Spam/Bot Account,1
twdemo_000002,"This changed everything for me. No experience needed, just a phone. Over 76 people already joined this week. Link in bio, click now. 🛒✅",#getrichquick #dmforprice #freeprize #followforfollow #makemoneyonline #cryptosignals #clicklink,6,1,0,-0.296,Spam/Bot Account,1
twdemo_000002,"I wasn't going to share this but... It's 100% legit, I was skeptical too. Brian just signed up, you're next. Comment before it's gone.",#cryptosignals #clicklink #giveaway #onlyfollowers,1,0,0,-0.5258,Spam/Bot Account,1
twdemo_000002,"🚨 LAST CHANCE 🚨 This is not a scam, I promise. Spot number 8 just opened up. ✅🔥",#followforfollow #freeprize #clicklink #onlyfollowers #makemoneyonline #giveaway #getrichquick,1,0,0,0.7123,Spam/Bot Account,1
twdemo_000002,"Stop scrolling, read this. This is not a scam, I promise. Slot 76 almost gone. Comment before it's gone. 🔥🛒",#dmforprice #cashapp #onlyfollowers #makemoneyonline #freeprize #clicklink,7,1,0,0.1774,Spam/Bot Account,1
twdemo_000002,"🚨 LAST CHANCE 🚨 Thousands already joined, don't miss out. Over 57 people already joined this week. 🔥💰",#getrichquick #makemoneyonline #freeprize #onlyfollowers #giveaway #followforfollow,3,0,0,0.1967,Spam/Bot Account,1
twdemo_000002,"You NEED to see this. No experience needed, just a phone. Faith just signed up, you're next. DM me 'START' immediately.",#onlyfollowers #cashapp #cryptosignals #getrichquick #freeprize #makemoneyonline,5,2,0,0.0772,Spam/Bot Account,1
twdemo_000002,"Stop scrolling, read this. It's 100% legit, I was skeptical too. Started in East Gabrielaville, now everywhere. Link in bio, click now. 💰",#makemoneyonline #followforfollow,1,0,0,-0.5423,Spam/Bot Account,1
twdemo_000003,"I don't get to say this enough. This journey keeps surprising me. Since 2022, the journey continues. DM me directly here. 🎉💪",,424,24,74,0.5859,Celebrity Impersonator,1
twdemo_000003,"I see all of your messages, truly. None of this would matter without you. 28 years in this industry now.",,416,28,4,0.4588,Celebrity Impersonator,1
twdemo_000003,"A quick note from me to you. New project details coming very soon. Since 2020, still going strong. Follow only this page. ✨",,183,6,9,0.6808,Celebrity Impersonator,1
twdemo_000003,"Something special is coming, stay tuned. Ignore anyone claiming to be my manager elsewhere. 88 years in this industry now. Follow only this page.",,904,31,18,0.0516,Celebrity Impersonator,1
twdemo_000003,"Something special is coming, stay tuned. Grateful for every one of you every single day. Since 2016, the journey continues. Share this so others know it's real.",,305,10,7,0.7845,Celebrity Impersonator,1
twdemo_000003,"This account is really me, I promise. Grateful for every one of you every single day. 94 years in this industry now. Share this so others know it's real. 🎉🙌",,106,7,7,0.8578,Celebrity Impersonator,1
twdemo_000004,"New PR today! Form over ego, always. Week 33 of the plan, feeling stronger.",#strength #training #cardio #gymlife #nutrition,602,73,31,0.5255,Fitness Creator,0
twdemo_000004,Back-to-back sessions today. Strength carries over into everything else. Shoutout to Randall for showing up every day.,#healthylifestyle,264,16,4,0.4939,Fitness Creator,0
twdemo_000004,Early morning session before work. Strength carries over into everything else. Client hit a 69 pound PR today.,#strength #nutrition,274,51,7,0.4939,Fitness Creator,0
twdemo_000004,Deload week starts now. Fueling properly made a huge difference. 36 minutes of mobility work this morning. Tag your gym partner.,#nutrition #workout #healthylifestyle,290,34,9,0.3182,Fitness Creator,0
twdemo_000004,"Recovery day, mobility work only. Progress isn't always linear, and that's fine. Day 61 of the program. 🏋️",#strength #fitfam #gymlife #nutrition,253,24,5,0.5574,Fitness Creator,0
twdemo_000004,"Recovery day, mobility work only. Strength carries over into everything else. Logged 91 miles this week. Tag your gym partner. 🏋️🏃",#fitfam #nutrition #workout #gymlife #cardio,271,42,9,0.4939,Fitness Creator,0
twdemo_000004,New PR today! Sleep is still the most underrated recovery tool. Day 44 of the program. Tag your gym partner.,,215,18,5,0.0,Fitness Creator,0
twdemo_000004,Coaching client hit a big milestone. Sleep is still the most underrated recovery tool. Coaching 65 clients this cycle. Save this for your next session. 🥗🔥,#healthylifestyle #workout #training #gymlife #fitfam,221,28,7,0.2023,Fitness Creator,0
twdemo_000004,"Programming update for the week. Slow and controlled beats fast and sloppy. Tagging Tracy, my training partner today. 🔥",#workout,125,9,3,-0.34,Fitness Creator,0
twdemo_000005,Group project update: Turns out procrastination is a full-time job. Studying in North Kristyland has its perks. 🌟,,11,1,0,0.0,Student,0
twdemo_000005,"Coffee run before class. My professor just dropped a pop quiz, send help. Ran into Stacie at the library again. ✨",#finals #studygram,17,1,1,0.6124,Student,0
twdemo_000005,Another day surviving Turnerberg University. Turns out procrastination is a full-time job. Can't believe it's already 2019.,#studentlife #gradstudent #campus,7,1,0,0.296,Student,0
twdemo_000005,"Coffee run before class. Library until it closes, again. Number 90 on my to-do list: sleep. 💪🎉",#studygram #finals,10,0,0,0.4588,Student,0
twdemo_000005,Group project update: Turns out procrastination is a full-time job. Studying in Alexandrafurt has its perks. 😊🎉,,9,0,0,0.8271,Student,0
twdemo_000005,"Coffee run before class. Library until it closes, again. Fun fact: I've switched majors 59 times. Wish me luck.",#finals #studygram #college,14,1,0,0.8402,Student,0
twdemo_000005,"Coffee run before class. My professor just dropped a pop quiz, send help. This is assignment number 19 this semester. Send snacks.",,4,0,0,0.4588,Student,0
twdemo_000005,"Group project update: Library until it closes, again. Somewhere in Davisport, probably procrastinating. 🙌✨",,10,1,0,0.3182,Student,0
twdemo_000005,Campus is so pretty in South Mary today. Somehow still passing my classes. Officially 36 credits away from graduating. 🎬,#college #gradstudent,14,1,1,0.7661,Student,0
twdemo_000005,Study session with Ashley turned into a nap. Somehow still passing my classes. Fun fact: I've switched majors 18 times. 💪,#campus #gradstudent,9,0,0,0.5106,Student,0
twdemo_000005,Study session with Johnny turned into a nap. Turns out procrastination is a full-time job. Currently 19 days away from break. 😊🎬,,14,1,0,0.7184,Student,0
twdemo_000006,"This might be my favorite collab yet. My followers deserve the best recommendations. Tagging Brenda, my glam team today. 😍👑",,499,13,3,0.8807,Fake Influencer,1
twdemo_000006,Unboxing my favorite package of the month. Partnering with brands I actually love. Brand deal number 98 this month.,#sponsored #musthave #linkinbio,92,2,1,0.8176,Fake Influencer,1
twdemo_000006,Obsessed with this new find. My followers deserve the best recommendations. Shot this in Parsonsside. 😍✨,#influencer #musthave,217,3,1,0.8316,Fake Influencer,1
twdemo_000006,"Another day, another shoot. So grateful for opportunities like this. Since 2025, this has been the dream. Packing for West Anthonyshire again this week. Shop this look now.",,254,5,1,0.8329,Fake Influencer,1
twdemo_000006,"Living for moments like this. Honestly didn't expect to love this as much as I do. Since 2025, this has been the dream.",,955,40,27,0.5621,Fake Influencer,1
twdemo_000006,This brand sent me the best package. Can't believe I get to call this my job. Outfit number 17 of the week. Shop this look now.,#brandpartner #trending #collab,47,2,0,0.6705,Fake Influencer,1
twdemo_000006,Golden hour never disappoints. Partnering with brands I actually love. Look number 42 from this campaign. Packing for New Sean again this week. Link in bio for the discount.,#linkinbio #trending #collab,123,6,0,0.7707,Fake Influencer,1
twdemo_000006,Today's shoot was a whole vibe. Use my code for a discount. Look number 73 from this campaign. Can't believe it's already 2018.,#trending #influencer,282,6,3,-0.2732,Fake Influencer,1
twdemo_000006,This brand sent me the best package. So many of you have been asking about this. Can't believe it's already 2025. Code is my username at checkout.,#lifestyle #collab #brandpartner,228,6,1,0.6369,Fake Influencer,1
twdemo_000006,"Obsessed with this new find. My followers deserve the best recommendations. Trip number 33 this year, no complaints. So many of you asked for this, here it is. Link in bio for the discount. 😍📸",,198,3,4,0.8425,Fake Influencer,1
twdemo_000006,"Unboxing my favorite package of the month. This is going straight into my everyday rotation. Trip number 51 this year, no complaints. Since 2017, this has been the dream. ✨💖",#ad #influencer #musthave,116,6,0,0.9447,Fake Influencer,1
twdemo_000006,Unboxing my favorite package of the month. Can't believe I get to call this my job. DM for collab details.,#lifestyle #trending #brandpartner #sponsored #discountcode,131,4,1,0.4588,Fake Influencer,1
twdemo_000006,"Obsessed with this new find. Can't believe I get to call this my job. Trip number 64 this year, no complaints. DM for collab details.",,151,11,1,0.2163,Fake Influencer,1
twdemo_000006,Unboxing my favorite package of the month. So many of you have been asking about this. Look number 47 from this campaign. Packing for North Patriciamouth again this week. Link in bio for the discount. 💅✨,#linkinbio #musthave #sponsored #influencer,280,23,4,0.6808,Fake Influencer,1
twdemo_000007,"Everyone is asking how I did this so fast. Thousands already joined, don't miss out. Ethan just signed up, you're next. Tap the link in my story. 👉",,41,6,1,0.1139,Spam/Bot Account,1
twdemo_000007,"You NEED to see this. No experience needed, just a phone. DM me 'START' immediately. 💯",#followforfollow #clicklink #freeprize #dmforprice #makemoneyonline,13,0,0,-0.3612,Spam/Bot Account,1
twdemo_000007,"Stop scrolling, read this. Thousands already joined, don't miss out. This worked for Heidi too, ask them. 💯",#followforfollow #cryptosignals #freeprize #dmforprice #onlyfollowers #makemoneyonline #clicklink,50,2,1,-0.1916,Spam/Bot Account,1
twdemo_000007,"Stop scrolling, read this. Spots are filling up fast. Started in Muellerfort, now everywhere. Link in bio, click now. 💰🛒",,7,1,0,-0.296,Spam/Bot Account,1
twdemo_000007,"🚨 LAST CHANCE 🚨 No experience needed, just a phone. 97 people can't all be wrong. 💯🎁",#giveaway #makemoneyonline #followforfollow #freeprize #dmforprice #cryptosignals #getrichquick,6,1,0,0.7173,Spam/Bot Account,1
twdemo_000007,🚨 LAST CHANCE 🚨 Made more money this week than my old job paid monthly. Only 73 spots left today. Comment before it's gone. 🎁,#dmforprice #followforfollow #cashapp #getrichquick #onlyfollowers,9,0,0,0.6841,Spam/Bot Account,1
twdemo_000007,"🚨 LAST CHANCE 🚨 Spots are filling up fast. Ann just signed up, you're next. Link in bio, click now. ✅🛒",,14,1,0,0.4084,Spam/Bot Account,1
twdemo_000007,"🚨 LAST CHANCE 🚨 Spots are filling up fast. Started in Nicholeborough, now everywhere. Tap the link in my story. 🛒🔥",#followforfollow #getrichquick #makemoneyonline,18,2,1,0.0857,Spam/Bot Account,1
twdemo_000007,"🚨 LAST CHANCE 🚨 This is not a scam, I promise. Message number 73 today, still going. Tap the link in my story. 🔥",,18,1,2,0.7123,Spam/Bot Account,1
twdemo_000007,Everyone is asking how I did this so fast. Made more money this week than my old job paid monthly. Only 62 spots left today. 🎁📩,#dmforprice #makemoneyonline,19,0,1,0.4404,Spam/Bot Account,1
twdemo_000008,"Group project update: My professor just dropped a pop quiz, send help. Group chat with Dana is unhinged today. 📚🌟",#gradstudent #campus #studygram,33,4,1,0.4019,Student,0
twdemo_000008,Group project update: Turns out procrastination is a full-time job. ✨,#studybreak,21,1,0,0.3182,Student,0
twdemo_000008,Campus is so pretty in Goodport today. Dorm life really tests your patience. Shoutout to Paul for the study session. 🎉🌟,,24,3,1,0.7793,Student,0
twdemo_000008,Finals season has me questioning everything. Somehow still passing my classes. Shoutout to Sabrina for the study session. Wish me luck. 💪🐾,,43,3,2,0.6486,Student,0
twdemo_000008,Campus is so pretty in Robertburgh today. Somehow still passing my classes. Number 39 on my to-do list: sleep.,,20,1,0,0.6615,Student,0
twdemo_000008,"Another day surviving Nicoleside University. My professor just dropped a pop quiz, send help. Tagging Melinda because they'd get this. 📚",#studentlife #campus #finals,45,2,1,0.5994,Student,0
twdemo_000009,"Coffee run before class. Dorm life really tests your patience. Somewhere in Camerontown, probably procrastinating. Tell me it gets easier.",,18,2,0,0.4215,Student,0
twdemo_000009,Study session with Justin turned into a nap. Somehow still passing my classes. Currently 52 cups of coffee deep today. Send snacks.,,17,1,0,0.0,Student,0
twdemo_000009,Another day surviving Port Jacquelineburgh University. Somehow still passing my classes. Ran into Devin at the library again. ☕,#studybreak,30,4,0,0.296,Student,0
twdemo_000009,Campus is so pretty in West Devinhaven today. Dorm life really tests your patience. Campus tour 14 for prospective students today. 🐾💪,#dormlife #finals #studygram,10,1,0,0.6269,Student,0
twdemo_000009,"Campus is so pretty in New Zacharyshire today. Turns out procrastination is a full-time job. Somewhere in Davidfort, probably procrastinating. 🎉",#finals #gradstudent #dormlife,34,7,1,0.7793,Student,0
twdemo_000009,Another day surviving Garciahaven University. Turns out procrastination is a full-time job. Ran into Alexis at the library again. 💪,,25,1,1,0.296,Student,0
twdemo_000009,Coffee run before class. Dorm life really tests your patience. Currently 13 days away from break. ☕,#gradstudent #studybreak,18,3,1,0.0,Student,0
twdemo_000010,Meet the team making it happen. Your support keeps our doors open.,#entrepreneur #smallbusiness,74,6,4,0.4019,Business Account,0
twdemo_000010,New arrivals just dropped! We appreciate every single one of you. Thank you Hayesmouth for 14 years of support. Tag someone who'd love this. 💼🌍,#growth,66,2,3,0.908,Business Account,0
twdemo_000010,"Restocked your favorites. Handmade in small batches every week. Tagging Mike, one of our first customers back in 2023. 📈💼",#entrepreneur #customerfirst,141,8,10,0.4215,Business Account,0
twdemo_000010,"Small batch, made with care. Handmade in small batches every week. Shoutout to our 4th customer this week. Shop the link in bio. ✅",#entrepreneur #customerfirst #marketing,92,5,2,0.4939,Business Account,0
twdemo_000010,"New arrivals just dropped! Locally sourced, always. 27 orders packed and ready to go. 🌍",#shopsmall #hustle #smallbusiness #marketing,80,6,3,0.4199,Business Account,0
twdemo_000010,"Restocked your favorites. Locally sourced, always. Team huddle today covered 65 new ideas. DM us to order. 🌍",#localbusiness,88,8,3,0.4215,Business Account,0
twdemo_000010,"Thank you Heatherview for another great week. We appreciate every single one of you. Tagging Cathy, one of our first customers back in 2025. Limited stock available.",#localbusiness #growth #entrepreneur,22,1,0,0.8126,Business Account,0
twdemo_000010,"Restocked your favorites. Locally sourced, always. Team huddle today covered 73 new ideas.",#hustle #marketing,88,12,4,0.4215,Business Account,0
twdemo_000010,"Thank you Jacksonmouth for another great week. Locally sourced, always. Order number 58 just shipped. Tag someone who'd love this. ✅💼",#entrepreneur,63,10,2,0.9022,Business Account,0
twdemo_000010,"Small batch, made with care. Your support keeps our doors open. Based out of Williamsfort, shipping everywhere. 🌍✅",#customerfirst,32,13,2,0.7096,Business Account,0
twdemo_000010,New arrivals just dropped! Orders ship out within 2 business days. 84 orders packed and ready to go.,#growth,123,12,7,0.4199,Business Account,0
twdemo_000010,"Small batch, made with care. Your support keeps our doors open. Serving Samuelfurt since 2022.",#growth #businessowner #hustle #customerfirst,63,3,3,0.7096,Business Account,0
twdemo_000010,"Small batch, made with care. Orders ship out within 2 business days. Celebrating 94 years since we opened our doors. 🤝🌍",,40,3,3,0.7845,Business Account,0
twdemo_000010,Behind the scenes at the shop today. Your support keeps our doors open. Serving Lake Angelaview since 2023. Shop the link in bio. 🔗,,55,6,2,0.4019,Business Account,0
twdemo_000011,Meet the team making it happen. We appreciate every single one of you. 65 orders packed and ready to go. DM us to order.,#hustle #customerfirst #entrepreneur,163,5,8,0.6369,Business Account,0
twdemo_000011,"Small batch, made with care. Handmade in small batches every week.",,181,8,12,0.4939,Business Account,0
twdemo_000011,"Small batch, made with care. Locally sourced, always. Customer number 95 just left a five-star review. 🔗",#startup #marketing #smallbusiness,120,6,8,0.5423,Business Account,0
twdemo_000011,Behind the scenes at the shop today. Custom requests are always welcome. Customer number 62 just left a five-star review. Tag someone who'd love this. 🔗,#hustle #customerfirst,215,36,7,0.8176,Business Account,0
twdemo_000011,Thank you North Coryville for another great week. Custom requests are always welcome. Thank you Grossburgh for 35 years of support. Limited stock available. 💼🌍,#entrepreneur #customerfirst #shopsmall,136,7,3,0.9169,Business Account,0
twdemo_000011,Restocked your favorites. Custom requests are always welcome. Proudly 91 years in business this 2021. 🌍💼,#localbusiness #customerfirst,155,4,6,0.8555,Business Account,0
twdemo_000011,"Small batch, made with care. Your support keeps our doors open. Celebrating 78 years since we opened our doors. 📈✅",#marketing #hustle,76,8,10,0.8625,Business Account,0
twdemo_000011,Meet the team making it happen. Handmade in small batches every week. Thank you East Jameschester for 76 years of support. Limited stock available.,#startup #marketing #entrepreneur #growth,125,7,4,0.5106,Business Account,0
twdemo_000011,Restocked your favorites. Your support keeps our doors open. Shoutout to our 28th customer this week. Limited stock available. 💼,#growth,531,31,34,0.5574,Business Account,0
twdemo_000011,"Meet the team making it happen. Custom requests are always welcome. Tagging Jerry, one of our first customers back in 2019. Tag someone who'd love this. 🌍📈",#growth #smallbusiness,240,30,26,0.802,Business Account,0
twdemo_000011,"Thank you West David for another great week. Your support keeps our doors open. Tagging Paul, one of our first customers back in 2020. Tag someone who'd love this. 🌍",#marketing,171,50,6,0.926,Business Account,0
twdemo_000012,"Small batch, made with care. We appreciate every single one of you. Serving Port Andrewview since 2015. Shop the link in bio. 🔗",#startup,68,7,2,0.7096,Business Account,0
twdemo_000012,"Small batch, made with care. Locally sourced, always. Batch number 47 restocked today. Shop the link in bio. 🔗✅",#hustle,60,3,2,0.5423,Business Account,0
twdemo_000012,"Small batch, made with care. Locally sourced, always. 75 orders packed and ready to go. Limited stock available.",#shopsmall #marketing #businessowner,66,2,1,0.5859,Business Account,0
twdemo_000012,"Restocked your favorites. Locally sourced, always. Serving Bennettmouth since 2015.",,76,11,2,0.4215,Business Account,0
twdemo_000012,Restocked your favorites. We appreciate every single one of you. Batch number 32 restocked today. 🔗,#marketing,60,7,2,0.7003,Business Account,0
twdemo_000012,Restocked your favorites. We appreciate every single one of you. Batch number 49 restocked today. Tag someone who'd love this. 🔗,#businessowner #smallbusiness #hustle,102,15,6,0.875,Business Account,0
twdemo_000012,Thank you Robinsonside for another great week. We appreciate every single one of you. Batch number 52 restocked today. 🔗💼,#entrepreneur #customerfirst #shopsmall,87,11,4,0.8625,Business Account,0
twdemo_000012,Meet the team making it happen. Orders ship out within 2 business days. Customer number 63 just left a five-star review. Limited stock available. 📈🤝,#startup #growth #smallbusiness,223,12,8,-0.1531,Business Account,0
twdemo_000013,I don't get to say this enough. Grateful for every one of you every single day. Project number 29 coming together nicely. DM me directly here.,,39,15,1,0.7351,Celebrity Impersonator,1
twdemo_000013,"Something special is coming, stay tuned. None of this would matter without you. Project number 23 coming together nicely. Follow only this page.",#trending #official,66,5,5,0.6681,Celebrity Impersonator,1
twdemo_000013,"A quick note from me to you. None of this would matter without you. Tagging Michelle, thank you for believing in this.",,6,1,0,0.3818,Celebrity Impersonator,1
twdemo_000013,Taking a moment to say thank you. There's more coming that I can't wait to share. Project number 41 coming together nicely.,#trending #exclusive,11,1,0,0.5875,Celebrity Impersonator,1
twdemo_000013,Important announcement coming soon. This journey keeps surprising me. 16 years in this industry now. Share this so others know it's real.,#celebrity #exclusive,3,1,0,0.6249,Celebrity Impersonator,1
twdemo_000013,I don't get to say this enough. I read every message even if I can't reply to all. Thank you Elizabeth for the constant support. DM me directly here. 🎬,#official #trending,13,5,0,0.6369,Celebrity Impersonator,1
twdemo_000013,"Taking a moment to say thank you. New project details coming very soon. Message number 20 today, reading every one. Project number 14 coming together nicely. 🙌🐾",#fanpage,9,1,0,0.7402,Celebrity Impersonator,1
twdemo_000014,"🚨 LAST CHANCE 🚨 No experience needed, just a phone. Only 67 spots left today. DM me 'START' immediately. 👉",,9,0,0,0.1363,Spam/Bot Account,1
twdemo_000014,"🚨 LAST CHANCE 🚨 It's 100% legit, I was skeptical too. Spot number 68 just opened up. DM me 'START' immediately. 🛒",#cashapp #freeprize #getrichquick #makemoneyonline #followforfollow #clicklink #cryptosignals,2,0,0,0.186,Spam/Bot Account,1
twdemo_000014,"Everyone is asking how I did this so fast. Thousands already joined, don't miss out. Since 2016, thousands have joined. Link in bio, click now.",#makemoneyonline #onlyfollowers #followforfollow #giveaway #getrichquick #freeprize #cryptosignals,11,1,0,0.1139,Spam/Bot Account,1
twdemo_000014,"This changed everything for me. It's 100% legit, I was skeptical too. Message number 53 today, still going. 🔥📩",#clicklink #cryptosignals #freeprize #makemoneyonline,4,0,0,-0.5267,Spam/Bot Account,1
twdemo_000014,🚨 LAST CHANCE 🚨 Spots are filling up fast. Slot 96 almost gone. DM me 'START' immediately. 📩💯,#freeprize #makemoneyonline #dmforprice #giveaway #cryptosignals,18,1,0,0.4084,Spam/Bot Account,1
twdemo_000014,"This changed everything for me. It's 100% legit, I was skeptical too. Already helped 21 people this 2022. Tap the link in my story.",#freeprize #dmforprice #clicklink #giveaway #followforfollow #makemoneyonline,17,1,0,-0.3182,Spam/Bot Account,1
twdemo_000014,"Stop scrolling, read this. Spots are filling up fast. 🎁",#giveaway #cashapp #onlyfollowers #followforfollow #makemoneyonline #freeprize #dmforprice,4,1,0,0.1779,Spam/Bot Account,1
twdemo_000014,"Stop scrolling, read this. It's 100% legit, I was skeptical too. Over 6 people already joined this week. Comment before it's gone. 🔥📩",#dmforprice #onlyfollowers #followforfollow #clicklink #cryptosignals,1,0,0,-0.7096,Spam/Bot Account,1
twdemo_000014,"Stop scrolling, read this. No experience needed, just a phone. Only 67 spots left today. Tap the link in my story.",#makemoneyonline #getrichquick #cryptosignals #cashapp #dmforprice #giveaway #onlyfollowers,3,0,0,-0.5719,Spam/Bot Account,1
twdemo_000014,"You NEED to see this. Spots are filling up fast. 41 people can't all be wrong. Link in bio, click now. 🛒🎁",,2,0,0,0.6656,Spam/Bot Account,1
twdemo_000014,"I wasn't going to share this but... Made more money this week than my old job paid monthly. Message number 74 today, still going. Link in bio, click now. ✅💰",,7,0,0,0.0015,Spam/Bot Account,1
twdemo_000014,"🚨 LAST CHANCE 🚨 It's 100% legit, I was skeptical too. This worked for William too, ask them. 🎁📩",#makemoneyonline #cryptosignals,16,0,0,0.516,Spam/Bot Account,1
twdemo_000014,"This changed everything for me. It's 100% legit, I was skeptical too. John just signed up, you're next. Tap the link in my story. 🔥",,2,0,0,-0.5719,Spam/Bot Account,1
twdemo_000014,"I wasn't going to share this but... Spots are filling up fast. Message number 24 today, still going. Comment before it's gone.",#cashapp #cryptosignals #clicklink #giveaway #dmforprice #freeprize #onlyfollowers,5,0,0,0.0015,Spam/Bot Account,1
twdemo_000014,You NEED to see this. Spots are filling up fast. Already helped 60 people this 2017. Tap the link in my story. 💯,#freeprize #onlyfollowers #giveaway,5,0,0,0.0,Spam/Bot Account,1
twdemo_000015,Finals season has me questioning everything. Dorm life really tests your patience. Shoutout to Wendy for the study session. ☕🌟,#university #gradstudent,51,6,1,-0.1027,Student,0
twdemo_000015,"Coffee run before class. My professor just dropped a pop quiz, send help. Can't believe it's already 2022.",#classof2026 #campus #studygram,26,4,0,0.4019,Student,0
twdemo_000015,Study session with Rachel turned into a nap. Turns out procrastination is a full-time job. Studying in Patelmouth has its perks.,#studentlife #finals #gradstudent,52,6,1,0.0,Student,0
twdemo_000015,Finals season has me questioning everything. Turns out procrastination is a full-time job. Officially 2 credits away from graduating.,,29,4,1,0.2732,Student,0
twdemo_000015,"Finals season has me questioning everything. Library until it closes, again. Group chat with Anthony is unhinged today.",#college #university,57,4,1,-0.1027,Student,0
twdemo_000015,"Campus is so pretty in Parkland today. My professor just dropped a pop quiz, send help. Officially 38 credits away from graduating.",,23,1,0,0.8525,Student,0
twdemo_000015,Another day surviving East Lauren University. Somehow still passing my classes. Studying in Port Jennifer has its perks. Tell me it gets easier.,,44,3,0,0.6124,Student,0
twdemo_000015,Another day surviving West Glendastad University. Somehow still passing my classes. Tagging Charlene because they'd get this. 🐾🎬,#studygram #university,25,3,0,0.296,Student,0
twdemo_000016,Study session with Eric turned into a nap. Ranking my classes from bearable to soul-crushing. Fun fact: I've switched majors 53 times.,#gradstudent #dormlife #classof2026,286,37,4,0.5106,Celebrity Impersonator,1
twdemo_000016,Finals season has me questioning everything. Turns out procrastination is a full-time job. Tagging Michael because they'd get this.,,59,4,0,-0.1027,Celebrity Impersonator,1
twdemo_000016,Study session with Richard turned into a nap. Somehow still passing my classes. Studying in Kellystad has its perks.,,172,21,1,0.0,Celebrity Impersonator,1
twdemo_000016,Another day surviving Port Dan University. Ranking my classes from bearable to soul-crushing. Group chat with Theresa is unhinged today. Tell me it gets easier. 😊✨,,411,79,5,0.9062,Celebrity Impersonator,1
twdemo_000016,Finals season has me questioning everything. Ranking my classes from bearable to soul-crushing. Ran into Dylan at the library again.,,45,5,1,-0.1027,Celebrity Impersonator,1
twdemo_000016,"Group project update: My professor just dropped a pop quiz, send help. This is assignment number 2 this semester. 😊💪",,279,27,4,0.8402,Celebrity Impersonator,1
twdemo_000016,Another day surviving West Michael University. Somehow still passing my classes. Number 88 on my to-do list: sleep. Wish me luck. 🐾,#campus,75,10,3,0.802,Celebrity Impersonator,1
twdemo_000016,"Campus is so pretty in Colonton today. Turns out procrastination is a full-time job. Somewhere in South Kristen, probably procrastinating. 🌟",#university,81,4,2,0.6269,Celebrity Impersonator,1
twdemo_000016,Study session with Joshua turned into a nap. Ranking my classes from bearable to soul-crushing. Officially 16 credits away from graduating. 🌟,,135,53,2,0.3612,Celebrity Impersonator,1
twdemo_000016,Another day surviving Annashire University. Somehow still passing my classes. Campus tour 97 for prospective students today.,#studybreak #classof2026,65,4,1,0.296,Celebrity Impersonator,1
twdemo_000016,"Coffee run before class. Library until it closes, again. Ran into Charles at the library again. Send snacks.",#gradstudent #studygram,70,28,3,0.0,Celebrity Impersonator,1
twdemo_000016,Coffee run before class. Somehow still passing my classes. Officially 85 credits away from graduating.,#dormlife #university #campus,163,13,7,0.3612,Celebrity Impersonator,1
twdemo_000016,Campus is so pretty in Rayville today. Turns out procrastination is a full-time job. Tell me it gets easier.,,146,35,9,0.7855,Celebrity Impersonator,1
twdemo_000016,"Finals season has me questioning everything. My professor just dropped a pop quiz, send help. Tagging Beth because they'd get this.",,75,11,6,0.3182,Celebrity Impersonator,1
twdemo_000016,"Another day surviving Monicaberg University. Library until it closes, again. Shoutout to Mary for the study session. Someone quiz me please. ✨",#university #gradstudent #classof2026,180,13,3,0.7003,Celebrity Impersonator,1
twdemo_000017,"Group project update: My professor just dropped a pop quiz, send help. Tagging Lisa because they'd get this.",,29,3,1,0.4019,Student,0
twdemo_000017,"Campus is so pretty in West Cassandra today. My professor just dropped a pop quiz, send help. Ran into Scott at the library again.",#studygram #college,19,1,1,0.7793,Student,0
twdemo_000017,Coffee run before class. Ranking my classes from bearable to soul-crushing. Fun fact: I've switched majors 63 times. Someone quiz me please. 🎉,#studybreak #studentlife,15,1,1,0.8074,Student,0
twdemo_000017,"Campus is so pretty in New Chelseahaven today. My professor just dropped a pop quiz, send help. This is assignment number 88 this semester.",,48,7,2,0.7973,Student,0
twdemo_000017,Group project update: Ranking my classes from bearable to soul-crushing. Officially 59 credits away from graduating. 💪🐾,#college,57,10,2,0.3612,Student,0
twdemo_000017,Group project update: Dorm life really tests your patience. Officially 92 credits away from graduating. Someone quiz me please.,#college #gradstudent,35,7,0,0.5859,Student,0
twdemo_000017,Finals season has me questioning everything. Dorm life really tests your patience. Campus tour 30 for prospective students today. Wish me luck. 💪,,17,1,0,0.6486,Student,0
twdemo_000017,"Group project update: My professor just dropped a pop quiz, send help. Number 65 on my to-do list: sleep. Someone quiz me please. 🙌☕",#gradstudent #studybreak #studentlife,14,4,0,0.6486,Student,0
twdemo_000017,Campus is so pretty in South Arthurview today. Somehow still passing my classes. Officially 67 credits away from graduating.,,14,2,1,0.7661,Student,0
twdemo_000018,"Spent way too long on a bug today. Turned out to be a missing semicolon. This is bug ticket number 19, send help. 💻",#python #coding,207,19,4,0.2023,Developer,0
twdemo_000018,Refactoring old code I wrote a year ago. Naming things is still the hardest part. Deploy number 48 of the week. 🚀💻,,150,23,5,0.0772,Developer,0
twdemo_000018,Learning a new part of the stack this week. Turned out to be a missing semicolon. Sprint 62 wrapped up today. 💻,#opensource #coding,100,3,1,-0.296,Developer,0
twdemo_000018,"Gave a lunch-and-learn at Bowers, Williams and Franklin today. The code review comments humbled me. Standup update: 88 things fixed today. 🧠",,27,1,0,0.0,Developer,0
twdemo_000018,Learning a new part of the stack this week. Pairing with a teammate made it so much faster. PR number 83 finally merged.,,106,8,1,0.0772,Developer,0
twdemo_000018,"On-call was quiet for once. Linting caught it before it shipped, thankfully. Tagging Curtis, they'll appreciate this one. Repo link below.",,224,12,2,0.6705,Developer,0
twdemo_000018,Refactoring old code I wrote a year ago. Turns out the cache was the whole problem. Still can't believe it's 2020 and this bug exists. Open to feedback. 🔧📦,,68,8,0,-0.4019,Developer,0
twdemo_000018,"Shipped a small feature at Solomon, Ferguson and Reeves. Linting caught it before it shipped, thankfully. Tagging Valerie, they'll appreciate this one. Repo link below. 🚀",#coding,373,26,1,0.6705,Developer,0
twdemo_000018,"Shipped a small feature at Harris, Williams and Herrera. The fix was smaller than the investigation. Currently on commit number 69 of this refactor. 💻",,86,8,1,0.3612,Developer,0
twdemo_000018,Finally got the tests passing. Pairing with a teammate made it so much faster. Pairing with Adam made this so much faster.,,47,3,1,0.0,Developer,0
twdemo_000018,"Shipped a small feature at Garcia, Mitchell and Arnold. Docs were wrong but figured it out eventually. Tagging Carrie, they'll appreciate this one.",#webdev #programmer,96,7,1,0.3612,Developer,0
twdemo_000018,Learning a new part of the stack this week. The code review comments humbled me. 54 tabs of documentation open right now. AMA about the stack. ⚙️,#python #buildinpublic,60,2,1,0.0,Developer,0
twdemo_000019,Everyone is asking how I did this so fast. Made more money this week than my old job paid monthly. 43 people can't all be wrong. 📩,#cryptosignals #dmforprice,215,114,9,0.3724,Spam/Bot Account,1
twdemo_000019,"Everyone is asking how I did this so fast. Thousands already joined, don't miss out. Message number 14 today, still going.",#cryptosignals #cashapp #followforfollow #freeprize,528,61,7,0.1887,Spam/Bot Account,1
twdemo_000019,I wasn't going to share this but... Made more money this week than my old job paid monthly. Spot number 46 just opened up. 🛒💯,#cryptosignals #giveaway #cashapp #getrichquick,245,45,14,0.0015,Spam/Bot Account,1
twdemo_000019,"You NEED to see this. Thousands already joined, don't miss out. Over 75 people already joined this week. Link in bio, click now. 📩💰",#freeprize #followforfollow #giveaway #clicklink #dmforprice,722,245,24,0.1139,Spam/Bot Account,1
twdemo_000019,"This changed everything for me. Thousands already joined, don't miss out. Started in Jamesfort, now everywhere. DM me 'START' immediately.",#followforfollow #onlyfollowers #cashapp #clicklink,366,101,14,0.1139,Spam/Bot Account,1
twdemo_000019,"This changed everything for me. Thousands already joined, don't miss out. Spot number 10 just opened up. Link in bio, click now. 👉🛒",,458,25,4,0.1887,Spam/Bot Account,1
twdemo_000019,"🚨 LAST CHANCE 🚨 It's 100% legit, I was skeptical too. Slot 10 almost gone. 📩",#cryptosignals #freeprize,1149,63,100,0.1111,Spam/Bot Account,1
twdemo_000019,"This changed everything for me. Thousands already joined, don't miss out. Over 36 people already joined this week. Tap the link in my story. 🛒🔥",#followforfollow #cryptosignals #clicklink #makemoneyonline #cashapp #dmforprice,508,37,5,-0.2396,Spam/Bot Account,1
twdemo_000020,Meet the team making it happen. We appreciate every single one of you. Customer number 87 just left a five-star review. Limited stock available.,#hustle,65,4,1,0.2732,Business Account,0
twdemo_000020,Meet the team making it happen. Orders ship out within 2 business days. Celebrating 18 years since we opened our doors.,#growth #marketing #smallbusiness #customerfirst,133,15,2,0.5719,Business Account,0
twdemo_000020,Restocked your favorites. We appreciate every single one of you. Team huddle today covered 82 new ideas. Shop the link in bio.,#shopsmall #marketing,94,14,1,0.6705,Business Account,0
twdemo_000020,Restocked your favorites. Your support keeps our doors open. Customer number 55 just left a five-star review. 🤝,,55,3,0,0.7003,Business Account,0
twdemo_000020,"Meet the team making it happen. Locally sourced, always. Order number 27 just shipped.",#businessowner,104,8,1,0.0772,Business Account,0
twdemo_000021,Restocked your favorites. We appreciate every single one of you. Thank you Smithland for 58 years of support. 💼📈,#smallbusiness,2,0,0,0.8658,Spam/Bot Account,1
twdemo_000021,Behind the scenes at the shop today. Handmade in small batches every week. Batch number 9 restocked today. 🌍📈,,2,0,0,0.0772,Spam/Bot Account,1
twdemo_000021,Meet the team making it happen. Orders ship out within 2 business days. Celebrating 44 years since we opened our doors. Shop the link in bio.,,3,0,0,0.5719,Spam/Bot Account,1
twdemo_000021,Behind the scenes at the shop today. Custom requests are always welcome. Celebrating 95 years since we opened our doors. Tag someone who'd love this. 🌍✅,#shopsmall #marketing #smallbusiness,2,0,0,0.8979,Spam/Bot Account,1
twdemo_000021,"Small batch, made with care. Orders ship out within 2 business days. 26 orders packed and ready to go. Tag someone who'd love this. 🔗",,4,0,0,0.872,Spam/Bot Account,1
twdemo_000021,"Meet the team making it happen. We appreciate every single one of you. Based out of South Kennethbury, shipping everywhere. Shop the link in bio.",#entrepreneur,2,0,0,0.4019,Spam/Bot Account,1
twdemo_000021,"Small batch, made with care. Orders ship out within 2 business days. Team huddle today covered 11 new ideas. DM us to order.",,2,0,0,0.4939,Spam/Bot Account,1
twdemo_000021,"Restocked your favorites. Locally sourced, always. Serving New Caitlin since 2025. ✅",#businessowner #smallbusiness,4,0,0,0.4215,Spam/Bot Account,1
twdemo_000021,Meet the team making it happen. Orders ship out within 2 business days. Team huddle today covered 85 new ideas. 🤝,#marketing #customerfirst #hustle #shopsmall,2,0,0,0.0,Spam/Bot Account,1
twdemo_000021,Restocked your favorites. We appreciate every single one of you. 46 orders packed and ready to go.,#hustle #customerfirst #growth,0,0,0,0.7906,Spam/Bot Account,1
twdemo_000021,Restocked your favorites. Your support keeps our doors open. Serving Lake Valerie since 2023. Tag someone who'd love this.,#shopsmall #growth,1,0,0,0.8658,Spam/Bot Account,1
twdemo_000021,New arrivals just dropped! Custom requests are always welcome. Team huddle today covered 16 new ideas. DM us to order. 🌍✅,,2,0,0,0.5093,Spam/Bot Account,1
twdemo_000021,Thank you Lake Lindsey for another great week. We appreciate every single one of you. Team huddle today covered 5 new ideas.,#startup #localbusiness #growth,3,0,0,0.8519,Spam/Bot Account,1
twdemo_000021,Meet the team making it happen. Handmade in small batches every week.,#customerfirst #startup #businessowner,4,0,0,0.0,Spam/Bot Account,1
twdemo_000022,Shipped a small feature at Hill-Gonzales. The code review comments humbled me. Working out of New Danielleshire this 2022. 📦,,34,4,1,0.0,Developer,0
twdemo_000022,Rewrote a script that's been bugging me for weeks. Past me really did not comment anything. PR number 31 finally merged.,#javascript,64,4,1,0.0772,Developer,0
twdemo_000022,Refactoring old code I wrote a year ago. Docs were wrong but figured it out eventually. Standup update: 66 things fixed today.,,85,6,3,-0.2617,Developer,0
twdemo_000022,New side project idea just hit me at 2am. Docs were wrong but figured it out eventually. Sprint 25 wrapped up today.,,140,11,5,-0.2617,Developer,0
twdemo_000022,Migrated a service to a new framework today. The fix was smaller than the investigation. Still can't believe it's 2019 and this bug exists.,,135,5,4,0.0,Developer,0
twdemo_000022,New side project idea just hit me at 2am. Pairing with a teammate made it so much faster. Deploy number 84 of the week. ☕🐛,#coding,101,4,1,0.0772,Developer,0
twdemo_000022,Shipped a small feature at Wright PLC. Turns out the cache was the whole problem. Deploy number 74 of the week.,#javascript #developer,62,4,1,-0.34,Developer,0
twdemo_000022,Gave a lunch-and-learn at Terrell PLC today. Naming things is still the hardest part. Sprint 61 wrapped up today.,,91,5,2,0.0,Developer,0
twdemo_000022,"Gave a lunch-and-learn at Landry, Ryan and Mcdowell today. Turned out to be a missing semicolon. PR number 88 finally merged. 💻🧠",#opensource #developer,78,3,1,-0.2263,Developer,0
twdemo_000022,Rewrote a script that's been bugging me for weeks. The fix was smaller than the investigation. Deploy number 67 of the week. Curious how others solve this. ⚙️🚀,#buildinpublic,54,3,2,0.5267,Developer,0
twdemo_000023,"Important announcement coming soon. Grateful for every one of you every single day. Message number 2 today, reading every one. Tagging Jennifer, thank you for believing in this. Follow only this page. 🎉🙌",#celebrity #official,5,1,0,0.8519,Celebrity Impersonator,1
twdemo_000023,"A quick note from me to you. There's more coming that I can't wait to share. Tagging Kevin, thank you for believing in this. DM me directly here.",#fanpage,26,3,0,0.1561,Celebrity Impersonator,1
twdemo_000023,"This account is really me, I promise. New project details coming very soon. Since 2022, still going strong. DM me directly here.",,28,3,1,0.7063,Celebrity Impersonator,1
twdemo_000023,"A quick note from me to you. Ignore anyone claiming to be my manager elsewhere. Back in Christopherborough this 2024. Tagging Kylie, thank you for believing in this. Share this so others know it's real.",#exclusive,11,1,0,0.3612,Celebrity Impersonator,1
twdemo_000023,Thank you for the love this 2021. This journey keeps surprising me. Project number 81 coming together nicely. Project number 78 coming together nicely. Share this so others know it's real. 🎉,#exclusive #viral,51,7,1,0.959,Celebrity Impersonator,1
twdemo_000023,"Something special is coming, stay tuned. I read every message even if I can't reply to all. Message number 44 today, reading every one.",,9,1,1,0.4588,Celebrity Impersonator,1
twdemo_000023,Important announcement coming soon. I read every message even if I can't reply to all. Project number 81 coming together nicely. Share this so others know it's real.,,9,1,0,0.7351,Celebrity Impersonator,1
twdemo_000023,"I see all of your messages, truly. Ignore anyone claiming to be my manager elsewhere. 90 years of your support means everything. Project number 53 coming together nicely. ☕",#exclusive #trending,38,4,1,0.743,Celebrity Impersonator,1
twdemo_000023,"To my real fans: I read every message even if I can't reply to all. Message number 12 today, reading every one. Share this so others know it's real. 🌟",,9,2,0,0.3612,Celebrity Impersonator,1
twdemo_000023,Taking a moment to say thank you. New project details coming very soon. 75 years in this industry now.,,21,2,0,0.3612,Celebrity Impersonator,1
twdemo_000023,"Something special is coming, stay tuned. This journey keeps surprising me. Since 2017, the journey continues. Share this so others know it's real.",#viral #celebrity,7,0,0,0.7184,Celebrity Impersonator,1
twdemo_000023,"I see all of your messages, truly. Ignore anyone claiming to be my manager elsewhere. Project number 16 coming together nicely.",,5,1,0,0.5574,Celebrity Impersonator,1
twdemo_000023,To my real fans: New project details coming very soon. 26 years of your support means everything. DM me directly here.,,10,1,0,0.4019,Celebrity Impersonator,1
twdemo_000024,Behind the scenes at the shop today. Your support keeps our doors open. Team huddle today covered 45 new ideas.,#shopsmall #hustle,192,27,2,0.4019,Business Account,0
twdemo_000024,"Thank you Port Christopher for another great week. Locally sourced, always. Proudly 4 years in business this 2017. ✅",#hustle #customerfirst #startup #businessowner,311,67,3,0.8807,Business Account,0
twdemo_000024,New arrivals just dropped! Handmade in small batches every week. Shop the link in bio.,#growth #marketing #startup #entrepreneur,337,28,5,0.0,Business Account,0
twdemo_000024,"Meet the team making it happen. Locally sourced, always. Team huddle today covered 83 new ideas. Shop the link in bio.",,283,18,6,0.0,Business Account,0
twdemo_000024,"Behind the scenes at the shop today. Locally sourced, always. Based out of Aaronberg, shipping everywhere. Tag someone who'd love this.",#marketing #growth #localbusiness #shopsmall,471,26,6,0.6369,Business Account,0
twdemo_000024,"Restocked your favorites. Locally sourced, always. Batch number 30 restocked today. Limited stock available.",#shopsmall #smallbusiness #hustle,268,43,4,0.296,Business Account,0
twdemo_000024,"Small batch, made with care. Your support keeps our doors open. Batch number 44 restocked today. Limited stock available.",#startup,536,73,12,0.6486,Business Account,0
twdemo_000024,"New arrivals just dropped! Locally sourced, always. 46 orders packed and ready to go. 🌍",#marketing #businessowner,467,47,7,0.4199,Business Account,0
twdemo_000024,"Small batch, made with care. Handmade in small batches every week. Serving Lake Jennyborough since 2022. Limited stock available.",,407,25,7,0.3182,Business Account,0
twdemo_000024,"New arrivals just dropped! Locally sourced, always. Shop the link in bio.",#localbusiness #entrepreneur #marketing #shopsmall,443,52,5,0.0,Business Account,0
twdemo_000024,Restocked your favorites. Handmade in small batches every week. Order number 89 just shipped. Limited stock available. 🔗,,389,44,4,0.296,Business Account,0
twdemo_000024,Behind the scenes at the shop today. Handmade in small batches every week. Team huddle today covered 44 new ideas. Shop the link in bio.,#growth #customerfirst,584,49,5,0.0,Business Account,0
twdemo_000024,Behind the scenes at the shop today. Your support keeps our doors open. Shoutout to our 24th customer this week. DM us to order. 💼🤝,,304,64,4,0.4019,Business Account,0
twdemo_000025,New arrivals just dropped! Your support keeps our doors open. Order number 14 just shipped. 🤝,#startup #smallbusiness,295,15,10,0.5093,Business Account,0
twdemo_000025,"Small batch, made with care. Handmade in small batches every week. 48 orders packed and ready to go.",#marketing #hustle #smallbusiness,146,15,4,0.6908,Business Account,0
twdemo_000025,"Meet the team making it happen. Orders ship out within 2 business days. Based out of Brendamouth, shipping everywhere. Limited stock available.",#entrepreneur #startup,222,23,21,-0.2263,Business Account,0
twdemo_000025,"Small batch, made with care. We appreciate every single one of you. Serving East Carla since 2022. 📈🌍",,313,35,35,0.7096,Business Account,0
twdemo_000025,Thank you Davidmouth for another great week. Handmade in small batches every week. Order number 72 just shipped.,,120,15,7,0.7845,Business Account,0
twdemo_000025,"Thank you Lake Alexander for another great week. Your support keeps our doors open. Tagging Robert, one of our first customers back in 2018.",#entrepreneur #startup #smallbusiness #growth,541,73,39,0.8519,Business Account,0
twdemo_000025,"New arrivals just dropped! Handmade in small batches every week. Tagging John, one of our first customers back in 2015. 💼",#marketing #smallbusiness #businessowner #customerfirst,297,41,7,0.0,Business Account,0
twdemo_000025,Behind the scenes at the shop today. We appreciate every single one of you. Celebrating 16 years since we opened our doors. Tag someone who'd love this.,#growth #smallbusiness,428,34,23,0.891,Business Account,0
twdemo_000026,Leg day recap. Sleep is still the most underrated recovery tool. 84 minutes of mobility work this morning. 🏋️⚡,#nutrition #fitfam #workout #wellness #strength,897,75,75,0.0,Fitness Creator,0
twdemo_000026,Leg day recap. Sleep is still the most underrated recovery tool. Back in Lake Robert for a pop-up class this 2023. Programs linked in bio. 🏋️,#gymlife #workout,337,44,15,0.0,Fitness Creator,0
twdemo_000026,Ran a form check clinic today. Slow and controlled beats fast and sloppy. Client hit a 63 pound PR today. Tag your gym partner. 🧘🏃,#strength #fitness #workout,914,69,30,0.0,Fitness Creator,0
twdemo_000026,"Recovery day, mobility work only. Fueling properly made a huge difference. Logged 19 miles this week. Programs linked in bio. 🥗💪",#workout,1162,85,141,0.3182,Fitness Creator,0
twdemo_000026,"Back-to-back sessions today. Progress isn't always linear, and that's fine. Shoutout to Joshua for showing up every day. Tag your gym partner. 🧘",#nutrition #fitness #workout #cardio #fitfam,368,57,45,0.5574,Fitness Creator,0
twdemo_000026,Back-to-back sessions today. Fueling properly made a huge difference. Training out of West Lisaton this week. DM 'START' to work together. 🔥,#cardio #strength #wellness #workout #gymlife,459,25,9,-0.0258,Fitness Creator,0
twdemo_000026,"Back-to-back sessions today. Form over ego, always. Training out of New Mike this week. 🔥🥗",#wellness #nutrition #fitfam,296,33,25,-0.34,Fitness Creator,0
twdemo_000026,Programming update for the week. Showing up matters more than the perfect plan. Shoutout to Kelsey for showing up every day. 🏃,#fitness #cardio #fitfam,1368,79,44,0.6204,Fitness Creator,0
twdemo_000026,Programming update for the week. Strength carries over into everything else. Save this for your next session. 🏋️🧘,,682,66,19,0.7506,Fitness Creator,0
twdemo_000026,Early morning session before work. Small wins add up over months. Training out of Pamelamouth this week. Save this for your next session. 🧘💪,#wellness #workout,477,31,18,0.7845,Fitness Creator,0
twdemo_000026,"Ran a form check clinic today. Rest days are still training days. Week 97 of the plan, feeling stronger. Tag your gym partner. 🏃⚡",,366,45,12,0.4767,Fitness Creator,0
twdemo_000026,Early morning session before work. Slow and controlled beats fast and sloppy. Day 46 of the program. 🔥,#workout #wellness #training #healthylifestyle,708,47,18,-0.34,Fitness Creator,0
twdemo_000027,Unboxing my favorite package of the month. So grateful for opportunities like this. Emily styled this look. 🌴😍,#brandpartner,488,14,8,0.9352,Fake Influencer,1
twdemo_000027,"New content coming your way soon. Can't wait to show you more from this collab. Since 2017, this has been the dream. Shot this in Laneside.",#ad #linkinbio #influencer #sponsored,392,10,3,0.25,Fake Influencer,1
twdemo_000027,Can't stop wearing this lately. Partnering with brands I actually love. Filming this in Pearsontown today. Mercedes styled this look. Shop this look now. 📸💅,#ad #collab #discountcode #musthave,155,9,3,0.7259,Fake Influencer,1
twdemo_000027,This might be my favorite collab yet. Can't wait to show you more from this collab. Brand deal number 60 this month. Look number 97 from this campaign. Shop this look now. 👑📸,#ad,202,14,3,0.5574,Fake Influencer,1
twdemo_000027,This brand sent me the best package. Can't believe I get to call this my job. Look number 6 from this campaign. Code is my username at checkout. 😍💖,,438,33,7,0.9313,Fake Influencer,1
twdemo_000027,New content coming your way soon. So many of you have been asking about this. Shot this in Phelpsview. Filming this in New Todd today.,,615,16,7,0.0,Fake Influencer,1
twdemo_000027,Today's shoot was a whole vibe. Honestly didn't expect to love this as much as I do. Brand deal number 53 this month.,#linkinbio #sponsored,347,22,26,-0.3544,Fake Influencer,1
twdemo_000027,Today's shoot was a whole vibe. So grateful for opportunities like this. Brittany styled this look. Link in bio for the discount.,#trending #musthave #brandpartner,715,88,4,0.7802,Fake Influencer,1
twdemo_000027,Obsessed with this new find. This is exactly what my feed needed. Shot this in Coreyport. Code is my username at checkout.,#musthave #linkinbio #discountcode #influencer,196,6,4,-0.1779,Fake Influencer,1
twdemo_000027,"This brand sent me the best package. This is going straight into my everyday rotation. So many of you asked for this, here it is.",#lifestyle,391,36,6,0.7269,Fake Influencer,1
twdemo_000027,This might be my favorite collab yet. So many of you have been asking about this. Brand deal number 79 this month. Look number 91 from this campaign. Link in bio for the discount. 🌴,#sponsored #collab #ad #musthave #influencer,320,12,2,0.5574,Fake Influencer,1
twdemo_000027,This brand sent me the best package. My followers deserve the best recommendations. Look number 11 from this campaign. DM for collab details. 💅,#sponsored #brandpartner #trending #collab #musthave,354,46,7,0.8658,Fake Influencer,1
twdemo_000028,Thank you Port George for another great week. Handmade in small batches every week. Batch number 43 restocked today. ✅,#entrepreneur #marketing #businessowner #customerfirst,238,55,7,0.7845,Business Account,0
twdemo_000028,Behind the scenes at the shop today. We appreciate every single one of you. 30 orders packed and ready to go. DM us to order.,#entrepreneur #growth #startup #shopsmall,78,7,2,0.6369,Business Account,0
twdemo_000028,"Small batch, made with care. Locally sourced, always. 16 orders packed and ready to go. Limited stock available.",#entrepreneur,212,17,2,0.5859,Business Account,0
twdemo_000028,Meet the team making it happen. Handmade in small batches every week. Celebrating 27 years since we opened our doors. Tag someone who'd love this.,,112,15,3,0.836,Business Account,0
twdemo_000028,Meet the team making it happen. Handmade in small batches every week. Celebrating 24 years since we opened our doors. Limited stock available. 🌍,#entrepreneur,158,14,3,0.4215,Business Account,0
twdemo_000028,Behind the scenes at the shop today. Orders ship out within 2 business days. 34 orders packed and ready to go. DM us to order.,#smallbusiness #hustle #businessowner #customerfirst,156,24,2,0.3612,Business Account,0
twdemo_000028,Restocked your favorites. Orders ship out within 2 business days. Serving Weeksmouth since 2018. DM us to order. 📈✅,#shopsmall #hustle #businessowner,101,12,3,0.4215,Business Account,0
twdemo_000028,Behind the scenes at the shop today. Handmade in small batches every week. Order number 11 just shipped. DM us to order.,#growth #smallbusiness #marketing,146,15,2,0.0772,Business Account,0
twdemo_000028,Thank you Lucasfurt for another great week. Handmade in small batches every week. Shoutout to our 18th customer this week. Tag someone who'd love this. 🔗🤝,#marketing #businessowner,109,20,4,0.8957,Business Account,0
twdemo_000029,"I wasn't going to share this but... No experience needed, just a phone. 13 people can't all be wrong. Link in bio, click now. 👉🎁",,6,0,0,0.6042,Spam/Bot Account,1
twdemo_000029,"Everyone is asking how I did this so fast. No experience needed, just a phone. Already 62 success stories this month. Link in bio, click now. 🛒",#clicklink #followforfollow #cashapp #onlyfollowers #giveaway #dmforprice #makemoneyonline,1,0,0,0.3008,Spam/Bot Account,1
twdemo_000029,"I wasn't going to share this but... No experience needed, just a phone. 46 people can't all be wrong. DM me 'START' immediately.",#cryptosignals #followforfollow #freeprize #getrichquick #onlyfollowers,2,0,0,0.0225,Spam/Bot Account,1
twdemo_000029,This changed everything for me. Spots are filling up fast. 11 people can't all be wrong. 🎁🛒,#giveaway #freeprize #clicklink,1,0,0,0.6656,Spam/Bot Account,1
twdemo_000029,"🚨 LAST CHANCE 🚨 Spots are filling up fast. Since 2018, thousands have joined. Comment before it's gone. ✅",#makemoneyonline #dmforprice,1,0,0,0.4084,Spam/Bot Account,1
twdemo_000029,"🚨 LAST CHANCE 🚨 Thousands already joined, don't miss out. Message number 56 today, still going. Tap the link in my story. 💯",#makemoneyonline #dmforprice #cashapp #giveaway #freeprize #followforfollow #clicklink,2,0,0,0.5388,Spam/Bot Account,1
twdemo_000029,🚨 LAST CHANCE 🚨 Made more money this week than my old job paid monthly. Spot number 70 just opened up. DM me 'START' immediately. 🔥🛒,#clicklink #dmforprice #giveaway,0,0,0,0.1613,Spam/Bot Account,1
twdemo_000029,"🚨 LAST CHANCE 🚨 It's 100% legit, I was skeptical too. Slot 83 almost gone. Comment before it's gone. 🛒💰",#getrichquick #cashapp #cryptosignals,2,0,0,0.1111,Spam/Bot Account,1
twdemo_000029,"You NEED to see this. Thousands already joined, don't miss out. Since 2019, thousands have joined. 👉💰",,1,0,0,0.1139,Spam/Bot Account,1
twdemo_000029,"I wasn't going to share this but... No experience needed, just a phone. This worked for George too, ask them. DM me 'START' immediately. 🎁",#onlyfollowers #dmforprice #cryptosignals #clicklink #freeprize #cashapp #followforfollow,4,0,0,0.1546,Spam/Bot Account,1
twdemo_000029,"You NEED to see this. Made more money this week than my old job paid monthly. Since 2022, thousands have joined. Link in bio, click now. ✅👉",#getrichquick #cryptosignals,1,0,0,0.0,Spam/Bot Account,1
twdemo_000029,"🚨 LAST CHANCE 🚨 This is not a scam, I promise. Over 38 people already joined this week. 🎁",,1,0,0,0.873,Spam/Bot Account,1
twdemo_000029,"I wasn't going to share this but... It's 100% legit, I was skeptical too. Already 21 success stories this month. 💰",,1,0,0,0.3931,Spam/Bot Account,1
twdemo_000030,Spent way too long on a bug today. The code review comments humbled me. Still can't believe it's 2017 and this bug exists. ⚙️🚀,,19,1,1,0.0,Developer,0
twdemo_000030,New side project idea just hit me at 2am. Past me really did not comment anything. Currently debugging from West Reginaland.,#opensource #javascript,53,4,1,0.0,Developer,0
twdemo_000030,"Learning a new part of the stack this week. CI is green and I'm emotionally fine now. This is bug ticket number 32, send help.",,19,2,0,0.5859,Developer,0
twdemo_000030,Learning a new part of the stack this week. Docs were wrong but figured it out eventually. Still can't believe it's 2022 and this bug exists.,#webdev #python,13,0,1,-0.2617,Developer,0
twdemo_000030,Spent way too long on a bug today. Naming things is still the hardest part. Standup update: 19 things fixed today. 🐛,#javascript #softwareengineer,59,8,1,0.0,Developer,0
twdemo_000030,On-call was quiet for once. Turned out to be a missing semicolon. Sprint 31 wrapped up today.,#python #100daysofcode,42,3,1,-0.296,Developer,0
twdemo_000030,"Shipped a small feature at Ortiz-Taylor. Turned out to be a missing semicolon. Tagging Jennifer, they'll appreciate this one.",#developer #javascript,15,0,0,0.128,Developer,0
twdemo_000030,On-call was quiet for once. Pairing with a teammate made it so much faster. Still can't believe it's 2018 and this bug exists. 🚀🔧,,24,3,1,0.0,Developer,0
twdemo_000030,Refactoring old code I wrote a year ago. CI is green and I'm emotionally fine now. Pairing with Justin made this so much faster.,,38,6,1,0.2023,Developer,0
twdemo_000030,Spent way too long on a bug today. The fix was smaller than the investigation. Standup update: 43 things fixed today.,#buildinpublic #programmer,14,1,0,0.0,Developer,0
twdemo_000030,New side project idea just hit me at 2am. Docs were wrong but figured it out eventually. Currently on commit number 67 of this refactor. Curious how others solve this. 🧠🐛,,34,2,1,0.7469,Developer,0
twdemo_000030,Spent way too long on a bug today. Docs were wrong but figured it out eventually. Pairing with Melanie made this so much faster.,#webdev,30,2,0,-0.2617,Developer,0
twdemo_000030,New side project idea just hit me at 2am. Pairing with a teammate made it so much faster. Currently on commit number 6 of this refactor. Repo link below. ⚙️🔧,,28,1,1,0.3612,Developer,0
twdemo_000030,"On-call was quiet for once. The fix was smaller than the investigation. This is bug ticket number 63, send help. ☕",#100daysofcode,29,2,1,0.4588,Developer,0
twdemo_000031,"Taking a moment to say thank you. I read every message even if I can't reply to all. Since 2023, still going strong.",#fanpage,16,16,0,0.7003,Celebrity Impersonator,1
twdemo_000031,"Taking a moment to say thank you. New project details coming very soon. Tagging Brian, thank you for believing in this.",#viral,6,1,0,0.6124,Celebrity Impersonator,1
twdemo_000031,"A quick note from me to you. I read every message even if I can't reply to all. Since 2021, the journey continues. Thank you Kim for the constant support.",,3,0,0,0.6369,Celebrity Impersonator,1
twdemo_000031,"Taking a moment to say thank you. Ignore anyone claiming to be my manager elsewhere. Tagging Chad, thank you for believing in this.",#official,15,4,0,0.3612,Celebrity Impersonator,1
twdemo_000031,"I don't get to say this enough. This journey keeps surprising me. Tagging Bethany, thank you for believing in this.",,6,0,0,0.5574,Celebrity Impersonator,1
twdemo_000031,To my real fans: New project details coming very soon. 75 years of your support means everything. 📚✨,,27,1,1,0.6124,Celebrity Impersonator,1
twdemo_000031,To my real fans: I read every message even if I can't reply to all. Project number 61 coming together nicely. Thank you Zachary for the constant support. DM me directly here.,,4,0,0,0.8126,Celebrity Impersonator,1
twdemo_000031,"This account is really me, I promise. New project details coming very soon. Thank you Brandon for the constant support. Since 2022, still going strong. 🌟",#viral,3,0,0,0.8845,Celebrity Impersonator,1
twdemo_000031,"Taking a moment to say thank you. There's more coming that I can't wait to share. Tagging Jeffrey, thank you for believing in this. Tagging James, thank you for believing in this. Share this so others know it's real.",,9,1,0,0.7971,Celebrity Impersonator,1
twdemo_000032,"Something special is coming, stay tuned. None of this would matter without you.",#celebrity #exclusive,1143,169,84,0.4215,Fitness Creator,0
twdemo_000032,Thank you for the love this 2025. Grateful for every one of you every single day. Follow only this page.,,3261,238,134,0.8658,Fitness Creator,0
twdemo_000032,Taking a moment to say thank you. This journey keeps surprising me. Working on something big for 2025. Follow only this page.,#viral,1112,94,16,0.5574,Fitness Creator,0
twdemo_000032,Taking a moment to say thank you. Ignore anyone claiming to be my manager elsewhere. 37 years in this industry now. 📚☕,,1707,91,41,0.0,Fitness Creator,0
twdemo_000032,"Thank you for the love this 2015. Ignore anyone claiming to be my manager elsewhere. Message number 96 today, reading every one. 🐾",,637,137,45,0.6705,Fitness Creator,0
twdemo_000032,"I don't get to say this enough. Grateful for every one of you every single day. Since 2017, still going strong. Follow only this page. 🙌📚",,1486,110,62,0.743,Fitness Creator,0
twdemo_000032,Taking a moment to say thank you. Please report any fake pages you see. 42 years in this industry now. 🐾✨,,1641,290,9,0.4588,Fitness Creator,0
twdemo_000033,"I see all of your messages, truly. There's more coming that I can't wait to share. Message number 30 today, reading every one. Message number 45 today, reading every one.",,750,64,17,0.3843,Celebrity Impersonator,1
twdemo_000033,Thank you for the love this 2016. New project details coming very soon. Working on something big for 2020. Follow only this page.,#fanpage #viral,500,52,12,0.7717,Celebrity Impersonator,1
twdemo_000033,"Something special is coming, stay tuned. New project details coming very soon. Message number 41 today, reading every one. DM me directly here. ✨",#trending #celebrity,982,34,31,0.6771,Celebrity Impersonator,1
twdemo_000033,To my real fans: New project details coming very soon. Thank you Angela for the constant support. Share this so others know it's real. 😊🌟,,434,31,2,0.9132,Celebrity Impersonator,1
twdemo_000033,"This account is really me, I promise. Grateful for every one of you every single day. Working on something big for 2022. DM me directly here. 😊✨",,803,139,25,0.9163,Celebrity Impersonator,1
twdemo_000033,"I see all of your messages, truly. Grateful for every one of you every single day. Project number 70 coming together nicely. 🙌",,103,16,3,0.8442,Celebrity Impersonator,1
twdemo_000033,"Something special is coming, stay tuned. There's more coming that I can't wait to share. Back in Port Lisa this 2019. Follow only this page.",,413,62,11,0.2052,Celebrity Impersonator,1
twdemo_000033,"Something special is coming, stay tuned. Ignore anyone claiming to be my manager elsewhere. Tagging Jackson, thank you for believing in this. 90 years of your support means everything. Share this so others know it's real. ✨",,852,86,23,0.836,Celebrity Impersonator,1
twdemo_000033,"This account is really me, I promise. This journey keeps surprising me. Message number 23 today, reading every one. Since 2025, the journey continues. 🙌",,351,9,2,0.6077,Celebrity Impersonator,1
twdemo_000033,"A quick note from me to you. Ignore anyone claiming to be my manager elsewhere. Back in Valdezshire this 2025. Since 2018, still going strong. 📚☕",#exclusive,886,86,32,0.2023,Celebrity Impersonator,1
twdemo_000034,Refactoring old code I wrote a year ago. Docs were wrong but figured it out eventually. Sprint 34 wrapped up today. Repo link below. ⚙️🚀,#javascript #programmer,73,3,1,-0.2617,Developer,0
twdemo_000034,Refactoring old code I wrote a year ago. The code review comments humbled me. Standup update: 78 things fixed today.,,171,13,2,0.0,Developer,0
twdemo_000034,Refactoring old code I wrote a year ago. The fix was smaller than the investigation. Currently on commit number 29 of this refactor. AMA about the stack.,#webdev,285,23,8,0.3612,Developer,0
twdemo_000034,Finally got the tests passing. Docs were wrong but figured it out eventually. Working out of Port Matthew this 2021. Open to feedback.,,99,4,3,-0.2617,Developer,0
twdemo_000034,On-call was quiet for once. The fix was smaller than the investigation. Working remotely from Ibarrafort this month.,,184,26,3,0.0,Developer,0
twdemo_000034,Migrated a service to a new framework today. Past me really did not comment anything. Standup update: 75 things fixed today. Repo link below. 🐛,,145,7,4,0.0,Developer,0
twdemo_000034,"Refactoring old code I wrote a year ago. Pairing with a teammate made it so much faster. This is bug ticket number 2, send help. Repo link below.",#coding,126,33,1,0.4588,Developer,0
twdemo_000034,"Rewrote a script that's been bugging me for weeks. Past me really did not comment anything. Tagging Megan, they'll appreciate this one.",,137,29,3,0.4019,Developer,0
twdemo_000034,Shipped a small feature at Stephens Ltd. Turns out the cache was the whole problem. Sprint 96 wrapped up today. Curious how others solve this.,#webdev #opensource,83,13,2,0.1027,Developer,0
twdemo_000034,New side project idea just hit me at 2am. The fix was smaller than the investigation. 3 tabs of documentation open right now. 🔧,,260,31,14,0.0,Developer,0
twdemo_000034,Rewrote a script that's been bugging me for weeks. Naming things is still the hardest part. Working remotely from Lopezfort this month.,,133,25,2,0.0,Developer,0
twdemo_000034,Refactoring old code I wrote a year ago. The fix was smaller than the investigation. PR number 96 finally merged. 📦,,62,7,1,0.0772,Developer,0
twdemo_000034,Spent way too long on a bug today. Docs were wrong but figured it out eventually. Sprint 65 wrapped up today.,,126,9,3,-0.2617,Developer,0
twdemo_000034,Shipped a small feature at Lyons-Simpson. Naming things is still the hardest part. 50 tabs of documentation open right now. 🔧⚙️,#developer #softwareengineer,37,19,1,0.0,Developer,0
twdemo_000034,"Gave a lunch-and-learn at Armstrong-Anderson today. Linting caught it before it shipped, thankfully. Working remotely from Butlerfurt this month.",,127,40,2,0.4215,Developer,0
twdemo_000035,Obsessed with this new find. So many of you have been asking about this. Shot this in Kellyland.,#influencer #trending #linkinbio,169,8,2,-0.1779,Fake Influencer,1
twdemo_000035,This might be my favorite collab yet. So many of you have been asking about this. Filming this in Lake Carolyn today. 👑,#lifestyle #collab #brandpartner,242,31,5,0.4588,Fake Influencer,1
twdemo_000035,"Today's shoot was a whole vibe. Use my code for a discount. Since 2021, this has been the dream. Shop this look now. 💅✨",#trending,619,75,6,0.2263,Fake Influencer,1
twdemo_000035,Golden hour never disappoints. Honestly didn't expect to love this as much as I do. Filming this in Davidborough today.,,135,14,5,-0.5667,Fake Influencer,1
twdemo_000035,Today's shoot was a whole vibe. Can't believe I get to call this my job. Outfit number 83 of the week. Link in bio for the discount. 😍💖,,151,8,7,0.8074,Fake Influencer,1
twdemo_000035,Unboxing my favorite package of the month. Can't believe I get to call this my job. Shot this in Alexanderchester.,,251,24,34,0.4588,Fake Influencer,1
twdemo_000035,This brand sent me the best package. Partnering with brands I actually love. Brand deal number 51 this month. Code is my username at checkout. 😍👑,#brandpartner #influencer,289,16,10,0.9136,Fake Influencer,1
twdemo_000035,Unboxing my favorite package of the month. Use my code for a discount.,#discountcode #ad #brandpartner #linkinbio,60,1,4,0.4588,Fake Influencer,1
twdemo_000035,"Unboxing my favorite package of the month. Can't believe I get to call this my job. Tagging Janet, my glam team today.",#collab #discountcode,66,4,5,0.4588,Fake Influencer,1
twdemo_000036,Another day surviving South Dylanberg University. Dorm life really tests your patience. Officially 67 credits away from graduating.,,52,3,2,0.5719,Student,0
twdemo_000036,Campus is so pretty in Hortonshire today. Turns out procrastination is a full-time job. Can't believe it's already 2023.,#studygram,18,1,1,0.6269,Student,0
twdemo_000036,"Coffee run before class. Library until it closes, again. Campus tour 89 for prospective students today. 😊",#university #college,76,4,2,0.7184,Student,0
twdemo_000036,"Finals season has me questioning everything. Library until it closes, again. Somewhere in Bryanberg, probably procrastinating. Tell me it gets easier. ✨📚",,24,3,0,0.5719,Student,0
twdemo_000036,"Study session with Sabrina turned into a nap. Library until it closes, again. Officially 2 credits away from graduating. Wish me luck. 🙌",,68,2,1,0.802,Student,0
twdemo_000036,Study session with Karen turned into a nap. Somehow still passing my classes. Officially 57 credits away from graduating. 😊,,97,8,3,0.8176,Student,0
twdemo_000036,Study session with Monica turned into a nap. Dorm life really tests your patience. Campus tour 2 for prospective students today.,#studygram #university #studentlife,63,3,2,0.0,Student,0
twdemo_000036,"Campus is so pretty in North Teresastad today. Library until it closes, again.",,27,1,1,0.6269,Student,0
twdemo_000036,Study session with Shane turned into a nap. Somehow still passing my classes. Shoutout to Michael for the study session. Tell me it gets easier. 🌟,,42,3,2,0.4215,Student,0
twdemo_000037,"Another day, another shoot. So many of you have been asking about this. Brand deal number 19 this month. Outfit number 25 of the week. Code is my username at checkout.",#collab #brandpartner #discountcode #musthave,831,22,1,-0.2023,Fake Influencer,1
twdemo_000037,"Living for moments like this. Can't believe I get to call this my job. So many of you asked for this, here it is. Can't believe it's already 2017.",#musthave #lifestyle #ad #brandpartner,309,27,0,0.3612,Fake Influencer,1
twdemo_000037,"Can't stop wearing this lately. Can't believe I get to call this my job. Since 2023, this has been the dream. Packing for Robinsonfort again this week. Code is my username at checkout.",#discountcode #ad #lifestyle #trending #influencer,252,9,1,0.4382,Fake Influencer,1
twdemo_000037,This brand sent me the best package. Use my code for a discount. Packing for Kleinhaven again this week. 👑,#ad #lifestyle #sponsored #collab,1104,107,1,0.6369,Fake Influencer,1
twdemo_000037,Can't stop wearing this lately. Can't believe I get to call this my job. Filming this in West Melissachester today. DM for collab details.,#influencer #collab #ad #trending,94,2,0,0.2235,Fake Influencer,1
twdemo_000037,Today's shoot was a whole vibe. So grateful for opportunities like this. Shot this in North Stephaniefurt. Brand deal number 24 this month.,#ad,119,8,0,0.7981,Fake Influencer,1
twdemo_000037,Unboxing my favorite package of the month. So many of you have been asking about this. Can't believe it's already 2019.,#discountcode #trending #influencer #ad #brandpartner,180,13,0,0.4588,Fake Influencer,1
twdemo_000037,"Golden hour never disappoints. This is exactly what my feed needed. Barbara styled this look. Trip number 64 this year, no complaints.",#influencer,99,9,0,0.5778,Fake Influencer,1
twdemo_000037,Golden hour never disappoints. Can't believe I get to call this my job. Packing for Chandlerport again this week. Code is my username at checkout.,,794,9,1,0.2924,Fake Influencer,1
twdemo_000037,Unboxing my favorite package of the month. So many of you have been asking about this. Packing for New Julie again this week. Shop this look now. 💅💖,#brandpartner #influencer #musthave,413,30,0,0.8555,Fake Influencer,1
twdemo_000037,"Another day, another shoot. Partnering with brands I actually love. Look number 22 from this campaign. Trip number 80 this year, no complaints. Code is my username at checkout. 😍🌴",,183,15,0,0.8252,Fake Influencer,1
twdemo_000037,"Can't stop wearing this lately. This is exactly what my feed needed. So many of you asked for this, here it is. DM for collab details. ✨",#musthave,106,2,0,0.4919,Fake Influencer,1
twdemo_000037,This brand sent me the best package. So grateful for opportunities like this. Can't believe it's already 2019. Can't believe it's already 2015. Shop this look now. 💅,#musthave #collab,264,38,0,0.9162,Fake Influencer,1
twdemo_000037,Today's shoot was a whole vibe. Honestly didn't expect to love this as much as I do. Lawrence styled this look. ✨,#linkinbio #lifestyle,133,9,0,-0.12,Fake Influencer,1
twdemo_000037,Unboxing my favorite package of the month. Honestly didn't expect to love this as much as I do. Filming this in Travisland today.,,882,120,1,0.3883,Fake Influencer,1
twdemo_000038,Learning a new part of the stack this week. The fix was smaller than the investigation. Currently on commit number 46 of this refactor. 💻,#coding #100daysofcode,115,11,3,0.3612,Developer,0
twdemo_000038,New side project idea just hit me at 2am. Pairing with a teammate made it so much faster. PR number 72 finally merged. 🧠,#opensource,127,12,4,0.0772,Developer,0
twdemo_000038,Finally got the tests passing. Docs were wrong but figured it out eventually. Shoutout to Robert for the code review. 🐛⚙️,#softwareengineer,90,11,2,-0.2617,Developer,0
twdemo_000038,Migrated a service to a new framework today. Naming things is still the hardest part. Currently debugging from West Meredith. 🧠,,102,8,3,0.0,Developer,0
twdemo_000038,"Finally got the tests passing. Docs were wrong but figured it out eventually. This is bug ticket number 28, send help.",#python #webdev,57,4,1,0.4497,Developer,0
twdemo_000038,Learning a new part of the stack this week. Docs were wrong but figured it out eventually. Working remotely from Lake Nicole this month. Curious how others solve this.,,70,5,1,0.4767,Developer,0
twdemo_000038,Refactoring old code I wrote a year ago. The fix was smaller than the investigation. Still can't believe it's 2019 and this bug exists.,#webdev,80,8,3,0.0,Developer,0
twdemo_000038,"Gave a lunch-and-learn at Lindsey, Chen and Roth today. CI is green and I'm emotionally fine now. Standup update: 27 things fixed today. 🚀🧠",#softwareengineer #programmer,92,10,4,0.2023,Developer,0
twdemo_000038,Finally got the tests passing. Pairing with a teammate made it so much faster. PR number 43 finally merged.,,138,26,6,0.0772,Developer,0
twdemo_000038,Migrated a service to a new framework today. Turned out to be a missing semicolon. Working remotely from East Sheilafurt this month.,,93,8,4,-0.296,Developer,0
twdemo_000038,Rewrote a script that's been bugging me for weeks. Past me really did not comment anything. Still can't believe it's 2017 and this bug exists.,#buildinpublic #webdev,206,43,3,0.0,Developer,0
twdemo_000038,"Spent way too long on a bug today. Turns out the cache was the whole problem. This is bug ticket number 56, send help. 📦🧠",,72,5,1,0.0772,Developer,0
twdemo_000039,"Coffee run before class. Library until it closes, again. Currently 4 cups of coffee deep today.",#campus,32,3,1,0.0,Student,0
twdemo_000039,Coffee run before class. Ranking my classes from bearable to soul-crushing. Currently 83 cups of coffee deep today. Someone quiz me please.,#college,118,12,1,0.3182,Student,0
twdemo_000039,Finals season has me questioning everything. Somehow still passing my classes. Officially 63 credits away from graduating.,#dormlife,72,4,1,0.2732,Student,0
twdemo_000039,Finals season has me questioning everything. Dorm life really tests your patience. Studying in Dannyshire has its perks.,#university #college,99,10,0,-0.1027,Student,0
twdemo_000039,"Study session with Michael turned into a nap. My professor just dropped a pop quiz, send help. Currently 85 cups of coffee deep today.",#classof2026 #gradstudent #college,64,5,1,0.4019,Student,0
twdemo_000039,Study session with Alyssa turned into a nap. Dorm life really tests your patience. This is assignment number 31 this semester. Send snacks. 🌟☕,,53,6,0,0.0772,Student,0
twdemo_000040,Unboxing my favorite package of the month. Use my code for a discount. Shot this in Jefferymouth. Look number 33 from this campaign. 📸💅,,532,19,4,0.5106,Fake Influencer,1
twdemo_000040,Obsessed with this new find. Can't wait to show you more from this collab. Can't believe it's already 2015. Brand deal number 78 this month. 📸,#influencer,337,6,2,-0.1027,Fake Influencer,1
twdemo_000040,This might be my favorite collab yet. So grateful for opportunities like this. Can't believe it's already 2023. Shot this in Mcmillanfurt. Code is my username at checkout. ✨,#musthave #linkinbio #ad #collab #influencer,210,5,3,0.9264,Fake Influencer,1
twdemo_000040,Unboxing my favorite package of the month. This is exactly what my feed needed. Brand deal number 86 this month. Filming this in Ianborough today.,#musthave #lifestyle,472,22,6,0.1779,Fake Influencer,1
twdemo_000040,Can't stop wearing this lately. Can't believe I get to call this my job. Filming this in West Joseph today. 📸💅,#musthave,347,8,10,0.2235,Fake Influencer,1
twdemo_000040,"Living for moments like this. Can't believe I get to call this my job. Tagging Terrence, my glam team today.",#linkinbio #trending #collab #influencer,276,12,3,0.3612,Fake Influencer,1
twdemo_000040,Golden hour never disappoints. Honestly didn't expect to love this as much as I do. Filming this in Josephbury today. Look number 11 from this campaign. 💅📸,#sponsored #ad #influencer #lifestyle,281,10,4,-0.521,Fake Influencer,1
twdemo_000040,"Another day, another shoot. So many of you have been asking about this. Catherine styled this look. 🌴📸",#brandpartner,587,23,8,-0.34,Fake Influencer,1
twdemo_000040,New content coming your way soon. Partnering with brands I actually love. Outfit number 26 of the week. Phillip styled this look. Shop this look now.,#musthave #influencer #sponsored #ad,421,32,5,0.6705,Fake Influencer,1
twdemo_000041,This brand sent me the best package. This is going straight into my everyday rotation. Tyler styled this look. Brand deal number 26 this month. Link in bio for the discount.,#lifestyle,370,104,0,0.7506,Fake Influencer,1
twdemo_000041,"Can't stop wearing this lately. So many of you have been asking about this. Since 2024, this has been the dream. Can't believe it's already 2024. Link in bio for the discount.",#lifestyle,161,21,0,0.4382,Fake Influencer,1
twdemo_000041,Unboxing my favorite package of the month. So many of you have been asking about this. Can't believe it's already 2022. Link in bio for the discount. 🌴😍,#trending #ad #collab #discountcode,42,4,0,0.7184,Fake Influencer,1
twdemo_000041,Unboxing my favorite package of the month. Can't believe I get to call this my job. Filming this in Michaelberg today. Shop this look now. ✨,#musthave #trending #collab #brandpartner #discountcode,38,3,0,0.6486,Fake Influencer,1
twdemo_000041,Today's shoot was a whole vibe. So many of you have been asking about this. Packing for Alyssafurt again this week. Link in bio for the discount.,#influencer #lifestyle #sponsored,468,33,0,-0.34,Fake Influencer,1
twdemo_000041,Obsessed with this new find. My followers deserve the best recommendations. Look number 17 from this campaign. Packing for Lake Christinaton again this week. Link in bio for the discount.,#ad #sponsored,85,13,0,0.5859,Fake Influencer,1
twdemo_000041,Golden hour never disappoints. Can't wait to show you more from this collab. Outfit number 12 of the week. Look number 44 from this campaign.,#ad,56,8,0,0.4184,Fake Influencer,1
twdemo_000041,Golden hour never disappoints. Can't wait to show you more from this collab. Brand deal number 61 this month. 👑,#ad #sponsored #influencer,28,5,0,0.3578,Fake Influencer,1
twdemo_000041,Living for moments like this. This is going straight into my everyday rotation. Filming this in Iantown today. Look number 76 from this campaign. Shop this look now. 👑,,202,6,0,0.5719,Fake Influencer,1
twdemo_000041,Today's shoot was a whole vibe. Partnering with brands I actually love. Look number 74 from this campaign. 💖,,94,3,0,0.8591,Fake Influencer,1
twdemo_000041,This brand sent me the best package. So many of you have been asking about this. Look number 55 from this campaign. Chelsey styled this look.,#ad,51,4,0,0.6705,Fake Influencer,1
twdemo_000042,New arrivals just dropped! Handmade in small batches every week. Serving South Isaac since 2021.,#entrepreneur,143,20,4,0.0,Business Account,0
twdemo_000042,Restocked your favorites. Custom requests are always welcome. Order number 70 just shipped. 💼,#startup #businessowner #entrepreneur #customerfirst,79,6,2,0.7269,Business Account,0
twdemo_000042,"New arrivals just dropped! We appreciate every single one of you. Tagging Allison, one of our first customers back in 2024.",,68,7,2,0.4574,Business Account,0
twdemo_000042,Thank you North Erika for another great week. Orders ship out within 2 business days. Batch number 13 restocked today. Limited stock available.,#growth #startup #customerfirst #entrepreneur,62,13,2,0.7184,Business Account,0
twdemo_000042,Restocked your favorites. Your support keeps our doors open. Serving South Derrick since 2017. ✅💼,#localbusiness #marketing,55,1,3,0.6705,Business Account,0
twdemo_000043,"This changed everything for me. It's 100% legit, I was skeptical too. Started in Romerohaven, now everywhere. Comment before it's gone. ✅📩",#giveaway #freeprize #clicklink,1,0,0,-0.3182,Spam/Bot Account,1
twdemo_000043,"Everyone is asking how I did this so fast. No experience needed, just a phone. Slot 91 almost gone. DM me 'START' immediately. 💰💯",#cashapp #freeprize #followforfollow #giveaway #onlyfollowers #makemoneyonline #clicklink,4,0,0,-0.3566,Spam/Bot Account,1
twdemo_000043,"This changed everything for me. Thousands already joined, don't miss out. Martha just signed up, you're next. 🛒",#onlyfollowers #dmforprice #followforfollow #freeprize #clicklink #makemoneyonline #getrichquick,2,0,0,0.1139,Spam/Bot Account,1
twdemo_000043,"🚨 LAST CHANCE 🚨 No experience needed, just a phone. Message number 35 today, still going.",#cashapp #freeprize,1,0,0,0.2103,Spam/Bot Account,1
twdemo_000043,"This changed everything for me. Thousands already joined, don't miss out. This worked for Tracey too, ask them. Comment before it's gone. 💰",#dmforprice #getrichquick #freeprize,1,0,0,0.1139,Spam/Bot Account,1
twdemo_000043,"Stop scrolling, read this. Spots are filling up fast. 📩",#giveaway #clicklink #freeprize #followforfollow #dmforprice #cashapp #getrichquick,1,0,0,-0.296,Spam/Bot Account,1
twdemo_000043,"I wasn't going to share this but... It's 100% legit, I was skeptical too. Message number 47 today, still going. Link in bio, click now. 📩✅",,3,0,0,-0.4486,Spam/Bot Account,1
twdemo_000043,"Stop scrolling, read this. This is not a scam, I promise. Already 70 success stories this month. DM me 'START' immediately. 💰🛒",#onlyfollowers #clicklink #cryptosignals,3,0,0,0.7781,Spam/Bot Account,1
twdemo_000043,"🚨 LAST CHANCE 🚨 This is not a scam, I promise. Only 12 spots left today. 💯✅",#getrichquick #cryptosignals #followforfollow,2,0,0,0.7924,Spam/Bot Account,1
twdemo_000043,"This changed everything for me. It's 100% legit, I was skeptical too. Slot 75 almost gone. DM me 'START' immediately. 💰",,0,0,0,-0.3182,Spam/Bot Account,1
twdemo_000043,"This changed everything for me. Spots are filling up fast. Started in Mitchellport, now everywhere. 🎁",#cashapp #freeprize #followforfollow,2,0,0,0.4404,Spam/Bot Account,1
twdemo_000043,"I wasn't going to share this but... No experience needed, just a phone. Already 87 success stories this month. Comment before it's gone. 💯🛒",#cryptosignals #clicklink #dmforprice #cashapp #onlyfollowers,2,0,0,0.4226,Spam/Bot Account,1
twdemo_000043,"This changed everything for me. This is not a scam, I promise. Already 39 success stories this month. Link in bio, click now.",#clicklink #onlyfollowers #cryptosignals,1,0,0,0.8401,Spam/Bot Account,1
twdemo_000044,Study session with Elizabeth turned into a nap. Turns out procrastination is a full-time job. Tagging Michelle because they'd get this. Someone quiz me please.,,196,37,6,0.3182,Student,0
twdemo_000044,Study session with Jason turned into a nap. Turns out procrastination is a full-time job. Number 63 on my to-do list: sleep.,#studybreak #college,87,13,3,0.0772,Student,0
twdemo_000044,Coffee run before class. Dorm life really tests your patience. Studying in Ashleyborough has its perks.,#gradstudent,66,17,1,0.0,Student,0
twdemo_000044,Study session with Donald turned into a nap. Turns out procrastination is a full-time job. This is assignment number 67 this semester. Wish me luck.,#studygram,76,5,3,0.7184,Student,0
twdemo_000044,Another day surviving Jenniferstad University. Turns out procrastination is a full-time job. Currently 24 days away from break.,,83,15,2,0.296,Student,0
twdemo_000044,Campus is so pretty in Lake Juliatown today. Ranking my classes from bearable to soul-crushing. Group chat with Joseph is unhinged today.,,76,38,5,0.6269,Student,0
twdemo_000045,"Coffee run before class. My professor just dropped a pop quiz, send help. Shoutout to Nancy for the study session. Send snacks. ✨",#campus #university #college,63,6,1,0.6124,Student,0
twdemo_000045,"Another day surviving Angelamouth University. My professor just dropped a pop quiz, send help. Somewhere in Ramirezland, probably procrastinating. Wish me luck.",#campus #studentlife #studybreak,82,3,2,0.8625,Student,0
twdemo_000045,Finals season has me questioning everything. Ranking my classes from bearable to soul-crushing. 🐾🎬,,69,8,1,-0.1027,Student,0
twdemo_000045,Another day surviving Lake Randallmouth University. Somehow still passing my classes. Can't believe it's already 2021. 💪🌟,#studentlife #college #finals,129,17,3,0.296,Student,0
twdemo_000045,Campus is so pretty in East Courtneyshire today. Somehow still passing my classes. Shoutout to Kristi for the study session. Tell me it gets easier. ✨🌟,,67,8,1,0.8487,Student,0
twdemo_000045,Study session with April turned into a nap. Somehow still passing my classes. Shoutout to Teresa for the study session.,#dormlife #studentlife #classof2026,57,3,1,0.0,Student,0
twdemo_000045,Finals season has me questioning everything. Ranking my classes from bearable to soul-crushing. Ran into Rachel at the library again. Someone quiz me please.,,55,7,1,0.2263,Student,0
twdemo_000045,Group project update: Turns out procrastination is a full-time job. Campus tour 59 for prospective students today. 💪🎬,#gradstudent #classof2026 #campus,74,6,1,0.0,Student,0
twdemo_000045,Another day surviving Hernandezmouth University. Somehow still passing my classes. Officially 22 credits away from graduating. Send snacks.,#studybreak #campus #classof2026,92,17,1,0.5719,Student,0
twdemo_000045,Study session with Sean turned into a nap. Dorm life really tests your patience. Shoutout to Jonathan for the study session. Someone quiz me please. 💪✨,,86,13,1,0.5574,Student,0
twdemo_000046,"New side project idea just hit me at 2am. Linting caught it before it shipped, thankfully. Standup update: 18 things fixed today. 📦☕",#buildinpublic #python,47,9,0,0.4215,Developer,0
twdemo_000046,Learning a new part of the stack this week. Docs were wrong but figured it out eventually. Still can't believe it's 2017 and this bug exists.,,39,8,1,-0.2617,Developer,0
twdemo_000046,Finally got the tests passing. CI is green and I'm emotionally fine now. Still can't believe it's 2023 and this bug exists. ⚙️,,44,5,0,0.2023,Developer,0
twdemo_000046,New side project idea just hit me at 2am. CI is green and I'm emotionally fine now. Currently debugging from Mcdonaldside.,#developer,73,15,2,0.2023,Developer,0
twdemo_000046,"Refactoring old code I wrote a year ago. Turns out the cache was the whole problem. Tagging Susan, they'll appreciate this one. Curious how others solve this.",#coding,52,7,1,0.4767,Developer,0
twdemo_000046,Spent way too long on a bug today. Past me really did not comment anything. Working out of North Michelle this 2015.,,88,5,1,0.0,Developer,0
twdemo_000046,Migrated a service to a new framework today. Naming things is still the hardest part. Deploy number 53 of the week. Repo link below.,,44,6,1,0.0772,Developer,0
twdemo_000047,"I wasn't going to share this but... This is not a scam, I promise. Since 2019, thousands have joined. DM me 'START' immediately. 👉🎁",#cashapp #cryptosignals #followforfollow #clicklink,3,0,0,0.8848,Spam/Bot Account,1
twdemo_000047,"I wasn't going to share this but... Spots are filling up fast. 43 people can't all be wrong. Link in bio, click now. 🔥💯",,2,0,0,-0.0549,Spam/Bot Account,1
twdemo_000047,"This changed everything for me. No experience needed, just a phone. Since 2023, thousands have joined. Comment before it's gone. 💰👉",#dmforprice #followforfollow #getrichquick,3,0,0,-0.296,Spam/Bot Account,1
twdemo_000047,"This changed everything for me. This is not a scam, I promise. Already 36 success stories this month.",#freeprize #cryptosignals #getrichquick #clicklink #makemoneyonline #dmforprice,11,1,0,0.8401,Spam/Bot Account,1
twdemo_000047,"🚨 LAST CHANCE 🚨 Made more money this week than my old job paid monthly. Message number 19 today, still going. DM me 'START' immediately.",#followforfollow #clicklink #freeprize #cryptosignals #getrichquick #dmforprice,7,0,0,0.4648,Spam/Bot Account,1
twdemo_000047,"Everyone is asking how I did this so fast. Made more money this week than my old job paid monthly. This worked for Ronald too, ask them. Link in bio, click now.",,5,0,0,0.0,Spam/Bot Account,1
twdemo_000047,Everyone is asking how I did this so fast. Spots are filling up fast. Only 39 spots left today. DM me 'START' immediately. 💯,#followforfollow #cryptosignals #makemoneyonline #clicklink #freeprize,4,0,0,0.0,Spam/Bot Account,1
twdemo_000048,On-call was quiet for once. Turns out the cache was the whole problem. Currently on commit number 92 of this refactor. 📦⚙️,#webdev,13,1,0,-0.0516,Developer,0
twdemo_000048,"Gave a lunch-and-learn at Webb-Ibarra today. The code review comments humbled me. Tagging Catherine, they'll appreciate this one. Open to feedback.",,27,2,0,0.4019,Developer,0
twdemo_000048,"New side project idea just hit me at 2am. Pairing with a teammate made it so much faster. This is bug ticket number 16, send help.",#opensource,29,2,0,0.4588,Developer,0
twdemo_000048,"Shipped a small feature at Howard and Sons. Turned out to be a missing semicolon. This is bug ticket number 40, send help. ☕",,37,1,1,0.2023,Developer,0
twdemo_000048,Gave a lunch-and-learn at Daniels-West today. Docs were wrong but figured it out eventually. Pairing with Nathan made this so much faster. 🚀☕,,25,4,0,-0.2617,Developer,0
twdemo_000048,Shipped a small feature at Bartlett PLC. CI is green and I'm emotionally fine now. Shoutout to Jessica for the code review. Repo link below.,,48,2,1,0.2023,Developer,0
twdemo_000048,Finally got the tests passing. The fix was smaller than the investigation. Shoutout to Barbara for the code review. AMA about the stack.,,35,2,1,0.0,Developer,0
twdemo_000049,"Coaching client hit a big milestone. Progress isn't always linear, and that's fine. Shoutout to Michaela for showing up every day.",,274,43,5,0.5574,Fitness Creator,0
twdemo_000049,Programming update for the week. Rest days are still training days. Tag your gym partner. 🏃,#strength #gymlife,316,100,21,0.0,Fitness Creator,0
twdemo_000049,"Recovery day, mobility work only. Progress isn't always linear, and that's fine. Logged 11 miles this week. Tag your gym partner.",#gymlife #workout #training #fitfam,563,101,13,0.5574,Fitness Creator,0
twdemo_000049,Leg day recap. Sleep is still the most underrated recovery tool. Shoutout to Brittany for showing up every day. 🔥,#nutrition #workout #fitfam #wellness,665,98,25,-0.34,Fitness Creator,0
twdemo_000049,"Meal prep Sunday. Progress isn't always linear, and that's fine. Tagging Angela, my training partner today. 🧘",#cardio #wellness #healthylifestyle #fitfam,439,69,14,0.5574,Fitness Creator,0
twdemo_000049,"Recovery day, mobility work only. Fueling properly made a huge difference. 6 reps, zero regrets. Save this for your next session. 🏋️",#nutrition #wellness #strength #fitness,104,5,2,0.4588,Fitness Creator,0
twdemo_000049,"Early morning session before work. Form over ego, always. Week 93 of the plan, feeling stronger. DM 'START' to work together.",#nutrition #fitfam #strength,177,32,5,0.4767,Fitness Creator,0
twdemo_000049,"Coaching client hit a big milestone. Progress isn't always linear, and that's fine. Day 98 of the program. 🔥💪",#strength,230,54,4,0.296,Fitness Creator,0
twdemo_000049,"Leg day recap. Rest days are still training days. Session number 75 with this client, big progress. Programs linked in bio. ⚡🏋️",,199,23,3,0.4767,Fitness Creator,0
twdemo_000049,Deload week starts now. Consistency beats intensity most days. Back in Katherinebury for a pop-up class this 2016.,#fitness #fitfam,165,33,2,0.0,Fitness Creator,0
twdemo_000049,Early morning session before work. Sleep is still the most underrated recovery tool. Training out of Lopezberg this week. Programs linked in bio.,#wellness,267,38,6,0.0,Fitness Creator,0
twdemo_000049,Meal prep Sunday. Showing up matters more than the perfect plan. 77 minutes of mobility work this morning.,#workout #wellness,608,110,12,0.6204,Fitness Creator,0
twdemo_000050,"I don't get to say this enough. This journey keeps surprising me. Since 2022, still going strong.",#exclusive #trending,68,6,1,0.6597,Celebrity Impersonator,1
twdemo_000050,Important announcement coming soon. This journey keeps surprising me. Back in Aguilarport this 2022. Follow only this page.,,29,5,0,0.4404,Celebrity Impersonator,1
twdemo_000050,To my real fans: Ignore anyone claiming to be my manager elsewhere.,,40,2,0,-0.3612,Celebrity Impersonator,1
twdemo_000050,"Something special is coming, stay tuned. None of this would matter without you. Back in South Jonathanstad this 2023.",,95,9,1,0.4215,Celebrity Impersonator,1
twdemo_000050,"Something special is coming, stay tuned. I read every message even if I can't reply to all. Message number 53 today, reading every one. Working on something big for 2015.",,59,2,0,0.4588,Celebrity Impersonator,1
twdemo_000050,"I see all of your messages, truly. This journey keeps surprising me. 57 years of your support means everything. Follow only this page.",,49,8,0,0.7717,Celebrity Impersonator,1
twdemo_000050,"This account is really me, I promise. None of this would matter without you. Since 2016, the journey continues.",#exclusive #fanpage,40,2,0,0.3947,Celebrity Impersonator,1
twdemo_000050,"I don't get to say this enough. This journey keeps surprising me. Since 2018, still going strong. Project number 15 coming together nicely. DM me directly here.",,49,5,0,0.8225,Celebrity Impersonator,1
twdemo_000050,Important announcement coming soon. None of this would matter without you. Back in East Meredith this 2025.,,45,5,0,0.2263,Celebrity Impersonator,1
twdemo_000050,To my real fans: Ignore anyone claiming to be my manager elsewhere. Back in Carolchester this 2020. ☕,,35,2,0,-0.3612,Celebrity Impersonator,1
twdemo_000051,You NEED to see this. Made more money this week than my old job paid monthly. Only 47 spots left today. Tap the link in my story. 🔥,#dmforprice #onlyfollowers #getrichquick #giveaway #makemoneyonline,1,0,0,-0.34,Spam/Bot Account,1
twdemo_000051,"Stop scrolling, read this. No experience needed, just a phone. Over 30 people already joined this week. Comment before it's gone. 🔥",#dmforprice #giveaway,1,0,0,-0.7269,Spam/Bot Account,1
twdemo_000051,"Everyone is asking how I did this so fast. It's 100% legit, I was skeptical too. Over 30 people already joined this week. Comment before it's gone. 📩👉",#giveaway #dmforprice #cashapp #cryptosignals,2,0,0,-0.3182,Spam/Bot Account,1
twdemo_000051,"🚨 LAST CHANCE 🚨 Thousands already joined, don't miss out. Slot 8 almost gone. DM me 'START' immediately.",#clicklink #cashapp #onlyfollowers #giveaway,1,0,0,0.49,Spam/Bot Account,1
twdemo_000051,"You NEED to see this. Thousands already joined, don't miss out. Already 73 success stories this month. Link in bio, click now. 👉🛒",,1,0,0,0.6303,Spam/Bot Account,1
twdemo_000051,"This changed everything for me. No experience needed, just a phone. DM me 'START' immediately. 🛒✅",,2,0,0,-0.296,Spam/Bot Account,1
twdemo_000051,"I wasn't going to share this but... Made more money this week than my old job paid monthly. This worked for Denise too, ask them. Tap the link in my story. 💯",#onlyfollowers #cashapp #freeprize,1,0,0,-0.1139,Spam/Bot Account,1
twdemo_000051,"Stop scrolling, read this. Spots are filling up fast. Slot 20 almost gone. Link in bio, click now. 💯",#cryptosignals #cashapp #giveaway #getrichquick,1,0,0,-0.296,Spam/Bot Account,1
twdemo_000051,"You NEED to see this. Thousands already joined, don't miss out. Since 2021, thousands have joined. 💯",,1,0,0,0.1139,Spam/Bot Account,1
twdemo_000051,"🚨 LAST CHANCE 🚨 Spots are filling up fast. Tanya just signed up, you're next. Comment before it's gone. 🎁",#onlyfollowers #dmforprice #getrichquick #followforfollow #giveaway #cryptosignals,3,0,0,0.6841,Spam/Bot Account,1
twdemo_000051,"I wasn't going to share this but... It's 100% legit, I was skeptical too. 76 people can't all be wrong. Comment before it's gone. 👉",#freeprize #cashapp,0,0,0,-0.0163,Spam/Bot Account,1
twdemo_000051,"This changed everything for me. Spots are filling up fast. Message number 32 today, still going. Tap the link in my story. 👉🔥",,1,0,0,-0.2732,Spam/Bot Account,1
twdemo_000051,"You NEED to see this. Thousands already joined, don't miss out. 21 people can't all be wrong. Comment before it's gone. 👉",#makemoneyonline #dmforprice #cryptosignals #freeprize,1,0,0,0.4585,Spam/Bot Account,1
twdemo_000051,I wasn't going to share this but... Spots are filling up fast. Spot number 24 just opened up. Tap the link in my story. ✅,#getrichquick #freeprize #onlyfollowers #cashapp #makemoneyonline #clicklink,3,0,0,0.0015,Spam/Bot Account,1
twdemo_000051,"This changed everything for me. Made more money this week than my old job paid monthly. Already 50 success stories this month. Link in bio, click now. 📩💯",#followforfollow #onlyfollowers #giveaway #clicklink #makemoneyonline,1,0,0,0.5719,Spam/Bot Account,1
twdemo_000051,"This changed everything for me. Thousands already joined, don't miss out. Already 71 success stories this month. Comment before it's gone.",,1,0,0,0.6303,Spam/Bot Account,1
twdemo_000051,"You NEED to see this. It's 100% legit, I was skeptical too. 21 people can't all be wrong. Link in bio, click now. 🎁",#freeprize #followforfollow #dmforprice #cashapp #makemoneyonline #cryptosignals #getrichquick,0,0,0,0.486,Spam/Bot Account,1
twdemo_000052,"Spent way too long on a bug today. Linting caught it before it shipped, thankfully. Open to feedback.",,78,4,2,0.4215,Developer,0
twdemo_000052,"Refactoring old code I wrote a year ago. Naming things is still the hardest part. This is bug ticket number 74, send help. Open to feedback. 💻",,123,20,3,0.4588,Developer,0
twdemo_000052,Spent way too long on a bug today. Naming things is still the hardest part. Still can't believe it's 2024 and this bug exists. 💻🐛,#opensource,22,4,1,0.0,Developer,0
twdemo_000052,Spent way too long on a bug today. Naming things is still the hardest part. Pairing with Charles made this so much faster. ☕,#programmer #softwareengineer,48,4,1,0.0,Developer,0
twdemo_000052,Shipped a small feature at Davis PLC. Naming things is still the hardest part. Currently on commit number 75 of this refactor.,,90,4,3,0.3612,Developer,0
twdemo_000052,"Spent way too long on a bug today. Linting caught it before it shipped, thankfully. Tagging Kevin, they'll appreciate this one. 🐛",,60,2,1,0.6705,Developer,0
twdemo_000052,New side project idea just hit me at 2am. Turns out the cache was the whole problem. 15 tabs of documentation open right now. 💻🐛,,71,4,5,-0.4019,Developer,0
twdemo_000052,On-call was quiet for once. Docs were wrong but figured it out eventually. Working out of Robertchester this 2024. 🐛,,64,9,1,-0.2617,Developer,0
twdemo_000052,Finally got the tests passing. Docs were wrong but figured it out eventually. Working out of Lake Jessebury this 2017. AMA about the stack.,#developer #webdev,15,0,0,-0.2617,Developer,0
twdemo_000052,On-call was quiet for once. Past me really did not comment anything. Sprint 52 wrapped up today. 🧠🔧,,41,2,2,0.0,Developer,0
twdemo_000052,Spent way too long on a bug today. The fix was smaller than the investigation. Pairing with Chad made this so much faster. 💻🧠,,35,3,1,0.0,Developer,0
twdemo_000052,Spent way too long on a bug today. Naming things is still the hardest part. Currently debugging from New Carolmouth.,#python,44,3,2,0.0,Developer,0
twdemo_000052,On-call was quiet for once. Pairing with a teammate made it so much faster. Sprint 48 wrapped up today.,#programmer #opensource,81,4,1,0.0,Developer,0
twdemo_000053,Migrated a service to a new framework today. Docs were wrong but figured it out eventually. Shoutout to Thomas for the code review. 🧠,,17,1,0,-0.2617,Developer,0
twdemo_000053,On-call was quiet for once. Past me really did not comment anything. Deploy number 53 of the week. AMA about the stack. 🚀💻,,130,8,7,0.0772,Developer,0
twdemo_000053,"On-call was quiet for once. Linting caught it before it shipped, thankfully. Currently debugging from Reeseberg. Open to feedback. ☕",,40,3,0,0.4215,Developer,0
twdemo_000053,Learning a new part of the stack this week. Naming things is still the hardest part. Currently on commit number 43 of this refactor.,#javascript,43,8,2,0.3612,Developer,0
twdemo_000053,Rewrote a script that's been bugging me for weeks. Docs were wrong but figured it out eventually. Currently debugging from Stevenberg. 📦,#softwareengineer #programmer,57,14,1,-0.2617,Developer,0
twdemo_000053,"Spent way too long on a bug today. Linting caught it before it shipped, thankfully. Standup update: 20 things fixed today.",,75,8,1,0.4215,Developer,0
twdemo_000053,Migrated a service to a new framework today. Turned out to be a missing semicolon. Still can't believe it's 2024 and this bug exists.,#programmer #coding,102,10,3,-0.296,Developer,0
twdemo_000053,"Gave a lunch-and-learn at Coleman-Bates today. Turns out the cache was the whole problem. This is bug ticket number 33, send help. ☕🚀",,120,23,4,0.0772,Developer,0
twdemo_000053,Finally got the tests passing. Docs were wrong but figured it out eventually. Working out of Butlertown this 2025. ⚙️,,47,2,1,-0.2617,Developer,0
twdemo_000054,"Small batch, made with care. Handmade in small batches every week. 95 orders packed and ready to go. 🤝",#startup #marketing #entrepreneur,107,4,2,0.6908,Business Account,0
twdemo_000054,Behind the scenes at the shop today. Your support keeps our doors open. Thank you North Joshua for 33 years of support.,,133,13,4,0.7845,Business Account,0
twdemo_000054,Meet the team making it happen. Custom requests are always welcome. Limited stock available.,#customerfirst #localbusiness #shopsmall,71,6,2,0.2732,Business Account,0
twdemo_000054,Behind the scenes at the shop today. We appreciate every single one of you. 19 orders packed and ready to go. Limited stock available.,#smallbusiness #marketing #businessowner,124,5,4,0.5106,Business Account,0
twdemo_000054,"Behind the scenes at the shop today. We appreciate every single one of you. Based out of Pattonmouth, shipping everywhere.",,270,15,31,0.4019,Business Account,0
twdemo_000054,"Small batch, made with care. Orders ship out within 2 business days. Order number 63 just shipped. Limited stock available.",,363,21,36,0.3818,Business Account,0
twdemo_000054,Restocked your favorites. Orders ship out within 2 business days. Serving West Joseph since 2021. Tag someone who'd love this. 🤝,#growth #entrepreneur #customerfirst #localbusiness,195,13,5,0.7906,Business Account,0
twdemo_000054,Thank you New Jimfurt for another great week. Custom requests are always welcome. Batch number 3 restocked today.,#hustle #shopsmall #businessowner #growth,197,11,15,0.872,Business Account,0
twdemo_000054,Restocked your favorites. Your support keeps our doors open. Batch number 62 restocked today.,#smallbusiness #hustle #startup,116,10,8,0.7003,Business Account,0
twdemo_000054,"Small batch, made with care. Your support keeps our doors open. 66 orders packed and ready to go. DM us to order. 🌍",,130,4,4,0.8126,Business Account,0
twdemo_000054,Thank you Justinstad for another great week. Orders ship out within 2 business days. 63 orders packed and ready to go. Shop the link in bio. ✅🤝,#businessowner #localbusiness #hustle,135,6,5,0.8442,Business Account,0
twdemo_000054,Meet the team making it happen. Your support keeps our doors open. Serving Port Jeffreystad since 2025. Limited stock available. ✅,,116,4,3,0.2023,Business Account,0
twdemo_000054,Meet the team making it happen. We appreciate every single one of you. Team huddle today covered 76 new ideas.,#marketing #entrepreneur,135,7,5,0.4019,Business Account,0
twdemo_000055,"You NEED to see this. Made more money this week than my old job paid monthly. Dennis just signed up, you're next. Tap the link in my story. 🛒",#dmforprice #clicklink,7,0,0,0.0,Spam/Bot Account,1
twdemo_000055,"You NEED to see this. This is not a scam, I promise. Already helped 33 people this 2016. Tap the link in my story.",,8,0,0,0.6483,Spam/Bot Account,1
twdemo_000055,"Stop scrolling, read this. This is not a scam, I promise. Over 55 people already joined this week. DM me 'START' immediately. 💰",,4,0,0,0.4763,Spam/Bot Account,1
twdemo_000055,"You NEED to see this. Thousands already joined, don't miss out. Started in Lake Matthew, now everywhere. Tap the link in my story. 📩💰",#followforfollow #freeprize #onlyfollowers #giveaway #makemoneyonline,1,0,0,0.1139,Spam/Bot Account,1
twdemo_000055,"I wasn't going to share this but... Thousands already joined, don't miss out. Started in Sanchezside, now everywhere. Link in bio, click now. 📩",#getrichquick #cryptosignals #freeprize #clicklink #onlyfollowers #makemoneyonline #cashapp,8,0,0,0.0572,Spam/Bot Account,1
twdemo_000055,"You NEED to see this. Thousands already joined, don't miss out. Started in Tracyton, now everywhere. DM me 'START' immediately. 📩",#dmforprice #followforfollow #onlyfollowers #freeprize,7,0,0,0.1139,Spam/Bot Account,1
twdemo_000055,"Everyone is asking how I did this so fast. Thousands already joined, don't miss out. Message number 96 today, still going. Tap the link in my story. ✅🛒",#dmforprice #cryptosignals,26,0,0,0.1887,Spam/Bot Account,1
twdemo_000055,You NEED to see this. Made more money this week than my old job paid monthly. Spot number 35 just opened up. Tap the link in my story. 📩,#getrichquick #dmforprice #onlyfollowers,2,0,0,0.0772,Spam/Bot Account,1
twdemo_000055,"You NEED to see this. Thousands already joined, don't miss out. Message number 32 today, still going.",#giveaway #dmforprice #getrichquick #freeprize #cryptosignals #makemoneyonline #followforfollow,6,0,0,0.1887,Spam/Bot Account,1
twdemo_000055,"I wasn't going to share this but... Made more money this week than my old job paid monthly. Message number 57 today, still going.",#onlyfollowers #freeprize #cashapp #clicklink,3,0,0,0.0015,Spam/Bot Account,1
twdemo_000055,Everyone is asking how I did this so fast. Spots are filling up fast. Already helped 19 people this 2017. Tap the link in my story. 📩,#onlyfollowers #followforfollow #clicklink,3,0,0,0.0,Spam/Bot Account,1
twdemo_000056,"This changed everything for me. This is not a scam, I promise. Already 63 success stories this month. Comment before it's gone. 💰🔥",#cryptosignals #freeprize #getrichquick,3,0,0,0.7648,Spam/Bot Account,1
twdemo_000056,"I wasn't going to share this but... Thousands already joined, don't miss out. Spot number 51 just opened up. DM me 'START' immediately. 💰🛒",#clicklink #cryptosignals #cashapp,6,0,0,0.171,Spam/Bot Account,1
twdemo_000056,This changed everything for me. Spots are filling up fast. Only 81 spots left today. 🛒👉,#getrichquick #onlyfollowers,4,0,0,0.0,Spam/Bot Account,1
twdemo_000056,"Everyone is asking how I did this so fast. Spots are filling up fast. Since 2020, thousands have joined. 🎁",#makemoneyonline #dmforprice #cashapp #cryptosignals #giveaway,7,0,0,0.4404,Spam/Bot Account,1
twdemo_000056,"This changed everything for me. It's 100% legit, I was skeptical too. Slot 17 almost gone. 🎁",#dmforprice #getrichquick #makemoneyonline #onlyfollowers #freeprize,7,0,0,0.0865,Spam/Bot Account,1
twdemo_000056,Everyone is asking how I did this so fast. Made more money this week than my old job paid monthly. 27 people can't all be wrong. Tap the link in my story. ✅,#giveaway #cryptosignals #cashapp #freeprize #onlyfollowers #makemoneyonline,6,0,0,0.3724,Spam/Bot Account,1
twdemo_000056,"Everyone is asking how I did this so fast. This is not a scam, I promise. Message number 46 today, still going. Comment before it's gone. 🛒💰",#followforfollow #getrichquick #onlyfollowers #clicklink #cashapp #freeprize,7,0,0,0.6806,Spam/Bot Account,1
twdemo_000056,"This changed everything for me. Made more money this week than my old job paid monthly. Since 2023, thousands have joined. Comment before it's gone. 💰",#cashapp #onlyfollowers #getrichquick #cryptosignals #freeprize #dmforprice #giveaway,6,0,0,0.0,Spam/Bot Account,1
twdemo_000056,"You NEED to see this. This is not a scam, I promise. Since 2024, thousands have joined. DM me 'START' immediately. 💯📩",#cryptosignals #followforfollow #getrichquick #onlyfollowers,9,0,0,0.6483,Spam/Bot Account,1
twdemo_000056,"I wasn't going to share this but... It's 100% legit, I was skeptical too. Started in Shirleyshire, now everywhere. Comment before it's gone. 🔥✅",#followforfollow #cashapp #freeprize,6,0,0,-0.7575,Spam/Bot Account,1
twdemo_000056,"I wasn't going to share this but... Spots are filling up fast. Message number 78 today, still going.",#cashapp #dmforprice #getrichquick #clicklink #giveaway #makemoneyonline,6,0,0,0.0015,Spam/Bot Account,1
twdemo_000056,"You NEED to see this. Thousands already joined, don't miss out. Jody just signed up, you're next. DM me 'START' immediately. 💯🛒",#giveaway #freeprize #cashapp #makemoneyonline #clicklink #cryptosignals,4,0,0,0.1139,Spam/Bot Account,1
twdemo_000056,"You NEED to see this. This is not a scam, I promise. This worked for Maureen too, ask them. DM me 'START' immediately. ✅🔥",,3,0,0,0.4401,Spam/Bot Account,1
twdemo_000056,"Stop scrolling, read this. It's 100% legit, I was skeptical too. Slot 56 almost gone. Link in bio, click now. 🛒",#followforfollow #freeprize #onlyfollowers,7,0,0,-0.5423,Spam/Bot Account,1
twdemo_000056,🚨 LAST CHANCE 🚨 Made more money this week than my old job paid monthly. Slot 62 almost gone. DM me 'START' immediately.,#cryptosignals #cashapp #freeprize,5,0,0,0.4084,Spam/Bot Account,1
twdemo_000057,Ran a form check clinic today. Fueling properly made a huge difference. Training out of Leonardstad this week. DM 'START' to work together.,#healthylifestyle #cardio,222,15,28,0.3182,Fitness Creator,0
twdemo_000057,Back-to-back sessions today. Strength carries over into everything else. Logged 80 miles this week. 🔥💪,#nutrition #healthylifestyle #wellness #training #cardio,175,8,6,0.2023,Fitness Creator,0
twdemo_000057,Early morning session before work. Small wins add up over months. Logged 56 miles this week. Programs linked in bio.,#gymlife #fitness,229,8,9,0.5719,Fitness Creator,0
twdemo_000057,Back-to-back sessions today. Fueling properly made a huge difference. 95 minutes of mobility work this morning. Programs linked in bio. 🧘,#fitness #cardio,342,27,24,0.3182,Fitness Creator,0
twdemo_000057,Programming update for the week. Slow and controlled beats fast and sloppy. Day 58 of the program.,#strength #nutrition #healthylifestyle #training,216,7,7,0.0,Fitness Creator,0
twdemo_000057,"Early morning session before work. Rest days are still training days. 23 reps, zero regrets.",#fitfam #workout #gymlife #training,348,26,31,-0.3612,Fitness Creator,0
twdemo_000057,"New PR today! Form over ego, always. Client hit a 46 pound PR today.",#nutrition #gymlife #training #healthylifestyle #wellness,701,62,40,0.0,Fitness Creator,0
twdemo_000057,"Recovery day, mobility work only. Form over ego, always. Day 95 of the program. Tag your gym partner.",#healthylifestyle,138,13,10,0.0,Fitness Creator,0
twdemo_000057,"Deload week starts now. Progress isn't always linear, and that's fine. Logged 34 miles this week.",#workout #healthylifestyle #fitfam #fitness #strength,241,10,14,0.5574,Fitness Creator,0
twdemo_000057,"Leg day recap. Form over ego, always. Week 65 of the plan, feeling stronger.",#fitfam #fitness,390,21,32,0.4767,Fitness Creator,0
twdemo_000057,Leg day recap. Fueling properly made a huge difference. Shoutout to Andrew for showing up every day. Tag your gym partner. 🔥,#healthylifestyle #workout #training #fitfam,328,24,8,-0.0258,Fitness Creator,0
twdemo_000057,Back-to-back sessions today. Rest days are still training days. Client hit a 45 pound PR today.,#fitness #training #workout #healthylifestyle,138,11,7,0.0,Fitness Creator,0
twdemo_000058,"Coaching client hit a big milestone. Slow and controlled beats fast and sloppy. Tagging Kimberly, my training partner today. 🥗🔥",#nutrition #cardio #fitfam,681,189,37,-0.34,Fitness Creator,0
twdemo_000058,Coaching client hit a big milestone. Fueling properly made a huge difference. Back in New Carrieberg for a pop-up class this 2024. Tag your gym partner.,#training #nutrition #gymlife,552,57,20,0.3182,Fitness Creator,0
twdemo_000058,Programming update for the week. Sleep is still the most underrated recovery tool. Training out of Seanbury this week.,#gymlife #healthylifestyle,665,75,24,0.0,Fitness Creator,0
twdemo_000058,"Early morning session before work. Showing up matters more than the perfect plan. Tagging Brian, my training partner today.",#workout #training #fitfam #strength #cardio,480,91,16,0.6204,Fitness Creator,0
twdemo_000058,Back-to-back sessions today. Slow and controlled beats fast and sloppy.,#nutrition #workout,1774,256,83,0.0,Fitness Creator,0
twdemo_000058,Early morning session before work. Sleep is still the most underrated recovery tool. Coaching 83 clients this cycle. 🥗💪,#fitness #wellness,940,138,60,0.0,Fitness Creator,0
twdemo_000058,"Deload week starts now. Showing up matters more than the perfect plan. Tagging Alexander, my training partner today. Tag your gym partner.",#gymlife #fitness #healthylifestyle #wellness,496,27,19,0.6204,Fitness Creator,0
twdemo_000058,"Programming update for the week. Sleep is still the most underrated recovery tool. Week 91 of the plan, feeling stronger.",#gymlife #workout #fitfam #strength #fitness,949,72,59,0.4767,Fitness Creator,0
twdemo_000059,Campus is so pretty in New Julieview today. Somehow still passing my classes. Group chat with Joshua is unhinged today. ☕✨,,32,4,1,0.7518,Student,0
twdemo_000059,Another day surviving Kirbyhaven University. Turns out procrastination is a full-time job. Shoutout to Jane for the study session.,,32,3,2,0.296,Student,0
twdemo_000059,Finals season has me questioning everything. Turns out procrastination is a full-time job. Number 76 on my to-do list: sleep.,,85,10,3,-0.0258,Student,0
twdemo_000059,Coffee run before class. Turns out procrastination is a full-time job. Shoutout to Andrea for the study session. ☕,,57,4,1,0.0,Student,0
twdemo_000059,"Campus is so pretty in South Willie today. Library until it closes, again. This is assignment number 53 this semester. 🎬🐾",,78,4,2,0.6615,Student,0
twdemo_000059,Coffee run before class. Dorm life really tests your patience. Number 70 on my to-do list: sleep.,,19,1,0,0.0772,Student,0
twdemo_000059,Group project update: Turns out procrastination is a full-time job. Number 59 on my to-do list: sleep. 🐾✨,,67,5,4,0.3818,Student,0
twdemo_000059,Finals season has me questioning everything. Dorm life really tests your patience. Group chat with Gabriel is unhinged today.,#dormlife #studygram,76,3,3,-0.1027,Student,0
twdemo_000060,"Study session with Kristen turned into a nap. My professor just dropped a pop quiz, send help. Fun fact: I've switched majors 37 times. 🙌",#finals #college,22,2,2,0.7184,Student,0
twdemo_000060,Another day surviving Alexandrafort University. Somehow still passing my classes. Campus tour 58 for prospective students today. Tell me it gets easier.,#college #campus #finals,11,1,1,0.6124,Student,0
twdemo_000060,Campus is so pretty in Kevinstad today. Ranking my classes from bearable to soul-crushing. Shoutout to Nathaniel for the study session. 🎉,,11,2,1,0.7793,Student,0
twdemo_000060,Group project update: Ranking my classes from bearable to soul-crushing. Number 34 on my to-do list: sleep.,#gradstudent #dormlife #studybreak,9,1,0,0.0772,Student,0
twdemo_000060,"Coffee run before class. Ranking my classes from bearable to soul-crushing. Somewhere in Port Devon, probably procrastinating. 💪🎬",#studybreak,19,2,1,0.0,Student,0
twdemo_000060,Campus is so pretty in Simstown today. Ranking my classes from bearable to soul-crushing. Currently 70 days away from break. Someone quiz me please. 🌟🎉,#finals,8,2,0,0.8449,Student,0
twdemo_000060,Study session with Aaron turned into a nap. Ranking my classes from bearable to soul-crushing. Officially 47 credits away from graduating. 📚,,21,3,1,0.3612,Student,0
twdemo_000060,"Another day surviving Robertburgh University. Library until it closes, again. Fun fact: I've switched majors 36 times. 🐾😊",#studygram,10,1,0,0.8885,Student,0
twdemo_000060,Coffee run before class. Ranking my classes from bearable to soul-crushing. Fun fact: I've switched majors 5 times.,#campus,10,1,0,0.5106,Student,0
twdemo_000060,"Group project update: Library until it closes, again. Campus tour 72 for prospective students today. Send snacks. 💪",,13,1,0,0.0,Student,0
twdemo_000060,"Study session with Meghan turned into a nap. Library until it closes, again. Tagging Michael because they'd get this.",#classof2026 #studygram #dormlife,9,0,0,0.0,Student,0
twdemo_000061,Restocked your favorites. We appreciate every single one of you. Team huddle today covered 51 new ideas.,,49,2,1,0.6705,Business Account,0
twdemo_000061,"Small batch, made with care. Your support keeps our doors open. Team huddle today covered 86 new ideas.",#marketing,116,4,2,0.5106,Business Account,0
twdemo_000061,"Thank you Jonesmouth for another great week. Locally sourced, always. Customer number 9 just left a five-star review.",#smallbusiness #marketing #entrepreneur #growth,54,4,1,0.7845,Business Account,0
twdemo_000061,"New arrivals just dropped! Locally sourced, always. 56 orders packed and ready to go. Limited stock available.",#smallbusiness,46,2,0,0.2244,Business Account,0
twdemo_000061,Thank you Mcconnellfurt for another great week. Orders ship out within 2 business days. Team huddle today covered 49 new ideas. 🌍💼,#marketing #entrepreneur,45,2,1,0.765,Business Account,0
twdemo_000061,Meet the team making it happen. Orders ship out within 2 business days. Customer number 55 just left a five-star review. DM us to order.,,71,5,1,0.0772,Business Account,0
twdemo_000061,Thank you East Denisestad for another great week. We appreciate every single one of you. Celebrating 97 years since we opened our doors. Tag someone who'd love this. 🌍,,40,1,0,0.9531,Business Account,0
twdemo_000061,"Behind the scenes at the shop today. Locally sourced, always. Team huddle today covered 16 new ideas. 🌍🤝",#hustle,33,2,0,0.0,Business Account,0
twdemo_000061,"Small batch, made with care. Orders ship out within 2 business days. Shoutout to our 47th customer this week. Shop the link in bio. 🌍💼",#businessowner #marketing,52,3,1,0.4939,Business Account,0
twdemo_000061,"Behind the scenes at the shop today. Your support keeps our doors open. Tagging Brianna, one of our first customers back in 2015. 🌍✅",,127,9,1,0.4019,Business Account,0
twdemo_000061,"Restocked your favorites. Locally sourced, always. 68 orders packed and ready to go. 🔗",#marketing,63,2,0,0.6486,Business Account,0
twdemo_000062,Coffee run before class. Turns out procrastination is a full-time job. Can't believe it's already 2023. Tell me it gets easier.,#studygram #college,60,3,0,0.4215,Student,0
twdemo_000062,"Group project update: My professor just dropped a pop quiz, send help. Tagging Douglas because they'd get this. 🙌",,113,9,0,0.4019,Student,0
twdemo_000062,Another day surviving Port Barbaraside University. Dorm life really tests your patience. Studying in Davidmouth has its perks.,,218,23,0,0.296,Student,0
twdemo_000062,Coffee run before class. Dorm life really tests your patience. Tagging Jacqueline because they'd get this. ☕💪,,116,4,0,0.0,Student,0
twdemo_000062,Study session with Christina turned into a nap. Somehow still passing my classes. Ran into Danielle at the library again. Someone quiz me please. 🌟,#gradstudent #studygram #campus,100,9,0,0.3182,Student,0
twdemo_000062,"Study session with Darrell turned into a nap. Library until it closes, again. Somewhere in Port Lisa, probably procrastinating.",#university,225,23,1,0.0,Student,0
twdemo_000063,"New content coming your way soon. So grateful for opportunities like this. Filming this in Hudsonberg today. Trip number 40 this year, no complaints. Shop this look now.",#brandpartner #trending #lifestyle,11,1,0,0.8954,Fake Influencer,1
twdemo_000063,"Living for moments like this. This is going straight into my everyday rotation. Shot this in Langville. Tagging Katie, my glam team today.",#discountcode #ad,17,0,0,0.5267,Fake Influencer,1
twdemo_000063,Obsessed with this new find. Can't believe I get to call this my job. Filming this in Cherylview today. Outfit number 23 of the week. Shop this look now. 💅👑,#ad,21,1,0,-0.1027,Fake Influencer,1
twdemo_000063,Today's shoot was a whole vibe. Honestly didn't expect to love this as much as I do. Look number 78 from this campaign. Packing for South Joshuabury again this week.,,14,1,0,-0.3544,Fake Influencer,1
twdemo_000063,Obsessed with this new find. So grateful for opportunities like this. 💖,#discountcode #lifestyle #linkinbio #sponsored,7,1,0,0.9316,Fake Influencer,1
twdemo_000063,This brand sent me the best package. Use my code for a discount. Can't believe it's already 2025. Link in bio for the discount. 💅💖,#ad #musthave #influencer,8,1,0,0.891,Fake Influencer,1
twdemo_000063,"Today's shoot was a whole vibe. Use my code for a discount. Trip number 62 this year, no complaints. DM for collab details. 😍💅",,10,1,0,0.4867,Fake Influencer,1
twdemo_000063,Golden hour never disappoints. Honestly didn't expect to love this as much as I do. Filming this in West Isaiahfurt today.,#lifestyle #musthave #trending #linkinbio,10,1,0,-0.5667,Fake Influencer,1
twdemo_000063,Unboxing my favorite package of the month. Use my code for a discount. Look number 49 from this campaign. Link in bio for the discount.,#musthave,43,6,1,0.5106,Fake Influencer,1
twdemo_000063,"Today's shoot was a whole vibe. Use my code for a discount. Since 2021, this has been the dream. 💖😍",#collab #influencer #musthave #lifestyle #discountcode,7,1,0,0.8402,Fake Influencer,1
twdemo_000063,This might be my favorite collab yet. My followers deserve the best recommendations. Can't believe it's already 2016. Look number 23 from this campaign. 💖🌴,#brandpartner,8,2,0,0.9313,Fake Influencer,1
twdemo_000064,"Recovery day, mobility work only. Progress isn't always linear, and that's fine. 68 reps, zero regrets. DM 'START' to work together. 🏋️🥗",#wellness,1481,221,80,0.2732,Fitness Creator,0
twdemo_000064,"Ran a form check clinic today. Form over ego, always. Coaching 15 clients this cycle. 💪🥗",#gymlife,2338,348,237,0.0,Fitness Creator,0
twdemo_000064,"Programming update for the week. Strength carries over into everything else. Session number 79 with this client, big progress. 🧘⚡",#healthylifestyle #training #workout,1990,296,88,0.743,Fitness Creator,0
twdemo_000064,"Meal prep Sunday. Progress isn't always linear, and that's fine. Logged 61 miles this week. 🔥🧘",#wellness #workout #training #strength #nutrition,1915,199,91,0.296,Fitness Creator,0
twdemo_000064,"Leg day recap. Progress isn't always linear, and that's fine. Logged 49 miles this week.",#fitness #gymlife,608,87,16,0.5574,Fitness Creator,0
twdemo_000065,Early morning session before work. Showing up matters more than the perfect plan. Logged 94 miles this week. DM 'START' to work together. 💪🥗,#workout,294,32,19,0.6204,Fitness Creator,0
twdemo_000065,"Meal prep Sunday. Strength carries over into everything else. Tagging Cassandra, my training partner today.",#training #strength,599,242,63,0.4939,Fitness Creator,0
twdemo_000065,Programming update for the week. Small wins add up over months. 84 minutes of mobility work this morning. Save this for your next session.,,538,104,34,0.7845,Fitness Creator,0
twdemo_000065,"Leg day recap. Form over ego, always. Back in East Jasonstad for a pop-up class this 2022.",#gymlife #strength,803,305,22,0.0,Fitness Creator,0
twdemo_000065,"Early morning session before work. Form over ego, always. Session number 35 with this client, big progress. Save this for your next session. 🔥",#fitness #gymlife,1055,309,63,0.5994,Fitness Creator,0
twdemo_000065,"Recovery day, mobility work only. Consistency beats intensity most days. 59 minutes of mobility work this morning. Tag your gym partner.",#gymlife #training #workout #nutrition #wellness,688,46,26,0.0,Fitness Creator,0
twdemo_000065,New PR today! Strength carries over into everything else. 76 minutes of mobility work this morning. 🏋️🏃,#training #healthylifestyle #gymlife #fitness #cardio,1002,234,113,0.5411,Fitness Creator,0
twdemo_000065,Meal prep Sunday. Slow and controlled beats fast and sloppy. 64 minutes of mobility work this morning. 🥗🔥,#healthylifestyle,356,46,26,-0.34,Fitness Creator,0
twdemo_000065,"Recovery day, mobility work only. Rest days are still training days. Logged 40 miles this week. ⚡🥗",,1297,113,50,0.0,Fitness Creator,0
twdemo_000065,Coaching client hit a big milestone. Fueling properly made a huge difference. Shoutout to Jacob for showing up every day. 🔥⚡,#workout #fitness #healthylifestyle #gymlife,1047,93,11,-0.0258,Fitness Creator,0
twdemo_000066,"Coffee run before class. My professor just dropped a pop quiz, send help. Ran into Teresa at the library again. 😊✨",,17,1,0,0.875,Student,0
twdemo_000066,"Coffee run before class. Library until it closes, again. Number 68 on my to-do list: sleep. Send snacks.",#university #studygram #classof2026,8,0,0,0.0772,Student,0
twdemo_000066,Campus is so pretty in South Roberthaven today. Somehow still passing my classes. Currently 20 days away from break. Wish me luck. ☕,#studygram,11,1,1,0.8695,Student,0
twdemo_000066,"Coffee run before class. Ranking my classes from bearable to soul-crushing. Somewhere in North Teresa, probably procrastinating. Send snacks. 🎉",#classof2026 #studentlife #university,7,0,0,0.4019,Student,0
twdemo_000066,Study session with Blake turned into a nap. Ranking my classes from bearable to soul-crushing. Fun fact: I've switched majors 79 times. Tell me it gets easier.,#studygram,10,0,1,0.7269,Student,0
twdemo_000066,Study session with Daniel turned into a nap. Ranking my classes from bearable to soul-crushing. Group chat with Michael is unhinged today. Wish me luck.,#studygram #gradstudent #classof2026,8,0,0,0.6908,Student,0
twdemo_000066,Campus is so pretty in Foxborough today. Ranking my classes from bearable to soul-crushing. Officially 86 credits away from graduating.,#studybreak #studygram #dormlife,5,0,0,0.6144,Student,0
twdemo_000066,Finals season has me questioning everything. Turns out procrastination is a full-time job. Ran into Mary at the library again. Send snacks. 😊📚,,8,1,0,0.6808,Student,0
twdemo_000067,"Meet the team making it happen. Handmade in small batches every week. Based out of Mccartyport, shipping everywhere. Limited stock available.",#hustle #smallbusiness #customerfirst,191,7,10,-0.2263,Business Account,0
twdemo_000067,New arrivals just dropped! Custom requests are always welcome. Celebrating 60 years since we opened our doors. DM us to order. 📈,#localbusiness #entrepreneur,348,28,13,0.7901,Business Account,0
twdemo_000067,Restocked your favorites. Orders ship out within 2 business days. Celebrating 97 years since we opened our doors. Shop the link in bio. 📈,#customerfirst,146,6,2,0.7579,Business Account,0
twdemo_000067,Meet the team making it happen. Custom requests are always welcome. Order number 73 just shipped.,#startup #marketing,78,5,3,0.5106,Business Account,0
twdemo_000067,"Meet the team making it happen. Handmade in small batches every week. Tagging Amber, one of our first customers back in 2021. 🤝",#growth #startup #customerfirst #shopsmall,234,21,6,0.0,Business Account,0
twdemo_000067,New arrivals just dropped! Custom requests are always welcome. Serving South Cole since 2025. DM us to order. 💼,#entrepreneur #smallbusiness,156,2,6,0.5093,Business Account,0
twdemo_000067,"Small batch, made with care. Locally sourced, always. Limited stock available.",#shopsmall,269,24,7,0.3182,Business Account,0
twdemo_000068,Finals season has me questioning everything. Turns out procrastination is a full-time job. Currently 9 cups of coffee deep today. 😊,#gradstudent,25,4,0,0.6808,Student,0
twdemo_000068,"Group project update: Library until it closes, again. Currently 20 cups of coffee deep today. ☕",,45,4,1,0.0,Student,0
twdemo_000068,"Finals season has me questioning everything. My professor just dropped a pop quiz, send help. Officially 96 credits away from graduating.",,38,5,1,0.5859,Student,0
twdemo_000068,Campus is so pretty in Lake Markton today. Somehow still passing my classes. Group chat with Michael is unhinged today.,,45,6,1,0.6269,Student,0
twdemo_000069,"Thank you for the love this 2017. This journey keeps surprising me. Back in New Andrew this 2020. Since 2024, the journey continues. Follow only this page. 📚🌟",#official #viral,340,57,55,0.8316,Fitness Creator,0
twdemo_000069,Thank you for the love this 2022. This journey keeps surprising me. 7 years in this industry now. Back in Thomastown this 2016. 💪🎉,,533,141,12,0.8885,Fitness Creator,0
twdemo_000069,To my real fans: There's more coming that I can't wait to share. Thank you Sara for the constant support. 8 years of your support means everything. 📚,#exclusive #viral,517,42,41,0.7195,Fitness Creator,0
twdemo_000069,"I see all of your messages, truly. I read every message even if I can't reply to all. Message number 30 today, reading every one. Tagging Mitchell, thank you for believing in this. Follow only this page.",#exclusive #celebrity,644,102,30,0.6908,Fitness Creator,0
twdemo_000069,Thank you for the love this 2015. Ignore anyone claiming to be my manager elsewhere.,#official,176,13,6,0.6369,Fitness Creator,0
twdemo_000069,"To my real fans: Grateful for every one of you every single day. Tagging Kyle, thank you for believing in this. Back in North Cassidybury this 2020.",,543,82,31,0.6705,Fitness Creator,0
twdemo_000069,"This account is really me, I promise. There's more coming that I can't wait to share. Back in South Matthew this 2022. 📚🎬",#exclusive,223,47,6,0.1719,Fitness Creator,0
twdemo_000070,Can't stop wearing this lately. This is going straight into my everyday rotation. Look number 73 from this campaign.,#brandpartner #lifestyle #ad #musthave,3,0,0,0.4745,Business Account,0
twdemo_000070,"Living for moments like this. This is going straight into my everyday rotation. Trip number 41 this year, no complaints. So many of you asked for this, here it is. Code is my username at checkout.",#collab #influencer #sponsored #trending,7,0,0,0.7147,Business Account,0
twdemo_000070,Obsessed with this new find. Honestly didn't expect to love this as much as I do. Outfit number 18 of the week. Outfit number 89 of the week. Shop this look now. 💅,#linkinbio #collab #influencer #brandpartner #lifestyle,13,0,0,-0.12,Business Account,0
twdemo_000070,Living for moments like this. This is going straight into my everyday rotation. Can't believe it's already 2020. Outfit number 62 of the week. DM for collab details.,,5,0,0,0.5719,Business Account,0
twdemo_000070,"Can't stop wearing this lately. Honestly didn't expect to love this as much as I do. So many of you asked for this, here it is. So many of you asked for this, here it is. ✨📸",#linkinbio #ad #collab #trending #brandpartner,6,0,0,0.4253,Business Account,0
twdemo_000070,This might be my favorite collab yet. Honestly didn't expect to love this as much as I do. Filming this in North Adam today. Outfit number 98 of the week. 💅👑,#trending #collab #linkinbio #discountcode,5,0,0,0.4464,Business Account,0
twdemo_000070,"Another day, another shoot. Can't wait to show you more from this collab. Filming this in East Margaretbury today. Filming this in East Brandi today. Code is my username at checkout. 🌴",,5,0,0,-0.34,Business Account,0
twdemo_000070,Obsessed with this new find. Use my code for a discount. Look number 81 from this campaign. Outfit number 77 of the week. Link in bio for the discount.,#linkinbio,4,0,0,-0.0258,Business Account,0
twdemo_000070,"Golden hour never disappoints. So many of you have been asking about this. Trip number 18 this year, no complaints. Tagging Samuel, my glam team today. 💖",#influencer,6,0,0,0.8791,Business Account,0
twdemo_000070,Living for moments like this. So many of you have been asking about this. Look number 23 from this campaign. DM for collab details.,#linkinbio #collab #musthave #sponsored,5,0,0,0.4215,Business Account,0
twdemo_000070,"Obsessed with this new find. My followers deserve the best recommendations. Since 2015, this has been the dream.",#influencer,7,0,0,0.6705,Business Account,0
twdemo_000070,This brand sent me the best package. So grateful for opportunities like this. Packing for Foxville again this week. Packing for Lopezmouth again this week. 💖,#linkinbio #musthave #trending #collab,4,0,0,0.9599,Business Account,0
twdemo_000070,This might be my favorite collab yet. Can't believe I get to call this my job. Link in bio for the discount. 📸🌴,#ad,6,0,0,0.4588,Business Account,0
twdemo_000071,"Leg day recap. Form over ego, always. Logged 47 miles this week. Programs linked in bio.",#strength #wellness,164,17,0,0.0,Fitness Creator,0
twdemo_000071,New PR today! Slow and controlled beats fast and sloppy. Shoutout to Susan for showing up every day. DM 'START' to work together.,,112,19,1,0.0,Fitness Creator,0
twdemo_000071,Back-to-back sessions today. Consistency beats intensity most days. Training out of New Ronald this week.,#wellness #nutrition #training,157,11,0,0.0,Fitness Creator,0
twdemo_000071,Ran a form check clinic today. Fueling properly made a huge difference. Client hit a 86 pound PR today. 🧘⚡,#cardio #wellness #nutrition,152,4,0,-0.0772,Fitness Creator,0
twdemo_000071,Meal prep Sunday. Sleep is still the most underrated recovery tool. Training out of Danielside this week. ⚡,#strength #gymlife,124,29,0,0.0,Fitness Creator,0
twdemo_000071,"Meal prep Sunday. Consistency beats intensity most days. 75 reps, zero regrets. Programs linked in bio.",#fitness #cardio #workout #gymlife,96,13,1,-0.3612,Fitness Creator,0
twdemo_000071,"Back-to-back sessions today. Progress isn't always linear, and that's fine. Day 6 of the program. Programs linked in bio.",#healthylifestyle #workout #training #strength #cardio,160,9,1,0.5574,Fitness Creator,0
twdemo_000071,"Early morning session before work. Small wins add up over months. Session number 69 with this client, big progress. DM 'START' to work together. 🔥",#training #workout #fitfam #wellness,100,8,0,0.6597,Fitness Creator,0
twdemo_000071,Back-to-back sessions today. Showing up matters more than the perfect plan. Coaching 51 clients this cycle.,#fitness #workout,178,8,1,0.6204,Fitness Creator,0
twdemo_000071,Early morning session before work. Sleep is still the most underrated recovery tool. Training out of Lauraton this week. Save this for your next session. ⚡🔥,#cardio #healthylifestyle #wellness #nutrition #fitfam,100,8,2,0.2023,Fitness Creator,0
twdemo_000071,Coaching client hit a big milestone. Sleep is still the most underrated recovery tool. 83 minutes of mobility work this morning.,,89,3,0,0.0,Fitness Creator,0
twdemo_000071,Deload week starts now. Consistency beats intensity most days. 95 minutes of mobility work this morning. Save this for your next session.,#gymlife #training,105,6,0,0.4939,Fitness Creator,0
twdemo_000071,"Recovery day, mobility work only. Slow and controlled beats fast and sloppy. 71 minutes of mobility work this morning. 🧘",#fitfam #nutrition,123,16,0,0.0,Fitness Creator,0
twdemo_000071,Programming update for the week. Strength carries over into everything else. 73 minutes of mobility work this morning.,#gymlife #training,140,12,0,0.4939,Fitness Creator,0
twdemo_000071,Leg day recap. Strength carries over into everything else. Client hit a 3 pound PR today.,#training #fitfam #cardio,35,3,0,0.4939,Fitness Creator,0
twdemo_000072,Leg day recap. Strength carries over into everything else. 67 minutes of mobility work this morning.,#training #fitness,1566,72,44,0.4939,Fitness Creator,0
twdemo_000072,Ran a form check clinic today. Strength carries over into everything else. 8 minutes of mobility work this morning.,#fitness #strength #fitfam #healthylifestyle,1791,327,44,0.4939,Fitness Creator,0
twdemo_000072,"Recovery day, mobility work only. Form over ego, always. Back in Brownborough for a pop-up class this 2015. Save this for your next session. ⚡🏋️",#workout #healthylifestyle #fitfam,369,100,26,0.4939,Fitness Creator,0
twdemo_000072,"Early morning session before work. Sleep is still the most underrated recovery tool. 56 reps, zero regrets. DM 'START' to work together. 💪",#strength #workout #cardio #healthylifestyle,972,197,39,-0.3612,Fitness Creator,0
twdemo_000072,"Recovery day, mobility work only. Showing up matters more than the perfect plan. Week 73 of the plan, feeling stronger. 🏋️",#training #fitness,2370,1276,29,0.8,Fitness Creator,0
twdemo_000072,"Recovery day, mobility work only. Small wins add up over months. Logged 36 miles this week. Programs linked in bio. 🧘",#wellness #workout,461,34,21,0.5719,Fitness Creator,0
twdemo_000072,"Ran a form check clinic today. Rest days are still training days. Tagging Victoria, my training partner today. 🧘🏋️",#gymlife #nutrition,2659,622,86,0.0,Fitness Creator,0
twdemo_000072,New PR today! Consistency beats intensity most days. Coaching 94 clients this cycle. 🔥🥗,#strength #healthylifestyle #wellness,499,118,21,-0.4003,Fitness Creator,0
twdemo_000072,"Meal prep Sunday. Form over ego, always. DM 'START' to work together. 🔥",,1300,531,66,-0.34,Fitness Creator,0
twdemo_000072,Leg day recap. Consistency beats intensity most days. 37 minutes of mobility work this morning.,,984,146,52,0.0,Fitness Creator,0
twdemo_000072,"Deload week starts now. Progress isn't always linear, and that's fine. Coaching 9 clients this cycle. 🏋️",#gymlife #healthylifestyle #nutrition #wellness,1284,89,26,0.5574,Fitness Creator,0
twdemo_000072,"Coaching client hit a big milestone. Progress isn't always linear, and that's fine. Coaching 52 clients this cycle. 🔥",,459,25,28,0.296,Fitness Creator,0
twdemo_000072,"Leg day recap. Progress isn't always linear, and that's fine.",#cardio,718,147,64,0.5574,Fitness Creator,0
twdemo_000072,"Early morning session before work. Small wins add up over months. Session number 87 with this client, big progress. Save this for your next session.",#workout #training #fitfam #wellness,467,15,14,0.875,Fitness Creator,0
twdemo_000073,"Another day, another shoot. My followers deserve the best recommendations. Look number 13 from this campaign. ✨",,196,8,1,0.6597,Fake Influencer,1
twdemo_000073,"Another day, another shoot. Use my code for a discount. So many of you asked for this, here it is.",#linkinbio #influencer #sponsored #brandpartner #lifestyle,113,3,2,-0.34,Fake Influencer,1
twdemo_000073,"Golden hour never disappoints. This is exactly what my feed needed. Since 2022, this has been the dream. 👑✨",#linkinbio #influencer,606,28,17,0.6688,Fake Influencer,1
twdemo_000073,"Living for moments like this. This is exactly what my feed needed. Since 2019, this has been the dream. Code is my username at checkout.",,1430,45,13,0.5423,Fake Influencer,1
twdemo_000073,This might be my favorite collab yet. My followers deserve the best recommendations. Filming this in South Meganport today. DM for collab details. 👑,#discountcode,791,34,10,0.802,Fake Influencer,1
twdemo_000073,Golden hour never disappoints. Can't wait to show you more from this collab. Shop this look now. 💖🌴,#musthave #discountcode #collab #lifestyle,220,4,6,0.8217,Fake Influencer,1
twdemo_000073,"Obsessed with this new find. Can't wait to show you more from this collab. Filming this in East Frederickfort today. So many of you asked for this, here it is. Shop this look now. 💖😍",#linkinbio #influencer #musthave #discountcode #trending,152,3,4,0.8271,Fake Influencer,1
twdemo_000073,"This might be my favorite collab yet. So grateful for opportunities like this. Derek styled this look. So many of you asked for this, here it is. Shop this look now.",#sponsored #ad #trending #collab,133,2,2,0.9048,Fake Influencer,1
twdemo_000073,"Living for moments like this. Can't believe I get to call this my job. Tagging Edward, my glam team today. 💅",#influencer,421,4,5,0.3612,Fake Influencer,1
twdemo_000073,Can't stop wearing this lately. This is going straight into my everyday rotation. Look number 89 from this campaign. DM for collab details.,,543,14,7,0.4745,Fake Influencer,1
twdemo_000073,Obsessed with this new find. Use my code for a discount. Brand deal number 98 this month. Manuel styled this look. 🌴💖,#ad #brandpartner,111,3,1,0.7184,Fake Influencer,1
twdemo_000073,This might be my favorite collab yet. Honestly didn't expect to love this as much as I do. Filming this in North Kimberlyberg today. Link in bio for the discount. 💅💖,#ad #musthave,148,2,1,0.8415,Fake Influencer,1
twdemo_000073,Can't stop wearing this lately. This is going straight into my everyday rotation. Brand deal number 82 this month. Shop this look now. 💖✨,#linkinbio #ad #influencer #sponsored #musthave,1058,25,12,0.8954,Fake Influencer,1
twdemo_000073,New content coming your way soon. So many of you have been asking about this. Outfit number 35 of the week. ✨,#collab #ad #influencer,121,3,4,0.3818,Fake Influencer,1
twdemo_000073,"Golden hour never disappoints. This is going straight into my everyday rotation. So many of you asked for this, here it is. Shop this look now. 💖🌴",#musthave #sponsored #brandpartner,444,8,13,0.8585,Fake Influencer,1
twdemo_000074,"You NEED to see this. This is not a scam, I promise. Spot number 34 just opened up. Tap the link in my story. 🎁",#getrichquick #followforfollow #cryptosignals,20,0,0,0.8175,Spam/Bot Account,1
twdemo_000074,"🚨 LAST CHANCE 🚨 This is not a scam, I promise. This worked for Valerie too, ask them. Comment before it's gone. 👉🎁",#cashapp #giveaway #freeprize #makemoneyonline #dmforprice #followforfollow,6,0,0,0.873,Spam/Bot Account,1
twdemo_000074,"Everyone is asking how I did this so fast. This is not a scam, I promise. 96 people can't all be wrong. ✅",#freeprize #clicklink #makemoneyonline #dmforprice,3,0,0,0.7815,Spam/Bot Account,1
twdemo_000074,"This changed everything for me. Thousands already joined, don't miss out. Over 85 people already joined this week. 🛒💰",#getrichquick #onlyfollowers #dmforprice,6,0,0,0.1139,Spam/Bot Account,1
twdemo_000074,"This changed everything for me. It's 100% legit, I was skeptical too. Over 88 people already joined this week. ✅🔥",#giveaway #clicklink #followforfollow #makemoneyonline #cryptosignals,1,0,0,-0.5719,Spam/Bot Account,1
twdemo_000074,"🚨 LAST CHANCE 🚨 This is not a scam, I promise. Already helped 71 people this 2017. Link in bio, click now.",#dmforprice #giveaway,4,0,0,0.7924,Spam/Bot Account,1
twdemo_000074,"This changed everything for me. This is not a scam, I promise. This worked for David too, ask them. Link in bio, click now.",#dmforprice #freeprize #getrichquick #cashapp,4,0,0,0.6483,Spam/Bot Account,1
twdemo_000074,"This changed everything for me. Thousands already joined, don't miss out. Already helped 83 people this 2023. Tap the link in my story. ✅",#giveaway #getrichquick,21,0,0,0.1139,Spam/Bot Account,1
twdemo_000074,"You NEED to see this. This is not a scam, I promise. Already 86 success stories this month. Comment before it's gone. ✅",#cryptosignals #dmforprice #getrichquick #clicklink,8,0,0,0.7505,Spam/Bot Account,1
twdemo_000075,"I see all of your messages, truly. Grateful for every one of you every single day. Tagging Candice, thank you for believing in this. 85 years in this industry now. Follow only this page. 🎉✨",,339,61,21,0.9081,Student,0
twdemo_000075,"I see all of your messages, truly. There's more coming that I can't wait to share. Working on something big for 2021. Share this so others know it's real.",#fanpage #exclusive,482,92,3,0.4959,Student,0
twdemo_000075,To my real fans: There's more coming that I can't wait to share. 74 years in this industry now.,,185,25,6,-0.2235,Student,0
twdemo_000075,"This account is really me, I promise. Ignore anyone claiming to be my manager elsewhere. Thank you Jacob for the constant support.",,302,32,13,0.6444,Student,0
twdemo_000075,"I see all of your messages, truly. None of this would matter without you. Project number 86 coming together nicely. Thank you Nicholas for the constant support. DM me directly here. 🎬💪",#trending #exclusive,132,21,4,0.8062,Student,0
twdemo_000075,"A quick note from me to you. I read every message even if I can't reply to all. Since 2024, still going strong. Since 2017, the journey continues. 💪",,184,31,7,0.5106,Student,0
twdemo_000075,"Something special is coming, stay tuned. I read every message even if I can't reply to all. Message number 45 today, reading every one. Share this so others know it's real. ☕😊",,137,25,4,0.8807,Student,0
twdemo_000075,"Something special is coming, stay tuned. New project details coming very soon. Thank you Brittney for the constant support. Tagging Scott, thank you for believing in this. Share this so others know it's real. 💪",,145,14,3,0.9038,Student,0
twdemo_000076,Study session with Joshua turned into a nap. Dorm life really tests your patience. Shoutout to Joyce for the study session. 🎉,#campus,26,8,1,0.4019,Student,0
twdemo_000076,Campus is so pretty in West Ashleymouth today. Somehow still passing my classes. Can't believe it's already 2015. Tell me it gets easier. 📚,#dormlife #college,13,2,0,0.7855,Student,0
twdemo_000076,Group project update: Ranking my classes from bearable to soul-crushing. Can't believe it's already 2023.,,22,3,0,0.0,Student,0
twdemo_000076,"Group project update: Library until it closes, again. Officially 78 credits away from graduating.",,20,3,0,0.3612,Student,0
twdemo_000076,Study session with Catherine turned into a nap. Dorm life really tests your patience. Fun fact: I've switched majors 28 times.,#campus,35,6,3,0.5106,Student,0
twdemo_000076,Study session with Scott turned into a nap. Somehow still passing my classes. Campus tour 93 for prospective students today. Someone quiz me please.,,19,3,0,0.3182,Student,0
twdemo_000076,"Coffee run before class. My professor just dropped a pop quiz, send help. Shoutout to Tanya for the study session.",#classof2026 #studentlife,27,4,0,0.4019,Student,0
twdemo_000076,Group project update: Ranking my classes from bearable to soul-crushing. This is assignment number 31 this semester. Tell me it gets easier. 🌟😊,,22,7,0,0.8442,Student,0
twdemo_000076,"Finals season has me questioning everything. Library until it closes, again. Fun fact: I've switched majors 41 times.",,12,3,0,0.4404,Student,0
twdemo_000076,Campus is so pretty in Matthewton today. Ranking my classes from bearable to soul-crushing. Officially 7 credits away from graduating. Tell me it gets easier.,#studybreak #studentlife,39,7,1,0.8561,Student,0
twdemo_000076,Group project update: Ranking my classes from bearable to soul-crushing. Shoutout to Patrick for the study session. ✨,#studentlife,17,3,0,0.3182,Student,0
twdemo_000076,"Another day surviving Bridgesmouth University. Library until it closes, again. Can't believe it's already 2015. 🌟🎬",,13,2,0,0.296,Student,0
twdemo_000076,Coffee run before class. Dorm life really tests your patience. Officially 55 credits away from graduating. ✨,,28,4,1,0.5859,Student,0
twdemo_000076,"Group project update: Turns out procrastination is a full-time job. Somewhere in West Robert, probably procrastinating.",#dormlife #classof2026 #studygram,26,4,0,0.0,Student,0
twdemo_000076,Study session with Tommy turned into a nap. Ranking my classes from bearable to soul-crushing. Shoutout to Glenn for the study session. ✨🎉,,19,6,0,0.6124,Student,0
twdemo_000076,Finals season has me questioning everything. Dorm life really tests your patience. Ran into Michael at the library again.,#studentlife #studygram #studybreak,27,2,0,-0.1027,Student,0
twdemo_000077,I wasn't going to share this but... Made more money this week than my old job paid monthly. Spot number 48 just opened up. Tap the link in my story. 💰,#clicklink #cryptosignals #onlyfollowers #followforfollow #makemoneyonline #freeprize #cashapp,1,0,0,0.0015,Spam/Bot Account,1
twdemo_000077,"I wasn't going to share this but... Thousands already joined, don't miss out. Since 2015, thousands have joined. 📩🎁",,2,0,0,0.6214,Spam/Bot Account,1
twdemo_000077,I wasn't going to share this but... Made more money this week than my old job paid monthly. 79 people can't all be wrong. Comment before it's gone.,,1,0,0,0.438,Spam/Bot Account,1
twdemo_000077,"🚨 LAST CHANCE 🚨 Thousands already joined, don't miss out. Started in Port Roseview, now everywhere. Comment before it's gone. 💯",,2,0,0,0.49,Spam/Bot Account,1
twdemo_000077,"Everyone is asking how I did this so fast. Thousands already joined, don't miss out. 73 people can't all be wrong. DM me 'START' immediately. 🎁💯",#makemoneyonline #followforfollow #clicklink #giveaway,3,0,0,0.7094,Spam/Bot Account,1
twdemo_000077,"You NEED to see this. No experience needed, just a phone. Already 62 success stories this month. DM me 'START' immediately. 🎁💯",#makemoneyonline #onlyfollowers #cashapp #freeprize,1,0,0,0.6249,Spam/Bot Account,1
twdemo_000077,"This changed everything for me. Spots are filling up fast. This worked for Brian too, ask them. Comment before it's gone. 🔥🎁",#onlyfollowers #followforfollow #cryptosignals #freeprize #giveaway,1,0,0,0.128,Spam/Bot Account,1
twdemo_000077,"Everyone is asking how I did this so fast. Thousands already joined, don't miss out. Over 80 people already joined this week. Comment before it's gone. 🛒📩",,1,0,0,0.1139,Spam/Bot Account,1
twdemo_000078,"Deload week starts now. Rest days are still training days. Tagging Catherine, my training partner today. Programs linked in bio. 🧘🏋️",#workout,525,48,17,0.0,Fitness Creator,0
twdemo_000078,Meal prep Sunday. Sleep is still the most underrated recovery tool. Day 74 of the program. Tag your gym partner.,,720,125,12,0.0,Fitness Creator,0
twdemo_000078,"Ran a form check clinic today. Small wins add up over months. Session number 74 with this client, big progress. Programs linked in bio. 🏃🏋️",#strength #training,365,23,21,0.7783,Fitness Creator,0
twdemo_000078,Deload week starts now. Slow and controlled beats fast and sloppy. Training out of Lake Allison this week. Save this for your next session. 🏋️🔥,#strength,492,71,13,0.2023,Fitness Creator,0
twdemo_000078,New PR today! Strength carries over into everything else. Shoutout to Robert for showing up every day. DM 'START' to work together.,#strength #training #fitness,1058,79,16,0.5411,Fitness Creator,0
twdemo_000078,"Deload week starts now. Form over ego, always. Logged 62 miles this week. Save this for your next session. 🏋️",#healthylifestyle #wellness #gymlife #cardio #strength,1122,156,91,0.4939,Fitness Creator,0
twdemo_000078,Coaching client hit a big milestone. Consistency beats intensity most days. Training out of Port James this week. Save this for your next session.,#strength #fitness #fitfam #gymlife #healthylifestyle,362,73,13,0.4939,Fitness Creator,0
twdemo_000078,"New PR today! Progress isn't always linear, and that's fine. Client hit a 42 pound PR today. 🔥💪",#nutrition #fitfam #healthylifestyle,527,49,27,0.3595,Fitness Creator,0
twdemo_000078,Leg day recap. Fueling properly made a huge difference. Coaching 71 clients this cycle. Save this for your next session. 🏃,#nutrition #fitness #workout,354,50,5,0.6705,Fitness Creator,0
twdemo_000078,"Deload week starts now. Fueling properly made a huge difference. Week 8 of the plan, feeling stronger. Save this for your next session.",#workout #training #healthylifestyle,772,110,24,0.8225,Fitness Creator,0
twdemo_000078,"New PR today! Form over ego, always. Back in Barnetttown for a pop-up class this 2019.",#cardio #strength #healthylifestyle,689,135,28,0.0,Fitness Creator,0
twdemo_000079,Golden hour never disappoints. My followers deserve the best recommendations. Packing for Johnsonchester again this week. Look number 91 from this campaign. DM for collab details. 👑✨,#linkinbio #ad #brandpartner #influencer #musthave,107,13,0,0.8395,Fake Influencer,1
twdemo_000079,Can't stop wearing this lately. So grateful for opportunities like this. Can't believe it's already 2022. Shot this in North Dannyberg.,#collab #linkinbio #ad #musthave #influencer,42,2,0,0.8784,Fake Influencer,1
twdemo_000079,New content coming your way soon. My followers deserve the best recommendations. Brand deal number 15 this month. Link in bio for the discount. 💖,#lifestyle #musthave #trending #sponsored #discountcode,30,1,0,0.8979,Fake Influencer,1
twdemo_000079,Today's shoot was a whole vibe. Use my code for a discount. Look number 62 from this campaign. Outfit number 34 of the week. Code is my username at checkout. 😍✨,,54,2,0,0.5423,Fake Influencer,1
twdemo_000079,"Can't stop wearing this lately. Can't wait to show you more from this collab. So many of you asked for this, here it is. Tagging John, my glam team today. 📸🌴",,83,6,0,0.2235,Fake Influencer,1
twdemo_000079,"Another day, another shoot. So many of you have been asking about this. Can't believe it's already 2020.",#influencer,47,1,0,-0.34,Fake Influencer,1
twdemo_000079,"Today's shoot was a whole vibe. My followers deserve the best recommendations. Trip number 30 this year, no complaints. Code is my username at checkout.",#lifestyle #sponsored #linkinbio #ad,80,11,0,0.6551,Fake Influencer,1
twdemo_000079,Golden hour never disappoints. So many of you have been asking about this. Jacqueline styled this look. DM for collab details. 😍💖,#discountcode #ad #linkinbio #collab #lifestyle,34,2,0,0.8906,Fake Influencer,1
twdemo_000079,Living for moments like this. Can't wait to show you more from this collab. Jeffrey styled this look. Shop this look now. 🌴,#discountcode #sponsored #linkinbio #lifestyle,26,2,0,0.3612,Fake Influencer,1
twdemo_000079,"This might be my favorite collab yet. So grateful for opportunities like this. Filming this in Luisview today. Tagging Taylor, my glam team today.",,86,8,0,0.9048,Fake Influencer,1
twdemo_000080,Shipped a small feature at Mcdonald-Farmer. Naming things is still the hardest part. Working remotely from Lake Kevinview this month. Open to feedback.,,98,17,1,0.0,Developer,0
twdemo_000080,Learning a new part of the stack this week. The code review comments humbled me. Currently debugging from Johnsonmouth.,#opensource,160,11,1,0.0,Developer,0
twdemo_000080,Gave a lunch-and-learn at Moran PLC today. Docs were wrong but figured it out eventually. Currently on commit number 71 of this refactor. Curious how others solve this. 🧠,,70,12,1,0.7469,Developer,0
twdemo_000080,"Migrated a service to a new framework today. Turns out the cache was the whole problem. Tagging Allen, they'll appreciate this one.",#webdev,262,33,4,0.0,Developer,0
twdemo_000080,"Rewrote a script that's been bugging me for weeks. CI is green and I'm emotionally fine now. Tagging Andrea, they'll appreciate this one.",#programmer #opensource,101,12,2,0.5423,Developer,0
twdemo_000080,Rewrote a script that's been bugging me for weeks. CI is green and I'm emotionally fine now. ⚙️☕,#programmer #100daysofcode,109,6,1,0.2023,Developer,0
twdemo_000080,Refactoring old code I wrote a year ago. The code review comments humbled me. Standup update: 51 things fixed today. 📦,#coding #programmer,100,20,1,0.0,Developer,0
twdemo_000080,Gave a lunch-and-learn at Mccall-Rodriguez today. Naming things is still the hardest part. Currently debugging from New Carlaborough.,#webdev #python,272,44,4,0.0,Developer,0
twdemo_000080,New side project idea just hit me at 2am. Docs were wrong but figured it out eventually. Working remotely from East Mark this month.,,94,23,2,-0.2617,Developer,0
twdemo_000080,Finally got the tests passing. Turns out the cache was the whole problem. Currently on commit number 83 of this refactor.,#softwareengineer #developer,86,4,1,-0.0516,Developer,0
twdemo_000081,"I see all of your messages, truly. Grateful for every one of you every single day. Since 2015, still going strong. Since 2019, still going strong. DM me directly here. ☕🙌",,76,8,0,0.91,Celebrity Impersonator,1
twdemo_000081,"This account is really me, I promise. Please report any fake pages you see. Since 2019, the journey continues.",,128,26,0,0.1935,Celebrity Impersonator,1
twdemo_000081,Important announcement coming soon. None of this would matter without you. Thank you Robert for the constant support. Share this so others know it's real.,,65,4,0,0.5705,Celebrity Impersonator,1
twdemo_000081,Important announcement coming soon. Please report any fake pages you see. Thank you Tyler for the constant support. 15 years of your support means everything.,,49,1,0,0.7845,Celebrity Impersonator,1
twdemo_000081,To my real fans: This journey keeps surprising me. Back in Tiffanymouth this 2016. Working on something big for 2017.,#fanpage #official,29,2,0,0.2732,Celebrity Impersonator,1
twdemo_000081,A quick note from me to you. I read every message even if I can't reply to all. Back in Lake Meredith this 2024. DM me directly here. 🌟💪,#exclusive,181,7,0,0.0,Celebrity Impersonator,1
twdemo_000081,"I don't get to say this enough. Grateful for every one of you every single day. Since 2021, the journey continues. Since 2023, still going strong. DM me directly here.",,23,2,0,0.743,Celebrity Impersonator,1
twdemo_000081,"Something special is coming, stay tuned. There's more coming that I can't wait to share. Working on something big for 2022.",#fanpage,29,3,0,0.2052,Celebrity Impersonator,1
twdemo_000081,"I don't get to say this enough. New project details coming very soon. Message number 10 today, reading every one. Message number 97 today, reading every one. 🎉",#trending,4,0,0,0.552,Celebrity Impersonator,1
twdemo_000081,To my real fans: This journey keeps surprising me. 23 years of your support means everything. Share this so others know it's real.,,32,1,0,0.7184,Celebrity Impersonator,1
twdemo_000082,On-call was quiet for once. The fix was smaller than the investigation. AMA about the stack. 🐛💻,,1,0,0,0.0,Developer,0
twdemo_000082,Refactoring old code I wrote a year ago. The fix was smaller than the investigation. Currently debugging from Rebeccahaven. Repo link below.,#opensource,1,0,0,0.0,Developer,0
twdemo_000082,Migrated a service to a new framework today. Docs were wrong but figured it out eventually. PR number 63 finally merged. Repo link below.,#100daysofcode,1,0,0,-0.1531,Developer,0
twdemo_000082,Finally got the tests passing. The fix was smaller than the investigation. 59 tabs of documentation open right now. Curious how others solve this.,,1,0,0,0.4767,Developer,0
twdemo_000082,Refactoring old code I wrote a year ago. Turned out to be a missing semicolon. Standup update: 22 things fixed today.,#programmer #100daysofcode,1,0,0,-0.296,Developer,0
twdemo_000082,Gave a lunch-and-learn at Allen Inc today. Turns out the cache was the whole problem. Working out of New Jeremytown this 2025.,,1,0,0,-0.4019,Developer,0
twdemo_000082,"Learning a new part of the stack this week. Docs were wrong but figured it out eventually. This is bug ticket number 80, send help. Repo link below. 🧠📦",,1,0,0,0.4497,Developer,0
twdemo_000082,Finally got the tests passing. Pairing with a teammate made it so much faster. Shoutout to Alexandra for the code review. Curious how others solve this.,,1,0,0,0.4767,Developer,0
twdemo_000082,Learning a new part of the stack this week. Turns out the cache was the whole problem. Currently on commit number 6 of this refactor. Curious how others solve this. 📦🧠,,2,0,0,0.4404,Developer,0
twdemo_000083,Shipped a small feature at Alvarado and Sons. Past me really did not comment anything. Still can't believe it's 2020 and this bug exists. AMA about the stack.,,177,10,3,0.0,Developer,0
twdemo_000083,Migrated a service to a new framework today. Turns out the cache was the whole problem. Working out of Barrettview this 2018. Open to feedback. ☕,,390,38,5,-0.4019,Developer,0
twdemo_000083,Learning a new part of the stack this week. CI is green and I'm emotionally fine now. Currently debugging from South Jillianville. Repo link below. ⚙️,#python,217,9,9,0.2023,Developer,0
twdemo_000083,Rewrote a script that's been bugging me for weeks. Pairing with a teammate made it so much faster. Still can't believe it's 2015 and this bug exists.,#coding #softwareengineer,177,22,3,0.0,Developer,0
twdemo_000083,"New side project idea just hit me at 2am. Past me really did not comment anything. Tagging Taylor, they'll appreciate this one. AMA about the stack.",#coding,123,7,3,0.4019,Developer,0
twdemo_000083,On-call was quiet for once. Naming things is still the hardest part. PR number 87 finally merged. Open to feedback.,,104,6,2,0.0772,Developer,0
twdemo_000084,"Back-to-back sessions today. Progress isn't always linear, and that's fine. Back in South Robert for a pop-up class this 2018. 🔥⚡",#fitness,297,36,9,0.296,Fitness Creator,0
twdemo_000084,"New PR today! Progress isn't always linear, and that's fine. Tagging Jack, my training partner today.",#wellness #nutrition #fitness,549,52,22,0.5983,Fitness Creator,0
twdemo_000084,"Early morning session before work. Slow and controlled beats fast and sloppy. Session number 15 with this client, big progress. Programs linked in bio. 🔥🥗",#workout,315,31,8,0.1779,Fitness Creator,0
twdemo_000084,"Leg day recap. Progress isn't always linear, and that's fine. Week 14 of the plan, feeling stronger. Save this for your next session.",#workout #healthylifestyle #fitfam #wellness #cardio,390,43,16,0.872,Fitness Creator,0
twdemo_000085,"Unboxing my favorite package of the month. Can't believe I get to call this my job. Since 2023, this has been the dream. Filming this in Christopherland today.",#discountcode #influencer #musthave #sponsored #linkinbio,101,7,2,0.6124,Business Account,0
twdemo_000085,"Today's shoot was a whole vibe. So grateful for opportunities like this. Since 2024, this has been the dream. Shop this look now. ✨😍",#ad #influencer,104,8,4,0.9206,Business Account,0
twdemo_000085,Golden hour never disappoints. Can't wait to show you more from this collab. Shot this in Kevinburgh. Filming this in West Katherine today.,,117,12,2,0.2924,Business Account,0
twdemo_000085,Unboxing my favorite package of the month. Can't wait to show you more from this collab. Look number 89 from this campaign. DM for collab details.,#influencer #linkinbio #discountcode,117,7,4,0.5106,Business Account,0
twdemo_000085,"New content coming your way soon. Use my code for a discount. Outfit number 90 of the week. So many of you asked for this, here it is. DM for collab details.",#collab #lifestyle #discountcode #brandpartner #musthave,98,6,2,0.0772,Business Account,0
twdemo_000085,Today's shoot was a whole vibe. Use my code for a discount. Outfit number 18 of the week. Shop this look now.,#influencer #ad #linkinbio #lifestyle,95,8,3,-0.2732,Business Account,0
twdemo_000085,New content coming your way soon. Partnering with brands I actually love. DM for collab details. 👑🌴,#ad #trending #linkinbio,137,10,8,0.6369,Business Account,0
twdemo_000085,Living for moments like this. Can't believe I get to call this my job. Filming this in West Barbara today. Packing for Jonburgh again this week. 🌴📸,#trending #collab #lifestyle,125,10,7,0.3612,Business Account,0
twdemo_000085,"Unboxing my favorite package of the month. My followers deserve the best recommendations. Tagging Peter, my glam team today. Trip number 57 this year, no complaints. Link in bio for the discount. 👑",,209,20,5,0.8676,Business Account,0
twdemo_000085,"Obsessed with this new find. My followers deserve the best recommendations. So many of you asked for this, here it is.",,96,8,3,0.5423,Business Account,0
twdemo_000085,"Living for moments like this. So grateful for opportunities like this. Trip number 28 this year, no complaints. Link in bio for the discount. 👑",#trending,175,16,4,0.9138,Business Account,0
twdemo_000085,"Unboxing my favorite package of the month. So many of you have been asking about this. Tagging Robin, my glam team today. Cynthia styled this look. Link in bio for the discount. 💅",#ad #brandpartner #trending #collab #sponsored,100,11,4,0.4588,Business Account,0
twdemo_000086,"Living for moments like this. Can't believe I get to call this my job. Trip number 33 this year, no complaints. Code is my username at checkout.",#influencer,165,10,2,0.6197,Fake Influencer,1
twdemo_000086,"Unboxing my favorite package of the month. Partnering with brands I actually love. So many of you asked for this, here it is.",#discountcode #musthave #influencer #lifestyle,503,37,3,0.802,Fake Influencer,1
twdemo_000086,Today's shoot was a whole vibe. This is exactly what my feed needed. Can't believe it's already 2015.,#collab #brandpartner #lifestyle,1570,124,22,-0.34,Fake Influencer,1
twdemo_000086,"This might be my favorite collab yet. This is going straight into my everyday rotation. Since 2022, this has been the dream. Robin styled this look. Shop this look now.",#musthave #linkinbio #collab #discountcode,614,26,10,0.7096,Fake Influencer,1
twdemo_000086,Today's shoot was a whole vibe. So grateful for opportunities like this. Look number 17 from this campaign. Shop this look now. 😍,#linkinbio #influencer,230,12,12,0.8787,Fake Influencer,1
twdemo_000086,"Unboxing my favorite package of the month. So grateful for opportunities like this. Since 2025, this has been the dream. Outfit number 92 of the week. Code is my username at checkout.",#lifestyle #ad #trending #linkinbio #musthave,632,31,4,0.9264,Fake Influencer,1
twdemo_000086,"Unboxing my favorite package of the month. So grateful for opportunities like this. Look number 3 from this campaign. Tagging Howard, my glam team today.",,198,1,11,0.9105,Fake Influencer,1
twdemo_000086,"Golden hour never disappoints. Can't believe I get to call this my job. So many of you asked for this, here it is. 👑",#linkinbio #ad #brandpartner,379,53,1,0.2924,Fake Influencer,1
twdemo_000086,"Can't stop wearing this lately. This is going straight into my everyday rotation. So many of you asked for this, here it is. Link in bio for the discount. 👑😍",#musthave #trending,226,8,4,0.6992,Fake Influencer,1
twdemo_000086,Golden hour never disappoints. Can't wait to show you more from this collab. Brand deal number 41 this month. Shot this in Diazside. Code is my username at checkout.,#trending #linkinbio #sponsored,633,17,6,0.3578,Fake Influencer,1
twdemo_000086,"This brand sent me the best package. Can't believe I get to call this my job. Since 2022, this has been the dream. Link in bio for the discount.",#linkinbio #musthave #trending,113,9,2,0.7351,Fake Influencer,1
twdemo_000086,Golden hour never disappoints. Can't wait to show you more from this collab. Brand deal number 77 this month.,#collab,197,7,1,0.3578,Fake Influencer,1
twdemo_000087,Group project update: Dorm life really tests your patience. This is assignment number 82 this semester.,#college #dormlife,69,5,2,0.0772,Student,0
twdemo_000087,Campus is so pretty in New Sarah today. Turns out procrastination is a full-time job. This is assignment number 31 this semester.,#university #dormlife,44,2,2,0.6615,Student,0
twdemo_000087,Another day surviving South Ashley University. Turns out procrastination is a full-time job. Tagging Rachel because they'd get this. 💪,,77,4,1,0.296,Student,0
twdemo_000087,"Campus is so pretty in New Angelaton today. Library until it closes, again. Studying in North Nicoleburgh has its perks. ✨",#university,83,18,1,0.7518,Student,0
twdemo_000087,Campus is so pretty in Parkerburgh today. Turns out procrastination is a full-time job. This is assignment number 60 this semester.,#dormlife,41,2,1,0.6615,Student,0
twdemo_000087,"Campus is so pretty in North Bryanhaven today. My professor just dropped a pop quiz, send help. Shoutout to Andrew for the study session.",#classof2026,26,3,0,0.7793,Student,0
twdemo_000087,Campus is so pretty in New Carrie today. Somehow still passing my classes. Currently 72 days away from break.,,70,7,1,0.6269,Student,0
twdemo_000087,Coffee run before class. Ranking my classes from bearable to soul-crushing. Group chat with Walter is unhinged today.,#finals,48,5,2,0.0,Student,0
twdemo_000087,"Coffee run before class. My professor just dropped a pop quiz, send help. Currently 56 days away from break.",#gradstudent,72,8,1,0.4019,Student,0
twdemo_000087,Finals season has me questioning everything. Somehow still passing my classes. Ran into Kelly at the library again. ✨,#gradstudent #studybreak #studentlife,60,6,1,0.2263,Student,0
twdemo_000087,Finals season has me questioning everything. Turns out procrastination is a full-time job. Number 62 on my to-do list: sleep.,,42,7,1,-0.0258,Student,0
twdemo_000087,Campus is so pretty in Sawyerview today. Dorm life really tests your patience. Currently 19 cups of coffee deep today. Send snacks. 🙌,#campus #dormlife #gradstudent,42,5,1,0.6269,Student,0
twdemo_000087,Finals season has me questioning everything. Turns out procrastination is a full-time job. Campus tour 84 for prospective students today.,,63,7,1,-0.1027,Student,0
twdemo_000087,"Campus is so pretty in Amberfort today. My professor just dropped a pop quiz, send help. Can't believe it's already 2016. 🙌",,71,6,0,0.7793,Student,0
twdemo_000087,Campus is so pretty in South Kenneth today. Ranking my classes from bearable to soul-crushing. Ran into Katie at the library again.,#studygram #studentlife #finals,45,3,1,0.6269,Student,0
twdemo_000088,"Stop scrolling, read this. It's 100% legit, I was skeptical too. Already helped 92 people this 2017. Tap the link in my story. 💰👉",#onlyfollowers #freeprize #cashapp #clicklink #giveaway #cryptosignals #followforfollow,1,0,0,-0.5423,Spam/Bot Account,1
twdemo_000088,"This changed everything for me. Spots are filling up fast. Only 12 spots left today. Link in bio, click now. 🛒",,1,0,0,0.0,Spam/Bot Account,1
twdemo_000088,"Everyone is asking how I did this so fast. It's 100% legit, I was skeptical too. Linda just signed up, you're next. Tap the link in my story. 🔥👉",#dmforprice #freeprize #followforfollow #onlyfollowers #cryptosignals #makemoneyonline,3,0,0,-0.5719,Spam/Bot Account,1
twdemo_000088,I wasn't going to share this but... Spots are filling up fast. Already helped 42 people this 2025. Tap the link in my story. 💰✅,,1,0,0,-0.1139,Spam/Bot Account,1
twdemo_000088,"🚨 LAST CHANCE 🚨 This is not a scam, I promise. Diana just signed up, you're next. DM me 'START' immediately.",#followforfollow #onlyfollowers #makemoneyonline #freeprize,2,0,0,0.7924,Spam/Bot Account,1
twdemo_000088,"This changed everything for me. This is not a scam, I promise. Slot 82 almost gone. DM me 'START' immediately. 💯",#dmforprice #followforfollow #freeprize #cashapp #giveaway #getrichquick,6,0,0,0.6483,Spam/Bot Account,1
twdemo_000088,"This changed everything for me. This is not a scam, I promise. Already 9 success stories this month. Tap the link in my story.",#getrichquick #dmforprice #makemoneyonline #freeprize #followforfollow,1,0,0,0.8401,Spam/Bot Account,1
twdemo_000088,"Everyone is asking how I did this so fast. This is not a scam, I promise. Started in Cabrerafort, now everywhere. Comment before it's gone. ✅",#followforfollow #onlyfollowers #dmforprice #giveaway,2,0,0,0.6483,Spam/Bot Account,1
twdemo_000088,"You NEED to see this. This is not a scam, I promise. Jeffrey just signed up, you're next. Tap the link in my story. 💰📩",#cashapp #makemoneyonline #dmforprice,1,0,0,0.6483,Spam/Bot Account,1
twdemo_000088,"Stop scrolling, read this. This is not a scam, I promise. Joseph just signed up, you're next. Link in bio, click now. ✅💯",#clicklink #followforfollow #dmforprice #cashapp #makemoneyonline #giveaway,5,0,0,0.4763,Spam/Bot Account,1
twdemo_000089,On-call was quiet for once. The code review comments humbled me. 48 tabs of documentation open right now.,#programmer #100daysofcode,7,0,0,0.0,Spam/Bot Account,1
twdemo_000089,Spent way too long on a bug today. The fix was smaller than the investigation. Working remotely from Port Damon this month. 🔧⚙️,,0,0,0,0.0,Spam/Bot Account,1
twdemo_000089,Rewrote a script that's been bugging me for weeks. Past me really did not comment anything. Deploy number 32 of the week.,#programmer #100daysofcode,4,0,0,0.0772,Spam/Bot Account,1
twdemo_000089,"Refactoring old code I wrote a year ago. Linting caught it before it shipped, thankfully. Sprint 68 wrapped up today. 🔧☕",#opensource #100daysofcode,1,0,0,0.4215,Spam/Bot Account,1
twdemo_000089,Rewrote a script that's been bugging me for weeks. Docs were wrong but figured it out eventually. Currently debugging from North Chelsea.,,1,0,0,-0.2617,Spam/Bot Account,1
twdemo_000089,Refactoring old code I wrote a year ago. CI is green and I'm emotionally fine now. Working out of Franklinmouth this 2020. 📦,#python #coding,3,0,0,0.2023,Spam/Bot Account,1
twdemo_000089,Migrated a service to a new framework today. Pairing with a teammate made it so much faster. Shoutout to Kimberly for the code review. ☕,#programmer #developer,2,0,0,0.0,Spam/Bot Account,1
twdemo_000089,Finally got the tests passing. The fix was smaller than the investigation. Sprint 9 wrapped up today.,,0,0,0,0.0,Spam/Bot Account,1
twdemo_000089,"Finally got the tests passing. Docs were wrong but figured it out eventually. Tagging Katherine, they'll appreciate this one. Curious how others solve this. 💻🚀",#buildinpublic #javascript,0,0,0,0.7684,Spam/Bot Account,1
twdemo_000090,Learning a new part of the stack this week. The fix was smaller than the investigation. Working remotely from North Jeffreyton this month. ☕,#softwareengineer #opensource,29,4,1,0.0,Developer,0
twdemo_000090,Finally got the tests passing. Docs were wrong but figured it out eventually. Shoutout to Katie for the code review. Open to feedback. 🐛⚙️,,27,4,1,-0.2617,Developer,0
twdemo_000090,On-call was quiet for once. Past me really did not comment anything. Working out of Richardchester this 2015. Repo link below. ⚙️,#webdev #javascript,36,8,1,0.0,Developer,0
twdemo_000090,On-call was quiet for once. Docs were wrong but figured it out eventually. Standup update: 39 things fixed today. AMA about the stack.,#softwareengineer #opensource,48,3,1,-0.2617,Developer,0
twdemo_000090,"Rewrote a script that's been bugging me for weeks. Pairing with a teammate made it so much faster. Tagging Nicole, they'll appreciate this one.",#programmer #coding,27,5,1,0.4019,Developer,0
twdemo_000090,Spent way too long on a bug today. The code review comments humbled me. Working out of Bethbury this 2024.,,68,17,1,0.0,Developer,0
twdemo_000090,Rewrote a script that's been bugging me for weeks. Turned out to be a missing semicolon. Deploy number 6 of the week. Open to feedback. 📦🚀,#python,46,11,1,-0.2263,Developer,0
twdemo_000090,New side project idea just hit me at 2am. Turns out the cache was the whole problem. Standup update: 58 things fixed today. AMA about the stack. 🚀⚙️,#100daysofcode,19,3,0,-0.4019,Developer,0
twdemo_000090,"Rewrote a script that's been bugging me for weeks. CI is green and I'm emotionally fine now. This is bug ticket number 57, send help. AMA about the stack. 🧠🚀",,40,3,1,0.5859,Developer,0
twdemo_000090,Learning a new part of the stack this week. CI is green and I'm emotionally fine now. Working remotely from South Allisonmouth this month. 💻🧠,#opensource #100daysofcode,23,3,1,0.2023,Developer,0
twdemo_000090,"Rewrote a script that's been bugging me for weeks. Turns out the cache was the whole problem. Tagging Nancy, they'll appreciate this one. ☕📦",#100daysofcode,16,2,1,0.0,Developer,0
twdemo_000090,Migrated a service to a new framework today. Pairing with a teammate made it so much faster.,,82,11,3,0.0,Developer,0
twdemo_000091,Gave a lunch-and-learn at Horne-Jones today. Naming things is still the hardest part. Deploy number 75 of the week.,#opensource,40,4,2,0.0772,Developer,0
twdemo_000091,New side project idea just hit me at 2am. Past me really did not comment anything. Sprint 27 wrapped up today.,#softwareengineer #opensource,33,9,1,0.0,Developer,0
twdemo_000091,"Shipped a small feature at Juarez and Sons. Past me really did not comment anything. Tagging Adam, they'll appreciate this one. 📦",,18,3,0,0.4019,Developer,0
twdemo_000091,Refactoring old code I wrote a year ago. Docs were wrong but figured it out eventually. Deploy number 21 of the week. Open to feedback.,,47,3,2,-0.1531,Developer,0
twdemo_000091,New side project idea just hit me at 2am. The code review comments humbled me. 65 tabs of documentation open right now. ☕⚙️,,49,4,3,0.0,Developer,0
twdemo_000091,"New side project idea just hit me at 2am. The fix was smaller than the investigation. Tagging Malik, they'll appreciate this one.",#javascript,53,5,1,0.4019,Developer,0
twdemo_000091,On-call was quiet for once. Past me really did not comment anything. Currently debugging from New Jennifer.,,27,4,0,0.0,Developer,0
twdemo_000091,On-call was quiet for once. Pairing with a teammate made it so much faster. Deploy number 87 of the week.,,10,1,1,0.0772,Developer,0
twdemo_000091,Shipped a small feature at Adams LLC. The fix was smaller than the investigation. Currently on commit number 93 of this refactor.,,19,4,0,0.3612,Developer,0
twdemo_000091,Spent way too long on a bug today. Turned out to be a missing semicolon. Standup update: 46 things fixed today. Curious how others solve this. 💻,,15,3,0,0.2263,Developer,0
twdemo_000091,On-call was quiet for once. Turns out the cache was the whole problem. Currently debugging from New Martinfurt.,#javascript,25,2,1,-0.4019,Developer,0
twdemo_000091,New side project idea just hit me at 2am. CI is green and I'm emotionally fine now. Deploy number 27 of the week.,#buildinpublic,49,5,0,0.2732,Developer,0
twdemo_000092,"Everyone is asking how I did this so fast. Thousands already joined, don't miss out. Slot 83 almost gone. DM me 'START' immediately. 🎁",#giveaway #clicklink #makemoneyonline #onlyfollowers,159,9,2,0.5178,Developer,0
twdemo_000092,"This changed everything for me. It's 100% legit, I was skeptical too. Message number 31 today, still going. Link in bio, click now.",#freeprize #makemoneyonline #cashapp #onlyfollowers,92,5,5,-0.25,Developer,0
twdemo_000092,"This changed everything for me. Thousands already joined, don't miss out. Spot number 63 just opened up. DM me 'START' immediately. 🛒",,35,2,1,0.1887,Developer,0
twdemo_000092,"You NEED to see this. Thousands already joined, don't miss out. Comment before it's gone. ✅",#followforfollow #freeprize #makemoneyonline,126,13,2,0.1139,Developer,0
twdemo_000093,"Everyone is asking how I did this so fast. It's 100% legit, I was skeptical too. Message number 86 today, still going. Link in bio, click now. 🔥",#makemoneyonline #giveaway #clicklink #freeprize #followforfollow #cryptosignals,151,37,5,-0.7184,Spam/Bot Account,1
twdemo_000093,"🚨 LAST CHANCE 🚨 This is not a scam, I promise. Message number 78 today, still going. Tap the link in my story. 🔥",,125,7,4,0.7123,Spam/Bot Account,1
twdemo_000093,"🚨 LAST CHANCE 🚨 Spots are filling up fast. This worked for Martha too, ask them. Link in bio, click now. ✅",#onlyfollowers #getrichquick #giveaway #freeprize #clicklink #cryptosignals,84,1,1,0.4084,Spam/Bot Account,1
twdemo_000093,Everyone is asking how I did this so fast. Spots are filling up fast. Slot 73 almost gone. 🎁,#onlyfollowers #dmforprice #giveaway #cryptosignals #makemoneyonline #freeprize #followforfollow,53,2,1,0.3892,Spam/Bot Account,1
twdemo_000093,"I wasn't going to share this but... This is not a scam, I promise. Started in Smithburgh, now everywhere. Link in bio, click now. 📩💯",#dmforprice #onlyfollowers #followforfollow #freeprize #cashapp #makemoneyonline #cryptosignals,59,6,3,0.7582,Spam/Bot Account,1
twdemo_000093,"This changed everything for me. No experience needed, just a phone. Slot 35 almost gone. DM me 'START' immediately. 🔥👉",#onlyfollowers #clicklink #freeprize #getrichquick #makemoneyonline #followforfollow #dmforprice,64,4,3,-0.5574,Spam/Bot Account,1
twdemo_000093,"Stop scrolling, read this. Thousands already joined, don't miss out. Message number 36 today, still going. ✅",#getrichquick #dmforprice #cryptosignals #makemoneyonline #onlyfollowers #clicklink,90,10,8,-0.1169,Spam/Bot Account,1
twdemo_000094,Programming update for the week. Sleep is still the most underrated recovery tool. Back in South Laura for a pop-up class this 2015. Save this for your next session.,#wellness #training,133,14,1,0.4939,Fake Influencer,1
twdemo_000094,New PR today! Strength carries over into everything else. Tag your gym partner.,#strength #gymlife #wellness #fitness,446,28,4,0.5411,Fake Influencer,1
twdemo_000094,"Ran a form check clinic today. Progress isn't always linear, and that's fine. Day 58 of the program.",#nutrition #wellness #fitness #healthylifestyle #cardio,343,43,1,0.5574,Fake Influencer,1
twdemo_000094,Deload week starts now. Slow and controlled beats fast and sloppy. Tag your gym partner.,#healthylifestyle #fitness,828,68,9,0.0,Fake Influencer,1
twdemo_000094,Ran a form check clinic today. Consistency beats intensity most days. Coaching 34 clients this cycle. ⚡,#wellness #gymlife,361,8,6,0.0,Fake Influencer,1
twdemo_000094,"Recovery day, mobility work only. Progress isn't always linear, and that's fine. Logged 54 miles this week. Programs linked in bio.",#fitness #gymlife #workout #healthylifestyle,85,7,1,0.5574,Fake Influencer,1
twdemo_000094,"Recovery day, mobility work only. Rest days are still training days. 72 minutes of mobility work this morning.",#wellness,138,6,1,0.0,Fake Influencer,1
twdemo_000094,"Recovery day, mobility work only. Showing up matters more than the perfect plan. Logged 54 miles this week. Save this for your next session.",#gymlife,87,18,0,0.8055,Fake Influencer,1
twdemo_000095,"Everyone is asking how I did this so fast. Thousands already joined, don't miss out. Already helped 86 people this 2016. Link in bio, click now. ✅",,0,0,0,-0.286,Spam/Bot Account,1
twdemo_000095,"Everyone is asking how I did this so fast. No experience needed, just a phone. Slot 97 almost gone. Link in bio, click now. 💰",#giveaway #freeprize #dmforprice #makemoneyonline #onlyfollowers #cashapp #getrichquick,1,0,0,-0.3566,Spam/Bot Account,1
twdemo_000095,"This changed everything for me. It's 100% legit, I was skeptical too. 69 people can't all be wrong. DM me 'START' immediately. ✅",,0,0,0,0.0654,Spam/Bot Account,1
twdemo_000095,"🚨 LAST CHANCE 🚨 No experience needed, just a phone. Only 8 spots left today. Link in bio, click now. 💯",#getrichquick #onlyfollowers,1,0,0,0.1363,Spam/Bot Account,1
twdemo_000095,"🚨 LAST CHANCE 🚨 Thousands already joined, don't miss out. Since 2017, thousands have joined. Link in bio, click now. 💰",#followforfollow #cryptosignals #giveaway #clicklink #dmforprice,2,0,0,0.49,Spam/Bot Account,1
twdemo_000095,"You NEED to see this. No experience needed, just a phone. Only 62 spots left today. 📩🛒",#cryptosignals #freeprize #cashapp,0,0,0,-0.3612,Spam/Bot Account,1
twdemo_000095,"I wasn't going to share this but... Spots are filling up fast. Spot number 47 just opened up. Link in bio, click now. 💰📩",,0,0,0,0.0015,Spam/Bot Account,1
twdemo_000095,"🚨 LAST CHANCE 🚨 No experience needed, just a phone. This worked for Michael too, ask them. DM me 'START' immediately. 🛒💯",,0,0,0,0.1363,Spam/Bot Account,1
twdemo_000096,Living for moments like this. So many of you have been asking about this. Outfit number 31 of the week. DM for collab details. 😍📸,#musthave #influencer #trending #discountcode,121,1,2,0.7003,Fake Influencer,1
twdemo_000096,Can't stop wearing this lately. Honestly didn't expect to love this as much as I do. Outfit number 11 of the week. 💖🌴,#trending #ad #discountcode,63,1,1,0.8031,Fake Influencer,1
twdemo_000096,"Today's shoot was a whole vibe. Can't believe I get to call this my job. Trip number 90 this year, no complaints. Can't believe it's already 2022. Code is my username at checkout. 🌴",#brandpartner #collab #musthave #influencer,114,4,3,0.0408,Fake Influencer,1
twdemo_000096,"Obsessed with this new find. Partnering with brands I actually love. Since 2023, this has been the dream.",#musthave,158,3,2,0.6705,Fake Influencer,1
twdemo_000096,Golden hour never disappoints. So many of you have been asking about this. Can't believe it's already 2017. Kimberly styled this look. DM for collab details.,#influencer,164,12,6,0.2924,Fake Influencer,1
twdemo_000096,Unboxing my favorite package of the month. Can't wait to show you more from this collab. Packing for Moranstad again this week. 📸,#musthave #brandpartner #ad,84,2,2,0.4588,Fake Influencer,1
twdemo_000096,Obsessed with this new find. Can't believe I get to call this my job.,,90,1,1,-0.1779,Fake Influencer,1
twdemo_000096,New content coming your way soon. My followers deserve the best recommendations. Outfit number 29 of the week. Look number 54 from this campaign. Shop this look now.,#musthave #brandpartner #lifestyle #ad,118,4,1,0.7003,Fake Influencer,1
twdemo_000096,"Another day, another shoot. So many of you have been asking about this. Look number 11 from this campaign. Can't believe it's already 2021.",#ad #collab,60,2,1,-0.2732,Fake Influencer,1
twdemo_000097,Important announcement coming soon. Grateful for every one of you every single day. Working on something big for 2023. Project number 16 coming together nicely.,,36,2,0,0.7906,Celebrity Impersonator,1
twdemo_000097,"Something special is coming, stay tuned. Please report any fake pages you see. Share this so others know it's real. 📚☕",,21,1,0,0.4767,Celebrity Impersonator,1
twdemo_000097,"A quick note from me to you. This journey keeps surprising me. Since 2019, the journey continues.",,104,4,1,0.2732,Celebrity Impersonator,1
twdemo_000097,"This account is really me, I promise. Please report any fake pages you see. Tagging Nicholas, thank you for believing in this. Follow only this page. 🎬",,121,20,0,0.5046,Celebrity Impersonator,1
twdemo_000098,I don't get to say this enough. Ignore anyone claiming to be my manager elsewhere. 20 years in this industry now. ✨,#exclusive,70,2,4,-0.0516,Celebrity Impersonator,1
twdemo_000098,"I see all of your messages, truly. This journey keeps surprising me. 86 years in this industry now.",#trending #fanpage,15,0,0,0.34,Celebrity Impersonator,1
twdemo_000098,"This account is really me, I promise. None of this would matter without you. Since 2019, still going strong. Share this so others know it's real.",#official #viral,32,2,1,0.8,Celebrity Impersonator,1
twdemo_000098,"A quick note from me to you. There's more coming that I can't wait to share. Message number 31 today, reading every one.",,60,2,4,-0.1501,Celebrity Impersonator,1
twdemo_000098,"This account is really me, I promise. I read every message even if I can't reply to all. Tagging Taylor, thank you for believing in this. Message number 70 today, reading every one. Follow only this page.",,16,1,0,0.6557,Celebrity Impersonator,1
twdemo_000098,"Taking a moment to say thank you. Grateful for every one of you every single day. Since 2020, the journey continues. 📚",,58,3,2,0.6705,Celebrity Impersonator,1
twdemo_000098,"Something special is coming, stay tuned. This journey keeps surprising me. 93 years of your support means everything. Working on something big for 2024. 😊",#viral #trending,57,1,2,0.91,Celebrity Impersonator,1
twdemo_000098,Thank you for the love this 2020. None of this would matter without you. Project number 79 coming together nicely. DM me directly here.,#fanpage #trending,27,3,1,0.8583,Celebrity Impersonator,1
twdemo_000098,Important announcement coming soon. Ignore anyone claiming to be my manager elsewhere. Working on something big for 2017. Working on something big for 2016. 😊🐾,,40,3,1,0.6486,Celebrity Impersonator,1
twdemo_000098,"A quick note from me to you. There's more coming that I can't wait to share. 16 years in this industry now. Since 2021, still going strong. Follow only this page. 📚🌟",,40,2,1,0.3425,Celebrity Impersonator,1
twdemo_000098,"This account is really me, I promise. None of this would matter without you. Tagging Amanda, thank you for believing in this. 🎉✨",,25,1,3,0.8621,Celebrity Impersonator,1
twdemo_000098,Important announcement coming soon. I read every message even if I can't reply to all. Back in Port Carolynborough this 2015. Share this so others know it's real. ✨,,66,5,3,0.6486,Celebrity Impersonator,1
twdemo_000099,"This account is really me, I promise. New project details coming very soon. Thank you Molly for the constant support. 💪",,108,4,3,0.793,Celebrity Impersonator,1
twdemo_000099,"Something special is coming, stay tuned. Ignore anyone claiming to be my manager elsewhere. Tagging Betty, thank you for believing in this. Back in Fernandezburgh this 2017.",,530,27,31,0.4019,Celebrity Impersonator,1
twdemo_000099,"This account is really me, I promise. Grateful for every one of you every single day. Since 2025, the journey continues.",,59,3,2,0.6771,Celebrity Impersonator,1
twdemo_000099,"Thank you for the love this 2016. There's more coming that I can't wait to share. Message number 73 today, reading every one. Back in Meganhaven this 2021. DM me directly here. ☕",#trending #fanpage,308,90,8,0.7279,Celebrity Impersonator,1
twdemo_000099,"I don't get to say this enough. I read every message even if I can't reply to all. Since 2016, the journey continues. 🌟🐾",#celebrity,69,2,6,0.0,Celebrity Impersonator,1
twdemo_000099,"I see all of your messages, truly. New project details coming very soon. Since 2018, still going strong. Project number 87 coming together nicely.",,193,13,9,0.8555,Celebrity Impersonator,1
twdemo_000099,A quick note from me to you. New project details coming very soon. Thank you Stephanie for the constant support. 🎉💪,,170,7,2,0.8008,Celebrity Impersonator,1
twdemo_000100,Group project update: Turns out procrastination is a full-time job. Number 29 on my to-do list: sleep.,,9,1,0,0.0772,Student,0
twdemo_000100,Campus is so pretty in Crystalhaven today. Dorm life really tests your patience. Group chat with Erin is unhinged today. Someone quiz me please. 🐾,,13,0,0,0.7518,Student,0
twdemo_000100,"Another day surviving Whitestad University. My professor just dropped a pop quiz, send help. Can't believe it's already 2018. Send snacks.",,22,2,1,0.5994,Student,0
twdemo_000100,"Group project update: My professor just dropped a pop quiz, send help. Can't believe it's already 2020. 🎉🙌",,16,2,1,0.6597,Student,0
twdemo_000100,Study session with Stephen turned into a nap. Turns out procrastination is a full-time job. Group chat with James is unhinged today. Send snacks.,,15,1,1,0.0,Student,0
twdemo_000100,"Campus is so pretty in Calhounfort today. Library until it closes, again. Shoutout to Willie for the study session. 📚🎬",#gradstudent #studygram #studentlife,14,2,0,0.6269,Student,0
twdemo_000100,Campus is so pretty in Lake William today. Somehow still passing my classes. Studying in Freemanchester has its perks. Send snacks.,#studentlife #gradstudent #studygram,14,1,0,0.6269,Student,0
twdemo_000100,Another day surviving Mitchellmouth University. Ranking my classes from bearable to soul-crushing. Number 41 on my to-do list: sleep. 🐾🎉,#gradstudent #finals,16,1,1,0.6369,Student,0
twdemo_000100,"Campus is so pretty in South Daniellehaven today. Library until it closes, again. Officially 32 credits away from graduating. Someone quiz me please. 💪🎬",#studygram #dormlife,19,2,1,0.8367,Student,0
twdemo_000100,"Campus is so pretty in Alvaradohaven today. Library until it closes, again. Currently 63 days away from break. Send snacks. 📚",#finals #college,14,2,1,0.6269,Student,0
twdemo_000100,"Campus is so pretty in Romerotown today. Library until it closes, again. Fun fact: I've switched majors 30 times. Tell me it gets easier. 🐾🎉",#dormlife #studygram #finals,16,2,0,0.9172,Student,0
twdemo_000100,Another day surviving Connieshire University. Somehow still passing my classes. This is assignment number 71 this semester.,,7,1,0,0.3612,Student,0
twdemo_000100,"Finals season has me questioning everything. My professor just dropped a pop quiz, send help. Currently 49 days away from break. 💪",#studygram #gradstudent #dormlife,11,1,0,0.3182,Student,0
twdemo_000100,"Study session with Robert turned into a nap. My professor just dropped a pop quiz, send help. Currently 84 cups of coffee deep today. Send snacks. 💪",,20,1,0,0.4019,Student,0
twdemo_000101,On-call was quiet for once. Past me really did not comment anything. Currently on commit number 69 of this refactor. AMA about the stack. 🔧⚙️,,15,1,0,0.3612,Developer,0
twdemo_000101,Learning a new part of the stack this week. The fix was smaller than the investigation. Deploy number 78 of the week.,#softwareengineer #javascript,16,1,1,0.0772,Developer,0
twdemo_000101,Spent way too long on a bug today. The code review comments humbled me. Standup update: 6 things fixed today.,#webdev #buildinpublic,9,1,0,0.0,Developer,0
twdemo_000101,"Finally got the tests passing. Linting caught it before it shipped, thankfully. Working out of Thomasberg this 2023.",#buildinpublic,15,1,0,0.4215,Developer,0
twdemo_000102,"Golden hour never disappoints. Can't wait to show you more from this collab. Since 2018, this has been the dream. Can't believe it's already 2019.",#ad #brandpartner,67,1,0,0.4912,Fake Influencer,1
twdemo_000102,"New content coming your way soon. This is exactly what my feed needed. Shot this in Port Williamville. So many of you asked for this, here it is. 💖📸",#brandpartner #musthave #influencer,19,1,0,0.7506,Fake Influencer,1
twdemo_000102,New content coming your way soon. Use my code for a discount. Outfit number 87 of the week. 🌴💅,,91,10,1,0.0772,Fake Influencer,1
twdemo_000102,This brand sent me the best package. Can't wait to show you more from this collab. Brand deal number 64 this month. Shop this look now. ✨😍,,239,9,3,0.8689,Fake Influencer,1
twdemo_000102,Golden hour never disappoints. Partnering with brands I actually love. Packing for North Kathy again this week. Shop this look now. 😍,,152,10,2,0.855,Fake Influencer,1
twdemo_000102,"Another day, another shoot. This is exactly what my feed needed. Since 2025, this has been the dream. Link in bio for the discount. 👑✨",,130,11,2,0.2263,Fake Influencer,1
twdemo_000102,This brand sent me the best package. Partnering with brands I actually love. Packing for North Johnstad again this week. Packing for Garrettmouth again this week. Code is my username at checkout.,,185,12,1,0.8555,Fake Influencer,1
twdemo_000102,Obsessed with this new find. This is going straight into my everyday rotation. Filming this in Hayesmouth today. Look number 52 from this campaign. DM for collab details.,#ad #discountcode #brandpartner #lifestyle,123,8,1,0.128,Fake Influencer,1
twdemo_000103,"Finals season has me questioning everything. Library until it closes, again. Can't believe it's already 2024. ✨",#gradstudent,687,47,6,0.2263,Fake Influencer,1
twdemo_000103,Campus is so pretty in West Autumn today. Somehow still passing my classes. Number 30 on my to-do list: sleep. 📚🎬,,690,20,9,0.6615,Fake Influencer,1
twdemo_000103,Coffee run before class. Ranking my classes from bearable to soul-crushing. Currently 93 days away from break. Someone quiz me please. 🐾🙌,,340,16,2,0.3182,Fake Influencer,1
twdemo_000103,Finals season has me questioning everything. Somehow still passing my classes. Can't believe it's already 2020.,#studygram,781,120,30,-0.1027,Fake Influencer,1
twdemo_000103,"Coffee run before class. My professor just dropped a pop quiz, send help. Tagging Lori because they'd get this. Send snacks.",#classof2026 #studentlife #university,366,18,1,0.4019,Fake Influencer,1
twdemo_000103,Study session with Stephanie turned into a nap. Somehow still passing my classes. Currently 72 cups of coffee deep today. 📚✨,,935,54,21,0.3182,Fake Influencer,1
twdemo_000103,"Finals season has me questioning everything. My professor just dropped a pop quiz, send help. Can't believe it's already 2019.",#studentlife #studybreak #dormlife,1673,39,12,0.3182,Fake Influencer,1
twdemo_000103,"Finals season has me questioning everything. Library until it closes, again.",,659,35,9,-0.1027,Fake Influencer,1
twdemo_000103,Another day surviving New Jason University. Dorm life really tests your patience. Officially 79 credits away from graduating. Tell me it gets easier.,#classof2026 #studentlife,1176,45,12,0.7579,Fake Influencer,1
twdemo_000104,Restocked your favorites. We appreciate every single one of you. Shoutout to our 24th customer this week. Shop the link in bio. 🔗🤝,#shopsmall #marketing,54,3,1,0.6705,Business Account,0
twdemo_000104,Thank you West Mary for another great week. Handmade in small batches every week. Limited stock available. 🔗,#entrepreneur #businessowner #hustle #shopsmall,33,5,1,0.6908,Business Account,0
twdemo_000104,"Restocked your favorites. Handmade in small batches every week. Based out of Port Keith, shipping everywhere. Limited stock available. 📈",#localbusiness,53,4,1,0.2263,Business Account,0
twdemo_000104,"Behind the scenes at the shop today. Locally sourced, always. Customer number 9 just left a five-star review. Tag someone who'd love this. 📈🤝",#marketing #growth,72,4,1,0.6705,Business Account,0
twdemo_000104,"Restocked your favorites. Locally sourced, always. Tagging Jason, one of our first customers back in 2015.",#hustle #growth,32,3,1,0.4215,Business Account,0
twdemo_000104,Restocked your favorites. We appreciate every single one of you. Thank you West Joytown for 77 years of support.,#growth #startup #marketing #localbusiness,60,6,1,0.8658,Business Account,0
twdemo_000105,To my real fans: Ignore anyone claiming to be my manager elsewhere. Project number 43 coming together nicely.,#fanpage,59,15,1,0.1779,Celebrity Impersonator,1
twdemo_000105,I don't get to say this enough. None of this would matter without you. Working on something big for 2019. Back in West Jason this 2025.,#viral,75,3,1,0.0258,Celebrity Impersonator,1
twdemo_000105,Taking a moment to say thank you. Please report any fake pages you see. Thank you Nancy for the constant support. Follow only this page.,,201,20,3,0.7096,Celebrity Impersonator,1
twdemo_000105,To my real fans: There's more coming that I can't wait to share. Working on something big for 2025.,,228,43,1,-0.2235,Celebrity Impersonator,1
twdemo_000105,"A quick note from me to you. Grateful for every one of you every single day. Working on something big for 2022. Since 2025, the journey continues. 😊🌟",#fanpage,271,34,0,0.8402,Celebrity Impersonator,1
twdemo_000105,"To my real fans: Grateful for every one of you every single day. Tagging Jacob, thank you for believing in this. Message number 11 today, reading every one. Follow only this page.",#exclusive #fanpage,59,4,1,0.7003,Celebrity Impersonator,1
twdemo_000105,"I see all of your messages, truly. There's more coming that I can't wait to share. Back in South Douglas this 2018. Since 2017, the journey continues. 💪",,144,34,1,0.2528,Celebrity Impersonator,1
twdemo_000105,"To my real fans: This journey keeps surprising me. Since 2017, the journey continues. Share this so others know it's real. ✨💪",,109,9,2,0.6808,Celebrity Impersonator,1
twdemo_000105,"I see all of your messages, truly. This journey keeps surprising me. 27 years in this industry now. Since 2019, the journey continues.",#exclusive #viral,35,5,1,0.6124,Celebrity Impersonator,1
twdemo_000105,"This account is really me, I promise. There's more coming that I can't wait to share. 58 years in this industry now. 61 years in this industry now. DM me directly here.",,181,14,2,0.1719,Celebrity Impersonator,1
twdemo_000105,"Something special is coming, stay tuned. There's more coming that I can't wait to share. Message number 81 today, reading every one. Working on something big for 2021. Follow only this page.",,180,4,3,0.276,Celebrity Impersonator,1
twdemo_000105,I don't get to say this enough. There's more coming that I can't wait to share. Back in Jeffreychester this 2025. Share this so others know it's real.,,504,25,8,0.0803,Celebrity Impersonator,1
twdemo_000105,"Something special is coming, stay tuned. Please report any fake pages you see. 58 years of your support means everything. Message number 92 today, reading every one. 😊",#fanpage #trending,52,1,2,0.872,Celebrity Impersonator,1
twdemo_000105,"Important announcement coming soon. This journey keeps surprising me. Tagging Joseph, thank you for believing in this. ✨",,124,5,1,0.792,Celebrity Impersonator,1
twdemo_000105,"Thank you for the love this 2015. Please report any fake pages you see. Tagging Michael, thank you for believing in this. Follow only this page. 🐾",,450,9,6,0.8126,Celebrity Impersonator,1
twdemo_000106,Rewrote a script that's been bugging me for weeks. Pairing with a teammate made it so much faster. Working out of Perezburgh this 2017. Repo link below. 🔧💻,,14,2,0,0.0,Developer,0
twdemo_000106,Refactoring old code I wrote a year ago. Naming things is still the hardest part. Currently on commit number 6 of this refactor. Open to feedback.,,8,1,0,0.3612,Developer,0
twdemo_000106,Spent way too long on a bug today. The fix was smaller than the investigation. Shoutout to Samuel for the code review. 🧠🔧,,8,1,0,0.0,Developer,0
twdemo_000106,Rewrote a script that's been bugging me for weeks. The fix was smaller than the investigation. PR number 16 finally merged.,#javascript,18,2,1,0.0772,Developer,0
twdemo_000106,On-call was quiet for once. Docs were wrong but figured it out eventually. Working remotely from Schwartzberg this month. Curious how others solve this.,,11,2,0,0.4767,Developer,0
twdemo_000106,Learning a new part of the stack this week. Naming things is still the hardest part. Currently debugging from East Shawn. Open to feedback. 🧠💻,#developer,10,1,0,0.0,Developer,0
twdemo_000106,On-call was quiet for once. Naming things is still the hardest part. Deploy number 80 of the week. 📦🔧,,7,1,0,0.0772,Developer,0
twdemo_000106,Rewrote a script that's been bugging me for weeks. Turned out to be a missing semicolon. Deploy number 23 of the week. Open to feedback. 💻⚙️,,5,1,0,-0.2263,Developer,0
twdemo_000106,Refactoring old code I wrote a year ago. Naming things is still the hardest part. Sprint 78 wrapped up today.,#webdev #developer,16,1,0,0.0,Developer,0
twdemo_000106,Spent way too long on a bug today. Turns out the cache was the whole problem. Deploy number 91 of the week.,,14,1,0,-0.34,Developer,0
twdemo_000106,"Migrated a service to a new framework today. Turns out the cache was the whole problem. This is bug ticket number 57, send help. AMA about the stack. 📦",,6,0,0,0.0772,Developer,0
twdemo_000107,"This brand sent me the best package. Partnering with brands I actually love. Since 2025, this has been the dream. DM for collab details. 💖💅",#ad #musthave #collab #sponsored #brandpartner,22,1,0,0.9501,Fake Influencer,1
twdemo_000107,This might be my favorite collab yet. Can't wait to show you more from this collab. Michele styled this look. 👑,,44,4,0,0.4588,Fake Influencer,1
twdemo_000107,This might be my favorite collab yet. My followers deserve the best recommendations. Look number 79 from this campaign. Shop this look now.,#discountcode,42,4,0,0.8176,Fake Influencer,1
twdemo_000107,Can't stop wearing this lately. So grateful for opportunities like this. Look number 95 from this campaign.,#influencer #lifestyle #collab,23,2,0,0.8865,Fake Influencer,1
twdemo_000107,"This brand sent me the best package. This is exactly what my feed needed. Tagging Lisa, my glam team today. Look number 75 from this campaign.",#musthave #brandpartner #influencer,21,4,0,0.6705,Fake Influencer,1
twdemo_000107,"Another day, another shoot. Use my code for a discount. Shot this in Victoriaville. Shop this look now.",#musthave #trending #ad #brandpartner #collab,40,3,0,-0.34,Fake Influencer,1
twdemo_000107,Obsessed with this new find. This is going straight into my everyday rotation. Can't believe it's already 2017. Shot this in Lake Adam. Code is my username at checkout. 💖,#musthave,18,1,0,0.765,Fake Influencer,1
twdemo_000108,Programming update for the week. Showing up matters more than the perfect plan. Logged 11 miles this week. DM 'START' to work together. 🏃,#fitfam #workout #training #cardio,775,39,25,0.6204,Fitness Creator,0
twdemo_000108,Programming update for the week. Small wins add up over months. DM 'START' to work together. ⚡🏃,#training,1324,102,54,0.5719,Fitness Creator,0
twdemo_000108,Programming update for the week. Rest days are still training days. Training out of North Henry this week. Tag your gym partner.,,790,59,38,0.0,Fitness Creator,0
twdemo_000108,Early morning session before work. Small wins add up over months. Coaching 96 clients this cycle. Tag your gym partner. ⚡🔥,#gymlife #workout #wellness #healthylifestyle,1806,144,111,0.3182,Fitness Creator,0
twdemo_000108,"Coaching client hit a big milestone. Progress isn't always linear, and that's fine. Session number 83 with this client, big progress. Programs linked in bio. 💪🔥",#strength #cardio,1239,135,74,0.6486,Fitness Creator,0
twdemo_000108,Leg day recap. Slow and controlled beats fast and sloppy. Day 74 of the program.,,718,145,23,0.0,Fitness Creator,0
twdemo_000108,"Deload week starts now. Sleep is still the most underrated recovery tool. 4 reps, zero regrets. Tag your gym partner. 🥗🔥",#workout #wellness,1338,225,77,-0.5994,Fitness Creator,0
twdemo_000108,Early morning session before work. Slow and controlled beats fast and sloppy.,#training #gymlife #nutrition,604,44,42,0.0,Fitness Creator,0
twdemo_000109,"Behind the scenes at the shop today. We appreciate every single one of you. Based out of Sharonshire, shipping everywhere. 📈✅",#startup #shopsmall #hustle,305,23,14,0.4019,Business Account,0
twdemo_000109,"Thank you North Michael for another great week. Locally sourced, always. Proudly 72 years in business this 2018. Tag someone who'd love this.",#marketing #hustle #businessowner,169,21,6,0.9371,Business Account,0
twdemo_000109,"New arrivals just dropped! We appreciate every single one of you. Tagging Brian, one of our first customers back in 2018.",#customerfirst #marketing #businessowner #hustle,167,24,11,0.4574,Business Account,0
twdemo_000109,Behind the scenes at the shop today. Handmade in small batches every week. Batch number 23 restocked today. 💼📈,#smallbusiness #marketing,220,18,4,0.0772,Business Account,0
twdemo_000109,Restocked your favorites. We appreciate every single one of you. Celebrating 8 years since we opened our doors.,#localbusiness,139,9,6,0.8481,Business Account,0
twdemo_000109,Restocked your favorites. Your support keeps our doors open. Batch number 39 restocked today. 🌍📈,#customerfirst #shopsmall #entrepreneur #smallbusiness,79,5,4,0.7003,Business Account,0
twdemo_000109,"Thank you Henryshire for another great week. Locally sourced, always. Thank you Seanville for 50 years of support. Shop the link in bio. 💼",#customerfirst #growth,136,18,8,0.8957,Business Account,0
twdemo_000109,"Meet the team making it happen. Orders ship out within 2 business days. Based out of Sandrashire, shipping everywhere. Limited stock available.",#smallbusiness #growth,151,15,6,-0.2263,Business Account,0
twdemo_000109,Restocked your favorites. Your support keeps our doors open. Serving Wallaceshire since 2023. DM us to order. ✅,,222,13,17,0.6705,Business Account,0
twdemo_000109,Restocked your favorites. Handmade in small batches every week. 98 orders packed and ready to go.,,213,18,8,0.6486,Business Account,0
twdemo_000110,"Ran a form check clinic today. Slow and controlled beats fast and sloppy. Tagging Amanda, my training partner today. 🏃",,155,6,0,0.0,Fake Influencer,1
twdemo_000110,Early morning session before work. Showing up matters more than the perfect plan. Back in New Ernest for a pop-up class this 2015. DM 'START' to work together.,#gymlife #wellness #fitfam,169,6,1,0.6204,Fake Influencer,1
twdemo_000110,New PR today! Sleep is still the most underrated recovery tool. Back in East Christopherborough for a pop-up class this 2015. 🏃,#fitness #strength #nutrition #healthylifestyle #workout,163,13,1,0.0,Fake Influencer,1
twdemo_000110,"Programming update for the week. Consistency beats intensity most days. Tagging Timothy, my training partner today. Save this for your next session. 🥗",#training #fitfam,119,3,0,0.4939,Fake Influencer,1
twdemo_000110,Programming update for the week. Strength carries over into everything else. Training out of Kimtown this week.,,251,15,1,0.4939,Fake Influencer,1
twdemo_000110,"Meal prep Sunday. Rest days are still training days. 77 reps, zero regrets. Tag your gym partner. 🧘",,145,7,0,-0.3612,Fake Influencer,1
twdemo_000111,"Living for moments like this. This is exactly what my feed needed. Look number 19 from this campaign. So many of you asked for this, here it is. Code is my username at checkout. 💅",#musthave #discountcode,31,6,0,0.4215,Fake Influencer,1
twdemo_000111,"Unboxing my favorite package of the month. My followers deserve the best recommendations. Shot this in Holtborough. Since 2021, this has been the dream. 😍",#sponsored #linkinbio #discountcode #ad #influencer,226,6,4,0.9042,Fake Influencer,1
twdemo_000111,"This might be my favorite collab yet. This is going straight into my everyday rotation. So many of you asked for this, here it is.",#influencer #musthave #trending #lifestyle #discountcode,91,1,1,0.5994,Fake Influencer,1
twdemo_000111,"This brand sent me the best package. This is going straight into my everyday rotation. Trip number 75 this year, no complaints. 👑🌴",#ad #collab #linkinbio #influencer #trending,51,4,1,0.8252,Fake Influencer,1
twdemo_000111,"Can't stop wearing this lately. Use my code for a discount. Can't believe it's already 2018. Tagging Jacob, my glam team today.",#sponsored #musthave,113,6,1,0.2235,Fake Influencer,1
twdemo_000111,"Unboxing my favorite package of the month. Can't believe I get to call this my job. Tagging Karen, my glam team today. So many of you asked for this, here it is. Shop this look now.",#influencer #musthave #trending,51,3,1,0.4588,Fake Influencer,1
twdemo_000111,"New content coming your way soon. Can't wait to show you more from this collab. Filming this in East Jade today. Tagging Alisha, my glam team today. Shop this look now.",#sponsored #lifestyle #discountcode,35,2,1,0.0,Fake Influencer,1
twdemo_000111,"This might be my favorite collab yet. Use my code for a discount. Trip number 9 this year, no complaints. Tagging Christopher, my glam team today.",#ad #discountcode #lifestyle,43,3,0,0.6765,Fake Influencer,1
twdemo_000112,"Everyone is asking how I did this so fast. This is not a scam, I promise. Slot 31 almost gone. 🛒",#cryptosignals #onlyfollowers #followforfollow,1,0,0,0.6483,Spam/Bot Account,1
twdemo_000112,"Stop scrolling, read this. Thousands already joined, don't miss out. Only 52 spots left today. Tap the link in my story. 📩🎁",#makemoneyonline #freeprize #giveaway #onlyfollowers #getrichquick #cashapp #cryptosignals,2,0,0,0.2833,Spam/Bot Account,1
twdemo_000112,"I wasn't going to share this but... No experience needed, just a phone. Over 97 people already joined this week. Comment before it's gone. 💯💰",#followforfollow #dmforprice #cashapp #cryptosignals,1,0,0,-0.5013,Spam/Bot Account,1
twdemo_000112,"🚨 LAST CHANCE 🚨 It's 100% legit, I was skeptical too. Since 2015, thousands have joined. Tap the link in my story.",,1,0,0,0.1111,Spam/Bot Account,1
twdemo_000112,"Stop scrolling, read this. No experience needed, just a phone. Message number 71 today, still going. Tap the link in my story. 💰",#followforfollow #dmforprice #onlyfollowers #getrichquick,2,0,0,-0.5267,Spam/Bot Account,1
twdemo_000112,"I wasn't going to share this but... Spots are filling up fast. Spot number 76 just opened up. Link in bio, click now. 🎁",#clicklink #getrichquick #dmforprice #freeprize #cryptosignals,2,0,0,0.5935,Spam/Bot Account,1
twdemo_000112,"Everyone is asking how I did this so fast. It's 100% legit, I was skeptical too. Slot 7 almost gone. DM me 'START' immediately. 🛒",#freeprize #onlyfollowers #cryptosignals,0,0,0,-0.3182,Spam/Bot Account,1
twdemo_000112,"Everyone is asking how I did this so fast. Spots are filling up fast. Message number 16 today, still going. Tap the link in my story. 👉🔥",,4,0,0,-0.2732,Spam/Bot Account,1
twdemo_000112,🚨 LAST CHANCE 🚨 Made more money this week than my old job paid monthly. 31 people can't all be wrong. DM me 'START' immediately. 💯,#giveaway #makemoneyonline,0,0,0,0.6471,Spam/Bot Account,1
twdemo_000113,"Coaching client hit a big milestone. Small wins add up over months. Tagging David, my training partner today. DM 'START' to work together.",#fitness #cardio #strength #training #wellness,1425,59,77,0.5719,Fitness Creator,0
twdemo_000113,Back-to-back sessions today. Slow and controlled beats fast and sloppy. Coaching 74 clients this cycle. Tag your gym partner.,#training,476,43,26,0.0,Fitness Creator,0
twdemo_000113,Back-to-back sessions today. Strength carries over into everything else. Back in Curtischester for a pop-up class this 2017. Programs linked in bio.,#gymlife,939,28,47,0.4939,Fitness Creator,0
twdemo_000113,"Back-to-back sessions today. Rest days are still training days. Tagging James, my training partner today. Tag your gym partner. 🧘",#gymlife #training,1016,142,41,0.0,Fitness Creator,0
twdemo_000113,Ran a form check clinic today. Strength carries over into everything else. Logged 63 miles this week. 🥗🏋️,#workout #training #gymlife,1059,76,58,0.4939,Fitness Creator,0
twdemo_000113,"Early morning session before work. Showing up matters more than the perfect plan. Session number 80 with this client, big progress. Programs linked in bio. ⚡🏋️",#cardio #training,892,35,65,0.8,Fitness Creator,0
twdemo_000113,"Programming update for the week. Fueling properly made a huge difference. Tagging Gary, my training partner today. 🔥",#gymlife,814,65,40,-0.0258,Fitness Creator,0
twdemo_000113,"Coaching client hit a big milestone. Slow and controlled beats fast and sloppy. Tagging Sheri, my training partner today.",#training #gymlife #cardio,1045,91,34,0.0,Fitness Creator,0
twdemo_000113,"Leg day recap. Small wins add up over months. 57 reps, zero regrets.",#healthylifestyle #fitfam #nutrition #fitness #strength,670,61,38,0.296,Fitness Creator,0
twdemo_000113,Back-to-back sessions today. Slow and controlled beats fast and sloppy. Coaching 44 clients this cycle.,#training,713,96,28,0.0,Fitness Creator,0
twdemo_000114,Back-to-back sessions today. Small wins add up over months. Client hit a 39 pound PR today.,#strength #healthylifestyle #fitness #training,304,41,46,0.5719,Fitness Creator,0
twdemo_000114,Coaching client hit a big milestone. Sleep is still the most underrated recovery tool. Client hit a 8 pound PR today. Tag your gym partner.,#training #wellness #workout,1238,48,60,0.0,Fitness Creator,0
twdemo_000114,"Ran a form check clinic today. Progress isn't always linear, and that's fine. 💪",#wellness #training #strength #fitfam,101,8,3,0.5574,Fitness Creator,0
twdemo_000114,Back-to-back sessions today. Showing up matters more than the perfect plan. Day 28 of the program.,,199,10,16,0.6204,Fitness Creator,0
twdemo_000114,Coaching client hit a big milestone. Showing up matters more than the perfect plan. Coaching 32 clients this cycle. 🔥,#fitness #cardio,368,41,35,0.3947,Fitness Creator,0
twdemo_000115,Today's shoot was a whole vibe. Use my code for a discount. Stephanie styled this look. Filming this in Andersonton today. DM for collab details.,#musthave #sponsored #influencer,136,9,1,-0.34,Fake Influencer,1
twdemo_000115,This brand sent me the best package. Partnering with brands I actually love. Shot this in East Rickeyview. Packing for Guzmanchester again this week. Link in bio for the discount. 💖,#ad,343,24,22,0.9413,Fake Influencer,1
twdemo_000115,New content coming your way soon. This is going straight into my everyday rotation. Can't believe it's already 2020. Code is my username at checkout.,#sponsored #brandpartner #trending #ad,370,39,6,0.2263,Fake Influencer,1
twdemo_000115,Living for moments like this. Partnering with brands I actually love. Packing for North Daniel again this week.,#brandpartner,197,19,8,0.7717,Fake Influencer,1
twdemo_000115,"Living for moments like this. So grateful for opportunities like this. Since 2021, this has been the dream. Code is my username at checkout. 📸🌴",,393,13,11,0.9033,Fake Influencer,1
twdemo_000115,This brand sent me the best package. My followers deserve the best recommendations. Brand deal number 55 this month. Link in bio for the discount.,,469,24,6,0.8658,Fake Influencer,1
twdemo_000115,This might be my favorite collab yet. My followers deserve the best recommendations. Outfit number 73 of the week.,#lifestyle #trending #brandpartner #collab #musthave,259,43,12,0.8176,Fake Influencer,1
twdemo_000115,Obsessed with this new find. My followers deserve the best recommendations. Can't believe it's already 2020. Packing for Dustinhaven again this week. 🌴,,152,7,1,0.5423,Fake Influencer,1
twdemo_000115,"Unboxing my favorite package of the month. So grateful for opportunities like this. Tagging Michael, my glam team today. ✨",#lifestyle #brandpartner #musthave #ad #sponsored,289,36,1,0.9264,Fake Influencer,1
twdemo_000115,New content coming your way soon. This is going straight into my everyday rotation. Can't believe it's already 2015. Brand deal number 13 this month. 🌴,#ad #lifestyle #brandpartner #collab,373,6,7,0.296,Fake Influencer,1
twdemo_000115,"New content coming your way soon. My followers deserve the best recommendations. Tagging Eric, my glam team today. Code is my username at checkout.",#sponsored #collab #lifestyle #brandpartner,163,23,2,0.6369,Fake Influencer,1
twdemo_000116,Meet the team making it happen. Handmade in small batches every week. Customer number 12 just left a five-star review. Limited stock available.,#localbusiness #growth #businessowner #shopsmall,261,22,1,-0.1531,Business Account,0
twdemo_000116,New arrivals just dropped! Handmade in small batches every week. Serving West Hannahstad since 2023. Shop the link in bio.,,150,8,6,0.0,Business Account,0
twdemo_000116,"New arrivals just dropped! We appreciate every single one of you. Tagging April, one of our first customers back in 2019. Tag someone who'd love this. 💼",#hustle #growth,195,6,5,0.8016,Business Account,0
twdemo_000116,"New arrivals just dropped! Locally sourced, always. Team huddle today covered 52 new ideas.",#localbusiness #customerfirst #marketing #shopsmall,571,29,6,0.0,Business Account,0
twdemo_000116,New arrivals just dropped! Handmade in small batches every week. Serving Lindamouth since 2016.,#localbusiness #growth #startup,123,4,2,0.0,Business Account,0
twdemo_000116,Behind the scenes at the shop today. Custom requests are always welcome. 57 orders packed and ready to go.,,293,31,4,0.6705,Business Account,0
twdemo_000117,"Study session with Gary turned into a nap. Library until it closes, again. Currently 58 days away from break.",#studybreak,74,2,2,0.0,Student,0
twdemo_000117,Study session with Jeffrey turned into a nap. Dorm life really tests your patience. Group chat with Megan is unhinged today. 📚,,22,1,0,0.0,Student,0
twdemo_000117,Coffee run before class. Turns out procrastination is a full-time job. Currently 92 days away from break.,#dormlife,38,2,1,0.0,Student,0
twdemo_000117,Finals season has me questioning everything. Ranking my classes from bearable to soul-crushing. Tagging Carlos because they'd get this. 🐾,,35,3,1,-0.1027,Student,0
twdemo_000117,Group project update: Ranking my classes from bearable to soul-crushing. Can't believe it's already 2017.,#classof2026,181,11,3,0.0,Student,0
twdemo_000117,"Campus is so pretty in Blackburnburgh today. My professor just dropped a pop quiz, send help. Someone quiz me please.",#studygram #dormlife #studybreak,105,4,5,0.8449,Student,0
twdemo_000117,Group project update: Somehow still passing my classes. Number 90 on my to-do list: sleep. Someone quiz me please.,,75,3,3,0.3818,Student,0
twdemo_000118,Finally got the tests passing. Docs were wrong but figured it out eventually. PR number 46 finally merged. AMA about the stack. 🚀⚙️,,119,9,1,-0.1531,Developer,0
twdemo_000118,On-call was quiet for once. Docs were wrong but figured it out eventually. Shoutout to Michael for the code review. 📦,,167,18,3,-0.2617,Developer,0
twdemo_000118,Learning a new part of the stack this week. Naming things is still the hardest part. Currently debugging from Port Kimberlybury.,#coding #softwareengineer,250,14,5,0.0,Developer,0
twdemo_000118,Learning a new part of the stack this week. Docs were wrong but figured it out eventually. Deploy number 67 of the week. Curious how others solve this.,#coding,424,24,8,0.5499,Developer,0
twdemo_000118,Shipped a small feature at Paul PLC. Past me really did not comment anything. Working out of Kelseyville this 2023. ☕,,234,9,2,0.0,Developer,0
twdemo_000118,Finally got the tests passing. Past me really did not comment anything. Working out of East Seanberg this 2025. Curious how others solve this. 🚀,#developer,249,13,10,0.4767,Developer,0
twdemo_000118,Spent way too long on a bug today. Naming things is still the hardest part. Deploy number 35 of the week.,#webdev #100daysofcode,595,31,5,0.0772,Developer,0
twdemo_000118,Spent way too long on a bug today. Turns out the cache was the whole problem. Still can't believe it's 2024 and this bug exists.,#coding,361,51,14,-0.4019,Developer,0
twdemo_000118,"Rewrote a script that's been bugging me for weeks. Past me really did not comment anything. Tagging Lauren, they'll appreciate this one. 🚀💻",#developer,474,38,7,0.4019,Developer,0
twdemo_000118,Rewrote a script that's been bugging me for weeks. Docs were wrong but figured it out eventually. Deploy number 38 of the week.,#programmer #webdev,159,29,1,-0.1531,Developer,0
twdemo_000118,Refactoring old code I wrote a year ago. CI is green and I'm emotionally fine now. PR number 30 finally merged.,#webdev,165,10,1,0.2732,Developer,0
twdemo_000118,Rewrote a script that's been bugging me for weeks. Turned out to be a missing semicolon. Working remotely from Powellfort this month. ⚙️💻,,234,12,2,-0.296,Developer,0
twdemo_000118,Learning a new part of the stack this week. Past me really did not comment anything. PR number 61 finally merged.,,456,38,5,0.0772,Developer,0
twdemo_000118,Spent way too long on a bug today. Turns out the cache was the whole problem. Shoutout to David for the code review. Open to feedback. ☕,,185,30,2,-0.4019,Developer,0
twdemo_000118,New side project idea just hit me at 2am. Turns out the cache was the whole problem. Pairing with Jorge made this so much faster. Curious how others solve this. 📦,#python #javascript,345,11,3,0.1689,Developer,0
twdemo_000118,Finally got the tests passing. Turned out to be a missing semicolon. PR number 56 finally merged. 💻☕,,225,43,4,-0.2263,Developer,0
twdemo_000118,Migrated a service to a new framework today. The code review comments humbled me. Pairing with Lisa made this so much faster. ☕🔧,,192,13,2,0.0,Developer,0
twdemo_000118,"Shipped a small feature at Smith, Miller and Zuniga. CI is green and I'm emotionally fine now. 87 tabs of documentation open right now.",#buildinpublic,607,42,7,0.2023,Developer,0
twdemo_000119,"Deload week starts now. Progress isn't always linear, and that's fine. Training out of Lake Kennethview this week. Programs linked in bio.",#healthylifestyle #gymlife #wellness #cardio #fitness,399,118,11,0.5574,Fitness Creator,0
twdemo_000119,"New PR today! Consistency beats intensity most days. Session number 76 with this client, big progress.",#nutrition #cardio #strength #training,488,124,6,0.5655,Fitness Creator,0
twdemo_000119,"New PR today! Sleep is still the most underrated recovery tool. Tagging Kevin, my training partner today. Programs linked in bio.",#gymlife #training #cardio #fitness #workout,477,70,6,0.0,Fitness Creator,0
twdemo_000119,Programming update for the week. Fueling properly made a huge difference. Logged 68 miles this week. Tag your gym partner. 🧘,#nutrition #training #workout #fitfam #healthylifestyle,285,59,7,0.3182,Fitness Creator,0
twdemo_000119,"Coaching client hit a big milestone. Form over ego, always. Shoutout to Heather for showing up every day. ⚡🔥",#fitness #wellness #healthylifestyle #strength,283,18,5,-0.34,Fitness Creator,0
twdemo_000119,Early morning session before work. Small wins add up over months. Logged 96 miles this week. Tag your gym partner.,#training,1317,155,46,0.5719,Fitness Creator,0
twdemo_000119,Meal prep Sunday. Strength carries over into everything else. Day 85 of the program. 🧘🏃,#nutrition #fitness #wellness #gymlife,595,91,17,0.4939,Fitness Creator,0
twdemo_000120,"Shipped a small feature at Lawrence, Morales and Brown. Past me really did not comment anything. Tagging Patricia, they'll appreciate this one. 🧠",,178,33,8,0.4019,Developer,0
twdemo_000120,Finally got the tests passing. Past me really did not comment anything. Still can't believe it's 2018 and this bug exists.,,264,20,4,0.0,Developer,0
twdemo_000120,Migrated a service to a new framework today. The code review comments humbled me. 81 tabs of documentation open right now. ⚙️🧠,#softwareengineer,265,28,5,0.0,Developer,0
twdemo_000120,Shipped a small feature at Stewart Inc. The code review comments humbled me. PR number 84 finally merged. Curious how others solve this.,,144,11,5,0.5267,Developer,0
twdemo_000120,Shipped a small feature at Fischer LLC. Past me really did not comment anything. Open to feedback. 💻📦,,95,13,3,0.0,Developer,0
twdemo_000120,Spent way too long on a bug today. CI is green and I'm emotionally fine now. Currently on commit number 25 of this refactor.,#opensource,150,15,4,0.5106,Developer,0
twdemo_000120,On-call was quiet for once. Naming things is still the hardest part. Standup update: 12 things fixed today. 📦,#python #buildinpublic,68,6,2,0.0,Developer,0
twdemo_000120,Learning a new part of the stack this week. The fix was smaller than the investigation. Standup update: 61 things fixed today. ☕,,128,10,3,0.0,Developer,0
twdemo_000120,"New side project idea just hit me at 2am. Linting caught it before it shipped, thankfully. Standup update: 69 things fixed today. 🚀",,247,15,8,0.4215,Developer,0
twdemo_000120,On-call was quiet for once. CI is green and I'm emotionally fine now. Working out of Wilsonberg this 2022. 📦,,151,17,3,0.2023,Developer,0
twdemo_000120,On-call was quiet for once. Docs were wrong but figured it out eventually. Shoutout to Russell for the code review.,,96,10,2,-0.2617,Developer,0
twdemo_000120,"Gave a lunch-and-learn at Lee, Jordan and Fitzgerald today. Turns out the cache was the whole problem. Shoutout to Vanessa for the code review.",,63,5,1,-0.4019,Developer,0
twdemo_000120,Shipped a small feature at Williams-Smith. Docs were wrong but figured it out eventually. Currently on commit number 43 of this refactor. Open to feedback.,#webdev,148,13,4,0.296,Developer,0
twdemo_000121,"You NEED to see this. Spots are filling up fast. Message number 29 today, still going. Tap the link in my story. 👉💯",#onlyfollowers #freeprize #makemoneyonline #cashapp #giveaway,83,15,4,0.0772,Business Account,0
twdemo_000121,"🚨 LAST CHANCE 🚨 It's 100% legit, I was skeptical too. 9 people can't all be wrong. DM me 'START' immediately. 🎁",#freeprize #clicklink #followforfollow #cryptosignals #makemoneyonline #giveaway #getrichquick,53,2,2,0.7084,Business Account,0
twdemo_000121,"You NEED to see this. This is not a scam, I promise. 8 people can't all be wrong. Tap the link in my story. 💯",#cryptosignals #freeprize #cashapp #followforfollow,61,9,5,0.7815,Business Account,0
twdemo_000121,"🚨 LAST CHANCE 🚨 No experience needed, just a phone. This worked for Brandy too, ask them. Tap the link in my story.",#clicklink #cryptosignals,124,9,5,0.1363,Business Account,0
twdemo_000121,"This changed everything for me. This is not a scam, I promise. Only 25 spots left today. Tap the link in my story. 🎁✅",,82,11,4,0.8019,Business Account,0
twdemo_000122,"Taking a moment to say thank you. I read every message even if I can't reply to all. Tagging Matthew, thank you for believing in this. Tagging Kathy, thank you for believing in this.",,586,43,26,0.7579,Fitness Creator,0
twdemo_000122,"I see all of your messages, truly. Ignore anyone claiming to be my manager elsewhere. Message number 61 today, reading every one. Share this so others know it's real.",#exclusive #viral,527,28,35,0.4404,Fitness Creator,0
twdemo_000122,"Something special is coming, stay tuned. New project details coming very soon. Back in East Kevin this 2024. Tagging Samuel, thank you for believing in this. DM me directly here. 🐾🌟",,457,35,73,0.6369,Fitness Creator,0
twdemo_000122,"Something special is coming, stay tuned. Ignore anyone claiming to be my manager elsewhere. Tagging Theresa, thank you for believing in this. 🙌📚",,663,67,15,0.4019,Fitness Creator,0
twdemo_000122,Important announcement coming soon. Ignore anyone claiming to be my manager elsewhere. Thank you Wendy for the constant support.,,675,63,22,0.5423,Fitness Creator,0
twdemo_000122,Taking a moment to say thank you. Please report any fake pages you see.,,575,49,26,0.1779,Fitness Creator,0
twdemo_000123,"Shipped a small feature at Allen, Hoffman and York. Turns out the cache was the whole problem. Standup update: 74 things fixed today.",,27,1,2,-0.4019,Celebrity Impersonator,1
twdemo_000123,Shipped a small feature at Hardin-Aguirre. Naming things is still the hardest part. Pairing with Cindy made this so much faster.,,35,1,3,0.0,Celebrity Impersonator,1
twdemo_000123,On-call was quiet for once. The code review comments humbled me. Shoutout to Colton for the code review. 💻,#100daysofcode,64,11,7,0.0,Celebrity Impersonator,1
twdemo_000123,Rewrote a script that's been bugging me for weeks. Turns out the cache was the whole problem. Deploy number 90 of the week. 🚀🐛,,62,3,3,-0.34,Celebrity Impersonator,1
twdemo_000123,Finally got the tests passing. The code review comments humbled me. Still can't believe it's 2018 and this bug exists. 🚀,,129,10,4,0.0,Celebrity Impersonator,1
twdemo_000123,"Learning a new part of the stack this week. Past me really did not comment anything. This is bug ticket number 75, send help.",#100daysofcode,71,8,7,0.4588,Celebrity Impersonator,1
twdemo_000123,Rewrote a script that's been bugging me for weeks. The fix was smaller than the investigation. Pairing with Melinda made this so much faster. Curious how others solve this. 🔧💻,,60,3,2,0.5209,Celebrity Impersonator,1
twdemo_000123,Shipped a small feature at Martinez-Best. Docs were wrong but figured it out eventually. Shoutout to Michael for the code review.,,15,3,0,-0.2617,Celebrity Impersonator,1
twdemo_000123,"Rewrote a script that's been bugging me for weeks. Turned out to be a missing semicolon. This is bug ticket number 7, send help.",#webdev,22,2,1,0.2023,Celebrity Impersonator,1
twdemo_000123,Learning a new part of the stack this week. CI is green and I'm emotionally fine now. PR number 58 finally merged.,#programmer,121,24,3,0.2732,Celebrity Impersonator,1
twdemo_000123,On-call was quiet for once. CI is green and I'm emotionally fine now. Currently on commit number 65 of this refactor. Open to feedback.,#100daysofcode #developer,74,4,3,0.5106,Celebrity Impersonator,1
twdemo_000123,Migrated a service to a new framework today. Naming things is still the hardest part. Deploy number 6 of the week. 📦,,10,1,0,0.0772,Celebrity Impersonator,1
twdemo_000123,"Refactoring old code I wrote a year ago. CI is green and I'm emotionally fine now. This is bug ticket number 39, send help. Curious how others solve this.",,21,5,0,0.7845,Celebrity Impersonator,1
twdemo_000123,"Refactoring old code I wrote a year ago. Turns out the cache was the whole problem. Tagging Haley, they'll appreciate this one. AMA about the stack.",,25,1,2,0.0,Celebrity Impersonator,1
twdemo_000124,Refactoring old code I wrote a year ago. Pairing with a teammate made it so much faster. 38 tabs of documentation open right now. Repo link below.,#100daysofcode #opensource,3,0,0,0.0,Developer,0
twdemo_000124,Migrated a service to a new framework today. Pairing with a teammate made it so much faster. Shoutout to Monica for the code review. 📦🔧,#programmer,16,1,0,0.0,Developer,0
twdemo_000124,Learning a new part of the stack this week. Docs were wrong but figured it out eventually. Deploy number 27 of the week.,,3,1,0,-0.1531,Developer,0
twdemo_000124,"New side project idea just hit me at 2am. Docs were wrong but figured it out eventually. Tagging Amanda, they'll appreciate this one. Repo link below. 🐛💻",#buildinpublic,35,2,2,0.3612,Developer,0
twdemo_000124,Rewrote a script that's been bugging me for weeks. Past me really did not comment anything. Currently on commit number 88 of this refactor.,,7,1,0,0.3612,Developer,0
twdemo_000124,Spent way too long on a bug today. Docs were wrong but figured it out eventually. Pairing with Makayla made this so much faster. AMA about the stack. 💻,,5,0,0,-0.2617,Developer,0
twdemo_000124,Finally got the tests passing. Turns out the cache was the whole problem. 85 tabs of documentation open right now.,#opensource #javascript,17,4,0,-0.4019,Developer,0
twdemo_000124,Migrated a service to a new framework today. Turned out to be a missing semicolon. Currently debugging from Thomasburgh.,,8,1,0,-0.296,Developer,0
twdemo_000124,Refactoring old code I wrote a year ago. The fix was smaller than the investigation. Currently debugging from Hoganfurt. 💻🧠,,3,0,0,0.0,Developer,0
twdemo_000125,Coffee run before class. Turns out procrastination is a full-time job. Number 46 on my to-do list: sleep. 😊🙌,#finals #gradstudent #studentlife,1,0,0,0.743,Student,0
twdemo_000125,Study session with Steven turned into a nap. Dorm life really tests your patience. Can't believe it's already 2016. Send snacks. 🎉🙌,#studentlife,1,0,0,0.4019,Student,0
twdemo_000125,Finals season has me questioning everything. Somehow still passing my classes. Number 31 on my to-do list: sleep.,#classof2026 #studentlife,1,0,0,-0.0258,Student,0
twdemo_000125,Campus is so pretty in Williamfurt today. Somehow still passing my classes. Currently 25 cups of coffee deep today.,#dormlife,1,0,0,0.6269,Student,0
twdemo_000125,"Group project update: My professor just dropped a pop quiz, send help. Can't believe it's already 2020.",#college,1,0,0,0.4019,Student,0
twdemo_000125,Coffee run before class. Ranking my classes from bearable to soul-crushing. Campus tour 15 for prospective students today.,,1,0,0,0.0,Student,0
twdemo_000125,Study session with Stephanie turned into a nap. Ranking my classes from bearable to soul-crushing. This is assignment number 6 this semester. 🙌🎬,,1,0,0,0.0772,Student,0
twdemo_000125,Campus is so pretty in Deniseport today. Somehow still passing my classes. Tagging Natalie because they'd get this. 🙌🌟,#college #gradstudent,1,0,0,0.6269,Student,0
twdemo_000125,Group project update: Somehow still passing my classes. Number 55 on my to-do list: sleep.,,0,0,0,0.0772,Student,0
twdemo_000125,Another day surviving Nicholashaven University. Dorm life really tests your patience. Campus tour 80 for prospective students today. 😊,,1,0,0,0.802,Student,0
twdemo_000125,Group project update: Turns out procrastination is a full-time job. Group chat with Keith is unhinged today. Send snacks. 🎬☕,#dormlife,0,0,0,0.0,Student,0
twdemo_000126,"Meal prep Sunday. Sleep is still the most underrated recovery tool. Session number 96 with this client, big progress. DM 'START' to work together. 🏃",#healthylifestyle #nutrition,444,26,19,0.4767,Fitness Creator,0
twdemo_000126,New PR today! Slow and controlled beats fast and sloppy. Day 71 of the program.,#training,836,100,33,0.0,Fitness Creator,0
twdemo_000126,Deload week starts now. Small wins add up over months. Client hit a 43 pound PR today.,#training #fitfam #wellness #cardio #fitness,346,37,8,0.5719,Fitness Creator,0
twdemo_000126,New PR today! Consistency beats intensity most days.,#cardio,773,112,40,0.0,Fitness Creator,0
twdemo_000126,Leg day recap. Sleep is still the most underrated recovery tool. Logged 43 miles this week.,,457,51,25,0.0,Fitness Creator,0
twdemo_000126,"Recovery day, mobility work only. Fueling properly made a huge difference. Client hit a 25 pound PR today. 🔥",,341,49,14,-0.0258,Fitness Creator,0
twdemo_000126,"Deload week starts now. Showing up matters more than the perfect plan. Week 90 of the plan, feeling stronger. Programs linked in bio. 🏃",#gymlife,476,36,12,0.8,Fitness Creator,0
twdemo_000126,Coaching client hit a big milestone. Rest days are still training days. Day 51 of the program. Save this for your next session. ⚡🔥,#workout #fitfam #training,418,50,25,0.2023,Fitness Creator,0
twdemo_000126,"Leg day recap. Strength carries over into everything else. Session number 45 with this client, big progress. Save this for your next session. 💪",#nutrition #fitness,1374,271,55,0.8591,Fitness Creator,0
twdemo_000126,"Ran a form check clinic today. Progress isn't always linear, and that's fine. 5 minutes of mobility work this morning. DM 'START' to work together.",#healthylifestyle,549,83,20,0.5574,Fitness Creator,0
twdemo_000126,"Deload week starts now. Fueling properly made a huge difference. Week 11 of the plan, feeling stronger.",#fitness #training,1516,254,68,0.6597,Fitness Creator,0
twdemo_000126,Meal prep Sunday. Strength carries over into everything else. Client hit a 48 pound PR today.,#nutrition #training #strength,345,35,17,0.4939,Fitness Creator,0
twdemo_000126,"New PR today! Form over ego, always. Shoutout to James for showing up every day. 🥗",#fitness,810,129,24,0.0,Fitness Creator,0
twdemo_000127,Restocked your favorites. Your support keeps our doors open. 10 orders packed and ready to go. 🌍,#businessowner,159,5,9,0.7906,Business Account,0
twdemo_000127,Thank you Wilsonfurt for another great week. Orders ship out within 2 business days. Celebrating 30 years since we opened our doors. Limited stock available.,#growth #smallbusiness #localbusiness #hustle,181,10,11,0.8555,Business Account,0
twdemo_000127,Meet the team making it happen. Orders ship out within 2 business days. 48 orders packed and ready to go. Shop the link in bio.,#entrepreneur,441,26,25,0.3612,Business Account,0
twdemo_000127,New arrivals just dropped! We appreciate every single one of you. Thank you New David for 38 years of support. ✅📈,#customerfirst #smallbusiness #businessowner,114,7,12,0.8016,Business Account,0
twdemo_000127,"Small batch, made with care. Orders ship out within 2 business days. Shoutout to our 30th customer this week. DM us to order.",#entrepreneur #shopsmall #customerfirst,333,18,17,0.4939,Business Account,0
twdemo_000127,Restocked your favorites. Custom requests are always welcome. Batch number 76 restocked today. Shop the link in bio.,,208,11,6,0.7269,Business Account,0
twdemo_000127,New arrivals just dropped! Custom requests are always welcome. Serving East Kim since 2019. 💼✅,#hustle #startup #customerfirst #marketing,164,7,6,0.5093,Business Account,0
twdemo_000127,Meet the team making it happen. Orders ship out within 2 business days. DM us to order.,#marketing #startup #localbusiness #growth,173,11,7,0.0,Business Account,0
twdemo_000127,Thank you Bethanyton for another great week. Handmade in small batches every week. Proudly 11 years in business this 2016. Tag someone who'd love this.,#shopsmall,210,8,13,0.9371,Business Account,0
twdemo_000127,"Behind the scenes at the shop today. Locally sourced, always. DM us to order. 🔗💼",,183,11,12,0.0,Business Account,0
twdemo_000127,"Thank you New Jenniferfurt for another great week. Locally sourced, always. Based out of New Elizabeth, shipping everywhere. 📈🔗",#customerfirst #smallbusiness #entrepreneur,167,12,8,0.765,Business Account,0
twdemo_000127,Restocked your favorites. Custom requests are always welcome. Serving Joneshaven since 2022. DM us to order. 🔗,,333,14,10,0.7003,Business Account,0
twdemo_000127,"Restocked your favorites. Locally sourced, always. Thank you Lake Erinfort for 76 years of support. Limited stock available.",#customerfirst #smallbusiness,186,11,8,0.7269,Business Account,0
twdemo_000127,Meet the team making it happen. Your support keeps our doors open. Batch number 67 restocked today. 🔗,,168,11,6,0.4588,Business Account,0
twdemo_000127,"New arrivals just dropped! Orders ship out within 2 business days. Tagging April, one of our first customers back in 2016. Limited stock available. 📈",#startup #shopsmall #customerfirst,252,14,15,-0.2942,Business Account,0
twdemo_000127,"Small batch, made with care. Handmade in small batches every week. Proudly 11 years in business this 2025. 🔗",#localbusiness #hustle,213,10,9,0.7783,Business Account,0
twdemo_000128,Another day surviving New Kimville University. Ranking my classes from bearable to soul-crushing. Can't believe it's already 2022. Wish me luck. 🐾,,5,0,0,0.7845,Spam/Bot Account,1
twdemo_000128,"Finals season has me questioning everything. Library until it closes, again. Campus tour 4 for prospective students today. 😊✨",,2,0,0,0.7845,Spam/Bot Account,1
twdemo_000128,"Coffee run before class. Library until it closes, again. Group chat with Karen is unhinged today. 🐾🌟",#gradstudent,2,0,0,0.0,Spam/Bot Account,1
twdemo_000128,"Group project update: Library until it closes, again. Number 21 on my to-do list: sleep.",#gradstudent,2,0,0,0.0772,Spam/Bot Account,1
twdemo_000128,Group project update: Somehow still passing my classes. Officially 47 credits away from graduating. 🎬,#dormlife #university,2,0,0,0.3612,Spam/Bot Account,1
twdemo_000128,"Coffee run before class. My professor just dropped a pop quiz, send help. Currently 17 cups of coffee deep today. Send snacks.",#university #college #dormlife,3,0,0,0.4019,Spam/Bot Account,1
twdemo_000128,"Another day surviving New Jessicaview University. My professor just dropped a pop quiz, send help. Can't believe it's already 2017. Send snacks.",#studybreak #dormlife #campus,1,0,0,0.5994,Spam/Bot Account,1
twdemo_000129,Behind the scenes at the shop today. Custom requests are always welcome. Thank you North James for 43 years of support. Shop the link in bio. 🔗,#entrepreneur #businessowner #startup,84,8,2,0.802,Business Account,0
twdemo_000129,Thank you Robinsonfurt for another great week. Your support keeps our doors open. Celebrating 30 years since we opened our doors. Limited stock available. 💼,#smallbusiness #growth #marketing #localbusiness,60,4,1,0.9022,Business Account,0
twdemo_000129,Restocked your favorites. We appreciate every single one of you. Order number 43 just shipped.,#businessowner #hustle #customerfirst,95,4,3,0.7003,Business Account,0
twdemo_000129,Restocked your favorites. Orders ship out within 2 business days. Celebrating 51 years since we opened our doors. 📈💼,#businessowner #growth #shopsmall,73,9,2,0.7579,Business Account,0
twdemo_000129,"Meet the team making it happen. Your support keeps our doors open. Tagging Jonathan, one of our first customers back in 2021. 📈",#shopsmall #localbusiness,133,11,5,0.4019,Business Account,0
twdemo_000129,"New arrivals just dropped! Orders ship out within 2 business days. Based out of Stantonchester, shipping everywhere. 🔗",#smallbusiness #marketing,113,8,1,0.0,Business Account,0
twdemo_000129,Restocked your favorites. We appreciate every single one of you. Batch number 40 restocked today. Limited stock available.,#hustle #shopsmall #startup #businessowner,67,10,1,0.5994,Business Account,0
twdemo_000129,"Small batch, made with care. We appreciate every single one of you. Thank you Wrightchester for 10 years of support. Shop the link in bio. 🔗",,84,4,4,0.8779,Business Account,0
twdemo_000129,Restocked your favorites. Custom requests are always welcome. 33 orders packed and ready to go. Shop the link in bio. 🔗,#startup #smallbusiness,130,9,2,0.8074,Business Account,0
twdemo_000129,"Small batch, made with care. Your support keeps our doors open. Customer number 12 just left a five-star review. Shop the link in bio.",#marketing,151,5,1,0.7351,Business Account,0
twdemo_000129,"Behind the scenes at the shop today. Handmade in small batches every week. Tagging Christopher, one of our first customers back in 2015. 💼",#businessowner,81,14,4,0.0,Business Account,0
twdemo_000129,Restocked your favorites. Orders ship out within 2 business days. Thank you Fishermouth for 33 years of support. Limited stock available. 🌍💼,#shopsmall #marketing #businessowner #smallbusiness,105,13,3,0.7269,Business Account,0
twdemo_000129,Behind the scenes at the shop today. Handmade in small batches every week. Serving East Ericview since 2018. Tag someone who'd love this. 💼🔗,,107,13,3,0.6369,Business Account,0
twdemo_000129,Meet the team making it happen. Orders ship out within 2 business days. Batch number 44 restocked today. Limited stock available. 🌍,#smallbusiness #startup #businessowner #shopsmall,70,13,1,-0.1531,Business Account,0
twdemo_000130,Coaching client hit a big milestone. Small wins add up over months. 74 minutes of mobility work this morning. Save this for your next session. 💪,#fitfam #nutrition #cardio #healthylifestyle,8,0,0,0.7845,Fitness Creator,0
twdemo_000130,"Back-to-back sessions today. Form over ego, always. Session number 6 with this client, big progress. Programs linked in bio. 💪",#strength #training #workout #healthylifestyle,2,0,0,0.4767,Fitness Creator,0
twdemo_000130,"Recovery day, mobility work only. Sleep is still the most underrated recovery tool. Tagging Nicole, my training partner today. Tag your gym partner. 🏋️",#fitness #nutrition #wellness #fitfam,1,0,0,0.0,Fitness Creator,0
twdemo_000130,New PR today! Small wins add up over months. Client hit a 65 pound PR today. Tag your gym partner.,#cardio #training #gymlife,8,0,0,0.6114,Fitness Creator,0
twdemo_000130,"Recovery day, mobility work only. Progress isn't always linear, and that's fine. Tagging Mark, my training partner today. Programs linked in bio. 🏋️",#cardio #wellness #fitfam #nutrition,5,0,0,0.5574,Fitness Creator,0
twdemo_000130,Leg day recap. Sleep is still the most underrated recovery tool. Day 98 of the program.,#wellness #cardio #workout #fitfam,2,0,0,0.0,Fitness Creator,0
twdemo_000130,"Back-to-back sessions today. Strength carries over into everything else. Tagging Mark, my training partner today.",#wellness #gymlife #workout #strength,2,0,0,0.4939,Fitness Creator,0
twdemo_000130,"Back-to-back sessions today. Form over ego, always. Back in North Sarahmouth for a pop-up class this 2018. Tag your gym partner.",#healthylifestyle #training,2,0,0,0.0,Fitness Creator,0
twdemo_000131,Thank you for the love this 2021. There's more coming that I can't wait to share. Back in Leslietown this 2018.,#trending,67,5,1,0.7015,Celebrity Impersonator,1
twdemo_000131,"Thank you for the love this 2020. This journey keeps surprising me. Since 2020, the journey continues. Follow only this page.",#fanpage,79,6,3,0.8316,Celebrity Impersonator,1
twdemo_000131,"Something special is coming, stay tuned. This journey keeps surprising me. 24 years of your support means everything. 81 years in this industry now. 🐾",#viral,320,41,8,0.7579,Celebrity Impersonator,1
twdemo_000131,"This account is really me, I promise. New project details coming very soon. Project number 86 coming together nicely.",,29,2,1,0.5311,Celebrity Impersonator,1
twdemo_000131,Thank you for the love this 2022. I read every message even if I can't reply to all. Project number 98 coming together nicely.,,34,3,2,0.872,Celebrity Impersonator,1
twdemo_000131,"Important announcement coming soon. Grateful for every one of you every single day. Since 2020, still going strong.",,41,3,0,0.7964,Celebrity Impersonator,1
twdemo_000131,A quick note from me to you. There's more coming that I can't wait to share. Project number 96 coming together nicely. 30 years of your support means everything.,#trending,35,2,1,0.6139,Celebrity Impersonator,1
twdemo_000131,"Something special is coming, stay tuned. Ignore anyone claiming to be my manager elsewhere. Project number 38 coming together nicely. Since 2025, still going strong. Share this so others know it's real. 😊",,52,7,5,0.9313,Celebrity Impersonator,1
twdemo_000131,"I see all of your messages, truly. I read every message even if I can't reply to all. Since 2019, the journey continues. Since 2024, still going strong.",,201,10,7,0.7351,Celebrity Impersonator,1
twdemo_000132,"This brand sent me the best package. My followers deserve the best recommendations. Tagging Deanna, my glam team today. Shot this in West Robertside. 😍💖",,32,3,0,0.9571,Student,0
twdemo_000132,"Can't stop wearing this lately. Honestly didn't expect to love this as much as I do. Tagging Rebecca, my glam team today. Tagging Randy, my glam team today. Shop this look now.",,11,1,0,0.1331,Student,0
twdemo_000132,Obsessed with this new find. This is going straight into my everyday rotation. Packing for Lake Georgehaven again this week. Link in bio for the discount.,#collab,27,4,0,0.0516,Student,0
twdemo_000132,"Another day, another shoot. This is exactly what my feed needed. Packing for South Stephaniehaven again this week. Shop this look now. ✨💅",#influencer,17,1,0,-0.0258,Student,0
twdemo_000132,"Another day, another shoot. This is exactly what my feed needed. Kelly styled this look. DM for collab details. 💖👑",#brandpartner #ad #influencer,11,1,0,0.6124,Student,0
twdemo_000132,Living for moments like this. So grateful for opportunities like this. Filming this in Tateside today. Shot this in West Victoria. Code is my username at checkout. 🌴💖,,12,1,0,0.9482,Student,0
twdemo_000132,This might be my favorite collab yet. Use my code for a discount. Brand deal number 75 this month. Code is my username at checkout.,#musthave #brandpartner #collab #linkinbio,13,1,0,0.5106,Student,0
twdemo_000132,"This might be my favorite collab yet. My followers deserve the best recommendations. Tagging Kathleen, my glam team today. Link in bio for the discount. 💖💅",,18,2,0,0.9274,Student,0
twdemo_000133,"Programming update for the week. Sleep is still the most underrated recovery tool. Tagging Vanessa, my training partner today. 🧘🏃",#nutrition #strength,1187,38,39,0.0,Fitness Creator,0
twdemo_000133,New PR today! Consistency beats intensity most days.,#fitfam #fitness #nutrition #gymlife #wellness,401,61,14,0.0,Fitness Creator,0
twdemo_000133,Back-to-back sessions today. Showing up matters more than the perfect plan. Day 37 of the program. Save this for your next session.,#nutrition #gymlife #healthylifestyle #fitness,574,30,18,0.8055,Fitness Creator,0
twdemo_000133,Programming update for the week. Showing up matters more than the perfect plan. Coaching 45 clients this cycle. 💪🥗,#strength #nutrition #healthylifestyle #cardio,1724,559,28,0.6204,Fitness Creator,0
twdemo_000133,Meal prep Sunday. Showing up matters more than the perfect plan.,#wellness #workout #cardio #gymlife,661,33,21,0.6204,Fitness Creator,0
twdemo_000133,Coaching client hit a big milestone. Consistency beats intensity most days. Save this for your next session.,#wellness #workout #strength,510,41,12,0.539,Fitness Creator,0
twdemo_000133,Back-to-back sessions today. Consistency beats intensity most days. Logged 46 miles this week.,#gymlife #cardio #healthylifestyle,856,60,25,0.0,Fitness Creator,0
twdemo_000133,New PR today! Sleep is still the most underrated recovery tool. Logged 56 miles this week.,#fitfam #cardio #fitness,422,44,9,0.0,Fitness Creator,0
twdemo_000133,"Deload week starts now. Progress isn't always linear, and that's fine. Coaching 87 clients this cycle. Tag your gym partner. 🔥🧘",#workout #cardio #fitness #healthylifestyle #fitfam,682,78,57,0.296,Fitness Creator,0
twdemo_000133,Coaching client hit a big milestone. Sleep is still the most underrated recovery tool. Day 4 of the program. Programs linked in bio.,#wellness,974,77,24,0.0,Fitness Creator,0
twdemo_000134,Meet the team making it happen. Custom requests are always welcome. Tag someone who'd love this.,,191,12,9,0.802,Business Account,0
twdemo_000134,"Small batch, made with care. Handmade in small batches every week. Customer number 59 just left a five-star review. DM us to order.",#marketing #growth #shopsmall,175,6,2,0.5423,Business Account,0
twdemo_000134,"Meet the team making it happen. Locally sourced, always. Proudly 94 years in business this 2017.",#growth,212,14,4,0.5574,Business Account,0
twdemo_000134,Restocked your favorites. Your support keeps our doors open. Batch number 64 restocked today. 🔗🌍,#customerfirst #localbusiness #businessowner #startup,217,59,5,0.7003,Business Account,0
twdemo_000134,"Small batch, made with care. Your support keeps our doors open. Team huddle today covered 87 new ideas. ✅",#shopsmall #smallbusiness,268,23,11,0.7096,Business Account,0
twdemo_000134,"Small batch, made with care. Locally sourced, always. Serving New Tammie since 2025. 🌍🔗",#customerfirst #hustle #marketing,214,8,4,0.4939,Business Account,0
twdemo_000134,"Thank you Prattborough for another great week. Locally sourced, always. Proudly 13 years in business this 2018. Limited stock available.",,217,35,10,0.8519,Business Account,0
twdemo_000134,Meet the team making it happen. Your support keeps our doors open. Customer number 44 just left a five-star review.,#localbusiness #growth,279,24,4,0.4588,Business Account,0
twdemo_000134,"New arrivals just dropped! Locally sourced, always. 65 orders packed and ready to go. 🔗✅",#localbusiness #businessowner,182,7,4,0.4199,Business Account,0
twdemo_000134,New arrivals just dropped! Orders ship out within 2 business days. 65 orders packed and ready to go. 🤝,#startup #entrepreneur #localbusiness,103,8,1,0.4199,Business Account,0
twdemo_000135,"Meet the team making it happen. Locally sourced, always. Tagging Charles, one of our first customers back in 2025.",,132,21,1,0.0,Business Account,0
twdemo_000135,Meet the team making it happen. Handmade in small batches every week. Batch number 54 restocked today. Limited stock available. 🔗,#localbusiness #shopsmall #businessowner,242,21,4,-0.1531,Business Account,0
twdemo_000135,New arrivals just dropped! Handmade in small batches every week. Serving Paulatown since 2022. Limited stock available.,#growth,203,21,2,-0.2942,Business Account,0
twdemo_000135,Thank you New Jennifer for another great week. Orders ship out within 2 business days. Celebrating 86 years since we opened our doors. Shop the link in bio.,#hustle #smallbusiness #shopsmall #marketing,250,15,7,0.8271,Business Account,0
twdemo_000135,Meet the team making it happen. Handmade in small batches every week. Proudly 71 years in business this 2023. Shop the link in bio.,#localbusiness,244,48,4,0.5574,Business Account,0
twdemo_000135,Meet the team making it happen. Orders ship out within 2 business days. Team huddle today covered 38 new ideas. 💼🌍,#startup #marketing,205,35,2,0.0,Business Account,0
twdemo_000135,Thank you Lambshire for another great week. Handmade in small batches every week. Order number 75 just shipped. DM us to order. 🤝💼,#localbusiness #marketing #smallbusiness #startup,286,37,2,0.7845,Business Account,0
twdemo_000135,"New arrivals just dropped! Locally sourced, always. 67 orders packed and ready to go. Limited stock available.",#marketing #startup #customerfirst,196,10,3,0.2244,Business Account,0
twdemo_000135,"New arrivals just dropped! Locally sourced, always. Tagging Teresa, one of our first customers back in 2018.",#entrepreneur,134,14,2,0.0,Business Account,0
twdemo_000135,Meet the team making it happen. Handmade in small batches every week. Order number 64 just shipped. 🌍✅,,231,49,3,0.0772,Business Account,0
twdemo_000135,"Small batch, made with care. Custom requests are always welcome. 17 orders packed and ready to go.",#smallbusiness #entrepreneur #localbusiness,145,30,2,0.8271,Business Account,0
twdemo_000135,"Small batch, made with care. Your support keeps our doors open. Team huddle today covered 89 new ideas. Tag someone who'd love this.",#smallbusiness #shopsmall,519,36,7,0.8779,Business Account,0
twdemo_000135,Restocked your favorites. Custom requests are always welcome. Batch number 27 restocked today.,#shopsmall #businessowner #hustle #growth,192,14,3,0.7269,Business Account,0
twdemo_000135,"Small batch, made with care. Custom requests are always welcome. Serving Josephstad since 2023. DM us to order. 💼",#shopsmall #smallbusiness,502,25,8,0.7351,Business Account,0
twdemo_000135,Restocked your favorites. Your support keeps our doors open. 🌍,#entrepreneur #growth #localbusiness,88,10,2,0.6705,Business Account,0
twdemo_000136,Group project update: Ranking my classes from bearable to soul-crushing. Currently 61 cups of coffee deep today. Tell me it gets easier. 💪,,17,4,0,0.4215,Student,0
twdemo_000136,Group project update: Ranking my classes from bearable to soul-crushing. Ran into Christina at the library again. 😊,#college,11,1,0,0.7184,Student,0
twdemo_000136,Coffee run before class. Dorm life really tests your patience. Campus tour 57 for prospective students today. Wish me luck. 🎬✨,#studentlife,12,1,0,0.7906,Student,0
twdemo_000136,Coffee run before class. Ranking my classes from bearable to soul-crushing. Fun fact: I've switched majors 98 times. Someone quiz me please. ☕,,26,2,1,0.6808,Student,0
twdemo_000136,Another day surviving South Megantown University. Turns out procrastination is a full-time job. Can't believe it's already 2015. ✨🎉,,8,1,0,0.7351,Student,0
twdemo_000136,Campus is so pretty in East Bruceton today. Turns out procrastination is a full-time job. Officially 81 credits away from graduating. 🙌✨,#classof2026 #studentlife #campus,22,6,1,0.8367,Student,0
twdemo_000136,Another day surviving Port Tony University. Dorm life really tests your patience. Studying in Christinafurt has its perks. Someone quiz me please.,#finals #gradstudent,12,1,0,0.5423,Student,0
twdemo_000136,"Study session with Valerie turned into a nap. Library until it closes, again. Group chat with William is unhinged today. 😊",,11,4,0,0.7184,Student,0
twdemo_000136,"Coffee run before class. My professor just dropped a pop quiz, send help. Shoutout to Joseph for the study session. Send snacks. 📚✨",,23,7,0,0.6124,Student,0
twdemo_000136,"Finals season has me questioning everything. My professor just dropped a pop quiz, send help. Ran into Allen at the library again. ✨🎬",#university #studybreak,15,3,1,0.5574,Student,0
twdemo_000137,"Early morning session before work. Strength carries over into everything else. Week 85 of the plan, feeling stronger.",#wellness,6,0,0,0.743,Fitness Creator,0
twdemo_000137,"Meal prep Sunday. Small wins add up over months. Tagging Lori, my training partner today. Programs linked in bio.",#fitness #cardio #strength #gymlife #wellness,4,0,0,0.5719,Fitness Creator,0
twdemo_000137,Back-to-back sessions today. Sleep is still the most underrated recovery tool. 13 minutes of mobility work this morning. Tag your gym partner.,#gymlife,3,0,0,0.0,Fitness Creator,0
twdemo_000137,Meal prep Sunday. Slow and controlled beats fast and sloppy. 82 minutes of mobility work this morning. Tag your gym partner. 🧘🥗,#strength #cardio #wellness #gymlife #nutrition,6,0,0,0.0,Fitness Creator,0
twdemo_000138,"New content coming your way soon. Partnering with brands I actually love. Shot this in Harrisside. Trip number 74 this year, no complaints. Shop this look now.",#lifestyle #brandpartner #trending #linkinbio #ad,581,65,4,0.7755,Fake Influencer,1
twdemo_000138,Obsessed with this new find. This is going straight into my everyday rotation. Packing for Lake Karenchester again this week. Filming this in Lake Brian today.,#linkinbio #lifestyle #discountcode #brandpartner,66,2,2,0.0516,Fake Influencer,1
twdemo_000138,"Another day, another shoot. So many of you have been asking about this. Outfit number 48 of the week. Tagging Joshua, my glam team today. Shop this look now. 🌴",#linkinbio #ad #musthave #lifestyle,258,8,7,-0.2732,Fake Influencer,1
twdemo_000138,Today's shoot was a whole vibe. Honestly didn't expect to love this as much as I do. Filming this in Diazhaven today. Shot this in Lake Maryside. Shop this look now.,#influencer #linkinbio #trending,376,54,7,-0.4153,Fake Influencer,1
twdemo_000138,"Obsessed with this new find. Can't wait to show you more from this collab. Since 2021, this has been the dream. Trip number 35 this year, no complaints. Link in bio for the discount. ✨😍",#linkinbio #discountcode,121,14,1,0.7997,Fake Influencer,1
twdemo_000138,"This brand sent me the best package. My followers deserve the best recommendations. Since 2020, this has been the dream. DM for collab details.",#linkinbio,320,39,3,0.886,Fake Influencer,1
twdemo_000138,Can't stop wearing this lately. Use my code for a discount. Packing for Juliefurt again this week.,#lifestyle #collab #musthave,388,27,3,0.2235,Fake Influencer,1
twdemo_000138,Obsessed with this new find. This is going straight into my everyday rotation. Outfit number 65 of the week. Filming this in New Julieland today. 📸,#musthave,611,22,4,0.128,Fake Influencer,1
twdemo_000138,"Another day, another shoot. Honestly didn't expect to love this as much as I do. Jonathan styled this look.",#collab #lifestyle #linkinbio,335,16,9,-0.4153,Fake Influencer,1
twdemo_000139,"🚨 LAST CHANCE 🚨 This is not a scam, I promise. Already 67 success stories this month. Tap the link in my story. 🛒",#onlyfollowers #giveaway #freeprize #getrichquick,3,0,0,0.8941,Spam/Bot Account,1
twdemo_000139,"🚨 LAST CHANCE 🚨 This is not a scam, I promise. Already 40 success stories this month. Comment before it's gone.",#freeprize #makemoneyonline #getrichquick #cryptosignals #dmforprice #onlyfollowers,6,0,0,0.8941,Spam/Bot Account,1
twdemo_000139,"This changed everything for me. No experience needed, just a phone. Warren just signed up, you're next. Comment before it's gone. 💰",#clicklink #getrichquick,3,0,0,-0.296,Spam/Bot Account,1
twdemo_000139,This changed everything for me. Made more money this week than my old job paid monthly. Slot 62 almost gone. Comment before it's gone. 💰📩,#clicklink #dmforprice #getrichquick #freeprize,6,0,0,0.0,Spam/Bot Account,1
twdemo_000139,"This changed everything for me. This is not a scam, I promise. Over 6 people already joined this week. Tap the link in my story.",#freeprize #clicklink #getrichquick #followforfollow,4,0,0,0.6483,Spam/Bot Account,1
twdemo_000139,You NEED to see this. Spots are filling up fast. Already helped 24 people this 2018. 💰,#cryptosignals #cashapp,7,0,0,0.0,Spam/Bot Account,1
twdemo_000139,"This changed everything for me. Thousands already joined, don't miss out. This worked for Jennifer too, ask them. DM me 'START' immediately. 💰👉",,3,0,0,0.1139,Spam/Bot Account,1
twdemo_000139,"This changed everything for me. This is not a scam, I promise. Link in bio, click now. 💯👉",,5,0,0,0.6483,Spam/Bot Account,1
twdemo_000139,"This changed everything for me. Thousands already joined, don't miss out. Lisa just signed up, you're next. 👉🎁",#cryptosignals #giveaway #onlyfollowers #followforfollow,4,0,0,0.5178,Spam/Bot Account,1
twdemo_000139,"🚨 LAST CHANCE 🚨 Thousands already joined, don't miss out. Started in Paulstad, now everywhere. Link in bio, click now. 💰🔥",#freeprize #getrichquick #cashapp #makemoneyonline #cryptosignals #giveaway,3,0,0,0.1967,Spam/Bot Account,1
twdemo_000139,"You NEED to see this. Thousands already joined, don't miss out. George just signed up, you're next. Link in bio, click now. 👉📩",#freeprize #cashapp #dmforprice #makemoneyonline,2,0,0,0.1139,Spam/Bot Account,1
twdemo_000139,"🚨 LAST CHANCE 🚨 It's 100% legit, I was skeptical too. Already 20 success stories this month. Tap the link in my story. 💰🎁",#cashapp #giveaway #makemoneyonline #freeprize #dmforprice,6,0,0,0.7925,Spam/Bot Account,1
twdemo_000139,"Stop scrolling, read this. Spots are filling up fast. This worked for Laura too, ask them. Comment before it's gone.",#followforfollow #cashapp #freeprize #dmforprice #onlyfollowers #makemoneyonline,5,0,0,-0.296,Spam/Bot Account,1
twdemo_000139,"This changed everything for me. Thousands already joined, don't miss out. Link in bio, click now. 📩",#getrichquick #onlyfollowers #dmforprice #freeprize,4,1,0,0.1139,Spam/Bot Account,1
twdemo_000139,"I wasn't going to share this but... No experience needed, just a phone. Started in South Jamestown, now everywhere. Link in bio, click now. 📩",,2,0,0,-0.5013,Spam/Bot Account,1
twdemo_000140,"Early morning session before work. Progress isn't always linear, and that's fine. Back in West Michael for a pop-up class this 2017. DM 'START' to work together. 💪🏋️",#healthylifestyle #training #fitness #wellness,86,11,0,0.5574,Fitness Creator,0
twdemo_000140,"Recovery day, mobility work only. Small wins add up over months. Logged 84 miles this week. Save this for your next session. 🧘",#cardio #fitfam #gymlife,170,12,0,0.7845,Fitness Creator,0
twdemo_000140,"Leg day recap. Form over ego, always. Logged 88 miles this week. 🏋️",#healthylifestyle #strength #workout #fitfam #gymlife,65,6,0,0.0,Fitness Creator,0
twdemo_000140,New PR today! Fueling properly made a huge difference. 12 minutes of mobility work this morning.,#healthylifestyle #cardio #nutrition #fitfam,153,5,0,0.3802,Fitness Creator,0
twdemo_000140,"Recovery day, mobility work only. Form over ego, always. Logged 69 miles this week.",,87,6,0,0.0,Fitness Creator,0
twdemo_000140,Deload week starts now. Strength carries over into everything else. Client hit a 22 pound PR today. 🏋️,#gymlife #fitness #healthylifestyle #workout #nutrition,179,14,0,0.4939,Fitness Creator,0
twdemo_000140,"Recovery day, mobility work only. Slow and controlled beats fast and sloppy. Client hit a 5 pound PR today. ⚡🧘",#wellness,55,6,0,0.0,Fitness Creator,0
twdemo_000140,Deload week starts now. Showing up matters more than the perfect plan. Back in West Thomasstad for a pop-up class this 2025.,#healthylifestyle #gymlife #cardio,116,12,0,0.6204,Fitness Creator,0
twdemo_000140,Back-to-back sessions today. Fueling properly made a huge difference. Back in North Charles for a pop-up class this 2016. Tag your gym partner.,,83,4,0,0.3182,Fitness Creator,0
twdemo_000141,"Golden hour never disappoints. Honestly didn't expect to love this as much as I do. Filming this in Patelton today. Since 2022, this has been the dream. DM for collab details. 😍👑",#ad #musthave #influencer,15,1,0,0.0864,Student,0
twdemo_000141,"This brand sent me the best package. Honestly didn't expect to love this as much as I do. Tagging Megan, my glam team today. Can't believe it's already 2019. 💖📸",#discountcode #lifestyle #influencer #linkinbio,29,2,1,0.8815,Student,0
twdemo_000141,"Obsessed with this new find. Can't wait to show you more from this collab. Tagging Sarah, my glam team today. Trip number 59 this year, no complaints.",,28,2,1,0.2163,Student,0
twdemo_000141,This might be my favorite collab yet. My followers deserve the best recommendations. Sherry styled this look. Shop this look now. 📸💅,#discountcode,58,8,1,0.802,Student,0
twdemo_000141,This brand sent me the best package. My followers deserve the best recommendations. Charles styled this look. 💅,#lifestyle #sponsored #brandpartner #collab,51,2,2,0.8555,Student,0
twdemo_000141,"Obsessed with this new find. Honestly didn't expect to love this as much as I do. Since 2016, this has been the dream. Shot this in East Elizabeth. Shop this look now.",#sponsored #influencer #ad,71,9,2,-0.0176,Student,0
twdemo_000141,"This brand sent me the best package. Can't wait to show you more from this collab. Filming this in South Jason today. Tagging Maureen, my glam team today. DM for collab details. 📸😍",#influencer #musthave #discountcode #trending,50,5,1,0.802,Student,0
twdemo_000142,"🚨 LAST CHANCE 🚨 It's 100% legit, I was skeptical too. Already 91 success stories this month. Link in bio, click now. 🛒🔥",#freeprize #dmforprice #onlyfollowers #cashapp,2,0,0,0.4084,Spam/Bot Account,1
twdemo_000142,"Stop scrolling, read this. No experience needed, just a phone. Only 71 spots left today. Link in bio, click now. ✅",#freeprize #giveaway,2,0,0,-0.5719,Spam/Bot Account,1
twdemo_000142,"This changed everything for me. This is not a scam, I promise. This worked for David too, ask them. Comment before it's gone. 🛒",#followforfollow #cryptosignals #cashapp #makemoneyonline,6,0,0,0.6483,Spam/Bot Account,1
twdemo_000142,"I wasn't going to share this but... It's 100% legit, I was skeptical too. Christina just signed up, you're next. ✅💰",,3,0,0,-0.5258,Spam/Bot Account,1
twdemo_000142,"Everyone is asking how I did this so fast. Spots are filling up fast. Since 2023, thousands have joined. DM me 'START' immediately. 👉🎁",#getrichquick #followforfollow,8,1,0,0.4404,Spam/Bot Account,1
twdemo_000142,"Stop scrolling, read this. No experience needed, just a phone. 62 people can't all be wrong. DM me 'START' immediately. 🎁",,6,0,0,0.1911,Spam/Bot Account,1
twdemo_000142,"This changed everything for me. This is not a scam, I promise. Over 80 people already joined this week.",,2,0,0,0.6483,Spam/Bot Account,1
twdemo_000142,I wasn't going to share this but... Made more money this week than my old job paid monthly. 🛒,#freeprize #clicklink #giveaway #followforfollow #onlyfollowers,0,0,0,-0.1139,Spam/Bot Account,1
twdemo_000143,I don't get to say this enough. Grateful for every one of you every single day. 64 years in this industry now. Working on something big for 2016. Follow only this page. ☕,,111,3,1,0.4588,Celebrity Impersonator,1
twdemo_000143,Important announcement coming soon. Grateful for every one of you every single day. Working on something big for 2018. DM me directly here. 🎉,,25,1,0,0.7579,Celebrity Impersonator,1
twdemo_000143,"This account is really me, I promise. I read every message even if I can't reply to all. Since 2023, still going strong.",#celebrity,10,1,0,0.7063,Celebrity Impersonator,1
twdemo_000143,"A quick note from me to you. There's more coming that I can't wait to share. Since 2015, still going strong. 🎬🌟",,17,1,1,0.3425,Celebrity Impersonator,1
twdemo_000143,"This account is really me, I promise. There's more coming that I can't wait to share. Thank you Jennifer for the constant support. 🎉🙌",,22,4,1,0.8213,Celebrity Impersonator,1
twdemo_000143,Important announcement coming soon. Ignore anyone claiming to be my manager elsewhere. 46 years in this industry now. ✨,,43,2,3,0.1531,Celebrity Impersonator,1
twdemo_000143,"Something special is coming, stay tuned. There's more coming that I can't wait to share. Project number 23 coming together nicely. Share this so others know it's real. 🌟🐾",,4,0,0,0.7361,Celebrity Impersonator,1
twdemo_000143,"Something special is coming, stay tuned. I read every message even if I can't reply to all. Since 2021, the journey continues. Project number 74 coming together nicely. ✨💪",,30,3,0,0.802,Celebrity Impersonator,1
twdemo_000143,"To my real fans: None of this would matter without you. Since 2024, still going strong. Since 2015, still going strong. Follow only this page. 🎬🎉",,20,0,1,0.8555,Celebrity Impersonator,1
twdemo_000144,Coffee run before class. Ranking my classes from bearable to soul-crushing. Tell me it gets easier.,#gradstudent #finals #dormlife,40,2,1,0.4215,Student,0
twdemo_000144,Finals season has me questioning everything. Somehow still passing my classes. Campus tour 71 for prospective students today. 📚,,37,5,1,-0.1027,Student,0
twdemo_000144,Campus is so pretty in Barberbury today. Somehow still passing my classes. Tagging Timothy because they'd get this.,#gradstudent #dormlife,20,4,1,0.6269,Student,0
twdemo_000144,Study session with Joshua turned into a nap. Turns out procrastination is a full-time job. Currently 5 days away from break.,#campus,47,2,1,0.0,Student,0
twdemo_000144,Study session with Roberto turned into a nap. Somehow still passing my classes. Group chat with Alexander is unhinged today.,#classof2026 #studybreak #studentlife,22,2,0,0.0,Student,0
twdemo_000144,Finals season has me questioning everything. Dorm life really tests your patience. Tagging Thomas because they'd get this. Send snacks.,,104,9,1,-0.1027,Student,0
twdemo_000144,"Study session with Christopher turned into a nap. Library until it closes, again. Group chat with Sherry is unhinged today. Someone quiz me please.",,7,1,0,0.3182,Student,0
twdemo_000144,"Coffee run before class. Library until it closes, again. 🎬🌟",#college #campus #finals,47,4,1,0.0,Student,0
twdemo_000144,Finals season has me questioning everything. Somehow still passing my classes. Ran into Jason at the library again. ☕✨,#campus #studygram,37,3,1,0.2263,Student,0
twdemo_000144,"Campus is so pretty in Campbellburgh today. My professor just dropped a pop quiz, send help. Officially 73 credits away from graduating. Someone quiz me please.",#dormlife,27,3,1,0.8914,Student,0
twdemo_000144,"Group project update: My professor just dropped a pop quiz, send help. This is assignment number 88 this semester.",,36,2,0,0.4588,Student,0
twdemo_000145,"New arrivals just dropped! Locally sourced, always. Based out of Port Tony, shipping everywhere. 📈💼",#shopsmall #entrepreneur,155,13,11,0.0,Business Account,0
twdemo_000145,"Meet the team making it happen. Locally sourced, always. Tag someone who'd love this. ✅",#startup #marketing #localbusiness #shopsmall,205,10,10,0.6369,Business Account,0
twdemo_000145,Behind the scenes at the shop today. We appreciate every single one of you. Team huddle today covered 21 new ideas. 💼,,141,7,4,0.4019,Business Account,0
twdemo_000145,Meet the team making it happen. Your support keeps our doors open. Order number 37 just shipped.,,359,11,11,0.4588,Business Account,0
twdemo_000145,Thank you East Claudiaport for another great week. We appreciate every single one of you. DM us to order.,,457,17,15,0.8519,Business Account,0
twdemo_000145,Restocked your favorites. Orders ship out within 2 business days. Serving Douglasville since 2016.,#growth #customerfirst #smallbusiness #localbusiness,231,3,11,0.4215,Business Account,0
twdemo_000145,"Thank you Collinschester for another great week. Locally sourced, always. Thank you Paulburgh for 35 years of support. 📈",#customerfirst #shopsmall,91,6,1,0.8957,Business Account,0
twdemo_000145,Behind the scenes at the shop today. Orders ship out within 2 business days. Shoutout to our 74th customer this week. 📈,#hustle,128,3,3,0.0,Business Account,0
twdemo_000145,"Behind the scenes at the shop today. Locally sourced, always. Thank you Carolburgh for 87 years of support. 💼🔗",#smallbusiness #localbusiness #shopsmall,129,8,7,0.6369,Business Account,0
twdemo_000146,Study session with Tony turned into a nap. Turns out procrastination is a full-time job. Campus tour 46 for prospective students today. Wish me luck. 🙌,,1034,19,0,0.6908,Fake Influencer,1
twdemo_000146,"Campus is so pretty in Joneschester today. My professor just dropped a pop quiz, send help. This is assignment number 29 this semester. Tell me it gets easier. 😊",#studybreak #college #studygram,1086,8,0,0.9424,Fake Influencer,1
twdemo_000146,"Another day surviving East Jennaberg University. My professor just dropped a pop quiz, send help. Somewhere in New Angelamouth, probably procrastinating. 💪",#gradstudent,763,22,0,0.5994,Fake Influencer,1
twdemo_000146,Study session with Thomas turned into a nap. Somehow still passing my classes. This is assignment number 94 this semester. Wish me luck. 🎉,#classof2026 #college,481,11,0,0.8271,Fake Influencer,1
twdemo_000146,Finals season has me questioning everything. Turns out procrastination is a full-time job. Currently 95 days away from break. Someone quiz me please. 💪✨,,963,54,0,0.4939,Fake Influencer,1
twdemo_000146,Group project update: Ranking my classes from bearable to soul-crushing. 🎉,,1433,21,0,0.4019,Fake Influencer,1
twdemo_000146,Another day surviving Mckenzieton University. Dorm life really tests your patience. Currently 96 cups of coffee deep today. 😊,,1642,14,0,0.802,Fake Influencer,1
twdemo_000146,Campus is so pretty in Knightberg today. Ranking my classes from bearable to soul-crushing. Ran into Kyle at the library again.,#classof2026 #college,1034,12,0,0.6269,Fake Influencer,1
twdemo_000146,"Another day surviving Nguyenchester University. My professor just dropped a pop quiz, send help. Group chat with Ronald is unhinged today. Wish me luck.",#college #studybreak,2288,169,0,0.8625,Fake Influencer,1
twdemo_000146,Group project update: Dorm life really tests your patience. Ran into Eric at the library again. Wish me luck.,,682,9,0,0.6908,Fake Influencer,1
twdemo_000146,Finals season has me questioning everything. Somehow still passing my classes. Group chat with Raymond is unhinged today. 🎬✨,,901,23,0,0.2263,Fake Influencer,1
twdemo_000147,"Something special is coming, stay tuned. Grateful for every one of you every single day.",#trending #exclusive,47,5,0,0.6908,Developer,0
twdemo_000147,"Important announcement coming soon. I read every message even if I can't reply to all. Since 2017, still going strong.",#viral #trending,52,6,1,0.6249,Developer,0
twdemo_000147,"Something special is coming, stay tuned. There's more coming that I can't wait to share. Project number 61 coming together nicely. Working on something big for 2021. DM me directly here. 🎉",#celebrity #exclusive,24,3,2,0.7725,Developer,0
twdemo_000147,Important announcement coming soon. New project details coming very soon. Back in Margaretville this 2022. Follow only this page. 📚😊,#exclusive,16,2,0,0.7783,Developer,0
twdemo_000148,"This account is really me, I promise. None of this would matter without you. 62 years in this industry now. ☕💪",,98,7,4,0.3947,Developer,0
twdemo_000148,Taking a moment to say thank you. None of this would matter without you. Project number 2 coming together nicely.,,131,13,2,0.646,Developer,0
twdemo_000148,"I see all of your messages, truly. None of this would matter without you. 4 years in this industry now. 📚",,105,11,2,0.4588,Developer,0
twdemo_000148,"Thank you for the love this 2017. None of this would matter without you. Since 2022, the journey continues. Working on something big for 2020. Share this so others know it's real. 🌟",,139,21,3,0.8402,Developer,0
twdemo_000148,Important announcement coming soon. None of this would matter without you. Thank you Roger for the constant support. Working on something big for 2021. 🎬,#celebrity,61,12,1,0.3591,Developer,0
twdemo_000148,Important announcement coming soon. I read every message even if I can't reply to all. 40 years in this industry now. 🐾,,81,11,2,0.2023,Developer,0
twdemo_000148,To my real fans: New project details coming very soon. 38 years of your support means everything.,,42,1,0,0.4019,Developer,0
twdemo_000148,"I don't get to say this enough. Ignore anyone claiming to be my manager elsewhere. Since 2016, still going strong. DM me directly here.",#trending #exclusive,55,4,7,0.2023,Developer,0
twdemo_000148,"Important announcement coming soon. Grateful for every one of you every single day. Since 2023, the journey continues. Since 2018, the journey continues.",,72,8,1,0.5859,Developer,0
twdemo_000149,"Programming update for the week. Form over ego, always. Coaching 92 clients this cycle. Save this for your next session.",,889,53,10,0.4939,Fitness Creator,0
twdemo_000149,Meal prep Sunday. Strength carries over into everything else. Shoutout to Derrick for showing up every day. 🔥⚡,#strength #training #fitness #nutrition #fitfam,335,13,7,0.2023,Fitness Creator,0
twdemo_000149,"Early morning session before work. Form over ego, always. Shoutout to Valerie for showing up every day. Save this for your next session. 🧘",#strength #healthylifestyle,702,46,10,0.4939,Fitness Creator,0
twdemo_000149,"Programming update for the week. Slow and controlled beats fast and sloppy. Week 51 of the plan, feeling stronger. DM 'START' to work together.",,769,43,27,0.4767,Fitness Creator,0
twdemo_000149,"Recovery day, mobility work only. Showing up matters more than the perfect plan. Back in Edwardsfort for a pop-up class this 2018. 🔥🏃",#gymlife #healthylifestyle,504,29,18,0.3947,Fitness Creator,0
twdemo_000149,"Deload week starts now. Form over ego, always. Session number 14 with this client, big progress. Save this for your next session. 🏋️",#nutrition #training #gymlife,944,36,31,0.743,Fitness Creator,0
twdemo_000149,Meal prep Sunday. Sleep is still the most underrated recovery tool. 🏃🔥,#workout #training #healthylifestyle,1255,81,31,-0.34,Fitness Creator,0
twdemo_000149,"Leg day recap. Sleep is still the most underrated recovery tool. Week 58 of the plan, feeling stronger. 🔥",#cardio #fitness #strength #fitfam,251,8,5,0.1779,Fitness Creator,0
twdemo_000149,"New PR today! Progress isn't always linear, and that's fine. Day 45 of the program. Save this for your next session. ⚡",#fitfam #gymlife #wellness #healthylifestyle #cardio,694,35,15,0.7959,Fitness Creator,0
twdemo_000149,"Leg day recap. Fueling properly made a huge difference. Session number 44 with this client, big progress. Tag your gym partner. 🔥💪",#healthylifestyle,673,32,13,0.4588,Fitness Creator,0
twdemo_000149,"Recovery day, mobility work only. Consistency beats intensity most days. Shoutout to Jill for showing up every day. Save this for your next session.",#fitness #fitfam,1640,165,34,0.4939,Fitness Creator,0
twdemo_000149,Back-to-back sessions today. Small wins add up over months. Day 22 of the program. Save this for your next session.,#workout #healthylifestyle #cardio #nutrition,1539,97,29,0.7845,Fitness Creator,0
twdemo_000149,"Leg day recap. Progress isn't always linear, and that's fine. Logged 57 miles this week.",#training,1868,57,34,0.5574,Fitness Creator,0
twdemo_000149,Back-to-back sessions today. Sleep is still the most underrated recovery tool. Back in Allenhaven for a pop-up class this 2021.,,867,55,47,0.0,Fitness Creator,0
twdemo_000149,"Back-to-back sessions today. Form over ego, always. Shoutout to David for showing up every day. Programs linked in bio. 🔥",#nutrition #healthylifestyle #gymlife,752,56,10,-0.34,Fitness Creator,0
twdemo_000149,"Recovery day, mobility work only. Fueling properly made a huge difference. Training out of Morenoland this week.",#fitfam #training #workout,309,9,3,0.3182,Fitness Creator,0
twdemo_000149,"Recovery day, mobility work only. Form over ego, always. Week 35 of the plan, feeling stronger. Programs linked in bio. 🥗",#training #fitness,392,26,8,0.4767,Fitness Creator,0
twdemo_000149,"Back-to-back sessions today. Form over ego, always. 39 minutes of mobility work this morning. Programs linked in bio.",#strength #healthylifestyle,311,21,3,0.0,Fitness Creator,0
twdemo_000150,"I see all of your messages, truly. This journey keeps surprising me. Back in South Jessica this 2015.",#viral #exclusive,87,2,1,0.6124,Celebrity Impersonator,1
twdemo_000150,A quick note from me to you. Please report any fake pages you see. 74 years of your support means everything. Thank you Michael for the constant support.,,128,5,5,0.7269,Celebrity Impersonator,1
twdemo_000150,"Something special is coming, stay tuned. I read every message even if I can't reply to all. Tagging Lauren, thank you for believing in this. Thank you Norma for the constant support. 🎉💪",,197,4,9,0.9095,Celebrity Impersonator,1
twdemo_000150,"I see all of your messages, truly. Please report any fake pages you see. Back in Thorntonmouth this 2016. Follow only this page.",,33,3,0,0.2732,Celebrity Impersonator,1
twdemo_000150,"I see all of your messages, truly. Please report any fake pages you see. Since 2023, the journey continues.",,102,5,2,0.2732,Celebrity Impersonator,1
twdemo_000150,"Something special is coming, stay tuned. I read every message even if I can't reply to all. Message number 65 today, reading every one. ✨",#celebrity #exclusive,31,1,4,0.6486,Celebrity Impersonator,1
twdemo_000150,"I see all of your messages, truly. Grateful for every one of you every single day. Thank you Michael for the constant support.",,212,2,2,0.8779,Celebrity Impersonator,1
twdemo_000150,"This account is really me, I promise. Please report any fake pages you see. Project number 30 coming together nicely. Since 2015, the journey continues. Share this so others know it's real. 🐾",#fanpage #viral,110,19,5,0.7322,Celebrity Impersonator,1
twdemo_000150,"Taking a moment to say thank you. New project details coming very soon. Tagging John, thank you for believing in this. Tagging David, thank you for believing in this. DM me directly here. 📚🎉",,67,11,1,0.8481,Celebrity Impersonator,1
twdemo_000150,"Something special is coming, stay tuned. Ignore anyone claiming to be my manager elsewhere. Since 2019, still going strong. 85 years of your support means everything. Share this so others know it's real.",,165,9,1,0.8126,Celebrity Impersonator,1
twdemo_000150,Taking a moment to say thank you. None of this would matter without you. Thank you Justin for the constant support. DM me directly here. 🌟,,21,0,0,0.4922,Celebrity Impersonator,1
twdemo_000151,Finals season has me questioning everything. Ranking my classes from bearable to soul-crushing. Studying in West Marcohaven has its perks.,#college,24,3,1,-0.1027,Student,0
twdemo_000151,Finals season has me questioning everything. Dorm life really tests your patience. Number 70 on my to-do list: sleep. 🐾💪,,24,5,0,-0.0258,Student,0
twdemo_000151,Campus is so pretty in East Jackie today. Ranking my classes from bearable to soul-crushing. Studying in New Roy has its perks.,,19,2,0,0.6269,Student,0
twdemo_000151,Campus is so pretty in West Alexanderbury today. Ranking my classes from bearable to soul-crushing. Currently 2 days away from break. 🌟☕,#studybreak #finals #college,57,9,0,0.6269,Student,0
twdemo_000151,Finals season has me questioning everything. Dorm life really tests your patience. Studying in Brandifurt has its perks. Send snacks. 🙌,#gradstudent #university,15,4,0,-0.1027,Student,0
twdemo_000151,"Study session with Chelsey turned into a nap. Somehow still passing my classes. Somewhere in North Nathanshire, probably procrastinating. Someone quiz me please.",#university,23,1,0,0.3182,Student,0
twdemo_000152,"Thank you Karenview for another great week. Locally sourced, always. Team huddle today covered 60 new ideas. 🤝📈",,138,22,1,0.765,Celebrity Impersonator,1
twdemo_000152,"Meet the team making it happen. Locally sourced, always. Tagging Robert, one of our first customers back in 2022.",,47,3,0,0.0,Celebrity Impersonator,1
twdemo_000152,Behind the scenes at the shop today. Orders ship out within 2 business days. Proudly 37 years in business this 2023. 🌍,#localbusiness #businessowner #hustle,72,3,1,0.5574,Celebrity Impersonator,1
twdemo_000152,"Small batch, made with care. We appreciate every single one of you. Team huddle today covered 80 new ideas. Limited stock available.",#entrepreneur,174,58,2,0.6124,Celebrity Impersonator,1
twdemo_000152,Behind the scenes at the shop today. Orders ship out within 2 business days. 6 orders packed and ready to go. Shop the link in bio.,#growth,141,5,3,0.3612,Celebrity Impersonator,1
twdemo_000152,Behind the scenes at the shop today. Handmade in small batches every week. Proudly 65 years in business this 2015. Limited stock available. 🔗,#startup,52,2,1,0.4019,Celebrity Impersonator,1
twdemo_000152,Behind the scenes at the shop today. Your support keeps our doors open. Proudly 26 years in business this 2023. Shop the link in bio.,#marketing,50,4,1,0.743,Celebrity Impersonator,1
twdemo_000152,Restocked your favorites. Orders ship out within 2 business days. Team huddle today covered 35 new ideas. 🌍,#localbusiness #growth #entrepreneur,77,11,0,0.4215,Celebrity Impersonator,1
twdemo_000152,Restocked your favorites. Orders ship out within 2 business days. Shoutout to our 95th customer this week. 🔗🌍,#businessowner #customerfirst,58,6,2,0.4215,Celebrity Impersonator,1
twdemo_000152,Thank you Kennethville for another great week. Handmade in small batches every week. Celebrating 32 years since we opened our doors. 💼,#shopsmall #customerfirst,35,1,2,0.8834,Celebrity Impersonator,1
twdemo_000152,"Behind the scenes at the shop today. Locally sourced, always. Team huddle today covered 39 new ideas. 💼",#marketing #startup #smallbusiness #hustle,325,13,7,0.0,Celebrity Impersonator,1
twdemo_000152,"Small batch, made with care. Custom requests are always welcome. Celebrating 37 years since we opened our doors. Shop the link in bio. ✅🌍",#hustle,158,12,2,0.872,Celebrity Impersonator,1
twdemo_000152,"Small batch, made with care. We appreciate every single one of you. Order number 78 just shipped. Shop the link in bio.",#startup #customerfirst #growth,60,3,1,0.7351,Celebrity Impersonator,1
twdemo_000152,Thank you South Brianberg for another great week. Orders ship out within 2 business days. Team huddle today covered 15 new ideas. 🔗📈,,309,4,3,0.765,Celebrity Impersonator,1
twdemo_000153,Migrated a service to a new framework today. The code review comments humbled me. Pairing with Carrie made this so much faster.,#100daysofcode,85,4,0,0.0,Developer,0
twdemo_000153,"Migrated a service to a new framework today. Linting caught it before it shipped, thankfully. Tagging Pamela, they'll appreciate this one. 📦🧠",#developer,127,23,0,0.6705,Developer,0
twdemo_000153,New side project idea just hit me at 2am. Past me really did not comment anything. Sprint 67 wrapped up today. Curious how others solve this. 🚀,#opensource #developer,95,3,0,0.4767,Developer,0
twdemo_000153,Learning a new part of the stack this week. Pairing with a teammate made it so much faster. Pairing with John made this so much faster. AMA about the stack. 📦,#webdev #coding,159,9,0,0.0,Developer,0
twdemo_000153,Migrated a service to a new framework today. Turns out the cache was the whole problem. Shoutout to Daniel for the code review. Curious how others solve this.,,79,2,0,0.1027,Developer,0
twdemo_000153,"Gave a lunch-and-learn at Gay, Crawford and Alvarez today. Past me really did not comment anything. Working out of Amandaburgh this 2019. AMA about the stack.",#softwareengineer,133,9,0,0.0,Developer,0
twdemo_000153,"Spent way too long on a bug today. Turns out the cache was the whole problem. This is bug ticket number 38, send help. 🧠",#developer #100daysofcode,190,7,0,0.0772,Developer,0
twdemo_000153,Migrated a service to a new framework today. The fix was smaller than the investigation. Currently on commit number 26 of this refactor.,#programmer,70,3,0,0.3612,Developer,0
twdemo_000153,Spent way too long on a bug today. Turns out the cache was the whole problem. PR number 67 finally merged.,,147,12,0,-0.34,Developer,0
twdemo_000153,Rewrote a script that's been bugging me for weeks. Docs were wrong but figured it out eventually. Still can't believe it's 2024 and this bug exists. 🚀🔧,#javascript #python,29,1,0,-0.2617,Developer,0
twdemo_000154,"New arrivals just dropped! Custom requests are always welcome. Tagging Darren, one of our first customers back in 2020. 🤝",#smallbusiness #entrepreneur #marketing #localbusiness,56,3,1,0.5093,Business Account,0
twdemo_000154,Thank you East Gary for another great week. Orders ship out within 2 business days. Thank you West Brandonmouth for 3 years of support.,,33,1,1,0.8957,Business Account,0
twdemo_000154,New arrivals just dropped! Your support keeps our doors open. 37 orders packed and ready to go. 🌍📈,#growth #shopsmall,73,11,1,0.6696,Business Account,0
twdemo_000154,New arrivals just dropped! Your support keeps our doors open. Thank you Hughesville for 22 years of support. 🌍,#entrepreneur #hustle,100,5,1,0.8016,Business Account,0
twdemo_000154,Thank you Fernandezland for another great week. Orders ship out within 2 business days. Order number 41 just shipped. Shop the link in bio. 💼,#smallbusiness #localbusiness #marketing #shopsmall,120,6,3,0.7845,Business Account,0
twdemo_000154,"Meet the team making it happen. Locally sourced, always. Thank you West Wayne for 68 years of support.",#localbusiness #growth,101,5,4,0.6369,Business Account,0
twdemo_000154,"Small batch, made with care. Locally sourced, always. Order number 25 just shipped. Shop the link in bio. 🌍📈",#localbusiness #smallbusiness,104,8,9,0.5423,Business Account,0
twdemo_000154,New arrivals just dropped! Custom requests are always welcome. Celebrating 30 years since we opened our doors. 🤝,#marketing,162,12,4,0.7901,Business Account,0
twdemo_000154,"Behind the scenes at the shop today. Orders ship out within 2 business days. Based out of Wagnerborough, shipping everywhere. Shop the link in bio. ✅💼",#entrepreneur #localbusiness #growth #customerfirst,73,5,1,0.0,Business Account,0
twdemo_000155,"Living for moments like this. My followers deserve the best recommendations. Tagging Jerome, my glam team today. Brand deal number 17 this month. Code is my username at checkout. 👑",#musthave #trending #influencer #discountcode #linkinbio,180,4,0,0.7906,Fake Influencer,1
twdemo_000155,Obsessed with this new find. Can't wait to show you more from this collab. Can't believe it's already 2021. Shop this look now. ✨,#trending #musthave #sponsored #ad,336,7,1,0.1531,Fake Influencer,1
twdemo_000155,New content coming your way soon. Use my code for a discount. Outfit number 91 of the week. 🌴,,202,7,1,0.0772,Fake Influencer,1
twdemo_000155,Today's shoot was a whole vibe. So many of you have been asking about this. Outfit number 30 of the week. Link in bio for the discount. ✨👑,#influencer,221,13,2,0.0516,Fake Influencer,1
twdemo_000155,Today's shoot was a whole vibe. Partnering with brands I actually love. Look number 65 from this campaign. Shot this in Jeffreyfort. Code is my username at checkout. 💖📸,,272,14,1,0.8591,Fake Influencer,1
twdemo_000155,"Living for moments like this. Can't believe I get to call this my job. Trip number 46 this year, no complaints. Packing for North Michaelbury again this week. Link in bio for the discount.",#lifestyle #sponsored,596,77,2,0.6197,Fake Influencer,1
twdemo_000155,Unboxing my favorite package of the month. My followers deserve the best recommendations. Filming this in Santosstad today. Shop this look now.,#collab #ad #trending,388,10,1,0.802,Fake Influencer,1
twdemo_000155,Can't stop wearing this lately. This is exactly what my feed needed. Outfit number 32 of the week.,#sponsored #lifestyle #brandpartner,213,9,1,0.2933,Fake Influencer,1
twdemo_000155,Golden hour never disappoints. Can't wait to show you more from this collab. Jason styled this look. 💖,#brandpartner #discountcode,230,17,0,0.8217,Fake Influencer,1
twdemo_000155,"Another day, another shoot. So many of you have been asking about this. Thomas styled this look. Shop this look now.",#brandpartner #musthave #ad,265,11,1,-0.34,Fake Influencer,1
twdemo_000155,Can't stop wearing this lately. Honestly didn't expect to love this as much as I do. Outfit number 35 of the week. Brand deal number 24 this month. Link in bio for the discount.,,189,5,0,0.2778,Fake Influencer,1
twdemo_000155,"Today's shoot was a whole vibe. Can't believe I get to call this my job. Packing for Robertville again this week. So many of you asked for this, here it is. Shop this look now. 😍",#brandpartner #discountcode #trending #sponsored #linkinbio,277,13,1,0.1531,Fake Influencer,1
twdemo_000155,"Another day, another shoot. My followers deserve the best recommendations. Outfit number 47 of the week. Danielle styled this look. DM for collab details.",,257,13,0,0.4767,Fake Influencer,1
twdemo_000155,"Living for moments like this. So grateful for opportunities like this. Trip number 60 this year, no complaints. Code is my username at checkout. 👑💅",#sponsored #lifestyle #collab,429,12,2,0.9138,Fake Influencer,1
twdemo_000155,"New content coming your way soon. Can't believe I get to call this my job. Since 2025, this has been the dream. DM for collab details. ✨👑",#brandpartner #discountcode #collab #lifestyle,268,6,0,0.5106,Fake Influencer,1
twdemo_000156,This might be my favorite collab yet. Honestly didn't expect to love this as much as I do. Packing for Lake Theresa again this week. Brand deal number 38 this month. Shop this look now. ✨,#discountcode #trending #brandpartner,24,6,0,0.6407,Student,0
twdemo_000156,Can't stop wearing this lately. So many of you have been asking about this. Filming this in North Melissabury today.,#influencer #lifestyle #brandpartner,10,1,0,0.2235,Student,0
twdemo_000156,Golden hour never disappoints. This is going straight into my everyday rotation. Shot this in Ronaldchester. DM for collab details.,,23,19,1,0.4738,Student,0
twdemo_000156,"New content coming your way soon. Use my code for a discount. Look number 61 from this campaign. Since 2017, this has been the dream. Link in bio for the discount.",#trending #lifestyle #ad,28,25,0,0.3182,Student,0
twdemo_000156,"Living for moments like this. Use my code for a discount. Tagging Jermaine, my glam team today. Outfit number 31 of the week. 👑😍",#musthave #linkinbio,25,4,0,0.7003,Student,0
twdemo_000156,Living for moments like this. Can't wait to show you more from this collab. Shot this in West Robin. Code is my username at checkout.,#linkinbio #musthave #lifestyle #collab #brandpartner,14,1,0,0.3612,Student,0
twdemo_000156,"Another day, another shoot. Honestly didn't expect to love this as much as I do. So many of you asked for this, here it is. So many of you asked for this, here it is.",#discountcode,18,6,1,-0.4153,Student,0
twdemo_000156,Living for moments like this. Can't wait to show you more from this collab. Diane styled this look. Code is my username at checkout. 💅💖,#sponsored,11,1,1,0.836,Student,0
twdemo_000156,Golden hour never disappoints. This is exactly what my feed needed. Shot this in West Charleneborough. Code is my username at checkout.,#sponsored #musthave,32,7,0,0.2924,Student,0
twdemo_000156,New content coming your way soon. My followers deserve the best recommendations. Packing for Martinezborough again this week. 📸😍,#musthave,16,1,0,0.802,Student,0
twdemo_000156,"Today's shoot was a whole vibe. So grateful for opportunities like this. Since 2019, this has been the dream. Outfit number 48 of the week.",,16,3,1,0.8454,Student,0
twdemo_000156,"Golden hour never disappoints. This is exactly what my feed needed. Tagging Susan, my glam team today. Since 2022, this has been the dream. DM for collab details.",#sponsored #brandpartner #influencer #linkinbio #collab,16,2,0,0.4912,Student,0
twdemo_000156,"Today's shoot was a whole vibe. Partnering with brands I actually love. Trip number 24 this year, no complaints. So many of you asked for this, here it is.",#brandpartner #discountcode #musthave #trending,29,3,2,0.6551,Student,0
twdemo_000157,Meet the team making it happen. Custom requests are always welcome. Team huddle today covered 77 new ideas. Tag someone who'd love this.,#growth #hustle #entrepreneur,71,5,0,0.802,Business Account,0
twdemo_000157,"Meet the team making it happen. Your support keeps our doors open. Based out of Samanthaville, shipping everywhere.",#hustle #localbusiness,99,4,0,0.4019,Business Account,0
twdemo_000157,"Thank you Johntown for another great week. Locally sourced, always. Team huddle today covered 21 new ideas. 🔗🤝",,77,8,0,0.765,Business Account,0
twdemo_000157,Restocked your favorites. Handmade in small batches every week. Shoutout to our 11th customer this week.,,97,6,0,0.4215,Business Account,0
twdemo_000157,New arrivals just dropped! We appreciate every single one of you. Order number 47 just shipped. 📈🔗,#shopsmall #entrepreneur,52,5,0,0.5093,Business Account,0
twdemo_000157,"Thank you East Katelyn for another great week. Locally sourced, always. Customer number 62 just left a five-star review. Tag someone who'd love this. 🔗📈",#customerfirst,76,6,0,0.9022,Business Account,0
twdemo_000157,"Thank you Port Eric for another great week. Orders ship out within 2 business days. Tagging Steve, one of our first customers back in 2018. Tag someone who'd love this. 🌍💼",,43,5,0,0.8957,Business Account,0
twdemo_000158,"This account is really me, I promise. This journey keeps surprising me. Tagging Tiffany, thank you for believing in this. Back in East Sandraside this 2016.",,41,3,0,0.7322,Celebrity Impersonator,1
twdemo_000158,"I see all of your messages, truly. I read every message even if I can't reply to all. Thank you Sarah for the constant support. Since 2024, still going strong. DM me directly here.",#exclusive #celebrity,13,1,0,0.886,Celebrity Impersonator,1
twdemo_000158,Thank you for the love this 2025. Ignore anyone claiming to be my manager elsewhere. 24 years of your support means everything. 🙌🌟,,14,1,0,0.7845,Celebrity Impersonator,1
twdemo_000158,To my real fans: This journey keeps surprising me. Working on something big for 2016. 38 years in this industry now. ✨,,71,5,0,0.5267,Celebrity Impersonator,1
twdemo_000158,"I see all of your messages, truly. There's more coming that I can't wait to share. Project number 32 coming together nicely. DM me directly here. 🐾",#exclusive,10,0,0,0.6384,Celebrity Impersonator,1
twdemo_000158,"This account is really me, I promise. Please report any fake pages you see. 88 years in this industry now.",,14,0,0,0.1935,Celebrity Impersonator,1
twdemo_000159,Learning a new part of the stack this week. Turned out to be a missing semicolon. Currently debugging from New Danielhaven.,#coding #softwareengineer,145,16,3,-0.296,Developer,0
twdemo_000159,Migrated a service to a new framework today. Past me really did not comment anything. PR number 26 finally merged.,,118,11,1,0.0772,Developer,0
twdemo_000159,"Spent way too long on a bug today. Linting caught it before it shipped, thankfully. PR number 51 finally merged. 💻",#100daysofcode,158,17,3,0.4767,Developer,0
twdemo_000159,Gave a lunch-and-learn at Osborne and Sons today. Docs were wrong but figured it out eventually. ☕,#python #opensource,192,60,4,-0.2617,Developer,0
twdemo_000159,Refactoring old code I wrote a year ago. Turned out to be a missing semicolon. Working remotely from South Michaelshire this month.,,219,42,5,-0.296,Developer,0
twdemo_000159,Spent way too long on a bug today. Turns out the cache was the whole problem. Currently debugging from Lake Karen. Curious how others solve this.,#developer,156,67,2,0.1027,Developer,0
twdemo_000159,Refactoring old code I wrote a year ago. Turns out the cache was the whole problem. Working out of Zacharyport this 2019.,,195,43,0,-0.4019,Developer,0
twdemo_000159,Rewrote a script that's been bugging me for weeks. Docs were wrong but figured it out eventually. Currently on commit number 61 of this refactor. ☕,#opensource,88,22,2,0.296,Developer,0
twdemo_000159,"Finally got the tests passing. Linting caught it before it shipped, thankfully. Working remotely from Garciaville this month.",,230,40,4,0.4215,Developer,0
twdemo_000159,"Learning a new part of the stack this week. Naming things is still the hardest part. Tagging Kevin, they'll appreciate this one. 🧠",,133,12,2,0.4019,Developer,0
twdemo_000159,Rewrote a script that's been bugging me for weeks. The fix was smaller than the investigation. Sprint 44 wrapped up today. Repo link below. ☕,#developer,167,24,3,0.0,Developer,0
twdemo_000159,New side project idea just hit me at 2am. CI is green and I'm emotionally fine now. Still can't believe it's 2025 and this bug exists.,#100daysofcode,209,47,4,0.2023,Developer,0
twdemo_000159,Migrated a service to a new framework today. Docs were wrong but figured it out eventually. Working remotely from Victorville this month.,,120,70,4,-0.2617,Developer,0
twdemo_000159,Rewrote a script that's been bugging me for weeks. Past me really did not comment anything. Deploy number 53 of the week. 🚀🔧,,133,13,1,0.0772,Developer,0
twdemo_000159,Spent way too long on a bug today. Naming things is still the hardest part. Standup update: 36 things fixed today. 📦,,178,34,2,0.0,Developer,0
twdemo_000159,Spent way too long on a bug today. Pairing with a teammate made it so much faster. Still can't believe it's 2019 and this bug exists. AMA about the stack.,,160,21,2,0.0,Developer,0
twdemo_000159,Refactoring old code I wrote a year ago. CI is green and I'm emotionally fine now. Currently on commit number 37 of this refactor. AMA about the stack. 🚀🐛,#javascript #programmer,352,38,4,0.5106,Developer,0
twdemo_000159,"On-call was quiet for once. The fix was smaller than the investigation. Tagging Cheryl, they'll appreciate this one. Open to feedback. 🧠🐛",,168,10,2,0.4019,Developer,0
twdemo_000159,Learning a new part of the stack this week. Naming things is still the hardest part. Working remotely from Alexanderborough this month. Curious how others solve this. 📦,#python #javascript,148,30,2,0.4767,Developer,0
twdemo_000159,Spent way too long on a bug today. Turned out to be a missing semicolon. Working out of Lake Patrick this 2017.,,338,61,4,-0.296,Developer,0
twdemo_000159,On-call was quiet for once. Naming things is still the hardest part. Pairing with Brian made this so much faster.,#100daysofcode #webdev,99,16,1,0.0,Developer,0
twdemo_000160,"Back-to-back sessions today. Fueling properly made a huge difference. Session number 92 with this client, big progress. Programs linked in bio.",#fitfam #wellness #nutrition #cardio,1964,119,22,0.6597,Fitness Creator,0
twdemo_000160,"Early morning session before work. Progress isn't always linear, and that's fine. Client hit a 32 pound PR today. 🔥🥗",#cardio #wellness #nutrition #fitness,3720,645,92,0.296,Fitness Creator,0
twdemo_000160,"New PR today! Showing up matters more than the perfect plan. Week 51 of the plan, feeling stronger.",#strength #training #workout #cardio,1296,244,22,0.8154,Fitness Creator,0
twdemo_000160,Programming update for the week. Fueling properly made a huge difference. Day 2 of the program. Programs linked in bio.,#nutrition #gymlife #healthylifestyle #fitfam,1178,225,28,0.3182,Fitness Creator,0
twdemo_000160,"Recovery day, mobility work only. Form over ego, always. 41 minutes of mobility work this morning. Tag your gym partner. 🔥",#training #cardio #wellness #gymlife #workout,5297,699,206,-0.34,Fitness Creator,0
twdemo_000160,Early morning session before work. Sleep is still the most underrated recovery tool. Coaching 7 clients this cycle. Tag your gym partner. ⚡🏃,#fitness #wellness #workout #strength #healthylifestyle,4133,237,33,0.0,Fitness Creator,0
twdemo_000160,Programming update for the week. Sleep is still the most underrated recovery tool. Day 43 of the program. 🏃🧘,,2042,230,46,0.0,Fitness Creator,0
twdemo_000160,"Leg day recap. Form over ego, always. Session number 52 with this client, big progress.",#gymlife #healthylifestyle #training #fitness,3064,431,54,0.4767,Fitness Creator,0
twdemo_000160,"New PR today! Rest days are still training days. Week 69 of the plan, feeling stronger. 🥗",#workout #training #nutrition,5300,1142,81,0.5255,Fitness Creator,0
twdemo_000161,On-call was quiet for once. Turns out the cache was the whole problem. Pairing with Amy made this so much faster. AMA about the stack.,,28,4,1,-0.4019,Developer,0
twdemo_000161,On-call was quiet for once. Pairing with a teammate made it so much faster. PR number 31 finally merged.,,53,6,1,0.0772,Developer,0
twdemo_000161,On-call was quiet for once. Docs were wrong but figured it out eventually. Working out of New Brandonton this 2021. 💻,,34,5,1,-0.2617,Developer,0
twdemo_000161,Learning a new part of the stack this week. Turned out to be a missing semicolon. Working out of Edwardville this 2023. AMA about the stack.,,71,8,1,-0.296,Developer,0
twdemo_000161,Migrated a service to a new framework today. Turns out the cache was the whole problem. Deploy number 17 of the week. 🔧⚙️,,93,17,3,-0.34,Developer,0
twdemo_000161,On-call was quiet for once. Turned out to be a missing semicolon. Currently debugging from Wesleyshire. Curious how others solve this. ☕,,37,3,1,0.2263,Developer,0
twdemo_000161,Migrated a service to a new framework today. CI is green and I'm emotionally fine now. Sprint 43 wrapped up today. Open to feedback.,#softwareengineer,23,4,1,0.2023,Developer,0
twdemo_000161,Shipped a small feature at Baldwin PLC. Naming things is still the hardest part. PR number 78 finally merged. 💻,#softwareengineer,72,8,2,0.0772,Developer,0
twdemo_000162,Ran a form check clinic today. Fueling properly made a huge difference. Coaching 44 clients this cycle. Save this for your next session.,#workout #nutrition #strength #training,2488,115,48,0.6705,Fitness Creator,0
twdemo_000162,"Coaching client hit a big milestone. Consistency beats intensity most days. 19 reps, zero regrets. Programs linked in bio.",#workout #cardio #wellness,1239,96,54,-0.3612,Fitness Creator,0
twdemo_000162,"Deload week starts now. Sleep is still the most underrated recovery tool. 34 reps, zero regrets. Save this for your next session. 🥗🧘",#wellness #cardio,3413,203,92,0.1779,Fitness Creator,0
twdemo_000162,Coaching client hit a big milestone. Small wins add up over months. Shoutout to Kristin for showing up every day.,#training #strength #healthylifestyle #workout #fitness,2181,90,69,0.5719,Fitness Creator,0
twdemo_000162,Leg day recap. Slow and controlled beats fast and sloppy. Day 82 of the program.,#fitness #wellness #strength #training,1264,78,33,0.0,Fitness Creator,0
twdemo_000162,"Leg day recap. Slow and controlled beats fast and sloppy. Tagging Michelle, my training partner today. Save this for your next session. 🏋️",#healthylifestyle #cardio #training #nutrition #wellness,910,54,55,0.4939,Fitness Creator,0
twdemo_000162,"Programming update for the week. Consistency beats intensity most days. Tagging Diane, my training partner today. 💪🏃",#fitfam #training #wellness #workout,1869,86,107,0.0,Fitness Creator,0
twdemo_000162,"Early morning session before work. Rest days are still training days. Tagging Christina, my training partner today. DM 'START' to work together.",,1987,104,84,0.0,Fitness Creator,0
twdemo_000162,New PR today! Consistency beats intensity most days. Back in Charlenehaven for a pop-up class this 2024.,#workout #nutrition #strength #wellness #gymlife,1098,124,41,0.0,Fitness Creator,0
twdemo_000162,"Programming update for the week. Form over ego, always. Save this for your next session. 🏃⚡",,1706,206,39,0.4939,Fitness Creator,0
twdemo_000162,"Recovery day, mobility work only. Rest days are still training days. Day 22 of the program. Programs linked in bio. 🏋️⚡",,1568,147,49,0.0,Fitness Creator,0
twdemo_000162,New PR today! Sleep is still the most underrated recovery tool. Back in Snowberg for a pop-up class this 2025. Tag your gym partner. 🔥⚡,#cardio,3449,395,80,-0.4003,Fitness Creator,0
twdemo_000163,"Everyone is asking how I did this so fast. Made more money this week than my old job paid monthly. Michelle just signed up, you're next.",#followforfollow #cashapp #giveaway #getrichquick #makemoneyonline,19,4,0,0.0,Developer,0
twdemo_000163,"This changed everything for me. This is not a scam, I promise. Since 2022, thousands have joined. Tap the link in my story. 🔥",#getrichquick #makemoneyonline #cryptosignals,14,3,0,0.4401,Developer,0
twdemo_000163,"I wasn't going to share this but... No experience needed, just a phone. Already 81 success stories this month. Link in bio, click now. 👉",#makemoneyonline #followforfollow #dmforprice #giveaway #onlyfollowers #getrichquick #freeprize,13,1,0,0.4226,Developer,0
twdemo_000163,"Stop scrolling, read this. Spots are filling up fast. Already 53 success stories this month. DM me 'START' immediately.",#getrichquick #giveaway #cashapp,15,2,0,0.3612,Developer,0
twdemo_000163,"You NEED to see this. No experience needed, just a phone. Tammy just signed up, you're next. Tap the link in my story. 🎁",#cashapp #followforfollow #giveaway #getrichquick #makemoneyonline #dmforprice,7,1,0,0.1027,Developer,0
twdemo_000164,Learning a new part of the stack this week. Turned out to be a missing semicolon. Pairing with Lisa made this so much faster.,#coding,0,0,0,-0.296,Spam/Bot Account,1
twdemo_000164,Gave a lunch-and-learn at Franklin-Gilbert today. The code review comments humbled me. Currently on commit number 17 of this refactor. 📦🚀,#webdev,1,0,0,0.3612,Spam/Bot Account,1
twdemo_000164,Shipped a small feature at Williams-Jones. Pairing with a teammate made it so much faster. Deploy number 79 of the week. 💻,#opensource,0,0,0,0.0772,Spam/Bot Account,1
twdemo_000164,Migrated a service to a new framework today. CI is green and I'm emotionally fine now. Sprint 32 wrapped up today.,#programmer #javascript,0,0,0,0.2023,Spam/Bot Account,1
twdemo_000164,Finally got the tests passing. Docs were wrong but figured it out eventually. Shoutout to Kaitlyn for the code review. AMA about the stack.,,1,0,0,-0.2617,Spam/Bot Account,1
twdemo_000164,Gave a lunch-and-learn at Johnson and Sons today. Turned out to be a missing semicolon. Standup update: 21 things fixed today. Open to feedback.,,1,0,0,-0.296,Spam/Bot Account,1
twdemo_000164,"Rewrote a script that's been bugging me for weeks. The fix was smaller than the investigation. This is bug ticket number 45, send help. Repo link below. ⚙️🧠",,1,0,0,0.4588,Spam/Bot Account,1
twdemo_000164,Migrated a service to a new framework today. Past me really did not comment anything. Working out of West Ian this 2024. 🧠💻,#coding #100daysofcode,1,0,0,0.0,Spam/Bot Account,1
twdemo_000164,"New side project idea just hit me at 2am. Linting caught it before it shipped, thankfully. Currently debugging from Hamiltonton.",,1,0,0,0.4215,Spam/Bot Account,1
twdemo_000164,Migrated a service to a new framework today. Turned out to be a missing semicolon. Shoutout to Ryan for the code review.,,1,0,0,-0.296,Spam/Bot Account,1
twdemo_000164,"Refactoring old code I wrote a year ago. Turns out the cache was the whole problem. This is bug ticket number 73, send help. 📦",,0,0,0,0.0772,Spam/Bot Account,1
twdemo_000164,New side project idea just hit me at 2am. Docs were wrong but figured it out eventually. Currently on commit number 20 of this refactor. Curious how others solve this. ☕,,1,0,0,0.7469,Spam/Bot Account,1
twdemo_000164,"Gave a lunch-and-learn at Grant, Stone and Hunter today. The code review comments humbled me. This is bug ticket number 42, send help.",,0,0,0,0.6705,Spam/Bot Account,1
twdemo_000164,"On-call was quiet for once. CI is green and I'm emotionally fine now. This is bug ticket number 65, send help. 💻📦",,0,0,0,0.5859,Spam/Bot Account,1
twdemo_000165,Important announcement coming soon. None of this would matter without you. Back in North Catherine this 2017. Back in East Josephmouth this 2021. Share this so others know it's real. ☕,#official #fanpage,32,1,0,0.4767,Celebrity Impersonator,1
twdemo_000165,"A quick note from me to you. Grateful for every one of you every single day. Since 2017, still going strong. 48 years in this industry now.",#celebrity #fanpage,12,1,0,0.743,Celebrity Impersonator,1
twdemo_000165,"I see all of your messages, truly. None of this would matter without you. Since 2017, still going strong. Tagging Larry, thank you for believing in this. 🎉🌟",,17,1,0,0.8984,Celebrity Impersonator,1
twdemo_000165,"Something special is coming, stay tuned. There's more coming that I can't wait to share. Since 2020, the journey continues. 😊",#viral,37,1,0,0.779,Celebrity Impersonator,1
twdemo_000165,"This account is really me, I promise. There's more coming that I can't wait to share. Message number 87 today, reading every one. Follow only this page. 💪",,11,1,0,0.2443,Celebrity Impersonator,1
twdemo_000165,"To my real fans: New project details coming very soon. Message number 75 today, reading every one.",,8,1,0,0.144,Celebrity Impersonator,1
twdemo_000165,Important announcement coming soon. None of this would matter without you. Thank you Joseph for the constant support. Share this so others know it's real. 😊,#trending #fanpage,4,0,0,0.8654,Celebrity Impersonator,1
twdemo_000165,"This account is really me, I promise. This journey keeps surprising me. Message number 69 today, reading every one.",#exclusive #viral,66,1,1,0.6077,Celebrity Impersonator,1
twdemo_000165,"This account is really me, I promise. None of this would matter without you. Working on something big for 2016. Share this so others know it's real.",,44,4,1,0.5945,Celebrity Impersonator,1
twdemo_000165,I don't get to say this enough. New project details coming very soon. Thank you Jerry for the constant support. 72 years in this industry now. Follow only this page.,,10,2,0,0.6682,Celebrity Impersonator,1
twdemo_000166,"Another day, another shoot. My followers deserve the best recommendations. Stephen styled this look. Code is my username at checkout. 😍💖",#influencer #musthave #brandpartner #ad,862,157,12,0.9042,Fake Influencer,1
twdemo_000166,Unboxing my favorite package of the month. This is going straight into my everyday rotation. Look number 3 from this campaign. Can't believe it's already 2025. Link in bio for the discount.,#brandpartner #sponsored #linkinbio #lifestyle,433,20,2,0.6369,Fake Influencer,1
twdemo_000166,Today's shoot was a whole vibe. Can't believe I get to call this my job. Filming this in Gutierrezshire today.,#brandpartner,188,26,3,-0.34,Fake Influencer,1
twdemo_000166,"Golden hour never disappoints. This is exactly what my feed needed. So many of you asked for this, here it is.",#musthave #sponsored #brandpartner,395,20,24,0.2924,Fake Influencer,1
twdemo_000166,Today's shoot was a whole vibe. This is going straight into my everyday rotation. Lisa styled this look. 💖✨,,221,14,6,0.802,Fake Influencer,1
twdemo_000166,This might be my favorite collab yet. Partnering with brands I actually love. Timothy styled this look. Can't believe it's already 2015. DM for collab details.,#influencer #brandpartner #trending #musthave #discountcode,97,9,4,0.802,Fake Influencer,1
twdemo_000166,"This might be my favorite collab yet. Can't believe I get to call this my job. Brand deal number 4 this month. Trip number 97 this year, no complaints. Shop this look now.",#discountcode #ad,460,6,9,0.7057,Fake Influencer,1
twdemo_000166,"Living for moments like this. Can't believe I get to call this my job. Since 2025, this has been the dream. Shop this look now. ✨",#influencer #discountcode #collab #sponsored #trending,421,17,30,0.7003,Fake Influencer,1
twdemo_000166,Living for moments like this. Partnering with brands I actually love. DM for collab details. 😍,#collab #sponsored #lifestyle #influencer,273,5,4,0.8658,Fake Influencer,1
twdemo_000166,Unboxing my favorite package of the month. My followers deserve the best recommendations. Filming this in South Pamelabury today. Outfit number 7 of the week. 💖📸,#trending #lifestyle #linkinbio,176,14,3,0.9313,Fake Influencer,1
twdemo_000166,"Golden hour never disappoints. So many of you have been asking about this. Packing for East Alexis again this week. Since 2025, this has been the dream. Shop this look now.",#musthave #sponsored #trending,328,29,6,0.4912,Fake Influencer,1
twdemo_000166,"Unboxing my favorite package of the month. Use my code for a discount. Trip number 43 this year, no complaints. So many of you asked for this, here it is. Link in bio for the discount.",#linkinbio #sponsored,1312,229,17,0.6765,Fake Influencer,1
twdemo_000166,This might be my favorite collab yet. Partnering with brands I actually love. Packing for Collinsmouth again this week. Link in bio for the discount.,#discountcode #sponsored,285,32,5,0.802,Fake Influencer,1
twdemo_000166,Obsessed with this new find. Partnering with brands I actually love. Shot this in Brandonhaven. Shop this look now. 👑😍,#brandpartner #musthave #sponsored #ad #discountcode,854,23,13,0.7579,Fake Influencer,1
twdemo_000166,"New content coming your way soon. This is going straight into my everyday rotation. Filming this in Port Bruceburgh today. Since 2021, this has been the dream. ✨",,108,6,3,0.6369,Fake Influencer,1
twdemo_000167,"You NEED to see this. This is not a scam, I promise. 7 people can't all be wrong. DM me 'START' immediately. 🛒",#followforfollow #onlyfollowers #freeprize #cryptosignals #dmforprice #clicklink,1,0,0,0.7815,Spam/Bot Account,1
twdemo_000167,"I wasn't going to share this but... Thousands already joined, don't miss out. Started in North Edwardshire, now everywhere. Link in bio, click now.",#followforfollow #clicklink #onlyfollowers,5,1,0,0.0572,Spam/Bot Account,1
twdemo_000167,"Stop scrolling, read this. No experience needed, just a phone. Since 2020, thousands have joined. DM me 'START' immediately. ✅💯",#dmforprice #followforfollow #getrichquick #cashapp #clicklink #freeprize #onlyfollowers,8,0,0,-0.5719,Spam/Bot Account,1
twdemo_000167,"Everyone is asking how I did this so fast. It's 100% legit, I was skeptical too. Already helped 42 people this 2024.",#onlyfollowers #cryptosignals,1,0,0,-0.3182,Spam/Bot Account,1
twdemo_000167,"You NEED to see this. This is not a scam, I promise. Over 43 people already joined this week. Tap the link in my story. 🔥🛒",,2,0,0,0.4401,Spam/Bot Account,1
twdemo_000167,"I wasn't going to share this but... Thousands already joined, don't miss out. Message number 69 today, still going. Link in bio, click now. 💯",#giveaway #makemoneyonline #freeprize #onlyfollowers #cryptosignals,1,0,0,0.171,Spam/Bot Account,1
twdemo_000167,"You NEED to see this. Made more money this week than my old job paid monthly. This worked for Suzanne too, ask them. Link in bio, click now. 🔥🎁",#clicklink #getrichquick #followforfollow #dmforprice #onlyfollowers #giveaway #cryptosignals,1,0,0,0.128,Spam/Bot Account,1
twdemo_000167,"Everyone is asking how I did this so fast. This is not a scam, I promise. Message number 10 today, still going. DM me 'START' immediately. 💯🎁",#cashapp #makemoneyonline,5,0,0,0.8175,Spam/Bot Account,1
twdemo_000167,"I wasn't going to share this but... It's 100% legit, I was skeptical too. Ashley just signed up, you're next. 👉🎁",#freeprize #giveaway #cashapp #getrichquick #clicklink,3,0,0,0.1169,Spam/Bot Account,1
twdemo_000167,"You NEED to see this. No experience needed, just a phone. Comment before it's gone. 🔥",,1,0,0,-0.5994,Spam/Bot Account,1
twdemo_000167,"I wasn't going to share this but... Spots are filling up fast. Kimberly just signed up, you're next.",,2,0,0,-0.1139,Spam/Bot Account,1
twdemo_000167,"I wasn't going to share this but... Spots are filling up fast. Already 27 success stories this month. Link in bio, click now.",#freeprize #clicklink #makemoneyonline #giveaway #getrichquick,2,0,0,0.6814,Spam/Bot Account,1
twdemo_000167,"Everyone is asking how I did this so fast. Spots are filling up fast. This worked for Joshua too, ask them. Comment before it's gone.",,8,0,0,0.0,Spam/Bot Account,1
twdemo_000168,New side project idea just hit me at 2am. Turns out the cache was the whole problem. Shoutout to Lori for the code review. 🚀🔧,,21,3,0,-0.4019,Developer,0
twdemo_000168,Migrated a service to a new framework today. Pairing with a teammate made it so much faster. Currently on commit number 35 of this refactor.,#softwareengineer,19,3,0,0.3612,Developer,0
twdemo_000168,On-call was quiet for once. Turned out to be a missing semicolon. PR number 37 finally merged. 📦🧠,#developer,15,3,0,-0.2263,Developer,0
twdemo_000168,Learning a new part of the stack this week. Turned out to be a missing semicolon. Standup update: 27 things fixed today.,#100daysofcode #buildinpublic,25,2,0,-0.296,Developer,0
twdemo_000168,Shipped a small feature at Wiley-Combs. Naming things is still the hardest part. Deploy number 83 of the week.,#javascript #softwareengineer,18,4,0,0.0772,Developer,0
twdemo_000168,"New side project idea just hit me at 2am. CI is green and I'm emotionally fine now. This is bug ticket number 98, send help. 🔧",,26,2,0,0.5859,Developer,0
twdemo_000168,Refactoring old code I wrote a year ago. Docs were wrong but figured it out eventually. Still can't believe it's 2021 and this bug exists.,,20,3,0,-0.2617,Developer,0
twdemo_000168,"Finally got the tests passing. Past me really did not comment anything. This is bug ticket number 8, send help. 💻🐛",,20,4,0,0.4588,Developer,0
twdemo_000168,"Shipped a small feature at Williams, Summers and Rodriguez. Turns out the cache was the whole problem. Working out of Lake Jeremyside this 2019. Repo link below. ☕",#buildinpublic #opensource,21,6,0,-0.4019,Developer,0
twdemo_000169,"Something special is coming, stay tuned. Grateful for every one of you every single day. Working on something big for 2024. 98 years of your support means everything.",,81,9,3,0.8126,Celebrity Impersonator,1
twdemo_000169,"Something special is coming, stay tuned. None of this would matter without you. Back in Bakermouth this 2016. Message number 36 today, reading every one. DM me directly here. 🎉",,44,7,5,0.7003,Celebrity Impersonator,1
twdemo_000169,I don't get to say this enough. This journey keeps surprising me. Project number 20 coming together nicely. 🙌🌟,,69,3,1,0.6486,Celebrity Impersonator,1
twdemo_000169,I don't get to say this enough. Grateful for every one of you every single day. Project number 97 coming together nicely. Thank you Alexandra for the constant support. Share this so others know it's real.,,17,1,1,0.9118,Celebrity Impersonator,1
twdemo_000169,"This account is really me, I promise. New project details coming very soon. Working on something big for 2017. 📚🎉",,50,10,2,0.6444,Celebrity Impersonator,1
twdemo_000169,To my real fans: Please report any fake pages you see. Project number 80 coming together nicely. ✨🎉,,69,9,2,0.7506,Celebrity Impersonator,1
twdemo_000169,Thank you for the love this 2025. Ignore anyone claiming to be my manager elsewhere. Back in Davidside this 2018. DM me directly here.,#trending #fanpage,28,10,1,0.6369,Celebrity Impersonator,1
twdemo_000169,"Important announcement coming soon. Grateful for every one of you every single day. Since 2018, still going strong. 92 years of your support means everything. Share this so others know it's real.",,36,2,1,0.9001,Celebrity Impersonator,1
twdemo_000169,Taking a moment to say thank you. This journey keeps surprising me. 71 years in this industry now. ☕,,31,5,3,0.5574,Celebrity Impersonator,1
twdemo_000169,"Something special is coming, stay tuned. Please report any fake pages you see. Since 2025, still going strong. Share this so others know it's real.",,60,9,2,0.7506,Celebrity Impersonator,1
twdemo_000170,New arrivals just dropped! Your support keeps our doors open. Team huddle today covered 92 new ideas.,,267,18,7,0.4574,Business Account,0
twdemo_000170,New arrivals just dropped! Handmade in small batches every week. Customer number 52 just left a five-star review. Limited stock available. 💼,#growth,180,8,6,-0.2244,Business Account,0
twdemo_000170,Meet the team making it happen. Custom requests are always welcome. 77 orders packed and ready to go. Shop the link in bio. ✅,#hustle,185,10,3,0.6705,Business Account,0
twdemo_000170,"Meet the team making it happen. Orders ship out within 2 business days. Tagging Jane, one of our first customers back in 2019. 🔗",,290,11,9,0.0,Business Account,0
twdemo_000170,Behind the scenes at the shop today. Handmade in small batches every week. Order number 13 just shipped. 📈🤝,#smallbusiness #entrepreneur #businessowner,154,4,5,0.0772,Business Account,0
twdemo_000170,Restocked your favorites. We appreciate every single one of you. Batch number 97 restocked today. DM us to order. 🤝✅,#smallbusiness #shopsmall #localbusiness #growth,320,12,8,0.7003,Business Account,0
twdemo_000170,"Small batch, made with care. Handmade in small batches every week. Based out of Jameston, shipping everywhere.",#entrepreneur #marketing,153,8,6,0.4939,Business Account,0
twdemo_000170,Restocked your favorites. Your support keeps our doors open. Batch number 81 restocked today. Shop the link in bio.,#marketing #growth,230,20,7,0.7003,Business Account,0
twdemo_000170,Restocked your favorites. Orders ship out within 2 business days. Team huddle today covered 76 new ideas.,#marketing #businessowner #entrepreneur,200,8,8,0.4215,Business Account,0
twdemo_000170,Thank you East William for another great week. Your support keeps our doors open. Serving Leeburgh since 2015.,,212,16,6,0.8519,Business Account,0
twdemo_000171,"This changed everything for me. No experience needed, just a phone. Over 89 people already joined this week. DM me 'START' immediately. 💯🔥",,1,0,0,-0.5574,Spam/Bot Account,1
twdemo_000171,"I wasn't going to share this but... Spots are filling up fast. Message number 11 today, still going. Link in bio, click now. 👉",#freeprize #clicklink #makemoneyonline,0,0,0,0.0015,Spam/Bot Account,1
twdemo_000171,"Everyone is asking how I did this so fast. It's 100% legit, I was skeptical too. This worked for Matthew too, ask them. 🎁💯",#cashapp #clicklink #cryptosignals #getrichquick #onlyfollowers #dmforprice,1,0,0,0.1531,Spam/Bot Account,1
twdemo_000171,"Stop scrolling, read this. Spots are filling up fast. Richard just signed up, you're next.",#followforfollow #cashapp,0,0,0,-0.296,Spam/Bot Account,1
twdemo_000171,"I wasn't going to share this but... It's 100% legit, I was skeptical too. Only 63 spots left today. Tap the link in my story. 🛒✅",#makemoneyonline #followforfollow #freeprize #clicklink,1,0,0,-0.5258,Spam/Bot Account,1
twdemo_000171,"Everyone is asking how I did this so fast. Thousands already joined, don't miss out. Already 54 success stories this month. 📩🔥",#freeprize #makemoneyonline #dmforprice #cashapp #getrichquick #giveaway #onlyfollowers,0,0,0,0.4106,Spam/Bot Account,1
twdemo_000171,"🚨 LAST CHANCE 🚨 No experience needed, just a phone. Started in Juanbury, now everywhere. ✅",#freeprize #giveaway #makemoneyonline #cashapp,0,0,0,0.1363,Spam/Bot Account,1
twdemo_000171,"🚨 LAST CHANCE 🚨 This is not a scam, I promise. 69 people can't all be wrong. Link in bio, click now. 🎁",#getrichquick #cryptosignals,1,0,0,0.9097,Spam/Bot Account,1
twdemo_000171,"🚨 LAST CHANCE 🚨 Thousands already joined, don't miss out. Only 76 spots left today. 🔥",#makemoneyonline #giveaway #clicklink #cashapp #cryptosignals,0,0,0,0.1967,Spam/Bot Account,1
twdemo_000171,"🚨 LAST CHANCE 🚨 Thousands already joined, don't miss out. Slot 62 almost gone. Comment before it's gone.",#cashapp #cryptosignals #dmforprice,1,0,0,0.49,Spam/Bot Account,1
twdemo_000172,New PR today! Rest days are still training days. Logged 31 miles this week. 💪🥗,,1362,204,63,0.0,Fitness Creator,0
twdemo_000172,"Recovery day, mobility work only. Small wins add up over months. Session number 86 with this client, big progress. Tag your gym partner.",#gymlife #training #fitfam #healthylifestyle #workout,602,53,14,0.6369,Fitness Creator,0
twdemo_000172,Programming update for the week. Slow and controlled beats fast and sloppy. ⚡🏋️,#nutrition,444,22,14,0.0,Fitness Creator,0
twdemo_000172,"Ran a form check clinic today. Sleep is still the most underrated recovery tool. Tagging Brian, my training partner today. DM 'START' to work together. 🧘",#gymlife #healthylifestyle #wellness #cardio,627,57,27,0.0,Fitness Creator,0
twdemo_000172,Programming update for the week. Consistency beats intensity most days. 26 minutes of mobility work this morning. Tag your gym partner.,#training #fitfam #workout #fitness,1174,103,69,0.0,Fitness Creator,0
twdemo_000172,Ran a form check clinic today. Small wins add up over months. 🧘,,1049,84,39,0.5719,Fitness Creator,0
twdemo_000172,Early morning session before work. Small wins add up over months.,#gymlife #workout #wellness #fitness #cardio,1125,141,26,0.5719,Fitness Creator,0
twdemo_000172,"Meal prep Sunday. Form over ego, always. Tagging Linda, my training partner today. DM 'START' to work together.",#healthylifestyle #fitfam,1188,107,27,0.0,Fitness Creator,0
twdemo_000172,Back-to-back sessions today. Rest days are still training days. 46 minutes of mobility work this morning. 💪🏋️,,172,25,5,0.0,Fitness Creator,0
twdemo_000172,Back-to-back sessions today. Showing up matters more than the perfect plan. Shoutout to Amber for showing up every day. DM 'START' to work together.,#wellness #cardio,526,23,20,0.6204,Fitness Creator,0
twdemo_000172,Deload week starts now. Fueling properly made a huge difference. Client hit a 45 pound PR today. 🏃💪,,790,58,25,0.3182,Fitness Creator,0
twdemo_000172,Deload week starts now. Slow and controlled beats fast and sloppy. Shoutout to Anthony for showing up every day.,#fitfam #cardio #strength,746,64,30,0.0,Fitness Creator,0
twdemo_000172,Meal prep Sunday. Slow and controlled beats fast and sloppy. Day 53 of the program. Programs linked in bio.,#strength #wellness #fitness,656,75,31,0.0,Fitness Creator,0
twdemo_000173,"Important announcement coming soon. I read every message even if I can't reply to all. Back in Meadowsberg this 2024. Since 2015, the journey continues. DM me directly here. 🙌",#trending #viral,54,5,1,0.2023,Celebrity Impersonator,1
twdemo_000173,"This account is really me, I promise. This journey keeps surprising me. Thank you Kenneth for the constant support.",#fanpage #viral,35,6,2,0.8344,Celebrity Impersonator,1
twdemo_000173,"To my real fans: There's more coming that I can't wait to share. Tagging Marcus, thank you for believing in this. Share this so others know it's real.",,50,6,1,0.4788,Celebrity Impersonator,1
twdemo_000173,"To my real fans: None of this would matter without you. Since 2021, still going strong. Since 2025, still going strong.",#viral,69,3,3,0.7717,Celebrity Impersonator,1
twdemo_000173,Taking a moment to say thank you. Grateful for every one of you every single day. Thank you Jay for the constant support. 95 years in this industry now.,#exclusive,73,5,2,0.8658,Celebrity Impersonator,1
twdemo_000173,I don't get to say this enough. Ignore anyone claiming to be my manager elsewhere. Working on something big for 2020. 🙌🎬,#official,14,1,0,-0.3612,Celebrity Impersonator,1
twdemo_000173,"Thank you for the love this 2024. Ignore anyone claiming to be my manager elsewhere. Since 2022, the journey continues. Project number 80 coming together nicely.",,47,4,1,0.8126,Celebrity Impersonator,1
twdemo_000173,"Something special is coming, stay tuned. Please report any fake pages you see. 70 years in this industry now. Share this so others know it's real. 😊🌟",#trending #viral,32,1,0,0.8442,Celebrity Impersonator,1
twdemo_000173,"I see all of your messages, truly. None of this would matter without you. Back in Lake Rachelberg this 2021. 💪",,27,5,1,0.4588,Celebrity Impersonator,1
twdemo_000173,To my real fans: Ignore anyone claiming to be my manager elsewhere. Back in Amandabury this 2022. DM me directly here.,#exclusive,39,5,1,-0.3612,Celebrity Impersonator,1
twdemo_000173,Thank you for the love this 2022. There's more coming that I can't wait to share. 6 years in this industry now. 66 years in this industry now. ☕,,44,5,0,0.7015,Celebrity Impersonator,1
twdemo_000173,"I don't get to say this enough. New project details coming very soon. Since 2023, still going strong. Project number 54 coming together nicely. 💪🎉",,50,4,1,0.8481,Celebrity Impersonator,1
twdemo_000174,New arrivals just dropped! Your support keeps our doors open. Proudly 70 years in business this 2017. ✅,#entrepreneur #localbusiness #smallbusiness,391,25,16,0.7644,Business Account,0
twdemo_000174,Behind the scenes at the shop today. Custom requests are always welcome. 24 orders packed and ready to go. Tag someone who'd love this. 🔗🤝,#shopsmall #customerfirst #smallbusiness #growth,302,43,12,0.8658,Business Account,0
twdemo_000174,Meet the team making it happen. Orders ship out within 2 business days. Celebrating 41 years since we opened our doors. Limited stock available.,#businessowner #growth,359,21,16,0.4215,Business Account,0
twdemo_000174,Restocked your favorites. We appreciate every single one of you. 61 orders packed and ready to go. 📈,#businessowner,159,6,5,0.7906,Business Account,0
twdemo_000174,"Thank you Lake Lisaberg for another great week. Your support keeps our doors open. Based out of North James, shipping everywhere. DM us to order.",#entrepreneur #businessowner,308,15,14,0.8519,Business Account,0
twdemo_000174,"Small batch, made with care. We appreciate every single one of you. Tagging Sarah, one of our first customers back in 2020. 🤝💼",#businessowner #marketing,442,35,18,0.7096,Business Account,0
twdemo_000174,Thank you Sergiotown for another great week. Custom requests are always welcome. Thank you Port Bruce for 82 years of support. 🔗,#shopsmall #hustle,353,25,14,0.93,Business Account,0
twdemo_000175,"Unboxing my favorite package of the month. Partnering with brands I actually love. Tagging Steve, my glam team today. Link in bio for the discount.",#musthave #sponsored,97,4,0,0.802,Fake Influencer,1
twdemo_000175,Can't stop wearing this lately. Can't believe I get to call this my job. Shot this in East Lorishire.,#sponsored,71,7,0,0.2235,Fake Influencer,1
twdemo_000175,Golden hour never disappoints. My followers deserve the best recommendations. Shot this in South Gail. Code is my username at checkout. 📸👑,#brandpartner #sponsored,38,2,0,0.7494,Fake Influencer,1
twdemo_000175,Unboxing my favorite package of the month. This is going straight into my everyday rotation. Seth styled this look.,#lifestyle #musthave #trending,140,9,1,0.5994,Fake Influencer,1
twdemo_000175,This brand sent me the best package. So grateful for opportunities like this. Shot this in West Victoria. Code is my username at checkout.,#trending,246,55,1,0.9162,Fake Influencer,1
twdemo_000175,"Can't stop wearing this lately. Partnering with brands I actually love. Since 2025, this has been the dream.",#trending #lifestyle #musthave #linkinbio,236,21,2,0.7957,Fake Influencer,1
twdemo_000175,"Today's shoot was a whole vibe. So grateful for opportunities like this. Since 2022, this has been the dream.",,29,1,0,0.8329,Fake Influencer,1
twdemo_000175,"Living for moments like this. So many of you have been asking about this. Look number 86 from this campaign. Tagging Tiffany, my glam team today. Code is my username at checkout. 😍",#influencer #lifestyle,58,3,0,0.4939,Fake Influencer,1
twdemo_000175,"This brand sent me the best package. This is going straight into my everyday rotation. Since 2020, this has been the dream. Shot this in Choimouth. Shop this look now. 💅✨",,101,4,0,0.8555,Fake Influencer,1
twdemo_000175,Golden hour never disappoints. Use my code for a discount. Brand deal number 5 this month.,#musthave #influencer #ad #collab #linkinbio,78,6,0,0.3578,Fake Influencer,1
twdemo_000176,Leg day recap. Consistency beats intensity most days. 71 minutes of mobility work this morning. Tag your gym partner. 🔥🏃,#healthylifestyle #workout,647,87,22,-0.34,Fitness Creator,0
twdemo_000176,"Leg day recap. Form over ego, always. 70 minutes of mobility work this morning.",#wellness,660,47,13,0.0,Fitness Creator,0
twdemo_000176,"Recovery day, mobility work only. Slow and controlled beats fast and sloppy. Tagging Randy, my training partner today. 🧘",#fitfam #cardio #fitness #gymlife #workout,779,18,34,0.0,Fitness Creator,0
twdemo_000176,"Back-to-back sessions today. Showing up matters more than the perfect plan. 32 reps, zero regrets.",#healthylifestyle,1154,147,64,0.3744,Fitness Creator,0
twdemo_000176,Deload week starts now. Slow and controlled beats fast and sloppy. 52 minutes of mobility work this morning. Save this for your next session.,#fitness #workout,1172,47,43,0.4939,Fitness Creator,0
twdemo_000176,"Recovery day, mobility work only. Slow and controlled beats fast and sloppy. Logged 37 miles this week. ⚡🏋️",#cardio #wellness #healthylifestyle,703,57,46,0.0,Fitness Creator,0
twdemo_000176,"Early morning session before work. Sleep is still the most underrated recovery tool. Session number 79 with this client, big progress.",,731,19,50,0.4767,Fitness Creator,0
twdemo_000176,Deload week starts now. Sleep is still the most underrated recovery tool. Shoutout to James for showing up every day.,#fitfam #workout #fitness #strength #training,1799,60,98,0.0,Fitness Creator,0
twdemo_000176,Coaching client hit a big milestone. Strength carries over into everything else.,,1598,83,72,0.4939,Fitness Creator,0
twdemo_000176,Meal prep Sunday. Small wins add up over months. Coaching 54 clients this cycle. Save this for your next session. 🧘🥗,#workout #healthylifestyle #strength,289,18,11,0.7845,Fitness Creator,0
twdemo_000176,Early morning session before work. Rest days are still training days. Training out of New Emily this week. 🧘🔥,#fitness #wellness #strength,757,32,19,-0.34,Fitness Creator,0
twdemo_000176,"Ran a form check clinic today. Slow and controlled beats fast and sloppy. Session number 20 with this client, big progress. Tag your gym partner. 🥗",#nutrition,1127,44,44,0.4767,Fitness Creator,0
twdemo_000176,Deload week starts now. Fueling properly made a huge difference. 58 minutes of mobility work this morning. Tag your gym partner. 🏃🥗,#healthylifestyle #fitness,1043,50,78,0.3182,Fitness Creator,0
twdemo_000176,"Recovery day, mobility work only. Small wins add up over months. 43 minutes of mobility work this morning. Tag your gym partner.",#workout #training #fitfam,640,41,59,0.5719,Fitness Creator,0
twdemo_000176,"Coaching client hit a big milestone. Progress isn't always linear, and that's fine. Day 60 of the program. DM 'START' to work together.",#healthylifestyle,2018,169,112,0.5574,Fitness Creator,0
twdemo_000177,New arrivals just dropped! We appreciate every single one of you. Team huddle today covered 19 new ideas. Limited stock available. ✅,#smallbusiness #shopsmall,100,7,1,0.2714,Business Account,0
twdemo_000177,Meet the team making it happen. Custom requests are always welcome. Order number 53 just shipped. Tag someone who'd love this.,#entrepreneur #growth,131,5,2,0.8176,Business Account,0
twdemo_000177,"Small batch, made with care. Orders ship out within 2 business days. Celebrating 39 years since we opened our doors. 🤝",#localbusiness #hustle #startup #entrepreneur,197,13,4,0.7845,Business Account,0
twdemo_000177,Behind the scenes at the shop today. Custom requests are always welcome. Serving East Markchester since 2022. DM us to order. 📈,#entrepreneur #localbusiness #customerfirst #marketing,128,12,4,0.4588,Business Account,0
twdemo_000177,Restocked your favorites. Handmade in small batches every week. Customer number 55 just left a five-star review. 🤝💼,#hustle,218,13,6,0.4767,Business Account,0
twdemo_000178,"This changed everything for me. This is not a scam, I promise. Already 39 success stories this month. DM me 'START' immediately. 🛒",#cryptosignals #dmforprice #followforfollow #freeprize #makemoneyonline,86,5,1,0.8401,Spam/Bot Account,1
twdemo_000178,"Stop scrolling, read this. Spots are filling up fast. Message number 78 today, still going. 🎁💯",#cashapp #getrichquick #cryptosignals #makemoneyonline #clicklink #freeprize,22,5,2,0.25,Spam/Bot Account,1
twdemo_000178,"Stop scrolling, read this. Made more money this week than my old job paid monthly. Already 23 success stories this month. Tap the link in my story. 🎁",,34,8,2,0.6597,Spam/Bot Account,1
twdemo_000178,"You NEED to see this. No experience needed, just a phone. Message number 86 today, still going. Comment before it's gone.",#dmforprice #followforfollow #freeprize #clicklink #getrichquick,24,7,1,-0.5859,Spam/Bot Account,1
twdemo_000178,"🚨 LAST CHANCE 🚨 Made more money this week than my old job paid monthly. Already 32 success stories this month. Link in bio, click now. 🔥",#followforfollow #dmforprice #cryptosignals,34,4,4,0.6166,Spam/Bot Account,1
twdemo_000178,"This changed everything for me. No experience needed, just a phone. Message number 63 today, still going. Comment before it's gone. 🛒👉",#followforfollow #giveaway #clicklink #cryptosignals,27,2,1,-0.2263,Spam/Bot Account,1
twdemo_000178,"This changed everything for me. Thousands already joined, don't miss out. Spot number 56 just opened up. Link in bio, click now. ✅",#followforfollow #onlyfollowers,146,21,8,0.1887,Spam/Bot Account,1
twdemo_000179,"This brand sent me the best package. Use my code for a discount. So many of you asked for this, here it is. Shop this look now.",#discountcode #lifestyle #linkinbio,99,9,5,0.6369,Fake Influencer,1
twdemo_000179,"Another day, another shoot. So many of you have been asking about this. Tagging Christina, my glam team today. Link in bio for the discount.",#ad,81,17,3,-0.34,Fake Influencer,1
twdemo_000179,This might be my favorite collab yet. Can't wait to show you more from this collab. Outfit number 10 of the week. Shop this look now. 📸,#collab #lifestyle #sponsored #influencer #ad,54,3,2,0.5106,Fake Influencer,1
twdemo_000179,"Can't stop wearing this lately. This is going straight into my everyday rotation. Look number 41 from this campaign. Since 2023, this has been the dream.",#discountcode,24,2,1,0.6234,Fake Influencer,1
twdemo_000179,Living for moments like this. This is going straight into my everyday rotation. Shot this in West Brookestad. Look number 17 from this campaign. Link in bio for the discount. 📸,#linkinbio #sponsored,48,7,1,0.5719,Fake Influencer,1
twdemo_000179,Golden hour never disappoints. My followers deserve the best recommendations.,#lifestyle #collab,35,4,1,0.7494,Fake Influencer,1
twdemo_000179,Today's shoot was a whole vibe. Can't believe I get to call this my job.,#ad #musthave,13,1,0,-0.34,Fake Influencer,1
twdemo_000179,Golden hour never disappoints. Use my code for a discount. Look number 69 from this campaign. Link in bio for the discount.,#lifestyle #trending #discountcode #linkinbio #influencer,38,5,1,0.3578,Fake Influencer,1
twdemo_000179,Can't stop wearing this lately. Can't believe I get to call this my job. Can't believe it's already 2021. Outfit number 30 of the week. 👑📸,#lifestyle #linkinbio #collab,50,5,1,0.2933,Fake Influencer,1
twdemo_000179,Obsessed with this new find. My followers deserve the best recommendations. Brand deal number 87 this month. Brand deal number 87 this month. ✨,,56,5,1,0.7506,Fake Influencer,1
twdemo_000179,Living for moments like this. Can't believe I get to call this my job. Packing for Parkerborough again this week. Brand deal number 58 this month. 📸,,54,9,1,0.4215,Fake Influencer,1
twdemo_000179,Obsessed with this new find. Can't believe I get to call this my job. Shot this in Ronniebury. Michelle styled this look. 💅💖,#influencer #musthave #discountcode,56,8,1,0.6908,Fake Influencer,1
twdemo_000179,"This brand sent me the best package. This is going straight into my everyday rotation. So many of you asked for this, here it is. Since 2023, this has been the dream. Code is my username at checkout.",#collab,17,1,0,0.7964,Fake Influencer,1
twdemo_000180,Shipped a small feature at Santiago Inc. Pairing with a teammate made it so much faster. Working remotely from South Jesse this month. 🧠,,31,3,0,0.0,Developer,0
twdemo_000180,"Refactoring old code I wrote a year ago. Pairing with a teammate made it so much faster. This is bug ticket number 35, send help. Repo link below. 📦",,41,2,0,0.4588,Developer,0
twdemo_000180,"Gave a lunch-and-learn at King Ltd today. The code review comments humbled me. This is bug ticket number 57, send help. 📦🧠",,60,4,1,0.4588,Developer,0
twdemo_000180,"Rewrote a script that's been bugging me for weeks. The code review comments humbled me. Tagging Edward, they'll appreciate this one. Curious how others solve this.",#coding,11,0,0,0.7003,Developer,0
twdemo_000180,On-call was quiet for once. Past me really did not comment anything. Deploy number 57 of the week. ☕,#buildinpublic #javascript,31,1,0,0.0772,Developer,0
twdemo_000180,"Rewrote a script that's been bugging me for weeks. Docs were wrong but figured it out eventually. Tagging Natalie, they'll appreciate this one. 🚀📦",#opensource,16,2,0,0.3612,Developer,0
twdemo_000180,"Gave a lunch-and-learn at Fernandez, Simon and Mcgee today. Naming things is still the hardest part. Deploy number 84 of the week.",#programmer,22,2,0,0.0772,Developer,0
twdemo_000180,Rewrote a script that's been bugging me for weeks. Docs were wrong but figured it out eventually. Working out of Port Curtisshire this 2024. Repo link below.,#softwareengineer #programmer,7,0,0,-0.2617,Developer,0
twdemo_000180,New side project idea just hit me at 2am. Past me really did not comment anything. Currently debugging from West Andreaburgh.,,39,2,1,0.0,Developer,0
twdemo_000181,"Stop scrolling, read this. This is not a scam, I promise. Over 15 people already joined this week. DM me 'START' immediately.",#getrichquick #dmforprice #freeprize #makemoneyonline,66,2,1,0.4763,Business Account,0
twdemo_000181,"Everyone is asking how I did this so fast. Thousands already joined, don't miss out. Spot number 82 just opened up. Comment before it's gone. 👉",#cashapp #freeprize #giveaway #onlyfollowers,74,6,0,0.1887,Business Account,0
twdemo_000181,"I wasn't going to share this but... Thousands already joined, don't miss out. Started in Bryanttown, now everywhere. DM me 'START' immediately. 🔥",#followforfollow #freeprize #onlyfollowers,112,8,1,-0.4363,Business Account,0
twdemo_000181,"Everyone is asking how I did this so fast. It's 100% legit, I was skeptical too. Spot number 18 just opened up. DM me 'START' immediately. ✅👉",,128,9,2,-0.25,Business Account,0
twdemo_000181,"Everyone is asking how I did this so fast. It's 100% legit, I was skeptical too. Slot 30 almost gone. Comment before it's gone. 💰",#giveaway #clicklink #followforfollow #cryptosignals #freeprize #getrichquick #onlyfollowers,81,4,0,-0.3182,Business Account,0
twdemo_000181,"I wasn't going to share this but... No experience needed, just a phone. Over 62 people already joined this week. 🔥✅",#dmforprice #freeprize #clicklink #cashapp #getrichquick #giveaway #onlyfollowers,125,11,2,-0.7464,Business Account,0
twdemo_000181,You NEED to see this. Made more money this week than my old job paid monthly. Tap the link in my story. 📩🎁,,290,15,2,0.4404,Business Account,0
twdemo_000181,"Everyone is asking how I did this so fast. This is not a scam, I promise. 13 people can't all be wrong. Comment before it's gone. 🎁",#onlyfollowers #getrichquick #giveaway #cashapp #freeprize,203,10,1,0.8674,Business Account,0
twdemo_000181,"Stop scrolling, read this. Spots are filling up fast. Only 60 spots left today. Comment before it's gone. 🛒",#onlyfollowers #makemoneyonline,303,30,3,-0.296,Business Account,0
twdemo_000181,"You NEED to see this. Thousands already joined, don't miss out. Already 89 success stories this month. Tap the link in my story. 👉🛒",,168,10,1,0.6303,Business Account,0
twdemo_000182,"Finals season has me questioning everything. My professor just dropped a pop quiz, send help. Can't believe it's already 2020.",,31,6,4,0.3182,Student,0
twdemo_000182,Another day surviving Emilymouth University. Dorm life really tests your patience. Studying in Robertsonberg has its perks.,#university #studygram,39,3,3,0.296,Student,0
twdemo_000182,"Campus is so pretty in New Benjaminview today. My professor just dropped a pop quiz, send help. Tagging Kevin because they'd get this. ☕🙌",,22,4,1,0.7793,Student,0
twdemo_000182,Study session with Heather turned into a nap. Somehow still passing my classes. Group chat with Duane is unhinged today. ✨🌟,#campus,101,25,1,0.3182,Student,0
twdemo_000182,Coffee run before class. Dorm life really tests your patience.,#dormlife,102,8,5,0.0,Student,0
twdemo_000182,"Finals season has me questioning everything. My professor just dropped a pop quiz, send help. Tell me it gets easier. 🙌💪",#studybreak #gradstudent,57,5,2,0.6249,Student,0
twdemo_000182,Group project update: Somehow still passing my classes. Ran into Gail at the library again.,#studybreak #university #classof2026,45,5,1,0.0,Student,0
twdemo_000182,Study session with Mike turned into a nap. Turns out procrastination is a full-time job. Can't believe it's already 2019.,#university #finals,41,2,2,0.0,Student,0
twdemo_000182,Coffee run before class. Dorm life really tests your patience. Currently 51 cups of coffee deep today. Someone quiz me please.,#classof2026,84,14,2,0.3182,Student,0
twdemo_000182,"Campus is so pretty in Chambersshire today. Library until it closes, again. Somewhere in North Jennifershire, probably procrastinating. Tell me it gets easier. 😊☕",,60,9,2,0.9172,Student,0
twdemo_000182,Another day surviving Stricklandton University. Turns out procrastination is a full-time job. Tagging Robert because they'd get this. Send snacks. ✨😊,#university,33,4,2,0.8591,Student,0
twdemo_000182,Campus is so pretty in Jonesbury today. Somehow still passing my classes. Can't believe it's already 2016. 💪🙌,,47,22,2,0.6269,Student,0
twdemo_000182,"Another day surviving Burtonfurt University. Somehow still passing my classes. Somewhere in Matthewstad, probably procrastinating.",#university #campus #studygram,99,23,2,0.296,Student,0
twdemo_000183,"Everyone is asking how I did this so fast. Thousands already joined, don't miss out. Already helped 42 people this 2016. DM me 'START' immediately.",#giveaway #followforfollow #dmforprice #freeprize #cashapp #makemoneyonline,1,0,0,0.1139,Spam/Bot Account,1
twdemo_000183,🚨 LAST CHANCE 🚨 Made more money this week than my old job paid monthly. Already helped 61 people this 2016. Tap the link in my story. 💰,#freeprize #dmforprice #giveaway,2,0,0,0.4084,Spam/Bot Account,1
twdemo_000183,"Everyone is asking how I did this so fast. Made more money this week than my old job paid monthly. Started in Port Roberta, now everywhere. DM me 'START' immediately. 🎁📩",#clicklink #freeprize #giveaway #followforfollow #cashapp #onlyfollowers #getrichquick,5,1,0,0.4404,Spam/Bot Account,1
twdemo_000183,"Stop scrolling, read this. No experience needed, just a phone. Message number 17 today, still going. Link in bio, click now.",,12,1,0,-0.5267,Spam/Bot Account,1
twdemo_000183,"🚨 LAST CHANCE 🚨 This is not a scam, I promise. Started in Benjaminview, now everywhere. Comment before it's gone. ✅👉",#onlyfollowers #clicklink #dmforprice,3,0,0,0.7924,Spam/Bot Account,1
twdemo_000183,"This changed everything for me. No experience needed, just a phone. Message number 90 today, still going. DM me 'START' immediately.",#dmforprice #getrichquick #cashapp #onlyfollowers #cryptosignals,3,0,0,-0.2263,Spam/Bot Account,1
twdemo_000183,"This changed everything for me. Thousands already joined, don't miss out. Started in Lindashire, now everywhere. DM me 'START' immediately. 🎁📩",#freeprize #onlyfollowers #getrichquick #clicklink #dmforprice #cryptosignals #cashapp,3,0,0,0.5178,Spam/Bot Account,1
twdemo_000183,You NEED to see this. Spots are filling up fast. Slot 40 almost gone. DM me 'START' immediately. 📩🎁,#freeprize #onlyfollowers #clicklink #cashapp #makemoneyonline,2,0,0,0.4404,Spam/Bot Account,1
twdemo_000183,"This changed everything for me. It's 100% legit, I was skeptical too. Only 35 spots left today. Comment before it's gone. 🛒",#dmforprice #makemoneyonline #onlyfollowers #followforfollow #giveaway #cryptosignals,2,0,0,-0.3182,Spam/Bot Account,1
twdemo_000183,"🚨 LAST CHANCE 🚨 Thousands already joined, don't miss out. Already helped 72 people this 2016. Link in bio, click now.",#freeprize #makemoneyonline #onlyfollowers #cryptosignals #clicklink #cashapp #dmforprice,3,0,0,0.49,Spam/Bot Account,1
twdemo_000183,"This changed everything for me. Made more money this week than my old job paid monthly. John just signed up, you're next. Link in bio, click now. 🛒",#cryptosignals #makemoneyonline #clicklink #giveaway,3,0,0,0.0,Spam/Bot Account,1
twdemo_000184,"This account is really me, I promise. Ignore anyone claiming to be my manager elsewhere. Tagging Olivia, thank you for believing in this. Message number 23 today, reading every one.",,96,12,1,0.4336,Celebrity Impersonator,1
twdemo_000184,"This account is really me, I promise. There's more coming that I can't wait to share. Working on something big for 2020. Working on something big for 2016. 📚",,1093,43,12,0.1719,Celebrity Impersonator,1
twdemo_000184,Important announcement coming soon. New project details coming very soon. Back in Lake Amybury this 2015. Working on something big for 2022. Follow only this page. 📚,,32,2,1,0.2023,Celebrity Impersonator,1
twdemo_000184,"A quick note from me to you. Ignore anyone claiming to be my manager elsewhere. Since 2016, still going strong. Back in New Kevinberg this 2025. DM me directly here. 🙌💪",#exclusive,136,16,2,0.2023,Celebrity Impersonator,1
twdemo_000184,"To my real fans: Please report any fake pages you see. Since 2019, the journey continues. Working on something big for 2020.",,100,15,2,-0.2023,Celebrity Impersonator,1
twdemo_000184,"I see all of your messages, truly. Grateful for every one of you every single day. Message number 5 today, reading every one. 11 years of your support means everything. Share this so others know it's real.",,180,24,0,0.8779,Celebrity Impersonator,1
twdemo_000184,"A quick note from me to you. New project details coming very soon. Since 2020, the journey continues. Follow only this page. 💪",,233,7,2,0.0,Celebrity Impersonator,1
twdemo_000184,A quick note from me to you. Please report any fake pages you see. Project number 26 coming together nicely. Share this so others know it's real.,#trending,28,5,0,0.5574,Celebrity Impersonator,1
twdemo_000184,Important announcement coming soon. None of this would matter without you. Project number 31 coming together nicely. Follow only this page.,#fanpage,38,1,1,0.5541,Celebrity Impersonator,1
twdemo_000184,Taking a moment to say thank you. This journey keeps surprising me. Working on something big for 2016. Project number 84 coming together nicely. 🙌,,104,6,0,0.7783,Celebrity Impersonator,1
twdemo_000184,"I see all of your messages, truly. Ignore anyone claiming to be my manager elsewhere. Back in Kathrynmouth this 2024. Share this so others know it's real.",,89,8,2,0.3818,Celebrity Impersonator,1
twdemo_000184,"Something special is coming, stay tuned. This journey keeps surprising me. Since 2025, still going strong. Project number 35 coming together nicely. 💪",,73,23,1,0.8834,Celebrity Impersonator,1
twdemo_000184,"I don't get to say this enough. New project details coming very soon. Since 2018, still going strong. Share this so others know it's real.",,100,2,0,0.6705,Celebrity Impersonator,1
twdemo_000185,"Meet the team making it happen. Handmade in small batches every week. Based out of North Erichaven, shipping everywhere. Limited stock available. 💼",,32,3,1,-0.2263,Business Account,0
twdemo_000185,New arrivals just dropped! Orders ship out within 2 business days. Shoutout to our 43th customer this week. Shop the link in bio.,#startup #customerfirst,94,8,2,0.0,Business Account,0
twdemo_000185,"Meet the team making it happen. Orders ship out within 2 business days. Based out of Kristamouth, shipping everywhere. DM us to order. 🔗",#smallbusiness #hustle #startup #entrepreneur,58,6,3,0.0,Business Account,0
twdemo_000185,Restocked your favorites. Orders ship out within 2 business days. Proudly 30 years in business this 2025. 📈,#marketing #entrepreneur #smallbusiness #startup,36,3,1,0.7506,Business Account,0
twdemo_000185,"Restocked your favorites. We appreciate every single one of you. Based out of Munozside, shipping everywhere. Limited stock available.",#growth #hustle,30,3,1,0.5574,Business Account,0
twdemo_000185,"Restocked your favorites. Handmade in small batches every week. Tagging Stacey, one of our first customers back in 2019. Shop the link in bio.",#customerfirst,60,4,2,0.4215,Business Account,0
twdemo_000185,Behind the scenes at the shop today. Orders ship out within 2 business days. Order number 77 just shipped. Limited stock available.,,83,12,2,-0.1531,Business Account,0
twdemo_000185,"Small batch, made with care. We appreciate every single one of you. 72 orders packed and ready to go.",#growth #localbusiness,47,6,1,0.8126,Business Account,0
twdemo_000185,"Small batch, made with care. Your support keeps our doors open. Serving Ramirezstad since 2021.",#smallbusiness #hustle,71,5,2,0.7096,Business Account,0
twdemo_000186,Another day surviving Port Bobby University. Ranking my classes from bearable to soul-crushing. Ran into John at the library again.,#finals #studentlife #campus,17,2,1,0.296,Student,0
twdemo_000186,Study session with Elizabeth turned into a nap. Turns out procrastination is a full-time job. Currently 84 cups of coffee deep today.,#college #studentlife #dormlife,7,2,0,0.0,Student,0
twdemo_000186,"Study session with Betty turned into a nap. My professor just dropped a pop quiz, send help. Campus tour 78 for prospective students today. Send snacks. 🎬🌟",,15,3,0,0.4019,Student,0
twdemo_000187,"Ran a form check clinic today. Slow and controlled beats fast and sloppy. Session number 6 with this client, big progress. 🏃💪",#training #healthylifestyle,58,2,1,0.4767,Celebrity Impersonator,1
twdemo_000187,Leg day recap. Consistency beats intensity most days. Shoutout to Briana for showing up every day. Programs linked in bio.,,50,1,1,0.0,Celebrity Impersonator,1
twdemo_000187,Back-to-back sessions today. Showing up matters more than the perfect plan. Shoutout to Jennifer for showing up every day. Tag your gym partner.,#workout #cardio #strength #nutrition,10,0,0,0.6204,Celebrity Impersonator,1
twdemo_000187,Coaching client hit a big milestone. Slow and controlled beats fast and sloppy. Client hit a 34 pound PR today. 🧘🏋️,#gymlife,120,1,2,0.0,Celebrity Impersonator,1
twdemo_000187,"Recovery day, mobility work only. Consistency beats intensity most days. 🔥⚡",,39,1,1,-0.3976,Celebrity Impersonator,1
twdemo_000187,Meal prep Sunday. Small wins add up over months. Training out of Lauraside this week. Save this for your next session. 💪,#gymlife #wellness #strength #fitness #healthylifestyle,28,2,2,0.7845,Celebrity Impersonator,1
twdemo_000187,"New PR today! Fueling properly made a huge difference. Session number 60 with this client, big progress. 🏃🏋️",,29,5,2,0.69,Celebrity Impersonator,1
twdemo_000187,"Programming update for the week. Sleep is still the most underrated recovery tool. 37 reps, zero regrets. Tag your gym partner.",#healthylifestyle #training #fitfam #strength #wellness,109,7,1,-0.3612,Celebrity Impersonator,1
twdemo_000187,"Back-to-back sessions today. Small wins add up over months. Tagging Anthony, my training partner today. Save this for your next session. 🧘⚡",#gymlife #wellness #nutrition,50,4,2,0.7845,Celebrity Impersonator,1
twdemo_000187,New PR today! Showing up matters more than the perfect plan. Shoutout to Donald for showing up every day. Tag your gym partner. 🥗,#nutrition #fitness #wellness #workout #training,59,9,2,0.6548,Celebrity Impersonator,1
twdemo_000187,Ran a form check clinic today. Consistency beats intensity most days. Day 76 of the program. 🏃,,95,2,5,0.0,Celebrity Impersonator,1
twdemo_000187,"Deload week starts now. Consistency beats intensity most days. Tagging Caitlin, my training partner today. 🏋️⚡",#fitness #workout #fitfam #strength #nutrition,17,2,0,0.0,Celebrity Impersonator,1
twdemo_000187,"Programming update for the week. Consistency beats intensity most days. 50 reps, zero regrets. 🥗",#training #wellness #fitfam #cardio,268,8,4,-0.3612,Celebrity Impersonator,1
twdemo_000187,"Recovery day, mobility work only. Fueling properly made a huge difference. Coaching 45 clients this cycle. DM 'START' to work together. 🧘⚡",#gymlife #fitfam #training #workout,241,22,3,0.3182,Celebrity Impersonator,1
twdemo_000187,"Recovery day, mobility work only. Form over ego, always. Shoutout to Tammy for showing up every day. Programs linked in bio.",#gymlife #cardio,33,1,5,0.0,Celebrity Impersonator,1
twdemo_000187,Coaching client hit a big milestone. Strength carries over into everything else. Client hit a 40 pound PR today. Save this for your next session.,#wellness #nutrition #cardio,122,3,3,0.7506,Celebrity Impersonator,1
twdemo_000187,Meal prep Sunday. Sleep is still the most underrated recovery tool. Shoutout to Jason for showing up every day. Programs linked in bio.,#cardio,46,4,1,0.0,Celebrity Impersonator,1
twdemo_000188,"🚨 LAST CHANCE 🚨 This is not a scam, I promise. Message number 15 today, still going. DM me 'START' immediately. 📩",#giveaway #onlyfollowers #getrichquick #cashapp #clicklink #cryptosignals #freeprize,5,0,0,0.809,Spam/Bot Account,1
twdemo_000188,"🚨 LAST CHANCE 🚨 Spots are filling up fast. This worked for Kathryn too, ask them. Comment before it's gone. 🎁",#followforfollow #getrichquick,10,0,0,0.6841,Spam/Bot Account,1
twdemo_000188,"Everyone is asking how I did this so fast. No experience needed, just a phone. 7 people can't all be wrong. DM me 'START' immediately. 🔥",,3,0,0,-0.3236,Spam/Bot Account,1
twdemo_000188,You NEED to see this. Made more money this week than my old job paid monthly. Already helped 35 people this 2022. DM me 'START' immediately. 💯,#onlyfollowers #giveaway #getrichquick #freeprize #dmforprice,4,0,0,0.0,Spam/Bot Account,1
twdemo_000188,You NEED to see this. Spots are filling up fast. Already helped 16 people this 2020. Comment before it's gone. 💰,#freeprize #clicklink,5,0,0,0.0,Spam/Bot Account,1
twdemo_000188,"🚨 LAST CHANCE 🚨 No experience needed, just a phone. Spot number 75 just opened up. Comment before it's gone.",#dmforprice #getrichquick #clicklink #onlyfollowers,14,1,0,0.2103,Spam/Bot Account,1
twdemo_000188,"Everyone is asking how I did this so fast. This is not a scam, I promise. Laura just signed up, you're next. DM me 'START' immediately. ✅👉",#followforfollow #freeprize #makemoneyonline,2,0,0,0.6483,Spam/Bot Account,1
twdemo_000188,"Everyone is asking how I did this so fast. It's 100% legit, I was skeptical too. 84 people can't all be wrong. Tap the link in my story. 🔥💯",#giveaway #cashapp #makemoneyonline #dmforprice,3,0,0,-0.2837,Spam/Bot Account,1
twdemo_000188,"I wasn't going to share this but... It's 100% legit, I was skeptical too. Slot 34 almost gone. DM me 'START' immediately.",,2,0,0,-0.5258,Spam/Bot Account,1
twdemo_000188,"You NEED to see this. No experience needed, just a phone. Message number 57 today, still going. Tap the link in my story.",#followforfollow #onlyfollowers,9,1,0,-0.296,Spam/Bot Account,1
twdemo_000188,"I wasn't going to share this but... This is not a scam, I promise. Already 91 success stories this month. ✅",#dmforprice #cashapp #makemoneyonline #onlyfollowers,10,0,0,0.911,Spam/Bot Account,1
twdemo_000188,"🚨 LAST CHANCE 🚨 Thousands already joined, don't miss out. Over 30 people already joined this week. Tap the link in my story. 🎁👉",#cashapp #freeprize #onlyfollowers #dmforprice #clicklink,2,0,0,0.725,Spam/Bot Account,1
twdemo_000189,Behind the scenes at the shop today. Your support keeps our doors open. Order number 31 just shipped. DM us to order.,#startup #growth #hustle #businessowner,76,6,3,0.4588,Business Account,0
twdemo_000189,"Small batch, made with care. We appreciate every single one of you. Order number 53 just shipped. DM us to order.",#shopsmall,149,20,6,0.7351,Business Account,0
twdemo_000189,Thank you Charlesburgh for another great week. We appreciate every single one of you. Order number 62 just shipped. ✅💼,#smallbusiness #entrepreneur,210,40,4,0.8625,Business Account,0
twdemo_000189,Thank you Ronaldville for another great week. Orders ship out within 2 business days. 48 orders packed and ready to go. Limited stock available. ✅🔗,#growth #shopsmall,124,20,3,0.802,Business Account,0
twdemo_000189,Behind the scenes at the shop today. We appreciate every single one of you. Shoutout to our 3th customer this week. 💼✅,#marketing,105,9,6,0.4019,Business Account,0
twdemo_000189,"Small batch, made with care. Locally sourced, always. 79 orders packed and ready to go. Tag someone who'd love this.",#smallbusiness #growth #businessowner,166,18,3,0.872,Business Account,0
twdemo_000189,Thank you West Charlesborough for another great week. Your support keeps our doors open. Serving Ericland since 2024. Limited stock available.,#customerfirst,69,14,1,0.8126,Business Account,0
twdemo_000189,"Thank you Port Kenneth for another great week. Locally sourced, always. Thank you Amyshire for 36 years of support.",#marketing #entrepreneur #hustle,158,18,2,0.8957,Business Account,0
twdemo_000189,Meet the team making it happen. Handmade in small batches every week. 💼,,96,6,2,0.0,Business Account,0
twdemo_000189,Meet the team making it happen. Handmade in small batches every week. Shoutout to our 90th customer this week. 🌍✅,#hustle #customerfirst #growth #startup,92,11,3,0.0,Business Account,0
twdemo_000190,"This account is really me, I promise. New project details coming very soon. Since 2021, the journey continues. Since 2019, the journey continues.",#official,45,2,0,0.3744,Celebrity Impersonator,1
twdemo_000190,To my real fans: There's more coming that I can't wait to share. Thank you Antonio for the constant support. ✨🎬,,111,7,5,0.682,Celebrity Impersonator,1
twdemo_000190,"Thank you for the love this 2019. Please report any fake pages you see. Message number 68 today, reading every one.",#fanpage,42,1,1,0.7351,Celebrity Impersonator,1
twdemo_000190,I don't get to say this enough. This journey keeps surprising me. Back in Markborough this 2023. DM me directly here.,,191,5,3,0.2732,Celebrity Impersonator,1
twdemo_000190,"Something special is coming, stay tuned. I read every message even if I can't reply to all. Thank you Sherry for the constant support. 🌟📚",,136,4,7,0.7845,Celebrity Impersonator,1
twdemo_000190,Taking a moment to say thank you. This journey keeps surprising me. Project number 70 coming together nicely. Back in East Sara this 2023.,,169,19,8,0.7783,Celebrity Impersonator,1
twdemo_000190,To my real fans: I read every message even if I can't reply to all. 93 years of your support means everything. Share this so others know it's real. 💪🎬,,4,0,0,0.5994,Celebrity Impersonator,1
twdemo_000190,"This account is really me, I promise. Grateful for every one of you every single day. Project number 53 coming together nicely.",,161,12,13,0.83,Celebrity Impersonator,1
twdemo_000190,Important announcement coming soon. Please report any fake pages you see. Back in New Samantha this 2017. Share this so others know it's real. 🙌,#official,38,2,1,0.296,Celebrity Impersonator,1
twdemo_000190,"Something special is coming, stay tuned. This journey keeps surprising me. Since 2016, the journey continues. Follow only this page.",#fanpage #celebrity,108,6,9,0.5859,Celebrity Impersonator,1
twdemo_000190,Thank you for the love this 2015. Grateful for every one of you every single day. 46 years of your support means everything.,,20,2,0,0.9081,Celebrity Impersonator,1
twdemo_000190,"To my real fans: None of this would matter without you. Since 2023, still going strong. Thank you Virginia for the constant support. Share this so others know it's real.",,102,28,3,0.8689,Celebrity Impersonator,1
twdemo_000190,"I see all of your messages, truly. None of this would matter without you. 68 years in this industry now. 67 years of your support means everything. 🎬✨",,38,1,1,0.7906,Celebrity Impersonator,1
twdemo_000191,New side project idea just hit me at 2am. Docs were wrong but figured it out eventually. Sprint 41 wrapped up today. Repo link below. 🔧☕,#buildinpublic #webdev,57,4,0,-0.2617,Developer,0
twdemo_000191,Shipped a small feature at Ortega LLC. Past me really did not comment anything. Deploy number 50 of the week. Curious how others solve this. ☕,#buildinpublic,63,7,0,0.5267,Developer,0
twdemo_000191,Spent way too long on a bug today. Docs were wrong but figured it out eventually. Sprint 97 wrapped up today.,,58,5,1,-0.2617,Developer,0
twdemo_000191,"Gave a lunch-and-learn at Novak, Wood and Jennings today. Docs were wrong but figured it out eventually. Deploy number 58 of the week. 🐛",,80,16,1,-0.1531,Developer,0
twdemo_000191,Migrated a service to a new framework today. Past me really did not comment anything. Still can't believe it's 2024 and this bug exists. Repo link below. 🐛⚙️,#buildinpublic #javascript,83,11,1,0.0,Developer,0
twdemo_000191,Learning a new part of the stack this week. The code review comments humbled me. ☕💻,,37,4,0,0.0,Developer,0
twdemo_000191,Shipped a small feature at Fernandez-Sullivan. CI is green and I'm emotionally fine now. Still can't believe it's 2019 and this bug exists. Repo link below.,#javascript #python,68,7,0,0.2023,Developer,0
twdemo_000192,"Study session with Stephanie turned into a nap. My professor just dropped a pop quiz, send help. Tagging Janet because they'd get this. Someone quiz me please.",,12,2,0,0.6124,Student,0
twdemo_000192,Coffee run before class. Turns out procrastination is a full-time job. Ran into Tiffany at the library again. 📚✨,,15,1,0,0.3182,Student,0
twdemo_000192,"Study session with Christopher turned into a nap. My professor just dropped a pop quiz, send help.",#campus,15,3,0,0.4019,Student,0
twdemo_000192,Campus is so pretty in North Stacy today. Turns out procrastination is a full-time job. Campus tour 34 for prospective students today.,#studygram #classof2026 #campus,15,2,1,0.6269,Student,0
twdemo_000192,Campus is so pretty in New Patriciaview today. Somehow still passing my classes. Shoutout to Matthew for the study session. Tell me it gets easier. ☕,#finals,10,3,0,0.7855,Student,0
twdemo_000192,Coffee run before class. Ranking my classes from bearable to soul-crushing. Shoutout to Michael for the study session.,,22,3,0,0.0,Student,0
twdemo_000192,Coffee run before class. Turns out procrastination is a full-time job. Currently 70 cups of coffee deep today. 📚🙌,#studybreak #studygram #university,5,1,0,0.0,Student,0
twdemo_000192,Coffee run before class. Dorm life really tests your patience. Group chat with Patrick is unhinged today.,,13,3,0,0.0,Student,0
twdemo_000192,"Campus is so pretty in Port Robertmouth today. Library until it closes, again. Shoutout to Gregory for the study session.",#college,15,2,0,0.6269,Student,0
twdemo_000192,Another day surviving Nelsontown University. Turns out procrastination is a full-time job. Number 78 on my to-do list: sleep. 📚,,21,4,0,0.3612,Student,0
twdemo_000193,This might be my favorite collab yet. My followers deserve the best recommendations. Gregory styled this look. Link in bio for the discount. ✨,#trending #ad #musthave #lifestyle,306,17,1,0.8591,Fake Influencer,1
twdemo_000193,Today's shoot was a whole vibe. This is exactly what my feed needed. Outfit number 65 of the week. 👑,#linkinbio #brandpartner #trending,820,30,3,-0.2732,Fake Influencer,1
twdemo_000193,This brand sent me the best package. Partnering with brands I actually love. Susan styled this look. Brand deal number 63 this month. Shop this look now.,#ad #linkinbio,850,41,2,0.8658,Fake Influencer,1
twdemo_000193,"Obsessed with this new find. This is going straight into my everyday rotation. Since 2023, this has been the dream. Trip number 20 this year, no complaints. DM for collab details. 💅",#sponsored #trending #influencer #discountcode,906,75,2,0.5801,Fake Influencer,1
twdemo_000193,"New content coming your way soon. Use my code for a discount. So many of you asked for this, here it is. Trip number 19 this year, no complaints. 😍💖",#influencer #musthave #sponsored,775,115,3,0.7564,Fake Influencer,1
twdemo_000193,Today's shoot was a whole vibe. So grateful for opportunities like this. Can't believe it's already 2018. Shop this look now.,#musthave #ad #linkinbio #discountcode,729,37,1,0.7802,Fake Influencer,1
twdemo_000193,"Can't stop wearing this lately. Can't wait to show you more from this collab. Tagging Sharon, my glam team today. Since 2021, this has been the dream. Shop this look now.",#musthave #ad #influencer,1042,21,2,0.4382,Fake Influencer,1
twdemo_000193,Living for moments like this. Can't believe I get to call this my job. Brand deal number 60 this month. Code is my username at checkout. 👑💅,#linkinbio #trending,426,26,1,0.4215,Fake Influencer,1
twdemo_000194,"Learning a new part of the stack this week. Linting caught it before it shipped, thankfully.",,1,0,0,0.4215,Developer,0
twdemo_000194,Gave a lunch-and-learn at Hale-Martin today. Past me really did not comment anything. 61 tabs of documentation open right now. ☕⚙️,#coding #python,3,0,0,0.0,Developer,0
twdemo_000194,On-call was quiet for once. CI is green and I'm emotionally fine now. Standup update: 76 things fixed today. Curious how others solve this. ☕🚀,,1,0,0,0.5994,Developer,0
twdemo_000194,Finally got the tests passing. Naming things is still the hardest part. Pairing with Jesse made this so much faster. 🧠,,2,0,0,0.0,Developer,0
twdemo_000194,Migrated a service to a new framework today. The fix was smaller than the investigation. Sprint 64 wrapped up today.,#programmer #javascript,1,0,0,0.0,Developer,0
twdemo_000194,Learning a new part of the stack this week. Naming things is still the hardest part. 72 tabs of documentation open right now.,#webdev,1,0,0,0.0,Developer,0
twdemo_000194,Rewrote a script that's been bugging me for weeks. Docs were wrong but figured it out eventually. 🐛,#coding #buildinpublic,2,0,0,-0.2617,Developer,0
twdemo_000194,"Shipped a small feature at Parker, Landry and Buckley. Turned out to be a missing semicolon. Deploy number 77 of the week. 🐛💻",#webdev #python,1,0,0,-0.2263,Developer,0
twdemo_000194,Learning a new part of the stack this week. Turns out the cache was the whole problem. Sprint 76 wrapped up today.,,2,0,0,-0.4019,Developer,0
twdemo_000194,Refactoring old code I wrote a year ago. The fix was smaller than the investigation. Currently on commit number 13 of this refactor. 🧠,#100daysofcode,2,0,0,0.3612,Developer,0
twdemo_000195,Study session with Tyrone turned into a nap. Ranking my classes from bearable to soul-crushing. Can't believe it's already 2022.,#dormlife #college #studybreak,14,3,0,0.0,Student,0
twdemo_000195,Study session with Mark turned into a nap. Somehow still passing my classes. Ran into Bradley at the library again. 🎬,,9,2,0,0.0,Student,0
twdemo_000195,Campus is so pretty in Kingside today. Ranking my classes from bearable to soul-crushing. Group chat with Joseph is unhinged today. ✨🌟,#classof2026 #finals #gradstudent,8,1,0,0.7518,Student,0
twdemo_000195,Group project update: Somehow still passing my classes. Officially 20 credits away from graduating.,,9,2,0,0.3612,Student,0
twdemo_000195,Group project update: Dorm life really tests your patience. Currently 18 cups of coffee deep today.,,6,1,0,0.0,Student,0
twdemo_000195,Campus is so pretty in Curryport today. Turns out procrastination is a full-time job. Number 96 on my to-do list: sleep. Send snacks. 😊🎉,#university #college,4,0,0,0.9204,Student,0
twdemo_000195,Group project update: Dorm life really tests your patience. This is assignment number 76 this semester. 🎬🙌,,23,6,0,0.0772,Student,0
twdemo_000195,Finals season has me questioning everything. Somehow still passing my classes. Group chat with Jessica is unhinged today. Someone quiz me please. ☕,#classof2026 #finals #studentlife,9,1,0,0.2263,Student,0
twdemo_000195,"Coffee run before class. Library until it closes, again. Campus tour 77 for prospective students today. Someone quiz me please.",#studentlife,9,2,0,0.3182,Student,0
twdemo_000196,This might be my favorite collab yet. Can't wait to show you more from this collab. Brand deal number 32 this month. Outfit number 82 of the week. Link in bio for the discount. 💖,#collab #trending #brandpartner #sponsored,661,12,13,0.875,Fake Influencer,1
twdemo_000196,"New content coming your way soon. Honestly didn't expect to love this as much as I do. Tagging Lori, my glam team today. Tagging Kevin, my glam team today. Shop this look now.",#sponsored #linkinbio,271,7,5,-0.0946,Fake Influencer,1
twdemo_000196,"This brand sent me the best package. This is exactly what my feed needed. Tagging Joyce, my glam team today. Brand deal number 10 this month. Link in bio for the discount.",#discountcode #linkinbio #collab,135,6,2,0.6705,Fake Influencer,1
twdemo_000196,Obsessed with this new find. This is exactly what my feed needed. Packing for North Amy again this week.,,456,5,6,-0.1779,Fake Influencer,1
twdemo_000196,"Obsessed with this new find. So grateful for opportunities like this. Outfit number 5 of the week. So many of you asked for this, here it is. ✨",#trending #linkinbio #lifestyle #brandpartner,154,3,3,0.8787,Fake Influencer,1
twdemo_000196,"Unboxing my favorite package of the month. Can't wait to show you more from this collab. Packing for North Williamberg again this week. So many of you asked for this, here it is. 📸",#ad,444,15,6,0.4588,Fake Influencer,1
twdemo_000196,Can't stop wearing this lately. My followers deserve the best recommendations. Outfit number 54 of the week.,#ad #lifestyle #collab #trending,174,6,1,0.7497,Fake Influencer,1
twdemo_000196,This brand sent me the best package. So many of you have been asking about this. Look number 25 from this campaign. Link in bio for the discount.,,508,17,6,0.6705,Fake Influencer,1
twdemo_000196,Unboxing my favorite package of the month. This is going straight into my everyday rotation. Packing for Amberfort again this week. DM for collab details.,#linkinbio #trending #brandpartner,229,12,1,0.5994,Fake Influencer,1
twdemo_000196,"Today's shoot was a whole vibe. So many of you have been asking about this. Trip number 26 this year, no complaints. 💅",#brandpartner,372,5,3,0.0408,Fake Influencer,1
twdemo_000197,"🚨 LAST CHANCE 🚨 Made more money this week than my old job paid monthly. Started in Phillipstown, now everywhere. Tap the link in my story. 💰",#cryptosignals #clicklink #freeprize #makemoneyonline #cashapp #dmforprice,548,70,40,0.4084,Fitness Creator,0
twdemo_000197,I wasn't going to share this but... Spots are filling up fast. Slot 23 almost gone. Comment before it's gone. 🛒,#dmforprice #freeprize #clicklink #cashapp #cryptosignals #giveaway,858,107,75,-0.1139,Fitness Creator,0
twdemo_000197,"You NEED to see this. Spots are filling up fast. Since 2017, thousands have joined. Link in bio, click now. 🎁👉",#dmforprice #giveaway,365,23,19,0.4404,Fitness Creator,0
twdemo_000197,"Stop scrolling, read this. Made more money this week than my old job paid monthly. Message number 40 today, still going. DM me 'START' immediately. ✅🎁",#cryptosignals #followforfollow #giveaway #makemoneyonline #cashapp,330,18,20,0.25,Fitness Creator,0
twdemo_000197,"Everyone is asking how I did this so fast. Thousands already joined, don't miss out. 41 people can't all be wrong. Link in bio, click now. 👉🔥",#giveaway #followforfollow #getrichquick #cryptosignals,591,43,67,0.1526,Fitness Creator,0
twdemo_000197,"🚨 LAST CHANCE 🚨 This is not a scam, I promise. This worked for Christopher too, ask them. 👉📩",#clicklink #dmforprice #cryptosignals #giveaway #onlyfollowers #makemoneyonline #freeprize,940,76,83,0.7924,Fitness Creator,0
twdemo_000197,"You NEED to see this. This is not a scam, I promise. Over 67 people already joined this week. 💰",#followforfollow #getrichquick,352,28,29,0.6483,Fitness Creator,0
twdemo_000197,"This changed everything for me. No experience needed, just a phone. Started in Tiffanyfort, now everywhere. Link in bio, click now. ✅",#cashapp #onlyfollowers #cryptosignals,604,80,44,-0.296,Fitness Creator,0
twdemo_000197,"Everyone is asking how I did this so fast. Spots are filling up fast. Since 2025, thousands have joined. Comment before it's gone. 🛒💰",#dmforprice #onlyfollowers #followforfollow,452,35,23,0.0,Fitness Creator,0
twdemo_000198,A quick note from me to you. Grateful for every one of you every single day. Project number 18 coming together nicely. Working on something big for 2022. ☕,#viral,171,9,2,0.7351,Celebrity Impersonator,1
twdemo_000198,A quick note from me to you. Ignore anyone claiming to be my manager elsewhere. 46 years in this industry now. 49 years in this industry now. 🌟,#trending,209,69,9,-0.3612,Celebrity Impersonator,1
twdemo_000198,"This account is really me, I promise. New project details coming very soon. Back in New Christianchester this 2016. 90 years of your support means everything. DM me directly here.",#viral #celebrity,226,11,3,0.6444,Celebrity Impersonator,1
twdemo_000198,Taking a moment to say thank you. None of this would matter without you. Back in West Matthew this 2017. Share this so others know it's real.,,132,9,2,0.5859,Celebrity Impersonator,1
twdemo_000198,Important announcement coming soon. New project details coming very soon. Thank you Sara for the constant support.,,260,9,3,0.7414,Celebrity Impersonator,1
twdemo_000198,"Something special is coming, stay tuned. Please report any fake pages you see.",#viral,115,31,2,0.2263,Celebrity Impersonator,1
twdemo_000198,"A quick note from me to you. New project details coming very soon. Since 2025, the journey continues. Thank you Rodney for the constant support.",#trending,285,24,5,0.6369,Celebrity Impersonator,1
twdemo_000198,Thank you for the love this 2021. Grateful for every one of you every single day. Back in Henryborough this 2021. DM me directly here. 🌟☕,#trending,326,18,3,0.8658,Celebrity Impersonator,1
twdemo_000198,"Important announcement coming soon. Please report any fake pages you see. Since 2015, still going strong. Share this so others know it's real. 🌟😊",,335,17,3,0.8885,Celebrity Impersonator,1
twdemo_000198,"Thank you for the love this 2025. Ignore anyone claiming to be my manager elsewhere. Back in South Krista this 2025. Tagging Joshua, thank you for believing in this. Share this so others know it's real. 🌟💪",#celebrity,141,9,1,0.8481,Celebrity Impersonator,1
twdemo_000199,"Taking a moment to say thank you. Please report any fake pages you see. Since 2020, the journey continues. 😊🐾",#exclusive #fanpage,16,0,0,0.7717,Celebrity Impersonator,1
twdemo_000199,"This account is really me, I promise. New project details coming very soon. Tagging Wendy, thank you for believing in this. DM me directly here.",#celebrity #exclusive,106,6,0,0.6204,Celebrity Impersonator,1
twdemo_000199,"I see all of your messages, truly. Please report any fake pages you see. Back in Murphyton this 2021.",,57,2,0,0.2732,Celebrity Impersonator,1
twdemo_000199,To my real fans: None of this would matter without you. Working on something big for 2022. DM me directly here. 😊,#exclusive #fanpage,68,4,2,0.7269,Celebrity Impersonator,1
twdemo_000199,"I see all of your messages, truly. There's more coming that I can't wait to share.",,36,2,0,0.2528,Celebrity Impersonator,1
twdemo_000199,Important announcement coming soon. This journey keeps surprising me. Working on something big for 2017. Thank you Sandra for the constant support. 🎬,,23,1,0,0.7964,Celebrity Impersonator,1
twdemo_000199,"Something special is coming, stay tuned. I read every message even if I can't reply to all. Back in Travisbury this 2025. Working on something big for 2015.",#exclusive,52,1,0,0.4019,Celebrity Impersonator,1
twdemo_000199,"Taking a moment to say thank you. I read every message even if I can't reply to all. Since 2024, still going strong. DM me directly here. 🙌🎬",,10,0,0,0.7003,Celebrity Impersonator,1
twdemo_000199,"Important announcement coming soon. There's more coming that I can't wait to share. Back in Port Danielle this 2025. Message number 89 today, reading every one. DM me directly here. 😊🎉",,30,8,0,0.8365,Celebrity Impersonator,1
twdemo_000199,"I see all of your messages, truly. Please report any fake pages you see. Working on something big for 2019. DM me directly here.",,67,5,1,0.2732,Celebrity Impersonator,1
twdemo_000199,Thank you for the love this 2015. Please report any fake pages you see. 98 years in this industry now. Share this so others know it's real. 📚✨,,99,2,0,0.8555,Celebrity Impersonator,1
twdemo_000200,Obsessed with this new find. Partnering with brands I actually love. Brittany styled this look. Shop this look now. 😍,#collab,124,4,1,0.7579,Fake Influencer,1
twdemo_000200,Unboxing my favorite package of the month. My followers deserve the best recommendations. Filming this in Chavezborough today. Nicholas styled this look. Link in bio for the discount. ✨📸,,91,4,1,0.8591,Fake Influencer,1
twdemo_000200,Living for moments like this. So many of you have been asking about this. Diane styled this look. ✨,#ad #linkinbio,81,2,1,0.5859,Fake Influencer,1
twdemo_000200,This brand sent me the best package. Use my code for a discount. Look number 65 from this campaign.,#sponsored,98,1,0,0.6705,Fake Influencer,1
twdemo_000200,"This brand sent me the best package. My followers deserve the best recommendations. So many of you asked for this, here it is. 📸✨",#trending #influencer #musthave,92,1,0,0.8934,Fake Influencer,1
twdemo_000200,New content coming your way soon. Partnering with brands I actually love. Shot this in North Heatherstad. Link in bio for the discount. 🌴,#brandpartner,103,1,0,0.6369,Fake Influencer,1
twdemo_000200,Obsessed with this new find. Honestly didn't expect to love this as much as I do. Shot this in Lake Edward.,#linkinbio,603,9,5,-0.2658,Fake Influencer,1
twdemo_000200,Can't stop wearing this lately. Honestly didn't expect to love this as much as I do. Tommy styled this look. Packing for Adamtown again this week. Link in bio for the discount.,#lifestyle #brandpartner #collab #influencer #trending,59,2,0,0.1331,Fake Influencer,1
