user_id,caption,hashtags,likes,comments,shares,sentiment,archetype,is_fake
lidemo_000001,Just published a short case study. Every client engagement teaches me something new. Presenting findings in Port Nicholasberg next month. Presenting findings in South James next month. Would love your thoughts in the comments.,,123,16,13,0.802,Consultant,0
lidemo_000001,"Kicked off a new engagement this week. Alignment across stakeholders matters more than the plan itself. Advising a team at Gill-Wallace this quarter. Engagement number 30 wrapped this quarter. Happy to discuss further, DM me.",,134,16,7,0.8779,Consultant,0
lidemo_000001,Some thoughts on change management. Alignment across stakeholders matters more than the plan itself. 17 years advising clients across industries. Case study number 10 published this month.,,126,15,6,0.1027,Consultant,0
lidemo_000001,"Wrapped up a multi-month transformation project. Every industry has more in common than people expect. Based out of East Michael this 2021. Based out of Nortonmouth this 2023. Happy to discuss further, DM me.",#hiring,118,15,10,0.5719,Consultant,0
lidemo_000001,"Speaking at a panel next month on industry trends. The best solutions come from listening first. Advising a team at Oliver, Frederick and Whitaker this quarter.",,202,31,14,0.7096,Consultant,0
lidemo_000001,Speaking at a panel next month on industry trends. Grateful to work across such varied industries. Engagement number 65 wrapped this quarter. Advising a team at Castillo-Rodriguez this quarter.,#innovation #career,109,5,6,0.743,Consultant,0
lidemo_000001,"Wrapped up an engagement with a great client this week. Alignment across stakeholders matters more than the plan itself. Engagement number 74 wrapped this quarter. Presenting findings in South Elizabethshire next month. Happy to discuss further, DM me.",,188,30,13,0.9349,Consultant,0
lidemo_000001,"Wrapped up an engagement with a great client this week. The hardest part is rarely the analysis, it's the change management.",,189,24,11,0.7964,Consultant,0
lidemo_000002,Gave a short talk on our team's testing practices. Cross-team collaboration made this so much smoother. Shoutout to John for the pairing session. Spoke with Glenn on the platform team about it.,,4,1,0,0.0,Developer,0
lidemo_000002,"Mentored a junior engineer today and loved it. Cross-team collaboration made this so much smoother. Shipped feature number 43 this sprint. Based out of Evanschester, remote-first. Let me know your thoughts below.",,3,1,0,0.6369,Developer,0
lidemo_000002,Mentored a junior engineer today and loved it. The postmortem taught us more than the incident did. 94 years into this role now. Rolling this out from our West Matthew office.,#leadership #networking,7,3,0,0.5994,Developer,0
lidemo_000002,Mentored a junior engineer today and loved it. Cross-team collaboration made this so much smoother. Shipped feature number 61 this sprint. Sprint 24 retro done.,,5,1,0,0.6369,Developer,0
lidemo_000002,"Reflecting on 3 years as a developer. Testing early saved us a painful rollback. Working with the team at Dean, Woods and Coleman on this one. Based out of Bennettshire, remote-first. Always glad to swap notes with other teams.",#networking #leadership,5,1,0,0.4404,Developer,0
lidemo_000002,Gave a short talk on our team's testing practices. Grateful for a team that values code quality. Shoutout to Austin for the pairing session. 84 years into this role now. Open to connecting with other engineers.,,5,1,0,0.6908,Developer,0
lidemo_000003,"Migrated a legacy service this week. Small, frequent deploys keep saving us from bigger headaches. 96 years into this role now.",,7,1,0,0.0,Developer,0
lidemo_000003,Shipped a new feature at Moore-Preston this week. Always learning something new in this role. PR number 8 merged today. Always glad to swap notes with other teams.,,17,1,1,0.5106,Developer,0
lidemo_000003,Reflecting on 3 years as a developer. The postmortem taught us more than the incident did. Working with the team at Burns Ltd on this one. Working with the team at Morgan-Jones on this one.,,24,2,1,0.0,Developer,0
lidemo_000003,Onboarded a new teammate this week. Always learning something new in this role. 18 years into this role now. Rolling this out from our Angelafurt office.,,17,1,1,0.0,Developer,0
lidemo_000003,"Reflecting on 3 years as a developer. Small, frequent deploys keep saving us from bigger headaches. Mentoring 49 junior engineers this quarter. Sprint 2 retro done. Let me know your thoughts below.",,18,2,1,0.0,Developer,0
lidemo_000003,"Gave a short talk on our team's testing practices. Good tooling makes the whole team faster. Working with the team at Harmon, Knight and Brown on this one. Shipped feature number 35 this sprint.",,21,5,1,0.4939,Developer,0
lidemo_000003,Gave a short talk on our team's testing practices. Testing early saved us a painful rollback. Rolling this out from our East Sydneychester office. Spoke with Robert on the platform team about it. Always glad to swap notes with other teams.,,12,1,0,0.4404,Developer,0
lidemo_000003,Shipped a new feature at Brown Ltd this week. Good tooling makes the whole team faster. Shoutout to Susan for the pairing session.,#leadership #hiring,23,3,1,0.4404,Developer,0
lidemo_000003,Reflecting on 3 years as a developer. The postmortem taught us more than the incident did. Rolling this out from our Lake Anthonymouth office.,#leadership,7,1,0,0.0,Developer,0
lidemo_000003,Onboarded a new teammate this week. Testing early saved us a painful rollback. Shoutout to Steven for the pairing session.,#career #innovation,16,1,1,-0.0258,Developer,0
lidemo_000003,"Reflecting on 3 years as a developer. Always learning something new in this role. Mentoring 30 junior engineers this quarter. Based out of Johnmouth, remote-first.",,9,1,1,0.0,Developer,0
lidemo_000003,"Shipped a new feature at Ramirez, Thomas and Kelly this week. Documentation really does save future you. Shipped feature number 78 this sprint. Sprint 45 retro done.",,32,2,1,0.5829,Developer,0
lidemo_000003,Wrote a short post on lessons from a recent outage. Grateful for a team that values code quality. Rolling this out from our Jonshire office. 54 years into this role now. Always glad to swap notes with other teams.,,9,1,1,0.8271,Developer,0
lidemo_000003,Migrated a legacy service this week. Good tooling makes the whole team faster. Shoutout to Andrea for the pairing session. Always glad to swap notes with other teams.,,8,1,0,0.7096,Developer,0
lidemo_000004,"Here's the leadership lesson nobody tells you. This is only the beginning of what we're building. Since 2025, leading this company forward. Milestone number 75 for the company this 2023. Connect with me for exclusive opportunities.",,14,1,1,0.5267,Fake Executive Impersonator,1
lidemo_000004,"Leading the industry into a new era. Most executives think too small, I never have. 49 years of industry-leading growth. 56 years of industry-leading growth. 💼",#innovation #career,3,0,0,0.6369,Fake Executive Impersonator,1
lidemo_000004,"As CEO, I'm proud to announce a groundbreaking initiative. This is only the beginning of what we're building. Meeting with Joseph to plan the next phase. Meeting with Mark to plan the next phase. Reach out if you want to learn more.",,2,0,0,0.5423,Fake Executive Impersonator,1
lidemo_000004,Here's the leadership lesson nobody tells you. True leadership means thinking bigger than everyone else. Expanding Ball-Lopez into West Kimberly this 2020. Expanding Hall-Roberts into West William this 2025. Connect with me for exclusive opportunities. 💼🚀,,0,0,0,0.7096,Fake Executive Impersonator,1
lidemo_000004,Another record quarter under my leadership. Great leaders create their own opportunities. Milestone number 73 for the company this 2020. Meeting with David to plan the next phase. DM me to discuss investment opportunities.,,0,0,0,0.8934,Fake Executive Impersonator,1
lidemo_000004,"Leading the industry into a new era. True leadership means thinking bigger than everyone else. Meeting with Melanie to plan the next phase. Based in New Ryanbury, thinking globally.",,2,0,0,0.4215,Fake Executive Impersonator,1
lidemo_000004,"Leading the industry into a new era. This is only the beginning of what we're building. Based in Hollowayberg, thinking globally. Based in Laurenstad, thinking globally.",#career #innovation,4,0,0,0.0,Fake Executive Impersonator,1
lidemo_000004,"My latest leadership insight for aspiring executives. This is only the beginning of what we're building. Since 2015, leading this company forward. Addressed the board on this in Pearsonfort last week.",#networking #hiring,6,0,1,0.0,Fake Executive Impersonator,1
lidemo_000004,Announcing a major company milestone under my leadership. Success comes to those who never settle. Announcement number 14 this quarter.,,1,0,0,0.5389,Fake Executive Impersonator,1
lidemo_000004,"As CEO, I'm proud to announce a groundbreaking initiative. My journey to the top wasn't easy, but it was inevitable. Milestone number 83 for the company this 2021. Since 2019, leading this company forward.",#networking,0,0,0,0.2953,Fake Executive Impersonator,1
lidemo_000004,"As CEO, I'm proud to announce a groundbreaking initiative. We're disrupting the entire sector. Expanding Garcia, Stone and Thomas into Jenniferview this 2018. Announcement number 53 this quarter.",#leadership,3,0,0,0.5267,Fake Executive Impersonator,1
lidemo_000004,"Another record quarter under my leadership. This is only the beginning of what we're building. Since 2021, leading this company forward. Meeting with Rachel to plan the next phase.",#networking #hiring,0,0,0,0.0,Fake Executive Impersonator,1
lidemo_000004,"Announcing a major company milestone under my leadership. We're disrupting the entire sector. Based in Carrside, thinking globally. Based in West Brianstad, thinking globally. Reach out if you want to learn more.",,2,0,0,0.1027,Fake Executive Impersonator,1
lidemo_000005,"Had a great conversation with a recruiter today. This confirmed the career path I want to pursue. Class of 2022, still learning every day. Project number 67 this semester. Feel free to reach out!",,13,2,0,0.8553,Student,0
lidemo_000005,Joined a new student organization this semester. This experience changed how I think about my major. Career fair number 85 this year. Internship application number 36 submitted. Would love to connect with others in the field.,,20,7,0,0.8244,Student,0
lidemo_000005,Excited to share I just finished a project for class. Learned so much about teamwork and deadlines. Career fair number 29 this year.,,8,1,0,0.7351,Student,0
lidemo_000005,Grateful for an amazing internship experience this summer. Time to recharge before next semester. One of 48 students selected for the program.,#hiring,14,3,0,0.7783,Student,0
lidemo_000005,"Joined a new student organization this semester. This experience changed how I think about my major. Grateful for Kelsey's advice on this one. Cohort of 2018, North Leslie campus. Would love to connect with others in the field.",,8,1,0,0.8173,Student,0
lidemo_000005,Just finished my first group case competition. Still processing everything I learned this week. Grateful for Darryl's advice on this one. Would love to connect with others in the field.,,21,7,1,0.802,Student,0
lidemo_000005,"Reflecting on my first year at Turnerhaven University. Learned so much about teamwork and deadlines. Class of 2021, still learning every day. Internship application number 74 submitted.",,9,2,0,0.0772,Student,0
lidemo_000005,Joined a new student organization this semester. Still processing everything I learned this week. One of 51 students selected for the program.,,20,3,0,0.0,Student,0
lidemo_000005,Excited to share I just finished a project for class. Still processing everything I learned this week. 37 credits away from graduating. Internship application number 58 submitted. Would love to connect with others in the field.,,24,3,0,0.891,Student,0
lidemo_000005,"Joined a new student organization this semester. This experience changed how I think about my major. Class of 2018, still learning every day. Class of 2025, still learning every day.",,9,2,0,0.0,Student,0
lidemo_000006,"My latest leadership insight for aspiring executives. True leadership means thinking bigger than everyone else. Since 2019, leading this company forward.",#hiring,53,4,2,0.4215,Consultant,0
lidemo_000006,"My latest leadership insight for aspiring executives. This is only the beginning of what we're building. Expanding Thompson-Chambers into Jonathanstad this 2018. Based in Michaelbury, thinking globally. Reach out if you want to learn more.",#hiring,29,4,1,0.1027,Consultant,0
lidemo_000006,Here's the leadership lesson nobody tells you. True leadership means thinking bigger than everyone else. Milestone number 25 for the company this 2015. 💼🚀,,37,5,1,0.4767,Consultant,0
lidemo_000006,"Announcing a major company milestone under my leadership. This is only the beginning of what we're building. Expanding Kim, Jenkins and Ortiz into Port Markhaven this 2018. Since 2025, leading this company forward. Connect with me for exclusive opportunities.",#hiring,27,2,1,0.4767,Consultant,0
lidemo_000006,"As CEO, I'm proud to announce a groundbreaking initiative. True leadership means thinking bigger than everyone else. Meeting with Teresa to plan the next phase. Meeting with Joseph to plan the next phase. Connect with me for exclusive opportunities.",,43,10,1,0.8402,Consultant,0
lidemo_000006,"My latest leadership insight for aspiring executives. Most executives think too small, I never have. Milestone number 91 for the company this 2016. Connect with me for exclusive opportunities. 💼🚀",,20,4,1,0.4363,Consultant,0
lidemo_000006,"As CEO, I'm proud to announce a groundbreaking initiative. My journey to the top wasn't easy, but it was inevitable. Milestone number 84 for the company this 2016. 🚀",#innovation,42,6,1,0.2953,Consultant,0
lidemo_000006,"My latest leadership insight for aspiring executives. Success comes to those who never settle. Based in Lake Robinbury, thinking globally. Addressed the board on this in Lake Benjamin last week.",,20,3,0,0.5719,Consultant,0
lidemo_000006,"Announcing a major company milestone under my leadership. My journey to the top wasn't easy, but it was inevitable. Addressed the board on this in Wardville last week. DM me to discuss investment opportunities. 🚀",,35,3,1,0.4761,Consultant,0
lidemo_000006,"As CEO, I'm proud to announce a groundbreaking initiative. True leadership means thinking bigger than everyone else. Milestone number 49 for the company this 2017. Based in Phelpsport, thinking globally.",,38,7,1,0.7351,Consultant,0
lidemo_000006,My latest leadership insight for aspiring executives. Great leaders create their own opportunities. Addressed the board on this in North Becky last week. 🚀💼,#innovation #networking,33,7,1,0.8316,Consultant,0
lidemo_000006,"My latest leadership insight for aspiring executives. We're disrupting the entire sector. Based in Lake Paul, thinking globally. Based in Bankstown, thinking globally. Follow for more leadership wisdom.",#hiring #leadership,43,9,1,0.5688,Consultant,0
lidemo_000006,"My latest leadership insight for aspiring executives. Great leaders create their own opportunities. Since 2016, leading this company forward. Announcement number 63 this quarter. Connect with me for exclusive opportunities.",,33,5,1,0.9042,Consultant,0
lidemo_000006,Another record quarter under my leadership. Success comes to those who never settle. Addressed the board on this in Brownville last week. 36 years of industry-leading growth. Reach out if you want to learn more.,#networking,20,4,1,0.7717,Consultant,0
lidemo_000006,Announcing a major company milestone under my leadership. This is only the beginning of what we're building. Addressed the board on this in Christopherberg last week. 41 years of industry-leading growth.,#hiring,32,7,1,0.3818,Consultant,0
lidemo_000006,"As CEO, I'm proud to announce a groundbreaking initiative. Great leaders create their own opportunities. Addressed the board on this in Harrisonport last week.",#leadership #career,14,2,0,0.8979,Consultant,0
lidemo_000006,Here's the leadership lesson nobody tells you. We're disrupting the entire sector. 55 years of industry-leading growth. Milestone number 11 for the company this 2020. Follow for more leadership wisdom.,,24,2,1,0.7635,Consultant,0
lidemo_000007,"Facilitated a strategy workshop today. Every client engagement teaches me something new. Advising a team at Barry, Oliver and Reese this quarter. Based out of Port Kentfort this 2015.",,52,3,0,0.4588,Spam/Bot Account,1
lidemo_000007,"Speaking at a panel next month on industry trends. Frameworks help, but context always wins. 16 years advising clients across industries. 56 years advising clients across industries.",#career,8,0,0,0.7845,Spam/Bot Account,1
lidemo_000007,Just published a short case study. Every client engagement teaches me something new. Based out of South Karaborough this 2015. Based out of Torresberg this 2024. Reach out if this resonates.,,18,0,0,0.4767,Spam/Bot Account,1
lidemo_000007,"Just published a short case study. Strategy is only as good as its execution. Advising a team at Graham, Thornton and Hughes this quarter. Case study number 43 published this month.",,20,3,0,0.4939,Spam/Bot Account,1
lidemo_000007,"Just published a short case study. The hardest part is rarely the analysis, it's the change management. Case study number 91 published this month. Would love your thoughts in the comments.",,29,3,0,0.6705,Spam/Bot Account,1
lidemo_000008,Excited to share our latest case study. Every milestone here is a team effort. Partnering with Alvarado Inc on this initiative. Welcoming 38 new team members this 2019.,#networking #hiring #career,2,0,0,0.7579,Business/Company Page,0
lidemo_000008,"Proud to announce a new partnership. Grateful for the trust our clients place in us. Based in Ellisland, serving clients since 2017. Expanding into New Tara this 2022.",,1,0,0,0.8555,Business/Company Page,0
lidemo_000008,Reflecting on another strong quarter for the team. We're expanding into new markets this year. Proudly 27 years in business. Milestone number 16 unlocked this quarter. We'd love to hear from you.,#career #hiring #leadership,1,0,0,0.9081,Business/Company Page,0
lidemo_000008,Grateful for the recognition from our industry peers. Our clients' feedback keeps shaping the roadmap. Proudly 15 years in business. Thank you to our 38th client.,,1,0,0,0.8442,Business/Company Page,0
lidemo_000008,"We're hiring! Come join our growing team. Culture and craft both matter to how we build. Partnering with Johnson Inc on this initiative. Partnering with Webster, Cochran and Munoz on this initiative. Apply via the link in our profile.",#innovation #career #leadership,1,0,0,0.5093,Business/Company Page,0
lidemo_000009,"Everyone should be doing this in 2026. Limited spots in my mentorship program. Since 2015, thousands have joined my program. Helped 56 clients hit six figures this 2017. Click the link in my profile.",#opportunity #grind #remotework,10,0,1,-0.2263,Spam/Bot Account,1
lidemo_000009,"The algorithm doesn't want you to know this. This strategy works for anyone, guaranteed. Ran a session in Williamtown last week, huge turnout. Comment below and I'll follow up. 💯",#remotework #makemoney,22,0,0,0.2681,Spam/Bot Account,1
lidemo_000009,"The algorithm doesn't want you to know this. Comment 'INFO' and I'll send details. Case study number 83 of my system, ask me how. Only 41 spots left this month. Comment below and I'll follow up.",#grind #opportunity #makemoney #hiring,31,1,2,0.0201,Spam/Bot Account,1
lidemo_000009,"Stop scrolling, this could change your career. I've helped hundreds of people do the same. Ask Brett, they joined last month. Book a free call today. 📈💯",#hiring #makemoney #opportunity,21,0,1,0.2732,Spam/Bot Account,1
lidemo_000009,"The algorithm doesn't want you to know this. I've helped hundreds of people do the same. Ran a session in East Randall last week, huge turnout. Helped 22 clients hit six figures this 2025. Click the link in my profile. 📈💯",#grind #opportunity,38,2,1,0.2681,Spam/Bot Account,1
lidemo_000009,"I made $10k this month using this LinkedIn hack. Comment 'INFO' and I'll send details. Ran a session in East Richard last week, huge turnout. Helped 33 clients hit six figures this 2019. 💯🚀",#opportunity,7,1,0,0.3182,Spam/Bot Account,1
lidemo_000009,I made $10k this month using this LinkedIn hack. DM me and I'll show you exactly how. Helped 60 clients hit six figures this 2021. Only 96 spots left this month. Click the link in my profile. 💯,#makemoney,10,0,0,0.0,Spam/Bot Account,1
lidemo_000009,"Stop scrolling, this could change your career. DM me and I'll show you exactly how. Case study number 84 of my system, ask me how. 🚀📈",#remotework #grind,12,0,0,-0.2263,Spam/Bot Account,1
lidemo_000009,"Grow your network 10x with this simple trick. DM me and I'll show you exactly how. Case study number 77 of my system, ask me how. Ran a session in New Brandonport last week, huge turnout. DM me the word 'START'.",#opportunity,11,1,0,0.34,Spam/Bot Account,1
lidemo_000010,"Excited to unveil our latest product update. Looking forward to what's next for us. Based in East Melanieside, serving clients since 2017. Congrats to Shelia on leading this launch. Reach out if you'd like to collaborate.",,275,16,15,0.8126,Business/Company Page,0
lidemo_000010,Reflecting on another strong quarter for the team. Our clients' feedback keeps shaping the roadmap. Proudly 97 years in business. Expanding into Gilbertberg this 2023. We'd love to hear from you.,#networking,313,20,15,0.9022,Business/Company Page,0
lidemo_000010,Grateful for the recognition from our industry peers. We're expanding into new markets this year. Thank you to our 31th client. Welcoming 8 new team members this 2021. Reach out if you'd like to collaborate.,,379,16,20,0.875,Business/Company Page,0
lidemo_000010,"Excited to unveil our latest product update. Every milestone here is a team effort. Partnering with Hoover, Wilson and Bell on this initiative. Learn more on our website.",#hiring,292,18,18,0.34,Business/Company Page,0
lidemo_000010,Excited to unveil our latest product update. Our clients' feedback keeps shaping the roadmap. Congrats to Melissa on leading this launch.,#innovation #hiring,309,22,13,0.7003,Business/Company Page,0
lidemo_000010,Reflecting on another strong quarter for the team. Our clients' feedback keeps shaping the roadmap. Reach out if you'd like to collaborate.,,188,12,13,0.7096,Business/Company Page,0
lidemo_000010,"Reflecting on another strong quarter for the team. We're expanding into new markets this year. Milestone number 51 unlocked this quarter. Based in New Ashleyburgh, serving clients since 2018.",#networking #leadership,123,15,6,0.5574,Business/Company Page,0
lidemo_000010,We're hiring! Come join our growing team. We're expanding into new markets this year. Opening a new office in Port Michaelburgh this 2022. Welcoming 43 new team members this 2020. Reach out if you'd like to collaborate.,#innovation #leadership,150,20,9,0.8268,Business/Company Page,0
lidemo_000010,Thank you to our clients for another great quarter. Grateful for the trust our clients place in us. Welcoming 49 new team members this 2016.,#hiring,213,10,9,0.9413,Business/Company Page,0
lidemo_000010,Proud to announce a new partnership. We're expanding into new markets this year. Proudly 9 years in business.,,226,16,10,0.7717,Business/Company Page,0
lidemo_000010,Excited to share our latest case study. Every milestone here is a team effort. Congrats to Elijah on leading this launch. Opening a new office in East Robert this 2022. Apply via the link in our profile.,,376,22,19,0.7906,Business/Company Page,0
lidemo_000010,"Proud to announce a new partnership. Grateful for the trust our clients place in us. Partnering with Garcia, Moreno and Bates on this initiative. We'd love to hear from you.",,209,14,13,0.9274,Business/Company Page,0
lidemo_000010,Our team just hit a major milestone. This wouldn't be possible without our incredible team. Milestone number 67 unlocked this quarter. Learn more on our website.,,223,11,17,0.144,Business/Company Page,0
lidemo_000011,"Mentored a junior engineer today and loved it. Cross-team collaboration made this so much smoother. Based out of East Francisco, remote-first.",,6,1,0,0.5994,Fake Executive Impersonator,1
lidemo_000011,Finally closed out a long-standing tech debt ticket. Documentation really does save future you. 72 years into this role now. Shipped feature number 61 this sprint.,,12,1,0,0.3134,Fake Executive Impersonator,1
lidemo_000011,Shipped a new feature at Sanchez PLC this week. Cross-team collaboration made this so much smoother. Mentoring 20 junior engineers this quarter. Spoke with Yolanda on the platform team about it. Always glad to swap notes with other teams.,,4,0,0,0.4588,Fake Executive Impersonator,1
lidemo_000011,"Migrated a legacy service this week. Small, frequent deploys keep saving us from bigger headaches. Shipped feature number 88 this sprint.",,6,0,0,0.0772,Fake Executive Impersonator,1
lidemo_000011,Gave a short talk on our team's testing practices. Always learning something new in this role. Sprint 93 retro done. Rolling this out from our Mariaton office.,#innovation #leadership,7,0,0,0.0,Fake Executive Impersonator,1
lidemo_000011,Finally closed out a long-standing tech debt ticket. The postmortem taught us more than the incident did. Sprint 62 retro done.,,15,0,0,-0.3612,Fake Executive Impersonator,1
lidemo_000011,"Gave a short talk on our team's testing practices. Cross-team collaboration made this so much smoother. Based out of East Juliemouth, remote-first. Spoke with Anthony on the platform team about it.",,12,1,0,0.0,Fake Executive Impersonator,1
lidemo_000011,Finally closed out a long-standing tech debt ticket. Testing early saved us a painful rollback. Shipped feature number 14 this sprint. PR number 68 merged today.,,3,0,0,-0.25,Fake Executive Impersonator,1
lidemo_000011,Excited to start using a new framework on our team. Cross-team collaboration made this so much smoother. PR number 6 merged today. Rolling this out from our New Kathleenmouth office.,,8,0,0,0.4019,Fake Executive Impersonator,1
lidemo_000011,"Wrote a short post on lessons from a recent outage. Testing early saved us a painful rollback. 55 years into this role now. Working with the team at Anderson, West and Perez on this one. Always glad to swap notes with other teams.",,6,1,0,0.4404,Fake Executive Impersonator,1
lidemo_000011,Reflecting on 3 years as a developer. Cross-team collaboration made this so much smoother. 22 years into this role now. 57 years into this role now. Happy to share more details if useful.,,11,1,0,0.8428,Fake Executive Impersonator,1
lidemo_000011,Onboarded a new teammate this week. Testing early saved us a painful rollback. Spoke with Willie on the platform team about it. Rolling this out from our Glassburgh office. Happy to share more details if useful.,#career,5,0,0,0.8387,Fake Executive Impersonator,1
lidemo_000011,"Reflecting on 3 years as a developer. Cross-team collaboration made this so much smoother. Based out of East Wyattstad, remote-first. Shipped feature number 96 this sprint. Let me know your thoughts below.",#networking #leadership,6,0,0,0.0772,Fake Executive Impersonator,1
lidemo_000011,Mentored a junior engineer today and loved it. Cross-team collaboration made this so much smoother. Shoutout to Richard for the pairing session.,#hiring,5,0,0,0.5994,Fake Executive Impersonator,1
lidemo_000012,"Shipped a new feature at Benson, Waters and Wright this week. Small, frequent deploys keep saving us from bigger headaches. Shipped feature number 70 this sprint. Shoutout to Wendy for the pairing session. Always glad to swap notes with other teams.",,53,3,4,0.5106,Developer,0
lidemo_000012,Migrated a legacy service this week. Always learning something new in this role. Spoke with Ashley on the platform team about it. Shipped feature number 43 this sprint. Always glad to swap notes with other teams.,#innovation #networking,47,7,1,0.5106,Developer,0
lidemo_000012,Onboarded a new teammate this week. Good tooling makes the whole team faster. Mentoring 28 junior engineers this quarter. PR number 96 merged today.,#innovation #hiring,32,8,2,0.4939,Developer,0
lidemo_000012,Excited to start using a new framework on our team. Testing early saved us a painful rollback. Shoutout to Vincent for the pairing session.,#leadership #innovation,30,5,1,0.3182,Developer,0
lidemo_000012,Wrote a short post on lessons from a recent outage. The postmortem taught us more than the incident did. Shipped feature number 23 this sprint. PR number 95 merged today.,,40,3,2,0.1531,Developer,0
lidemo_000012,"Finally closed out a long-standing tech debt ticket. The postmortem taught us more than the incident did. Rolling this out from our Hansonport office. Based out of Jamietown, remote-first.",,35,7,1,-0.3612,Developer,0
lidemo_000012,"Excited to start using a new framework on our team. Small, frequent deploys keep saving us from bigger headaches. Working with the team at Holt, Nelson and Wright on this one. Happy to share more details if useful.",,31,5,2,0.8876,Developer,0
lidemo_000012,Finally closed out a long-standing tech debt ticket. Testing early saved us a painful rollback. Shipped feature number 69 this sprint. Working with the team at Lynch Group on this one.,#innovation,26,3,1,-0.3182,Developer,0
lidemo_000012,Mentored a junior engineer today and loved it. The postmortem taught us more than the incident did. Mentoring 91 junior engineers this quarter. Sprint 28 retro done. Let me know your thoughts below.,#hiring,22,2,1,0.5994,Developer,0
lidemo_000013,"This one trick changed my whole career trajectory. This isn't some overnight gimmick, it actually works. Helped 47 clients hit six figures this 2023.",#opportunity,5,0,0,-0.0516,Spam/Bot Account,1
lidemo_000013,"Grow your network 10x with this simple trick. It's simpler than you'd expect, promise. Since 2017, thousands have joined my program. Only 2 spots left this month. 🚀",#grind #hiring #makemoney,10,0,0,0.2732,Spam/Bot Account,1
lidemo_000013,"This one trick changed my whole career trajectory. It's simpler than you'd expect, promise. Session number 24 of my mentorship program. DM me the word 'START'. 🚀",#remotework #grind #makemoney,3,0,0,0.34,Spam/Bot Account,1
lidemo_000013,"Everyone should be doing this in 2026. DM me and I'll show you exactly how. Case study number 40 of my system, ask me how. Since 2021, thousands have joined my program.",,7,0,0,0.0772,Spam/Bot Account,1
lidemo_000013,I wish someone told me this five years ago. I've helped hundreds of people do the same. Helped 66 clients hit six figures this 2021. DM me the word 'START'.,#makemoney #hiring,5,0,0,0.4019,Spam/Bot Account,1
lidemo_000013,"Grow your network 10x with this simple trick. Comment 'INFO' and I'll send details. Ask Jessica, they joined last month. Built this system while working out of Cunninghambury. Comment below and I'll follow up.",#hiring #grind #remotework #opportunity,2,0,0,-0.0516,Spam/Bot Account,1
lidemo_000013,"I made $10k this month using this LinkedIn hack. Comment 'INFO' and I'll send details. Ran a session in Mathewstad last week, huge turnout.",#hiring #opportunity #makemoney,3,0,0,0.3182,Spam/Bot Account,1
lidemo_000013,"This one trick changed my whole career trajectory. This isn't some overnight gimmick, it actually works. Session number 61 of my mentorship program. Only 72 spots left this month. Click the link in my profile.",#remotework,2,0,0,0.0258,Spam/Bot Account,1
lidemo_000013,"The algorithm doesn't want you to know this. This isn't some overnight gimmick, it actually works. Session number 95 of my mentorship program. Since 2018, thousands have joined my program.",#hiring #makemoney #opportunity #remotework,3,0,0,0.0201,Spam/Bot Account,1
lidemo_000013,"The algorithm doesn't want you to know this. This isn't some overnight gimmick, it actually works. Only 5 spots left this month. 📈",#grind,5,0,0,-0.0572,Spam/Bot Account,1
lidemo_000013,"I made $10k this month using this LinkedIn hack. Limited spots in my mentorship program. Case study number 3 of my system, ask me how. Ran a session in Josephshire last week, huge turnout.",#makemoney #remotework #opportunity,4,0,0,0.1779,Spam/Bot Account,1
lidemo_000013,"I wish someone told me this five years ago. This isn't some overnight gimmick, it actually works. Ask Isaac, they joined last month. Ran a session in West Tonyberg last week, huge turnout. Book a free call today. 📈",#hiring #opportunity #grind,8,0,0,0.8074,Spam/Bot Account,1
lidemo_000013,"Everyone should be doing this in 2026. It's simpler than you'd expect, promise. Only 72 spots left this month. DM me the word 'START'. 🚀📈",#opportunity #makemoney #grind,3,0,0,0.3182,Spam/Bot Account,1
lidemo_000013,"I wish someone told me this five years ago. It's simpler than you'd expect, promise. Helped 76 clients hit six figures this 2022. Ran a session in North Connieland last week, huge turnout. Comment below and I'll follow up. 📈🚀",,5,0,0,0.743,Spam/Bot Account,1
lidemo_000014,"Dream job alert, don't wait on this one! This opportunity won't last, act now. Hiring event in Ebonyview this week. Slot number 32 still available. Comment 'HIRE ME' below. 💰✅",#opportunity,5,0,0,0.793,Developer,0
lidemo_000014,"Dream job alert, don't wait on this one! We place candidates faster than anyone else. Slot number 29 still available. Comment 'HIRE ME' below.",#opportunity #makemoney,6,0,0,0.5848,Developer,0
lidemo_000014,"Exciting remote opportunity, no experience needed! Hundreds already applied, don't miss out. Ask for Stephen, I'm handling this search. Working with Lane PLC to fill this fast. Message me ASAP to secure your spot. ✅💰",#remotework #opportunity,8,0,0,0.7867,Developer,0
lidemo_000014,"Dream job alert, don't wait on this one! This opportunity won't last, act now. Working with Fields-Wilson to fill this fast. Slot number 44 still available. Message me ASAP to secure your spot.",#hiring #makemoney #remotework,7,0,0,0.857,Developer,0
lidemo_000014,Hiring managers are reviewing applications TODAY. We place candidates faster than anyone else. Hiring event in West Tammy this week. Recruiting drive kicking off in Johnsonfort this week. DM me your resume today.,#remotework #grind,10,1,0,0.0,Developer,0
lidemo_000014,"We are looking for talent, apply immediately! High salary, flexible hours guaranteed. Recruiting drive kicking off in Thomashaven this week. 🚀✅",#makemoney,16,1,0,0.6114,Developer,0
lidemo_000014,"We are looking for talent, apply immediately! This opportunity won't last, act now. Hiring event in Scottview this week. Recruiting drive kicking off in Williammouth this week. Comment 'HIRE ME' below.",,11,0,0,0.7463,Developer,0
lidemo_000014,"Exciting remote opportunity, no experience needed! High salary, flexible hours guaranteed. Hiring event in South Laurenborough this week. Apply via the link in my profile now.",#grind,9,0,0,0.7177,Developer,0
lidemo_000014,"Companies are hiring fast this quarter, apply now! Send your resume and bank details to get started fast. 22 candidates placed since 2019.",#opportunity #makemoney #remotework,8,0,0,0.0,Developer,0
lidemo_000014,"Hiring managers are reviewing applications TODAY. High salary, flexible hours guaranteed. Slot number 75 still available. Working with Marshall, Duran and Hayden to fill this fast.",#opportunity #remotework #makemoney,3,0,0,0.296,Developer,0
lidemo_000014,"This role won't stay open long! Send your resume and bank details to get started fast. Working with Ballard, Hart and Smith to fill this fast. 8 candidates placed since 2024. Message me ASAP to secure your spot.",#grind #remotework,8,0,0,0.4003,Developer,0
lidemo_000014,"Hiring managers are reviewing applications TODAY. Hundreds already applied, don't miss out. Ask for Michael, I'm handling this search. Apply via the link in my profile now.",,3,0,0,0.1139,Developer,0
lidemo_000015,Just published a short case study. Strategy is only as good as its execution. Case study number 40 published this month. Would love your thoughts in the comments.,,47,13,3,0.8126,Consultant,0
lidemo_000015,"Kicked off a new engagement this week. The hardest part is rarely the analysis, it's the change management. 14 years advising clients across industries. Worked alongside Jeffrey on this engagement. Would love your thoughts in the comments.",#hiring,22,3,1,0.8934,Consultant,0
lidemo_000015,Kicked off a new engagement this week. Strategy is only as good as its execution. Based out of West Timothy this 2024.,#leadership,26,8,1,0.7096,Consultant,0
lidemo_000015,Sharing a few lessons from a recent client engagement. Alignment across stakeholders matters more than the plan itself. Engagement number 16 wrapped this quarter. Based out of North Jeffreystad this 2019.,,26,6,2,0.8481,Consultant,0
lidemo_000016,"Here's the leadership lesson nobody tells you. My journey to the top wasn't easy, but it was inevitable. 88 years of industry-leading growth. 87 years of industry-leading growth. 💼",#networking,144,16,5,0.7577,Business/Company Page,0
lidemo_000016,My latest leadership insight for aspiring executives. This is only the beginning of what we're building. Announcement number 57 this quarter. Reach out if you want to learn more. 💼,#networking #career,175,14,9,0.1779,Business/Company Page,0
lidemo_000016,"As CEO, I'm proud to announce a groundbreaking initiative. Success comes to those who never settle. Announcement number 47 this quarter.",,354,41,20,0.7634,Business/Company Page,0
lidemo_000016,"Announcing a major company milestone under my leadership. True leadership means thinking bigger than everyone else. Based in Scottland, thinking globally. Meeting with Michelle to plan the next phase. Reach out if you want to learn more.",,286,56,10,0.4939,Business/Company Page,0
lidemo_000016,"Announcing a major company milestone under my leadership. This is only the beginning of what we're building. Meeting with Keith to plan the next phase. Based in New Charles, thinking globally. 🚀💼",,158,26,5,0.0,Business/Company Page,0
lidemo_000016,"My latest leadership insight for aspiring executives. This is only the beginning of what we're building. Since 2023, leading this company forward. Meeting with Carolyn to plan the next phase. 🚀💼",,192,26,6,0.0,Business/Company Page,0
lidemo_000016,"Another record quarter under my leadership. My journey to the top wasn't easy, but it was inevitable. Milestone number 75 for the company this 2025. 82 years of industry-leading growth.",#hiring #networking,215,26,3,0.5495,Business/Company Page,0
lidemo_000016,Sharing my vision for where this industry is headed. Success comes to those who never settle. Addressed the board on this in Johnsonborough last week. Addressed the board on this in Destinyville last week. DM me to discuss investment opportunities.,#hiring,332,33,9,0.8779,Business/Company Page,0
lidemo_000016,"As CEO, I'm proud to announce a groundbreaking initiative. We're disrupting the entire sector. 52 years of industry-leading growth. Announcement number 97 this quarter. 🚀💼",,225,39,21,0.7184,Business/Company Page,0
lidemo_000016,"As CEO, I'm proud to announce a groundbreaking initiative. My journey to the top wasn't easy, but it was inevitable. Since 2018, leading this company forward.",,429,81,20,0.1894,Business/Company Page,0
lidemo_000016,"My latest leadership insight for aspiring executives. My journey to the top wasn't easy, but it was inevitable. 41 years of industry-leading growth. Based in East Courtneyview, thinking globally.",#career,529,89,20,0.4761,Business/Company Page,0
lidemo_000017,Just wrapped up finals! Grateful for professors who go above and beyond.,#career #leadership,43,7,2,0.5093,Student,0
lidemo_000017,"Presented my capstone project today. Balancing coursework and applications has been a lot, but worth it. Class of 2016, still learning every day. Met with a career advisor in Robertfort this week.",,41,8,1,0.3291,Student,0
lidemo_000017,Presented my capstone project today. This experience changed how I think about my major. Career fair number 48 this year. Career fair number 24 this year. Open to internship opportunities.,,20,6,1,0.8096,Student,0
lidemo_000017,Excited to share I just finished a project for class. This experience changed how I think about my major. One of 26 students selected for the program. Shoutout to Latasha for the mentorship.,,32,8,1,0.5574,Student,0
lidemo_000017,Reflecting on my first year at Antoniofort University. Learned so much about teamwork and deadlines. Grateful for Charles's advice on this one. Feel free to reach out!,,32,21,0,0.7712,Student,0
lidemo_000017,"Grateful for an amazing internship experience this summer. Balancing coursework and applications has been a lot, but worth it. Class of 2015, still learning every day. Class of 2019, still learning every day.",,23,8,0,0.6956,Student,0
lidemo_000018,"Finally closed out a long-standing tech debt ticket. Small, frequent deploys keep saving us from bigger headaches. Rolling this out from our New Todd office.",,3,0,0,-0.3612,Spam/Bot Account,1
lidemo_000018,Mentored a junior engineer today and loved it. Documentation really does save future you. Rolling this out from our Daviesbury office. PR number 85 merged today.,,3,0,0,0.8261,Spam/Bot Account,1
lidemo_000018,Finally closed out a long-standing tech debt ticket. Testing early saved us a painful rollback. Spoke with Robert on the platform team about it.,#hiring,6,0,0,-0.3818,Spam/Bot Account,1
lidemo_000018,Excited to start using a new framework on our team. Grateful for a team that values code quality. Spoke with Holly on the platform team about it. Rolling this out from our South Eddie office.,#career #hiring,6,0,0,0.7964,Spam/Bot Account,1
lidemo_000018,Onboarded a new teammate this week. Always learning something new in this role. Working with the team at Wilson-Acosta on this one. Always glad to swap notes with other teams.,#innovation #hiring,7,0,0,0.4588,Spam/Bot Account,1
lidemo_000018,Onboarded a new teammate this week. Always learning something new in this role. Sprint 22 retro done. Spoke with Bradley on the platform team about it.,,5,0,0,0.0,Spam/Bot Account,1
lidemo_000018,Excited to start using a new framework on our team. Always learning something new in this role. Working with the team at Stephens LLC on this one. Rolling this out from our Chelsealand office. Always glad to swap notes with other teams.,#career,14,0,1,0.6597,Spam/Bot Account,1
lidemo_000018,Onboarded a new teammate this week. Good tooling makes the whole team faster. Rolling this out from our Davidland office. Sprint 57 retro done.,,9,0,0,0.4404,Spam/Bot Account,1
lidemo_000018,Reflecting on 3 years as a developer. Cross-team collaboration made this so much smoother. Working with the team at Mcgrath Group on this one.,,10,0,0,0.0,Spam/Bot Account,1
lidemo_000018,Onboarded a new teammate this week. The postmortem taught us more than the incident did. Working with the team at Edwards Group on this one. Rolling this out from our Anthonyport office.,,7,0,0,0.0,Spam/Bot Account,1
lidemo_000018,Mentored a junior engineer today and loved it. Documentation really does save future you. PR number 64 merged today. Happy to share more details if useful.,,11,0,0,0.9497,Spam/Bot Account,1
lidemo_000018,"Gave a short talk on our team's testing practices. Small, frequent deploys keep saving us from bigger headaches. PR number 84 merged today.",,5,0,0,0.0772,Spam/Bot Account,1
lidemo_000018,Reflecting on 3 years as a developer. Documentation really does save future you. Mentoring 24 junior engineers this quarter. Sprint 50 retro done.,,2,0,0,0.539,Spam/Bot Account,1
lidemo_000018,Excited to start using a new framework on our team. Testing early saved us a painful rollback. Spoke with Charles on the platform team about it.,#networking #innovation,17,0,0,0.3182,Spam/Bot Account,1
lidemo_000019,"Another record quarter under my leadership. True leadership means thinking bigger than everyone else. Since 2021, leading this company forward. DM me to discuss investment opportunities.",#career,2,0,0,0.6597,Fake Executive Impersonator,1
lidemo_000019,"As CEO, I'm proud to announce a groundbreaking initiative. Success comes to those who never settle. Since 2022, leading this company forward. Milestone number 34 for the company this 2019. DM me to discuss investment opportunities. 💼",,1,0,0,0.8658,Fake Executive Impersonator,1
lidemo_000019,"Another record quarter under my leadership. Great leaders create their own opportunities. Since 2015, leading this company forward.",#innovation #leadership,2,0,0,0.8316,Fake Executive Impersonator,1
lidemo_000019,"Leading the industry into a new era. We're disrupting the entire sector. Announcement number 10 this quarter. Since 2018, leading this company forward.",,2,0,0,0.0772,Fake Executive Impersonator,1
lidemo_000019,"Leading the industry into a new era. My journey to the top wasn't easy, but it was inevitable. Addressed the board on this in Thomasmouth last week. Announcement number 32 this quarter. Connect with me for exclusive opportunities.",,1,0,0,0.6482,Fake Executive Impersonator,1
lidemo_000019,"Here's the leadership lesson nobody tells you. Great leaders create their own opportunities. Since 2017, leading this company forward. Announcement number 84 this quarter. Follow for more leadership wisdom. 💼",#innovation #leadership,3,0,0,0.9149,Fake Executive Impersonator,1
lidemo_000019,Sharing my vision for where this industry is headed. Success comes to those who never settle. Meeting with Ryan to plan the next phase. Reach out if you want to learn more.,,1,0,0,0.836,Fake Executive Impersonator,1
lidemo_000019,"As CEO, I'm proud to announce a groundbreaking initiative. My journey to the top wasn't easy, but it was inevitable. Milestone number 27 for the company this 2019.",#career #leadership,1,0,0,0.2953,Fake Executive Impersonator,1
lidemo_000019,"Announcing a major company milestone under my leadership. We're disrupting the entire sector. Based in Lake Patricia, thinking globally. Based in Lake Amy, thinking globally.",#innovation #networking,1,0,0,0.0,Fake Executive Impersonator,1
lidemo_000019,Leading the industry into a new era. True leadership means thinking bigger than everyone else. Addressed the board on this in West Cindymouth last week. Announcement number 50 this quarter.,#networking #hiring,4,0,0,0.4767,Fake Executive Impersonator,1
lidemo_000019,My latest leadership insight for aspiring executives. Great leaders create their own opportunities. 19 years of industry-leading growth. Follow for more leadership wisdom.,,3,0,0,0.9334,Fake Executive Impersonator,1
lidemo_000019,"As CEO, I'm proud to announce a groundbreaking initiative. We're disrupting the entire sector. Milestone number 13 for the company this 2017. Expanding Hernandez Inc into North Lorettaborough this 2016. Reach out if you want to learn more.",,3,0,0,0.5859,Fake Executive Impersonator,1
lidemo_000020,Wrapped up an engagement with a great client this week. Strategy is only as good as its execution. Based out of Jacksonville this 2020.,,329,27,15,0.875,Consultant,0
lidemo_000020,Sharing a few lessons from a recent client engagement. Strategy is only as good as its execution. 59 years advising clients across industries. Based out of East Teresa this 2022. Would love your thoughts in the comments.,#career #hiring #networking,532,54,40,0.9169,Consultant,0
lidemo_000020,Sharing a few lessons from a recent client engagement. The best solutions come from listening first. Case study number 73 published this month. 71 years advising clients across industries.,,293,26,30,0.9001,Consultant,0
lidemo_000020,"Sharing a few lessons from a recent client engagement. The hardest part is rarely the analysis, it's the change management. Engagement number 3 wrapped this quarter. 32 years advising clients across industries.",#career #leadership,186,11,8,0.8442,Consultant,0
lidemo_000020,Reflecting on 10 years of consulting. Strategy is only as good as its execution. Based out of Lawrenceton this 2023. Case study number 77 published this month. Would love your thoughts in the comments.,,278,60,39,0.8126,Consultant,0
lidemo_000020,"Some thoughts on change management. Alignment across stakeholders matters more than the plan itself. Case study number 10 published this month. Advising a team at Rasmussen, Mcintyre and Arnold this quarter. Happy to discuss further, DM me.",#leadership,315,44,5,0.6249,Consultant,0
lidemo_000020,Facilitated a strategy workshop today. Strategy is only as good as its execution. 78 years advising clients across industries. Would love your thoughts in the comments.,,350,40,9,0.7964,Consultant,0
lidemo_000020,"Reflecting on 10 years of consulting. The hardest part is rarely the analysis, it's the change management. 33 years advising clients across industries. Speaking at 58 conferences this 2025.",#leadership #networking #career,81,13,1,0.0,Consultant,0
lidemo_000020,"Facilitated a strategy workshop today. The hardest part is rarely the analysis, it's the change management. 67 years advising clients across industries. 32 years advising clients across industries.",,240,35,7,0.0,Consultant,0
lidemo_000020,Wrapped up a multi-month transformation project. Every client engagement teaches me something new. Worked alongside Benjamin on this engagement. Engagement number 6 wrapped this quarter.,,361,40,6,0.8689,Consultant,0
lidemo_000020,"Sharing a few lessons from a recent client engagement. The hardest part is rarely the analysis, it's the change management. Based out of Port Christopher this 2020. Presenting findings in Patelview next month. Open to new client conversations.",#hiring #networking,153,3,6,0.7003,Consultant,0
lidemo_000020,Kicked off a new engagement this week. The best solutions come from listening first. Engagement number 6 wrapped this quarter. 7 years advising clients across industries.,#career,298,40,15,0.9042,Consultant,0
lidemo_000020,Wrapped up an engagement with a great client this week. Strategy is only as good as its execution. 43 years advising clients across industries. Advising a team at Christian Inc this quarter.,#career #hiring,326,33,23,0.875,Consultant,0
lidemo_000020,Reflecting on 10 years of consulting. Strategy is only as good as its execution. Presenting findings in South Nancyfort next month.,#networking #career #leadership,268,20,16,0.4404,Consultant,0
lidemo_000021,Our team just hit a major milestone. Grateful for the trust our clients place in us. Expanding into South Rachel this 2021. Congrats to Deanna on leading this launch.,,72,6,1,0.8744,Business/Company Page,0
lidemo_000021,Proud to announce a new partnership. Grateful for the trust our clients place in us. Thank you to our 11th client.,#networking #hiring #innovation,86,8,4,0.8979,Business/Company Page,0
lidemo_000021,Reflecting on another strong quarter for the team. Our clients' feedback keeps shaping the roadmap. Thank you to our 42th client.,,83,6,3,0.7003,Business/Company Page,0
lidemo_000021,Our team just hit a major milestone. Looking forward to what's next for us. Expanding into West Jameshaven this 2022. Thank you to our 78th client. Learn more on our website.,#networking #career #leadership,156,18,6,0.3612,Business/Company Page,0
lidemo_000021,Grateful for the recognition from our industry peers. This wouldn't be possible without our incredible team. Opening a new office in Carterberg this 2018. Opening a new office in East Wayneport this 2025.,#networking #innovation,212,23,15,0.4588,Business/Company Page,0
lidemo_000021,"Thank you to our clients for another great quarter. We're expanding into new markets this year. Thank you to our 98th client. Based in North Mariahport, serving clients since 2018. Reach out if you'd like to collaborate.",#leadership #innovation,75,16,2,0.8934,Business/Company Page,0
lidemo_000021,Excited to unveil our latest product update. Every milestone here is a team effort. Welcoming 73 new team members this 2015. Congrats to Lisa on leading this launch. Apply via the link in our profile.,,167,8,4,0.8271,Business/Company Page,0
lidemo_000021,Proud to announce a new partnership. Looking forward to what's next for us. Congrats to Kristen on leading this launch. Expanding into Leonardfort this 2016.,#innovation,68,9,2,0.7579,Business/Company Page,0
lidemo_000021,"Excited to unveil our latest product update. Grateful for the trust our clients place in us. Milestone number 36 unlocked this quarter. Partnering with Martin, Jimenez and Bailey on this initiative. We'd love to hear from you.",#innovation #networking,111,14,6,0.9217,Business/Company Page,0
lidemo_000021,Excited to unveil our latest product update. Every milestone here is a team effort. Opening a new office in Vasquezbury this 2018. We'd love to hear from you.,,164,12,2,0.765,Business/Company Page,0
lidemo_000021,Excited to unveil our latest product update. Our clients' feedback keeps shaping the roadmap. Congrats to Yvonne on leading this launch.,,56,4,3,0.7003,Business/Company Page,0
lidemo_000021,We're hiring! Come join our growing team. Every milestone here is a team effort. Opening a new office in Joneshaven this 2024. Milestone number 19 unlocked this quarter.,,309,20,4,0.5411,Business/Company Page,0
lidemo_000021,Thank you to our clients for another great quarter. Every milestone here is a team effort. Proudly 18 years in business. Partnering with Dyer-Owens on this initiative.,,55,8,2,0.8807,Business/Company Page,0
lidemo_000021,Excited to share our latest case study. Our clients' feedback keeps shaping the roadmap. Welcoming 91 new team members this 2015. Milestone number 15 unlocked this quarter. Apply via the link in our profile.,,137,17,8,0.7783,Business/Company Page,0
lidemo_000022,Reflecting on another strong quarter for the team. Looking forward to what's next for us. Opening a new office in Port Paulhaven this 2025. We'd love to hear from you.,,1,0,0,0.8176,Spam/Bot Account,1
lidemo_000022,Excited to unveil our latest product update. Our clients' feedback keeps shaping the roadmap. Milestone number 93 unlocked this quarter. Reach out if you'd like to collaborate.,#career #hiring,1,0,0,0.6486,Spam/Bot Account,1
lidemo_000022,Our team just hit a major milestone. Innovation continues to drive everything we do. Thank you to our 26th client. Expanding into Hollyport this 2024.,,4,0,0,0.6573,Spam/Bot Account,1
lidemo_000022,Thank you to our clients for another great quarter. We're expanding into new markets this year. Proudly 8 years in business. Expanding into East Mistyview this 2022.,#career #innovation #leadership,2,0,0,0.8807,Spam/Bot Account,1
lidemo_000022,"We're hiring! Come join our growing team. Looking forward to what's next for us. Based in Thomaschester, serving clients since 2015.",,1,0,0,0.4926,Spam/Bot Account,1
lidemo_000023,Excited to share our latest case study. Innovation continues to drive everything we do. Proudly 87 years in business.,#innovation #hiring,56,5,5,0.8689,Business/Company Page,0
lidemo_000023,Reflecting on another strong quarter for the team. Looking forward to what's next for us. Partnering with Robinson Inc on this initiative. We'd love to hear from you.,,49,5,4,0.8176,Business/Company Page,0
lidemo_000023,Excited to unveil our latest product update. Innovation continues to drive everything we do. Congrats to James on leading this launch. Milestone number 53 unlocked this quarter.,,41,6,2,0.8271,Business/Company Page,0
lidemo_000023,Thank you to our clients for another great quarter. Looking forward to what's next for us. Opening a new office in East Stephaniemouth this 2019. Welcoming 88 new team members this 2025.,#hiring #innovation,24,3,1,0.8591,Business/Company Page,0
lidemo_000023,Proud to announce a new partnership. Innovation continues to drive everything we do. Thank you to our 53th client. Proudly 86 years in business. Reach out if you'd like to collaborate.,#career,55,3,3,0.8957,Business/Company Page,0
lidemo_000023,Welcoming several new team members this month. Looking forward to what's next for us. Thank you to our 27th client.,#hiring,68,7,3,0.6597,Business/Company Page,0
lidemo_000023,Excited to unveil our latest product update. This wouldn't be possible without our incredible team. Opening a new office in Port Lindachester this 2018.,,99,9,7,0.34,Business/Company Page,0
lidemo_000023,We're hiring! Come join our growing team. Our clients' feedback keeps shaping the roadmap. Expanding into Port Christopherhaven this 2016. Proudly 56 years in business. We'd love to hear from you.,,63,7,6,0.8999,Business/Company Page,0
lidemo_000023,Grateful for the recognition from our industry peers. This wouldn't be possible without our incredible team. Expanding into Hallside this 2020.,,31,3,3,0.4588,Business/Company Page,0
lidemo_000023,Excited to share our latest case study. Every milestone here is a team effort. Milestone number 56 unlocked this quarter. We'd love to hear from you.,,68,5,6,0.8442,Business/Company Page,0
lidemo_000023,Reflecting on another strong quarter for the team. Our clients' feedback keeps shaping the roadmap. We'd love to hear from you.,#networking,64,4,7,0.8176,Business/Company Page,0
lidemo_000023,We're hiring! Come join our growing team. This wouldn't be possible without our incredible team. Welcoming 29 new team members this 2020. Congrats to Cassidy on leading this launch. We'd love to hear from you.,#innovation #career #leadership,68,5,6,0.9321,Business/Company Page,0
lidemo_000023,"Grateful for the recognition from our industry peers. We're expanding into new markets this year. Based in Suemouth, serving clients since 2023. Thank you to our 39th client. Reach out if you'd like to collaborate.",,82,10,7,0.7964,Business/Company Page,0
lidemo_000023,We're hiring! Come join our growing team. Innovation continues to drive everything we do. Partnering with Hamilton Group on this initiative. Opening a new office in New Andrew this 2024.,,82,7,5,0.6996,Business/Company Page,0
lidemo_000023,"Welcoming several new team members this month. Culture and craft both matter to how we build. Proudly 83 years in business. Based in Deannaport, serving clients since 2019.",#networking,77,7,6,0.765,Business/Company Page,0
lidemo_000024,Announcing a major company milestone under my leadership. True leadership means thinking bigger than everyone else. 83 years of industry-leading growth. 61 years of industry-leading growth. Reach out if you want to learn more.,,9,1,0,0.8126,Fake Executive Impersonator,1
lidemo_000024,"Another record quarter under my leadership. Most executives think too small, I never have. Based in Suarezchester, thinking globally. Since 2017, leading this company forward. Follow for more leadership wisdom. 🚀💼",,4,0,0,0.5688,Fake Executive Impersonator,1
lidemo_000024,"As CEO, I'm proud to announce a groundbreaking initiative. Success comes to those who never settle. Expanding Lewis Inc into Hannahtown this 2020.",,1,0,0,0.7783,Fake Executive Impersonator,1
lidemo_000024,"Sharing my vision for where this industry is headed. Great leaders create their own opportunities. Since 2022, leading this company forward. 18 years of industry-leading growth. 💼",,3,1,0,0.9349,Fake Executive Impersonator,1
lidemo_000024,"Sharing my vision for where this industry is headed. My journey to the top wasn't easy, but it was inevitable. Announcement number 41 this quarter. Meeting with Cory to plan the next phase. DM me to discuss investment opportunities.",,4,0,0,0.7138,Fake Executive Impersonator,1
lidemo_000024,"Leading the industry into a new era. We're disrupting the entire sector. 97 years of industry-leading growth. Based in Port Nichole, thinking globally. DM me to discuss investment opportunities.",,3,0,0,0.6369,Fake Executive Impersonator,1
lidemo_000024,"As CEO, I'm proud to announce a groundbreaking initiative. True leadership means thinking bigger than everyone else. Since 2022, leading this company forward. Addressed the board on this in Michaelland last week.",#innovation,10,1,0,0.7096,Fake Executive Impersonator,1
lidemo_000024,"My latest leadership insight for aspiring executives. True leadership means thinking bigger than everyone else. Based in Lake Jason, thinking globally. 39 years of industry-leading growth. Reach out if you want to learn more.",,6,0,0,0.7003,Fake Executive Impersonator,1
lidemo_000024,"As CEO, I'm proud to announce a groundbreaking initiative. Success comes to those who never settle. Since 2021, leading this company forward. Follow for more leadership wisdom.",,25,2,1,0.888,Fake Executive Impersonator,1
lidemo_000024,"As CEO, I'm proud to announce a groundbreaking initiative. My journey to the top wasn't easy, but it was inevitable. Based in Adamschester, thinking globally. Since 2021, leading this company forward. Follow for more leadership wisdom.",,9,0,0,0.776,Fake Executive Impersonator,1
lidemo_000025,"Exciting remote opportunity, no experience needed! Hundreds already applied, don't miss out. Filled 41 roles this month alone. Ask for Valerie, I'm handling this search. DM me your resume today. 🚀💰",#grind #remotework,79,3,0,0.5478,Fake Recruiter,1
lidemo_000025,"Hiring managers are reviewing applications TODAY. Hundreds already applied, don't miss out. Ask for Johnny, I'm handling this search. Comment 'HIRE ME' below.",,23,1,0,0.1139,Fake Recruiter,1
lidemo_000025,"URGENT HIRING: multiple positions open now! Positions are filling up quickly this week. Slot number 74 still available. Ask for Gabrielle, I'm handling this search.",,31,1,0,0.481,Fake Recruiter,1
lidemo_000025,"Companies are hiring fast this quarter, apply now! This opportunity won't last, act now. Recruiting drive kicking off in Taraborough this week. Position number 95 still open, apply now. Comment 'HIRE ME' below.",#hiring #remotework #opportunity,28,2,0,0.5916,Fake Recruiter,1
lidemo_000025,"Exciting remote opportunity, no experience needed! High salary, flexible hours guaranteed. Filled 6 roles this month alone. Filled 14 roles this month alone. ✅",#remotework #makemoney,32,2,0,0.4574,Fake Recruiter,1
lidemo_000025,Hiring managers are reviewing applications TODAY. Positions are filling up quickly this week. Recruiting drive kicking off in Jamesberg this week. 63 candidates placed since 2024. Apply via the link in my profile now.,,67,2,1,0.0,Fake Recruiter,1
lidemo_000025,"Dream job alert, don't wait on this one! Send your resume and bank details to get started fast. Hiring event in North Andrewmouth this week. Recruiting drive kicking off in East Graceton this week. 🚀",#grind,64,6,1,0.5411,Fake Recruiter,1
lidemo_000025,"URGENT HIRING: multiple positions open now! Hundreds already applied, don't miss out. Recruiting drive kicking off in Greenefurt this week. Hiring event in Morrisonport this week.",#remotework,164,12,4,0.5055,Fake Recruiter,1
lidemo_000025,"Exciting remote opportunity, no experience needed! No interview required for qualified candidates. Filled 68 roles this month alone.",,122,3,2,0.2244,Fake Recruiter,1
lidemo_000025,"Dream job alert, don't wait on this one! Positions are filling up quickly this week. Position number 94 still open, apply now. Message me ASAP to secure your spot. 💰",#hiring #remotework #opportunity,61,1,1,0.7345,Fake Recruiter,1
lidemo_000025,URGENT HIRING: multiple positions open now! Positions are filling up quickly this week. Filled 5 roles this month alone. Working with Armstrong and Sons to fill this fast. Apply via the link in my profile now. ✅💰,#opportunity #remotework #makemoney,25,1,0,0.2083,Fake Recruiter,1
lidemo_000025,"Dream job alert, don't wait on this one! High salary, flexible hours guaranteed. Position number 19 still open, apply now. Working with Ross-Smith to fill this fast. DM me your resume today.",,41,1,0,0.69,Fake Recruiter,1
lidemo_000026,"Reflecting on 10 years of consulting. Every client engagement teaches me something new. Worked alongside Yolanda on this engagement. Worked alongside Sara on this engagement. Happy to discuss further, DM me.",#networking #leadership #career,283,49,46,0.9287,Consultant,0
lidemo_000026,Some thoughts on change management. Grateful to work across such varied industries. Engagement number 22 wrapped this quarter. Worked alongside Amy on this engagement.,,126,7,9,0.8689,Consultant,0
lidemo_000026,"Facilitated a strategy workshop today. Alignment across stakeholders matters more than the plan itself. 18 years advising clients across industries. Happy to discuss further, DM me.",#networking,98,4,13,0.5859,Consultant,0
lidemo_000026,Facilitated a strategy workshop today. Every client engagement teaches me something new. Worked alongside Brian on this engagement. Case study number 39 published this month. Would love your thoughts in the comments.,#leadership,60,7,4,0.9001,Consultant,0
lidemo_000026,Kicked off a new engagement this week. Strategy is only as good as its execution. Speaking at 55 conferences this 2025. Case study number 37 published this month.,,353,49,23,0.7351,Consultant,0
lidemo_000026,Reflecting on 10 years of consulting. Every industry has more in common than people expect. Worked alongside Larry on this engagement. Presenting findings in Debbieville next month. Reach out if this resonates.,#innovation,81,13,4,0.5574,Consultant,0
lidemo_000026,Just published a short case study. The best solutions come from listening first. Advising a team at Bowman-Gutierrez this quarter.,,27,4,1,0.7096,Consultant,0
lidemo_000026,"Wrapped up a multi-month transformation project. Frameworks help, but context always wins. Advising a team at Moore-Brewer this quarter. Worked alongside Christopher on this engagement.",#leadership #career #hiring,155,18,4,0.9127,Consultant,0
lidemo_000026,Just published a short case study. Strategy is only as good as its execution. 35 years advising clients across industries. Based out of Vasquezmouth this 2018.,,331,171,32,0.4404,Consultant,0
lidemo_000026,"Facilitated a strategy workshop today. The best solutions come from listening first. Advising a team at Stevens, Berger and Cline this quarter.",#networking #career #innovation,146,56,3,0.7096,Consultant,0
lidemo_000027,Everyone should be doing this in 2026. Comment 'INFO' and I'll send details. Built this system while working out of Savagemouth. Session number 10 of my mentorship program. Comment below and I'll follow up. 💯📈,#hiring #makemoney #grind,3,0,0,0.0772,Spam/Bot Account,1
lidemo_000027,"Stop scrolling, this could change your career. DM me and I'll show you exactly how. Built this system while working out of Hendersonton. Since 2015, thousands have joined my program. Click the link in my profile. 📈💯",#hiring #opportunity,4,0,0,-0.296,Spam/Bot Account,1
lidemo_000027,"This one trick changed my whole career trajectory. It's simpler than you'd expect, promise. Built this system while working out of West Justintown. Only 18 spots left this month. DM me the word 'START'. 🚀📈",#remotework #hiring #makemoney #grind,5,0,0,0.2732,Spam/Bot Account,1
lidemo_000027,I wish someone told me this five years ago. Comment 'INFO' and I'll send details. Only 27 spots left this month. 📈💯,#grind #makemoney #hiring #opportunity,2,0,0,0.4019,Spam/Bot Account,1
lidemo_000027,"This one trick changed my whole career trajectory. I've helped hundreds of people do the same. Case study number 58 of my system, ask me how. DM me the word 'START'.",#grind,4,0,0,0.0258,Spam/Bot Account,1
lidemo_000027,"Grow your network 10x with this simple trick. This isn't some overnight gimmick, it actually works. Case study number 2 of my system, ask me how. Built this system while working out of East Stacey. Book a free call today. 🚀",#makemoney #grind #remotework,6,0,0,0.5267,Spam/Bot Account,1
lidemo_000027,"I wish someone told me this five years ago. Comment 'INFO' and I'll send details. Case study number 35 of my system, ask me how. Case study number 31 of my system, ask me how. 📈",#hiring #makemoney #remotework,7,0,0,0.5106,Spam/Bot Account,1
lidemo_000027,This one trick changed my whole career trajectory. I've helped hundreds of people do the same. Session number 8 of my mentorship program. Book a free call today.,#makemoney,8,0,0,0.5267,Spam/Bot Account,1
lidemo_000027,"The algorithm doesn't want you to know this. DM me and I'll show you exactly how. Case study number 53 of my system, ask me how. Ran a session in Lake Rebeccafort last week, huge turnout. Comment below and I'll follow up. 📈",#grind,1,0,0,0.3352,Spam/Bot Account,1
lidemo_000027,"I made $10k this month using this LinkedIn hack. It's simpler than you'd expect, promise. Since 2021, thousands have joined my program. Since 2023, thousands have joined my program. Book a free call today.",#makemoney #hiring #grind,6,0,0,0.6808,Spam/Bot Account,1
lidemo_000027,"Grow your network 10x with this simple trick. Comment 'INFO' and I'll send details. Ran a session in East Johnmouth last week, huge turnout. Only 65 spots left this month. 📈",,4,0,0,0.2732,Spam/Bot Account,1
lidemo_000027,"The algorithm doesn't want you to know this. Limited spots in my mentorship program. Ran a session in Lindseyland last week, huge turnout. DM me the word 'START'.",#grind,5,0,0,-0.0121,Spam/Bot Account,1
lidemo_000027,"I wish someone told me this five years ago. DM me and I'll show you exactly how. Built this system while working out of Port Lindseyshire. Ask Melissa, they joined last month. 🚀📈",,6,0,0,0.4019,Spam/Bot Account,1
lidemo_000028,"Excited to unveil our latest product update. We're expanding into new markets this year. Partnering with Santiago, Thompson and Howard on this initiative. Milestone number 70 unlocked this quarter.",#leadership,84,6,3,0.4019,Business/Company Page,0
lidemo_000028,Reflecting on another strong quarter for the team. Every milestone here is a team effort. Congrats to Joseph on leading this launch. Welcoming 4 new team members this 2021.,,76,4,2,0.8625,Business/Company Page,0
lidemo_000028,Our team just hit a major milestone. Our clients' feedback keeps shaping the roadmap. Opening a new office in Clintonchester this 2016.,,109,5,8,0.0,Business/Company Page,0
lidemo_000028,We're hiring! Come join our growing team. Innovation continues to drive everything we do. Welcoming 69 new team members this 2022. Opening a new office in New Catherineland this 2024. We'd love to hear from you.,,68,4,1,0.9168,Business/Company Page,0
lidemo_000028,Proud to announce a new partnership. Our clients' feedback keeps shaping the roadmap. Milestone number 25 unlocked this quarter.,,76,7,3,0.5267,Business/Company Page,0
lidemo_000028,Grateful for the recognition from our industry peers. Our clients' feedback keeps shaping the roadmap. Proudly 44 years in business. Reach out if you'd like to collaborate.,,55,3,2,0.8481,Business/Company Page,0
lidemo_000029,"Here's the leadership lesson nobody tells you. My journey to the top wasn't easy, but it was inevitable. Since 2019, leading this company forward.",#innovation,1,0,0,-0.078,Fake Executive Impersonator,1
lidemo_000029,"Leading the industry into a new era. True leadership means thinking bigger than everyone else. Milestone number 53 for the company this 2016. Since 2019, leading this company forward. Reach out if you want to learn more.",#leadership,5,1,0,0.5423,Fake Executive Impersonator,1
lidemo_000029,"Leading the industry into a new era. My journey to the top wasn't easy, but it was inevitable. Addressed the board on this in West Stevenborough last week. Addressed the board on this in Christianton last week. Follow for more leadership wisdom.",#leadership #career,1,0,0,0.6922,Fake Executive Impersonator,1
lidemo_000029,Sharing my vision for where this industry is headed. This is only the beginning of what we're building. Announcement number 89 this quarter. DM me to discuss investment opportunities.,#innovation,1,0,0,0.7717,Fake Executive Impersonator,1
lidemo_000029,Here's the leadership lesson nobody tells you. Success comes to those who never settle. Meeting with Brooke to plan the next phase. DM me to discuss investment opportunities.,,1,0,0,0.743,Fake Executive Impersonator,1
lidemo_000029,"Another record quarter under my leadership. Most executives think too small, I never have. Expanding Jarvis, Burns and Rogers into New Michaelfort this 2015. 🚀💼",,1,0,0,0.0,Fake Executive Impersonator,1
lidemo_000029,"Sharing my vision for where this industry is headed. My journey to the top wasn't easy, but it was inevitable. Based in Port Anthony, thinking globally. Meeting with Rose to plan the next phase.",,2,0,0,0.2725,Fake Executive Impersonator,1
lidemo_000029,"Another record quarter under my leadership. My journey to the top wasn't easy, but it was inevitable. Milestone number 89 for the company this 2020.",,1,0,0,0.0379,Fake Executive Impersonator,1
lidemo_000029,My latest leadership insight for aspiring executives. Great leaders create their own opportunities. Milestone number 65 for the company this 2024. Milestone number 67 for the company this 2019. Connect with me for exclusive opportunities. 🚀,#hiring #networking,0,0,0,0.91,Fake Executive Impersonator,1
lidemo_000029,Another record quarter under my leadership. Success comes to those who never settle. Meeting with Emily to plan the next phase. Milestone number 68 for the company this 2023.,#hiring #career,0,0,0,0.6124,Fake Executive Impersonator,1
lidemo_000029,"Announcing a major company milestone under my leadership. My journey to the top wasn't easy, but it was inevitable. Meeting with Larry to plan the next phase. Meeting with Ronald to plan the next phase. Reach out if you want to learn more.",,1,0,0,0.0765,Fake Executive Impersonator,1
lidemo_000029,Here's the leadership lesson nobody tells you. This is only the beginning of what we're building. Addressed the board on this in Lake Brian last week. 40 years of industry-leading growth. DM me to discuss investment opportunities.,,3,0,0,0.6369,Fake Executive Impersonator,1
lidemo_000030,"Grateful for the recognition from our industry peers. Our clients' feedback keeps shaping the roadmap. Based in Blairberg, serving clients since 2024. Milestone number 98 unlocked this quarter. We'd love to hear from you.",,93,22,3,0.8176,Business/Company Page,0
lidemo_000030,Grateful for the recognition from our industry peers. Grateful for the trust our clients place in us. Expanding into Nathanfort this 2019. Thank you to our 60th client. We'd love to hear from you.,,67,8,3,0.9432,Business/Company Page,0
lidemo_000030,We're hiring! Come join our growing team. Our clients' feedback keeps shaping the roadmap. Expanding into Smithmouth this 2017. Milestone number 84 unlocked this quarter. We'd love to hear from you.,,72,8,3,0.8268,Business/Company Page,0
lidemo_000030,Excited to share our latest case study. We're expanding into new markets this year. Opening a new office in Sarahburgh this 2020.,,47,4,2,0.5574,Business/Company Page,0
lidemo_000030,Our team just hit a major milestone. Culture and craft both matter to how we build. Thank you to our 95th client. Proudly 14 years in business.,,96,6,1,0.7351,Business/Company Page,0
lidemo_000030,Reflecting on another strong quarter for the team. Grateful for the trust our clients place in us. Congrats to Joseph on leading this launch.,,75,18,4,0.9186,Business/Company Page,0
lidemo_000030,"Proud to announce a new partnership. Our clients' feedback keeps shaping the roadmap. Based in Margaretside, serving clients since 2023. Expanding into Haneymouth this 2015.",,77,18,3,0.4767,Business/Company Page,0
lidemo_000030,Welcoming several new team members this month. Every milestone here is a team effort. Thank you to our 90th client.,#hiring #leadership,56,7,2,0.6597,Business/Company Page,0
lidemo_000030,Proud to announce a new partnership. Looking forward to what's next for us. Expanding into Williamfort this 2024. We'd love to hear from you.,#networking #hiring #career,48,6,2,0.8074,Business/Company Page,0
lidemo_000031,"Our team just hit a major milestone. This wouldn't be possible without our incredible team. Milestone number 94 unlocked this quarter. Based in West Jennifer, serving clients since 2024. We'd love to hear from you.",#innovation #leadership,108,24,3,0.6969,Business/Company Page,0
lidemo_000031,Thank you to our clients for another great quarter. This wouldn't be possible without our incredible team. Expanding into East Joseph this 2025. Welcoming 16 new team members this 2021.,#innovation #networking,66,18,1,0.8591,Business/Company Page,0
lidemo_000031,Thank you to our clients for another great quarter. Every milestone here is a team effort. Milestone number 7 unlocked this quarter. Thank you to our 23th client. We'd love to hear from you.,,93,13,2,0.9274,Business/Company Page,0
lidemo_000031,Our team just hit a major milestone. Innovation continues to drive everything we do. Milestone number 18 unlocked this quarter. Opening a new office in Russelltown this 2020.,,63,14,1,0.4902,Business/Company Page,0
lidemo_000031,Reflecting on another strong quarter for the team. We're expanding into new markets this year. Congrats to Stacey on leading this launch. Expanding into Tateton this 2018. Apply via the link in our profile.,,110,11,2,0.7717,Business/Company Page,0
lidemo_000031,We're hiring! Come join our growing team. Every milestone here is a team effort. Milestone number 71 unlocked this quarter. Milestone number 80 unlocked this quarter. Reach out if you'd like to collaborate.,#hiring #leadership #networking,134,19,2,0.75,Business/Company Page,0
lidemo_000031,Our team just hit a major milestone. Innovation continues to drive everything we do. Proudly 69 years in business. Proudly 39 years in business. Reach out if you'd like to collaborate.,,59,7,2,0.9132,Business/Company Page,0
lidemo_000031,Our team just hit a major milestone. We're expanding into new markets this year. Congrats to Nicholas on leading this launch. Learn more on our website.,#career,74,11,1,0.5267,Business/Company Page,0
lidemo_000032,Wrapped up an engagement with a great client this week. Strategy is only as good as its execution. Speaking at 65 conferences this 2020. Case study number 71 published this month.,,107,7,4,0.8834,Consultant,0
lidemo_000032,"Wrapped up a multi-month transformation project. Grateful to work across such varied industries. Presenting findings in Martinbury next month. Worked alongside David on this engagement. Happy to discuss further, DM me.",#innovation,104,14,7,0.8807,Consultant,0
lidemo_000032,"Just published a short case study. Frameworks help, but context always wins. 84 years advising clients across industries. Advising a team at Kelly LLC this quarter.",,65,7,5,0.7845,Consultant,0
lidemo_000032,Kicked off a new engagement this week. Grateful to work across such varied industries. Presenting findings in West Jonathantown next month. Based out of New John this 2016.,,61,8,2,0.7184,Consultant,0
lidemo_000032,Sharing a few lessons from a recent client engagement. The best solutions come from listening first. Worked alongside Marco on this engagement. Presenting findings in Changshire next month. Open to new client conversations.,,90,4,3,0.9349,Consultant,0
lidemo_000032,Wrapped up a multi-month transformation project. The best solutions come from listening first. Case study number 6 published this month.,#leadership #career,141,14,7,0.7351,Consultant,0
lidemo_000032,"Kicked off a new engagement this week. The best solutions come from listening first. Advising a team at Grant, Nunez and Higgins this quarter. Engagement number 80 wrapped this quarter.",#networking,167,8,4,0.9287,Consultant,0
lidemo_000032,"Wrapped up an engagement with a great client this week. Frameworks help, but context always wins. Based out of Robertmouth this 2024.",,392,27,14,0.8873,Consultant,0
lidemo_000033,Joined a new student organization this semester. Still processing everything I learned this week. Career fair number 2 this year. Grateful for Katie's advice on this one.,,5,1,0,0.6808,Student,0
lidemo_000033,Attended a great career fair today. Learned so much about teamwork and deadlines. 73 credits away from graduating. Career fair number 41 this year.,#innovation,5,1,0,0.8885,Student,0
lidemo_000033,"Had a great conversation with a recruiter today. Balancing coursework and applications has been a lot, but worth it. One of 66 students selected for the program. Feel free to reach out!",,9,1,1,0.8687,Student,0
lidemo_000033,Joined a new student organization this semester. This confirmed the career path I want to pursue. Shoutout to David for the mentorship. 52 credits away from graduating.,,6,0,0,0.4215,Student,0
lidemo_000033,"Had a great conversation with a recruiter today. Balancing coursework and applications has been a lot, but worth it. Cohort of 2020, Bryanchester campus.",,7,0,0,0.5994,Student,0
lidemo_000033,Had a great conversation with a recruiter today. Still processing everything I learned this week. Met with a career advisor in Lake Eddiebury this week. Met with a career advisor in Williamsborough this week.,,6,0,0,0.6249,Student,0
lidemo_000033,"Grateful for an amazing internship experience this summer. Still processing everything I learned this week. Career fair number 22 this year. Class of 2018, still learning every day. Open to internship opportunities.",#career #leadership,5,1,0,0.9001,Student,0
lidemo_000033,"Just wrapped up finals! Time to recharge before next semester. Shoutout to Roger for the mentorship. Cohort of 2019, East Brian campus.",#hiring,6,1,0,0.0,Student,0
lidemo_000033,Attended a great career fair today. This experience changed how I think about my major. 35 credits away from graduating.,,9,1,0,0.8473,Student,0
lidemo_000034,"Reflecting on 10 years of consulting. The hardest part is rarely the analysis, it's the change management. Speaking at 20 conferences this 2020. Speaking at 81 conferences this 2018. Reach out if this resonates.",,88,16,4,0.0258,Consultant,0
lidemo_000034,"Kicked off a new engagement this week. The best solutions come from listening first. 50 years advising clients across industries. Advising a team at Simpson, Rogers and Pacheco this quarter.",,198,45,12,0.836,Consultant,0
lidemo_000034,Facilitated a strategy workshop today. Strategy is only as good as its execution. Presenting findings in New Triciaton next month. 65 years advising clients across industries.,,165,12,4,0.4404,Consultant,0
lidemo_000034,Kicked off a new engagement this week. Every industry has more in common than people expect. Worked alongside Leroy on this engagement. Engagement number 96 wrapped this quarter.,,157,18,9,0.8689,Consultant,0
lidemo_000034,Wrapped up an engagement with a great client this week. Every industry has more in common than people expect. Worked alongside Evelyn on this engagement. Based out of Erinfort this 2023.,,81,13,2,0.891,Consultant,0
lidemo_000034,Wrapped up an engagement with a great client this week. Grateful to work across such varied industries. Worked alongside Richard on this engagement. Presenting findings in Kimberlyfurt next month.,,59,8,2,0.9274,Consultant,0
lidemo_000034,Wrapped up an engagement with a great client this week. The best solutions come from listening first. Presenting findings in Collinsside next month. Worked alongside Lauren on this engagement.,#hiring #career #networking,36,9,1,0.9477,Consultant,0
lidemo_000034,Kicked off a new engagement this week. The best solutions come from listening first. 92 years advising clients across industries.,#leadership,22,5,1,0.836,Consultant,0
lidemo_000034,Speaking at a panel next month on industry trends. The best solutions come from listening first. Presenting findings in South Paul next month. Engagement number 74 wrapped this quarter. Reach out if this resonates.,#leadership,105,35,3,0.8519,Consultant,0
lidemo_000035,"We are looking for talent, apply immediately! No interview required for qualified candidates. Working with Martinez, Cross and King to fill this fast. 83 candidates placed since 2024. Comment 'HIRE ME' below. 💰✅",#grind,31,0,1,0.2244,Fake Recruiter,1
lidemo_000035,"We are looking for talent, apply immediately! No interview required for qualified candidates. Recruiting drive kicking off in South Morganport this week. Apply via the link in my profile now.",#makemoney #opportunity,42,2,1,0.2244,Fake Recruiter,1
lidemo_000035,"Companies are hiring fast this quarter, apply now! We place candidates faster than anyone else. Slot number 74 still available. Hiring event in Katherinemouth this week. Comment 'HIRE ME' below. ✅",#makemoney #remotework #grind,45,1,1,0.1511,Fake Recruiter,1
lidemo_000036,URGENT HIRING: multiple positions open now! We place candidates faster than anyone else. Filled 5 roles this month alone. Message me ASAP to secure your spot.,#makemoney,80,13,1,0.4981,Fake Recruiter,1
lidemo_000036,"Companies are hiring fast this quarter, apply now! This opportunity won't last, act now. Ask for Allison, I'm handling this search. Ask for Stacy, I'm handling this search.",#opportunity #remotework #grind,108,6,1,0.5487,Fake Recruiter,1
lidemo_000036,"Exciting remote opportunity, no experience needed! High salary, flexible hours guaranteed. Working with Webster-Schmidt to fill this fast. Recruiting drive kicking off in Jamesmouth this week. 🚀💰",#grind #remotework #opportunity,206,8,1,0.7177,Fake Recruiter,1
lidemo_000036,"We are looking for talent, apply immediately! High salary, flexible hours guaranteed. Slot number 52 still available. Ask for Christopher, I'm handling this search. Comment 'HIRE ME' below. ✅",#makemoney,172,7,2,0.6476,Fake Recruiter,1
lidemo_000036,"URGENT HIRING: multiple positions open now! No interview required for qualified candidates. Ask for Michael, I'm handling this search. 48 candidates placed since 2019. DM me your resume today.",#makemoney #remotework,135,20,1,0.1593,Fake Recruiter,1
lidemo_000036,"URGENT HIRING: multiple positions open now! Hundreds already applied, don't miss out. 42 candidates placed since 2017. 94 candidates placed since 2015. Comment 'HIRE ME' below. 🚀✅",#remotework #hiring,43,4,1,0.5055,Fake Recruiter,1
lidemo_000036,This role won't stay open long! We place candidates faster than anyone else. Working with Cohen-Harris to fill this fast. 💰,#grind #opportunity #remotework,79,4,1,0.0,Fake Recruiter,1
lidemo_000036,"Exciting remote opportunity, no experience needed! High salary, flexible hours guaranteed. Filled 83 roles this month alone. DM me your resume today.",#hiring #makemoney,113,12,1,0.6114,Fake Recruiter,1
lidemo_000036,"We are looking for talent, apply immediately! High salary, flexible hours guaranteed. Hiring event in Johnborough this week. Apply via the link in my profile now. ✅",#makemoney #remotework,78,9,0,0.6114,Fake Recruiter,1
lidemo_000036,"This role won't stay open long! Send your resume and bank details to get started fast. Ask for Theresa, I'm handling this search. 11 candidates placed since 2015.",#opportunity #remotework #grind,114,17,1,0.0,Fake Recruiter,1
lidemo_000036,URGENT HIRING: multiple positions open now! We place candidates faster than anyone else. Filled 9 roles this month alone. 17 candidates placed since 2021. Comment 'HIRE ME' below. 🚀💰,#grind,31,1,0,0.2083,Fake Recruiter,1
lidemo_000036,"Companies are hiring fast this quarter, apply now! Hundreds already applied, don't miss out. Hiring event in Lake Christopher this week. Hiring event in New Meganville this week. Apply via the link in my profile now.",#remotework #makemoney #hiring,105,4,1,0.1867,Fake Recruiter,1
lidemo_000036,"Companies are hiring fast this quarter, apply now! No interview required for qualified candidates. Recruiting drive kicking off in Juliebury this week. Ask for Kenneth, I'm handling this search. Apply via the link in my profile now. 💰🚀",#hiring #opportunity,63,7,1,-0.3595,Fake Recruiter,1
lidemo_000036,"Hiring managers are reviewing applications TODAY. No interview required for qualified candidates. Position number 18 still open, apply now.",#makemoney #grind,153,19,1,-0.2263,Fake Recruiter,1
lidemo_000036,"Hiring managers are reviewing applications TODAY. High salary, flexible hours guaranteed. 8 candidates placed since 2024. Ask for Keith, I'm handling this search. Apply via the link in my profile now. ✅",#hiring,98,19,0,0.2263,Fake Recruiter,1
lidemo_000037,"Another record quarter under my leadership. Success comes to those who never settle. Expanding Lopez-Wise into Markland this 2019. Since 2016, leading this company forward.",,1,0,0,0.5719,Fake Executive Impersonator,1
lidemo_000037,"Leading the industry into a new era. We're disrupting the entire sector. Based in West Brandibury, thinking globally. Meeting with Michael to plan the next phase. 💼🚀",,1,0,0,0.0,Fake Executive Impersonator,1
lidemo_000037,"Another record quarter under my leadership. Most executives think too small, I never have. Meeting with Matthew to plan the next phase. Since 2017, leading this company forward. Follow for more leadership wisdom.",,4,0,0,0.5688,Fake Executive Impersonator,1
lidemo_000037,"My latest leadership insight for aspiring executives. My journey to the top wasn't easy, but it was inevitable. 98 years of industry-leading growth. Reach out if you want to learn more.",,4,0,0,0.5715,Fake Executive Impersonator,1
lidemo_000037,My latest leadership insight for aspiring executives. Success comes to those who never settle. Milestone number 80 for the company this 2015. Meeting with Melissa to plan the next phase.,#innovation,5,0,0,0.5389,Fake Executive Impersonator,1
lidemo_000037,"My latest leadership insight for aspiring executives. Most executives think too small, I never have. Meeting with Craig to plan the next phase. Addressed the board on this in Lake Sarah last week.",,1,0,0,0.0,Fake Executive Impersonator,1
lidemo_000038,"Reflecting on my first year at Zacharytown University. Met some incredible recruiters and alumni. Met with a career advisor in Nicholsport this week. Class of 2020, still learning every day.",,10,1,0,0.0,Student,0
lidemo_000038,Presented my capstone project today. Learned so much about teamwork and deadlines. Project number 98 this semester. Internship application number 65 submitted. Feel free to reach out!,,8,1,0,0.6476,Student,0
lidemo_000038,"Joined a new student organization this semester. Still processing everything I learned this week. Class of 2016, still learning every day. 38 credits away from graduating.",,25,2,1,0.3612,Student,0
lidemo_000038,Attended a great career fair today. Grateful for professors who go above and beyond. Shoutout to Regina for the mentorship. Feel free to reach out!,,12,1,1,0.92,Student,0
lidemo_000038,Had a great conversation with a recruiter today. Still processing everything I learned this week. Project number 31 this semester. Internship application number 3 submitted.,,10,1,0,0.6908,Student,0
lidemo_000038,"Attended a great career fair today. This confirmed the career path I want to pursue. Cohort of 2022, East Kathleenfurt campus. Class of 2025, still learning every day. Feel free to reach out!",#career,32,3,2,0.8858,Student,0
lidemo_000038,Had a great conversation with a recruiter today. Time to recharge before next semester. 37 credits away from graduating.,,19,1,0,0.765,Student,0
lidemo_000038,Grateful for an amazing internship experience this summer. Learned so much about teamwork and deadlines. Met with a career advisor in Robertport this week.,,29,3,1,0.7783,Student,0
lidemo_000039,Presented my capstone project today. Time to recharge before next semester. Internship application number 77 submitted. Feel free to reach out!,#innovation,14,2,0,0.6114,Student,0
lidemo_000039,"Joined a new student organization this semester. Learned so much about teamwork and deadlines. Cohort of 2022, Deniseborough campus.",,12,1,0,0.0,Student,0
lidemo_000039,Had a great conversation with a recruiter today. Still processing everything I learned this week. Career fair number 54 this year. Project number 84 this semester. Open to internship opportunities.,,11,3,0,0.8625,Student,0
lidemo_000039,Attended a great career fair today. Grateful for professors who go above and beyond. One of 80 students selected for the program. Career fair number 66 this year. Always happy to compare notes with fellow students.,,17,1,1,0.9403,Student,0
lidemo_000039,Grateful for an amazing internship experience this summer. Learned so much about teamwork and deadlines. Project number 78 this semester. Open to internship opportunities.,,22,3,1,0.8658,Student,0
lidemo_000039,"Excited to share I just finished a project for class. This confirmed the career path I want to pursue. Grateful for Patrick's advice on this one. Class of 2022, still learning every day. Feel free to reach out!",,9,1,0,0.8908,Student,0
lidemo_000040,"Shipped a new feature at Sanchez, Ramirez and Washington this week. Cross-team collaboration made this so much smoother. Sprint 2 retro done. Let me know your thoughts below.",,89,6,2,0.0,Developer,0
lidemo_000040,"Migrated a legacy service this week. Grateful for a team that values code quality. Spoke with Samuel on the platform team about it. Based out of North Julie, remote-first. Happy to share more details if useful.",,85,29,1,0.9295,Developer,0
lidemo_000040,Reflecting on 3 years as a developer. The postmortem taught us more than the incident did. 87 years into this role now. Always glad to swap notes with other teams.,,76,6,1,0.4588,Developer,0
lidemo_000040,Migrated a legacy service this week. Documentation really does save future you. Sprint 52 retro done. Happy to share more details if useful.,,63,4,1,0.9108,Developer,0
lidemo_000040,Mentored a junior engineer today and loved it. Testing early saved us a painful rollback. Mentoring 52 junior engineers this quarter. Spoke with Jessica on the platform team about it.,,38,5,1,0.5859,Developer,0
lidemo_000040,"Mentored a junior engineer today and loved it. The postmortem taught us more than the incident did. Rolling this out from our Port Shannonmouth office. Based out of South John, remote-first.",,30,1,1,0.5994,Developer,0
lidemo_000040,Migrated a legacy service this week. Always learning something new in this role. PR number 59 merged today. Always glad to swap notes with other teams.,,85,3,1,0.5106,Developer,0
lidemo_000040,Excited to start using a new framework on our team. Good tooling makes the whole team faster. Sprint 48 retro done. Shoutout to Marcus for the pairing session.,,39,3,1,0.6486,Developer,0
lidemo_000040,"Shipped a new feature at Jensen-Lyons this week. Grateful for a team that values code quality. Working with the team at Powers, Johnson and Gibbs on this one. Shipped feature number 21 this sprint.",,41,5,1,0.7184,Developer,0
lidemo_000040,"Onboarded a new teammate this week. Documentation really does save future you. Based out of Dominiquebury, remote-first. Rolling this out from our Johnview office.",,40,4,0,0.539,Developer,0
lidemo_000040,Mentored a junior engineer today and loved it. Grateful for a team that values code quality. 51 years into this role now.,,44,4,2,0.8625,Developer,0
lidemo_000040,Shipped a new feature at Davis Ltd this week. Testing early saved us a painful rollback. Spoke with Julie on the platform team about it. Rolling this out from our New Matthewburgh office. Open to connecting with other engineers.,,86,12,3,-0.0258,Developer,0
lidemo_000041,Excited to unveil our latest product update. Looking forward to what's next for us. Opening a new office in Andrewmouth this 2019.,#career #leadership #networking,40,7,1,0.34,Business/Company Page,0
lidemo_000041,Excited to share our latest case study. Our clients' feedback keeps shaping the roadmap. Partnering with Chavez-Watson on this initiative. Expanding into New Deanna this 2018.,,114,37,10,0.5574,Business/Company Page,0
lidemo_000041,Our team just hit a major milestone. Every milestone here is a team effort. Partnering with Anderson-Jackson on this initiative. Welcoming 71 new team members this 2018. Apply via the link in our profile.,,83,7,5,0.4404,Business/Company Page,0
lidemo_000041,Thank you to our clients for another great quarter. Innovation continues to drive everything we do. Expanding into Williamsonland this 2023. Proudly 80 years in business. Reach out if you'd like to collaborate.,,122,16,8,0.9371,Business/Company Page,0
lidemo_000041,"Reflecting on another strong quarter for the team. Looking forward to what's next for us. Based in North Johnfurt, serving clients since 2017. Thank you to our 55th client. We'd love to hear from you.",,38,5,1,0.875,Business/Company Page,0
lidemo_000041,Excited to unveil our latest product update. Every milestone here is a team effort. Expanding into Haynesfurt this 2025. Congrats to Mike on leading this launch.,,82,12,6,0.7003,Business/Company Page,0
lidemo_000041,Our team just hit a major milestone. Innovation continues to drive everything we do. Milestone number 43 unlocked this quarter. Welcoming 34 new team members this 2019.,,33,7,1,0.7251,Business/Company Page,0
lidemo_000041,We're hiring! Come join our growing team. Innovation continues to drive everything we do. Partnering with Luna-Martin on this initiative. Opening a new office in Jonathanberg this 2016.,#career #innovation,19,1,1,0.6996,Business/Company Page,0
lidemo_000042,Reflecting on another strong quarter for the team. Every milestone here is a team effort. Welcoming 35 new team members this 2019. Partnering with Robinson-Bell on this initiative.,#innovation #leadership,25,1,0,0.7351,Business/Company Page,0
lidemo_000042,We're hiring! Come join our growing team. Every milestone here is a team effort. Thank you to our 43th client. Opening a new office in New Tonyaville this 2015.,#hiring #networking,31,2,0,0.69,Business/Company Page,0
lidemo_000042,Grateful for the recognition from our industry peers. Looking forward to what's next for us. Milestone number 85 unlocked this quarter. Welcoming 92 new team members this 2025. We'd love to hear from you.,#innovation #hiring,31,2,0,0.886,Business/Company Page,0
lidemo_000042,"Our team just hit a major milestone. This wouldn't be possible without our incredible team. Based in Port Angela, serving clients since 2019. Welcoming 53 new team members this 2020.",#career #hiring,24,1,0,0.4404,Business/Company Page,0
lidemo_000043,"I wish someone told me this five years ago. This strategy works for anyone, guaranteed. Ran a session in Keithport last week, huge turnout. Only 20 spots left this month. 🚀",,40,5,2,0.6124,Student,0
lidemo_000043,"Grow your network 10x with this simple trick. Comment 'INFO' and I'll send details. Session number 68 of my mentorship program. Since 2016, thousands have joined my program. Comment below and I'll follow up.",#grind #opportunity #makemoney,10,1,1,0.0258,Student,0
lidemo_000043,"I made $10k this month using this LinkedIn hack. It's simpler than you'd expect, promise. Since 2019, thousands have joined my program. Comment below and I'll follow up.",#makemoney #grind #remotework,9,1,1,0.3182,Student,0
lidemo_000043,"Grow your network 10x with this simple trick. DM me and I'll show you exactly how. Ask Cathy, they joined last month. Ran a session in New Danielle last week, huge turnout.",#remotework #makemoney,62,10,2,0.2732,Student,0
lidemo_000043,"Grow your network 10x with this simple trick. DM me and I'll show you exactly how. Case study number 70 of my system, ask me how. Ask Sandra, they joined last month. Comment below and I'll follow up.",#hiring #makemoney #opportunity,16,3,2,0.0258,Student,0
lidemo_000043,I made $10k this month using this LinkedIn hack. Limited spots in my mentorship program. Only 55 spots left this month. Session number 67 of my mentorship program.,#hiring #makemoney #remotework #grind,6,1,1,-0.1531,Student,0
lidemo_000043,The algorithm doesn't want you to know this. Limited spots in my mentorship program. Session number 83 of my mentorship program. Built this system while working out of West Kathrynbury. DM me the word 'START'.,,22,2,1,-0.261,Student,0
lidemo_000043,"I made $10k this month using this LinkedIn hack. Limited spots in my mentorship program. Ask Ebony, they joined last month. Only 48 spots left this month. Book a free call today. 💯📈",#makemoney,33,4,3,0.34,Student,0
lidemo_000043,"Stop scrolling, this could change your career. This isn't some overnight gimmick, it actually works. Case study number 55 of my system, ask me how. Built this system while working out of Courtneyfort.",#remotework,23,6,1,-0.2263,Student,0
lidemo_000043,"This one trick changed my whole career trajectory. It's simpler than you'd expect, promise. Built this system while working out of Port Bradleyhaven. Helped 82 clients hit six figures this 2022. 🚀💯",#makemoney,19,5,1,0.2732,Student,0
lidemo_000043,"I wish someone told me this five years ago. It's simpler than you'd expect, promise. Session number 35 of my mentorship program. Comment below and I'll follow up.",#hiring #grind,36,3,4,0.6486,Student,0
lidemo_000043,"I wish someone told me this five years ago. Limited spots in my mentorship program. Built this system while working out of Mcmahonmouth. Ask Alicia, they joined last month. Click the link in my profile. 📈",#grind #makemoney #opportunity,25,2,1,0.2023,Student,0
lidemo_000043,Grow your network 10x with this simple trick. I've helped hundreds of people do the same. Helped 78 clients hit six figures this 2020. Built this system while working out of Frankshire.,#opportunity #remotework #grind #hiring,21,1,3,-0.0516,Student,0
lidemo_000043,I wish someone told me this five years ago. Limited spots in my mentorship program. Session number 11 of my mentorship program. Helped 36 clients hit six figures this 2016. Click the link in my profile. 📈🚀,,16,3,1,0.2732,Student,0
lidemo_000043,"Stop scrolling, this could change your career. This strategy works for anyone, guaranteed. Case study number 48 of my system, ask me how. Session number 64 of my mentorship program. Click the link in my profile.",#opportunity #remotework #grind #makemoney,40,6,4,-0.1531,Student,0
lidemo_000044,"Wrapped up an engagement with a great client this week. The hardest part is rarely the analysis, it's the change management. Presenting findings in Serranoside next month.",#hiring,656,80,62,0.7964,Consultant,0
lidemo_000044,"Wrapped up an engagement with a great client this week. Frameworks help, but context always wins. Worked alongside Alec on this engagement.",,198,10,13,0.9451,Consultant,0
lidemo_000044,"Some thoughts on change management. The hardest part is rarely the analysis, it's the change management. Based out of New Ashleytown this 2024. 77 years advising clients across industries.",,136,13,8,0.0,Consultant,0
lidemo_000044,"Facilitated a strategy workshop today. Frameworks help, but context always wins. Based out of Marcushaven this 2019. 80 years advising clients across industries. Reach out if this resonates.",,368,46,44,0.7935,Consultant,0
lidemo_000044,"Wrapped up an engagement with a great client this week. The best solutions come from listening first. Advising a team at Davis, Harris and Fisher this quarter.",,659,40,73,0.9186,Consultant,0
lidemo_000044,Sharing a few lessons from a recent client engagement. Grateful to work across such varied industries. Case study number 84 published this month.,,253,38,17,0.8442,Consultant,0
lidemo_000045,Just finished my first group case competition. Time to recharge before next semester. Grateful for Barbara's advice on this one.,,4,3,0,0.4588,Student,0
lidemo_000045,Grateful for an amazing internship experience this summer. This confirmed the career path I want to pursue. One of 61 students selected for the program. Project number 39 this semester. Feel free to reach out!,#networking #leadership,4,1,0,0.902,Student,0
lidemo_000045,Joined a new student organization this semester. Still processing everything I learned this week. Internship application number 85 submitted. Always happy to compare notes with fellow students.,,3,0,0,0.6124,Student,0
lidemo_000045,Reflecting on my first year at Cuevasshire University. Time to recharge before next semester. Internship application number 10 submitted.,,11,7,0,0.0772,Student,0
lidemo_000045,"Just finished my first group case competition. This experience changed how I think about my major. Class of 2021, still learning every day.",,14,4,1,0.0,Student,0
lidemo_000045,Excited to share I just finished a project for class. Learned so much about teamwork and deadlines. 84 credits away from graduating.,,3,0,0,0.7269,Student,0
lidemo_000045,"Grateful for an amazing internship experience this summer. Learned so much about teamwork and deadlines. Class of 2025, still learning every day. Internship application number 37 submitted.",,4,0,0,0.7964,Student,0
lidemo_000045,Joined a new student organization this semester. This experience changed how I think about my major. Grateful for Levi's advice on this one. 79 credits away from graduating.,,7,0,0,0.6997,Student,0
lidemo_000045,Joined a new student organization this semester. This confirmed the career path I want to pursue. Career fair number 20 this year. Always happy to compare notes with fellow students.,,5,1,0,0.765,Student,0
lidemo_000045,Just finished my first group case competition. This experience changed how I think about my major.,,6,1,0,0.0,Student,0
lidemo_000045,Grateful for an amazing internship experience this summer. This confirmed the career path I want to pursue. Grateful for Sarah's advice on this one. One of 36 students selected for the program.,,3,1,0,0.8779,Student,0
lidemo_000046,Facilitated a strategy workshop today. Every client engagement teaches me something new. 12 years advising clients across industries. Based out of Rhondafort this 2017. Reach out if this resonates.,,66,8,4,0.4767,Consultant,0
lidemo_000046,Kicked off a new engagement this week. Alignment across stakeholders matters more than the plan itself. Based out of Port Jennifer this 2020. Speaking at 10 conferences this 2022. Reach out if this resonates.,,68,19,9,0.4939,Consultant,0
lidemo_000046,Reflecting on 10 years of consulting. Alignment across stakeholders matters more than the plan itself. 72 years advising clients across industries. Based out of Gonzalezview this 2015.,#career #leadership,88,13,9,0.0258,Consultant,0
lidemo_000046,Speaking at a panel next month on industry trends. Strategy is only as good as its execution. Worked alongside Jennifer on this engagement. Engagement number 82 wrapped this quarter.,,54,14,4,0.8658,Consultant,0
lidemo_000046,Just published a short case study. Every client engagement teaches me something new. Advising a team at Wheeler-Powell this quarter. Presenting findings in Christinaville next month.,,20,3,1,0.4588,Consultant,0
lidemo_000046,Sharing a few lessons from a recent client engagement. Strategy is only as good as its execution. Speaking at 29 conferences this 2020. Worked alongside Sonia on this engagement.,,37,5,2,0.9042,Consultant,0
lidemo_000046,"Kicked off a new engagement this week. Strategy is only as good as its execution. Presenting findings in North Jeff next month. Case study number 18 published this month. Happy to discuss further, DM me.",#leadership #innovation,45,11,5,0.872,Consultant,0
lidemo_000046,"Facilitated a strategy workshop today. Alignment across stakeholders matters more than the plan itself. Advising a team at Vasquez, Smith and Jones this quarter. Advising a team at Mitchell-Boyd this quarter. Happy to discuss further, DM me.",,51,9,2,0.5859,Consultant,0
lidemo_000046,Reflecting on 10 years of consulting. The best solutions come from listening first. Advising a team at Andrews-Castaneda this quarter. Engagement number 71 wrapped this quarter. Would love your thoughts in the comments.,#innovation #leadership #career,41,4,3,0.9246,Consultant,0
lidemo_000046,Reflecting on 10 years of consulting. Alignment across stakeholders matters more than the plan itself. 23 years advising clients across industries. Engagement number 93 wrapped this quarter.,#networking #career,68,18,7,0.5267,Consultant,0
lidemo_000047,Excited to start using a new framework on our team. Good tooling makes the whole team faster. Shipped feature number 67 this sprint. Sprint 88 retro done. Happy to share more details if useful.,,88,9,1,0.9282,Developer,0
lidemo_000047,"Finally closed out a long-standing tech debt ticket. Small, frequent deploys keep saving us from bigger headaches. Spoke with Matthew on the platform team about it.",,56,6,3,-0.3612,Developer,0
lidemo_000047,Migrated a legacy service this week. Testing early saved us a painful rollback. Shoutout to James for the pairing session. Shipped feature number 18 this sprint.,,135,13,5,0.0516,Developer,0
lidemo_000047,"Shipped a new feature at Becker, Lopez and Booker this week. The postmortem taught us more than the incident did. Spoke with Stephen on the platform team about it.",,133,8,3,0.0,Developer,0
lidemo_000047,"Shipped a new feature at Medina-Montgomery this week. Documentation really does save future you. Based out of Hamiltonchester, remote-first. PR number 53 merged today.",#leadership #career,127,16,4,0.5829,Developer,0
lidemo_000047,Reflecting on 3 years as a developer. Always learning something new in this role. PR number 72 merged today. Always glad to swap notes with other teams.,,140,15,5,0.5106,Developer,0
lidemo_000047,Shipped a new feature at Kerr-Nelson this week. Cross-team collaboration made this so much smoother. Spoke with Paul on the platform team about it. Shoutout to Cody for the pairing session.,,74,11,1,0.0,Developer,0
lidemo_000047,Migrated a legacy service this week. Testing early saved us a painful rollback. PR number 81 merged today. PR number 94 merged today.,#networking #hiring,112,9,4,0.128,Developer,0
lidemo_000048,Grateful for an amazing internship experience this summer. Time to recharge before next semester. Project number 5 this semester. Shoutout to Robert for the mentorship.,,46,6,1,0.7964,Student,0
lidemo_000048,Reflecting on my first year at West Williamview University. Time to recharge before next semester. Internship application number 70 submitted. One of 55 students selected for the program.,,11,3,1,0.0772,Student,0
lidemo_000048,Grateful for an amazing internship experience this summer. Learned so much about teamwork and deadlines. 53 credits away from graduating. 69 credits away from graduating.,#leadership,19,2,0,0.8957,Student,0
lidemo_000048,"Joined a new student organization this semester. Grateful for professors who go above and beyond. Cohort of 2024, Jacksonhaven campus. Open to internship opportunities.",#networking,28,5,1,0.6808,Student,0
lidemo_000048,Grateful for an amazing internship experience this summer. Grateful for professors who go above and beyond. Met with a career advisor in Kaylastad this week. Grateful for Nathan's advice on this one. Feel free to reach out!,#networking #innovation,10,1,0,0.9476,Student,0
lidemo_000048,"Just finished my first group case competition. This confirmed the career path I want to pursue. Cohort of 2025, Davidfort campus. Internship application number 71 submitted.",,35,3,1,0.1531,Student,0
lidemo_000048,Excited to share I just finished a project for class. Still processing everything I learned this week. Project number 50 this semester. Feel free to reach out!,,21,5,1,0.8221,Student,0
lidemo_000048,Joined a new student organization this semester. This confirmed the career path I want to pursue. Project number 84 this semester. One of 28 students selected for the program.,,18,2,1,0.1531,Student,0
lidemo_000048,"Joined a new student organization this semester. Learned so much about teamwork and deadlines. Shoutout to Willie for the mentorship. Cohort of 2023, Joneshaven campus.",,17,2,1,0.0,Student,0
lidemo_000048,Just finished my first group case competition. This experience changed how I think about my major. Project number 59 this semester. Internship application number 71 submitted. Feel free to reach out!,,14,3,0,0.6778,Student,0
lidemo_000048,"Grateful for an amazing internship experience this summer. Time to recharge before next semester. Cohort of 2021, Coxtown campus. Career fair number 69 this year. Open to internship opportunities.",#career #networking,13,2,1,0.9001,Student,0
lidemo_000048,"Joined a new student organization this semester. Grateful for professors who go above and beyond. Cohort of 2022, East April campus. One of 49 students selected for the program.",,13,3,1,0.4588,Student,0
lidemo_000049,"Just wrapped up finals! Still processing everything I learned this week. Internship application number 85 submitted. Class of 2021, still learning every day.",#networking,18,10,0,0.1511,Student,0
lidemo_000049,"Just wrapped up finals! Balancing coursework and applications has been a lot, but worth it. One of 23 students selected for the program. Internship application number 19 submitted.",,4,0,0,0.4753,Student,0
lidemo_000049,"Just finished my first group case competition. Still processing everything I learned this week. Cohort of 2020, Michaelmouth campus. Class of 2022, still learning every day. Feel free to reach out!",#innovation,2,0,0,0.5707,Student,0
lidemo_000049,"Attended a great career fair today. Balancing coursework and applications has been a lot, but worth it. Cohort of 2020, Hallberg campus. 65 credits away from graduating.",,8,1,0,0.8316,Student,0
lidemo_000050,Wrapped up an engagement with a great client this week. The best solutions come from listening first. Speaking at 11 conferences this 2022.,,33,1,2,0.9186,Fake Recruiter,1
lidemo_000050,"Some thoughts on change management. The hardest part is rarely the analysis, it's the change management. Engagement number 12 wrapped this quarter. Engagement number 89 wrapped this quarter. Would love your thoughts in the comments.",,26,0,0,0.8957,Fake Recruiter,1
lidemo_000050,"Wrapped up an engagement with a great client this week. Frameworks help, but context always wins. Engagement number 30 wrapped this quarter. Based out of Port Kimberlyport this 2018.",,23,1,1,0.9423,Fake Recruiter,1
lidemo_000050,"Speaking at a panel next month on industry trends. The hardest part is rarely the analysis, it's the change management. Worked alongside Susan on this engagement. Based out of South Albert this 2021. Would love your thoughts in the comments.",,13,0,0,0.8271,Fake Recruiter,1
lidemo_000050,"Wrapped up a multi-month transformation project. Frameworks help, but context always wins. Speaking at 93 conferences this 2023. Engagement number 79 wrapped this quarter.",#career #networking,23,2,0,0.9072,Fake Recruiter,1
lidemo_000050,"Some thoughts on change management. Frameworks help, but context always wins. 42 years advising clients across industries. Speaking at 28 conferences this 2025. Happy to discuss further, DM me.",,41,6,0,0.9178,Fake Recruiter,1
lidemo_000050,Sharing a few lessons from a recent client engagement. The best solutions come from listening first. Speaking at 50 conferences this 2017. Engagement number 39 wrapped this quarter. Would love your thoughts in the comments.,,56,4,1,0.9595,Fake Recruiter,1
lidemo_000050,Kicked off a new engagement this week. Grateful to work across such varied industries. Advising a team at Barnes-Marshall this quarter. Worked alongside Teresa on this engagement. Reach out if this resonates.,,32,2,0,0.8625,Fake Recruiter,1
lidemo_000050,Wrapped up an engagement with a great client this week. Every industry has more in common than people expect. Case study number 22 published this month. Worked alongside Oscar on this engagement.,#networking,60,5,1,0.8979,Fake Recruiter,1
lidemo_000050,Kicked off a new engagement this week. Every client engagement teaches me something new. Based out of South Amanda this 2022. Worked alongside Monica on this engagement.,#hiring #career,62,2,0,0.8591,Fake Recruiter,1
lidemo_000050,"Just published a short case study. Frameworks help, but context always wins. Engagement number 45 wrapped this quarter.",,86,3,2,0.9072,Fake Recruiter,1
lidemo_000050,Just published a short case study. Every client engagement teaches me something new. Case study number 40 published this month. Speaking at 24 conferences this 2019. Open to new client conversations.,#hiring #career #innovation,28,1,0,0.5106,Fake Recruiter,1
lidemo_000051,"Stop scrolling, this could change your career. Limited spots in my mentorship program. Case study number 67 of my system, ask me how. 💯🚀",#makemoney #remotework #hiring,11,0,0,-0.4215,Spam/Bot Account,1
lidemo_000051,"This one trick changed my whole career trajectory. This isn't some overnight gimmick, it actually works. Since 2020, thousands have joined my program. Session number 60 of my mentorship program. Click the link in my profile. 🚀📈",#hiring,24,1,0,0.0258,Spam/Bot Account,1
lidemo_000051,"Everyone should be doing this in 2026. Comment 'INFO' and I'll send details. Case study number 8 of my system, ask me how. Click the link in my profile.",#opportunity,11,0,0,0.0772,Spam/Bot Account,1
lidemo_000051,"This one trick changed my whole career trajectory. This isn't some overnight gimmick, it actually works. Helped 45 clients hit six figures this 2022. Ran a session in Ellisside last week, huge turnout. Book a free call today.",#makemoney #remotework #opportunity,7,0,0,0.6597,Spam/Bot Account,1
lidemo_000051,"Stop scrolling, this could change your career. This strategy works for anyone, guaranteed. Built this system while working out of West Bradytown. Ran a session in Nicholasstad last week, huge turnout. Comment below and I'll follow up. 📈",#hiring #opportunity #makemoney #remotework,18,0,0,0.0258,Spam/Bot Account,1
lidemo_000051,"This one trick changed my whole career trajectory. I've helped hundreds of people do the same. Ran a session in Hernandezmouth last week, huge turnout. Since 2017, thousands have joined my program. Comment below and I'll follow up.",#hiring #grind #makemoney #opportunity,16,0,0,0.2732,Spam/Bot Account,1
lidemo_000051,Grow your network 10x with this simple trick. Comment 'INFO' and I'll send details. Only 84 spots left this month. Click the link in my profile.,#makemoney #grind #hiring #remotework,14,0,0,-0.0516,Spam/Bot Account,1
lidemo_000051,"The algorithm doesn't want you to know this. Comment 'INFO' and I'll send details. Helped 17 clients hit six figures this 2021. Case study number 54 of my system, ask me how.",#opportunity #hiring #remotework,6,0,0,0.0201,Spam/Bot Account,1
lidemo_000051,Everyone should be doing this in 2026. DM me and I'll show you exactly how. Helped 38 clients hit six figures this 2021.,#remotework,17,0,0,0.0,Spam/Bot Account,1
lidemo_000051,I wish someone told me this five years ago. DM me and I'll show you exactly how. Session number 16 of my mentorship program. DM me the word 'START'. 💯,#opportunity #remotework #hiring,39,1,0,0.4588,Spam/Bot Account,1
lidemo_000051,"I made $10k this month using this LinkedIn hack. Limited spots in my mentorship program. Ran a session in Parkerport last week, huge turnout. Session number 68 of my mentorship program. DM me the word 'START'. 📈💯",#opportunity,6,0,0,0.1779,Spam/Bot Account,1
lidemo_000051,The algorithm doesn't want you to know this. Comment 'INFO' and I'll send details. Only 59 spots left this month. Built this system while working out of East Melissa. Click the link in my profile. 📈💯,#remotework #grind,20,1,0,-0.0572,Spam/Bot Account,1
lidemo_000051,"I wish someone told me this five years ago. Comment 'INFO' and I'll send details. Ran a session in Kaitlinfort last week, huge turnout. Click the link in my profile.",#grind #makemoney,20,1,0,0.6124,Spam/Bot Account,1
lidemo_000051,"I made $10k this month using this LinkedIn hack. DM me and I'll show you exactly how. Ask Stacey, they joined last month. 📈💯",#grind #opportunity,5,0,0,0.0,Spam/Bot Account,1
lidemo_000051,"I made $10k this month using this LinkedIn hack. DM me and I'll show you exactly how. Since 2015, thousands have joined my program. Session number 48 of my mentorship program. Comment below and I'll follow up. 💯",#makemoney #remotework,17,1,0,0.0772,Spam/Bot Account,1
lidemo_000051,"Stop scrolling, this could change your career. It's simpler than you'd expect, promise. Helped 76 clients hit six figures this 2017. Ran a session in Shermanland last week, huge turnout. Book a free call today. 💯🚀",#remotework,31,1,0,0.6908,Spam/Bot Account,1
lidemo_000051,"I made $10k this month using this LinkedIn hack. This strategy works for anyone, guaranteed. Ran a session in Jamesport last week, huge turnout. Session number 15 of my mentorship program. 💯",#remotework #hiring,13,0,0,0.3818,Spam/Bot Account,1
lidemo_000051,"The algorithm doesn't want you to know this. This strategy works for anyone, guaranteed. Helped 13 clients hit six figures this 2017. Case study number 47 of my system, ask me how.",#opportunity #grind #makemoney #hiring,12,0,0,0.0201,Spam/Bot Account,1
lidemo_000052,"Had a great conversation with a recruiter today. This confirmed the career path I want to pursue. Class of 2018, still learning every day. Career fair number 13 this year.",#innovation,2,0,0,0.7906,Student,0
lidemo_000052,Excited to share I just finished a project for class. Learned so much about teamwork and deadlines. Project number 93 this semester.,,6,0,0,0.5994,Student,0
lidemo_000052,Just finished my first group case competition. Grateful for professors who go above and beyond. Internship application number 39 submitted. Career fair number 77 this year. Open to internship opportunities.,,7,0,0,0.8176,Student,0
lidemo_000052,Presented my capstone project today. Still processing everything I learned this week. Project number 26 this semester.,#leadership #networking,4,0,0,0.0772,Student,0
lidemo_000052,"Just finished my first group case competition. Time to recharge before next semester. Class of 2016, still learning every day. Shoutout to Briana for the mentorship.",,17,1,0,0.0,Student,0
lidemo_000052,"Joined a new student organization this semester. Balancing coursework and applications has been a lot, but worth it. Internship application number 26 submitted. 26 credits away from graduating. Always happy to compare notes with fellow students.",,9,0,0,0.9022,Student,0
lidemo_000052,Reflecting on my first year at Allisonbury University. Time to recharge before next semester. 79 credits away from graduating.,,4,0,0,0.3612,Student,0
lidemo_000052,Attended a great career fair today. This confirmed the career path I want to pursue. Project number 63 this semester. Would love to connect with others in the field.,,3,0,0,0.9042,Student,0
lidemo_000052,Joined a new student organization this semester. Time to recharge before next semester. One of 97 students selected for the program. 48 credits away from graduating. Open to internship opportunities.,,4,0,0,0.6249,Student,0
lidemo_000053,Excited to share our latest case study. Our clients' feedback keeps shaping the roadmap. Proudly 77 years in business.,#career #leadership #hiring,129,39,4,0.802,Business/Company Page,0
lidemo_000053,"Reflecting on another strong quarter for the team. Innovation continues to drive everything we do. Opening a new office in New Tina this 2016. Based in Leefurt, serving clients since 2017.",#networking #leadership #hiring,184,37,11,0.7096,Business/Company Page,0
lidemo_000053,Thank you to our clients for another great quarter. Grateful for the trust our clients place in us. Milestone number 18 unlocked this quarter.,#networking #career,40,6,2,0.9217,Business/Company Page,0
lidemo_000053,Thank you to our clients for another great quarter. Grateful for the trust our clients place in us. Opening a new office in Port Shawn this 2015. Welcoming 64 new team members this 2016. We'd love to hear from you.,,105,9,9,0.9638,Business/Company Page,0
lidemo_000053,"Excited to share our latest case study. This wouldn't be possible without our incredible team. Based in North Karinachester, serving clients since 2019. Welcoming 49 new team members this 2016.",#networking,57,9,8,0.7579,Business/Company Page,0
lidemo_000053,"We're hiring! Come join our growing team. Every milestone here is a team effort. Opening a new office in Alyssafort this 2015. Based in South Christopher, serving clients since 2015.",#networking #innovation,33,5,2,0.4926,Business/Company Page,0
lidemo_000053,"Our team just hit a major milestone. Culture and craft both matter to how we build. Thank you to our 27th client. Partnering with Chapman, Green and York on this initiative. Reach out if you'd like to collaborate.",#leadership,64,17,3,0.6369,Business/Company Page,0
lidemo_000053,Excited to unveil our latest product update. Looking forward to what's next for us. Expanding into Lake Bonnie this 2016. Congrats to Bryan on leading this launch.,,64,26,3,0.7003,Business/Company Page,0
lidemo_000053,Welcoming several new team members this month. This wouldn't be possible without our incredible team. Welcoming 42 new team members this 2017. Proudly 27 years in business. Reach out if you'd like to collaborate.,#hiring,50,10,6,0.9058,Business/Company Page,0
lidemo_000054,Proud to announce a new partnership. Every milestone here is a team effort. Welcoming 89 new team members this 2024.,,128,7,11,0.7184,Business/Company Page,0
lidemo_000054,Our team just hit a major milestone. Culture and craft both matter to how we build. Congrats to Kelly on leading this launch. Proudly 91 years in business. We'd love to hear from you.,#innovation,159,9,8,0.9062,Business/Company Page,0
lidemo_000054,Welcoming several new team members this month. Grateful for the trust our clients place in us. Welcoming 56 new team members this 2016. Apply via the link in our profile.,#innovation,67,3,2,0.9022,Business/Company Page,0
lidemo_000054,We're hiring! Come join our growing team. This wouldn't be possible without our incredible team. Expanding into Cathyton this 2023. Congrats to Kirsten on leading this launch. Apply via the link in our profile.,,159,21,12,0.7644,Business/Company Page,0
lidemo_000054,"Proud to announce a new partnership. Grateful for the trust our clients place in us. Based in Lake Deborahchester, serving clients since 2021. Congrats to Pamela on leading this launch.",,60,6,4,0.9153,Business/Company Page,0
lidemo_000054,"Grateful for the recognition from our industry peers. Grateful for the trust our clients place in us. Expanding into Elizabethside this 2015. Based in Stephenland, serving clients since 2025.",,44,2,3,0.8519,Business/Company Page,0
lidemo_000054,We're hiring! Come join our growing team. This wouldn't be possible without our incredible team. Expanding into North Robert this 2017. Milestone number 40 unlocked this quarter. We'd love to hear from you.,#innovation,85,5,4,0.8268,Business/Company Page,0
lidemo_000054,Excited to unveil our latest product update. Looking forward to what's next for us. Thank you to our 3th client. Milestone number 73 unlocked this quarter.,,387,48,23,0.6369,Business/Company Page,0
lidemo_000054,"Excited to unveil our latest product update. Culture and craft both matter to how we build. Based in Robertland, serving clients since 2024. Thank you to our 6th client.",#leadership,124,12,13,0.6124,Business/Company Page,0
lidemo_000054,Excited to unveil our latest product update. Our clients' feedback keeps shaping the roadmap. Milestone number 63 unlocked this quarter. Proudly 89 years in business.,,59,1,3,0.743,Business/Company Page,0
lidemo_000054,Welcoming several new team members this month. Our clients' feedback keeps shaping the roadmap. Opening a new office in Port Pamport this 2025. Opening a new office in Port Arthur this 2019.,#career #innovation #leadership,69,3,6,0.4404,Business/Company Page,0
lidemo_000054,We're hiring! Come join our growing team. This wouldn't be possible without our incredible team. Milestone number 35 unlocked this quarter. Learn more on our website.,#leadership #career,99,7,13,0.5797,Business/Company Page,0
lidemo_000054,Reflecting on another strong quarter for the team. We're expanding into new markets this year. Opening a new office in Andreafurt this 2016.,,63,6,3,0.5106,Business/Company Page,0
lidemo_000055,Reflecting on my first year at South Melissachester University. Time to recharge before next semester. Project number 72 this semester. 40 credits away from graduating.,,30,6,3,0.4215,Student,0
lidemo_000055,"Grateful for an amazing internship experience this summer. Still processing everything I learned this week. Grateful for Douglas's advice on this one. Class of 2024, still learning every day.",,21,7,1,0.8689,Student,0
lidemo_000055,Reflecting on my first year at Shellyview University. Learned so much about teamwork and deadlines. 17 credits away from graduating. Open to internship opportunities.,#innovation #hiring,32,7,1,0.6249,Student,0
lidemo_000055,"Had a great conversation with a recruiter today. Balancing coursework and applications has been a lot, but worth it. Project number 86 this semester. Met with a career advisor in Tonychester this week. Would love to connect with others in the field.",,21,10,1,0.8294,Student,0
lidemo_000055,Excited to share I just finished a project for class. This experience changed how I think about my major. Internship application number 97 submitted. Project number 86 this semester. Would love to connect with others in the field.,,12,3,0,0.7943,Student,0
lidemo_000055,Presented my capstone project today. Grateful for professors who go above and beyond. One of 98 students selected for the program. Internship application number 41 submitted.,#leadership #innovation,19,5,1,0.5106,Student,0
lidemo_000055,Attended a great career fair today. Learned so much about teamwork and deadlines. Grateful for Monique's advice on this one.,,26,3,2,0.8555,Student,0
lidemo_000055,Just finished my first group case competition. This confirmed the career path I want to pursue. One of 57 students selected for the program. Project number 19 this semester.,,48,4,3,0.1531,Student,0
lidemo_000056,"As CEO, I'm proud to announce a groundbreaking initiative. Most executives think too small, I never have. Meeting with Catherine to plan the next phase. Milestone number 22 for the company this 2021. DM me to discuss investment opportunities.",,3,0,0,0.7184,Fake Executive Impersonator,1
lidemo_000056,Leading the industry into a new era. Success comes to those who never settle. Announcement number 30 this quarter.,,4,1,0,0.5389,Fake Executive Impersonator,1
lidemo_000056,"Sharing my vision for where this industry is headed. This is only the beginning of what we're building. Since 2023, leading this company forward. Milestone number 61 for the company this 2022. DM me to discuss investment opportunities.",#networking #leadership,1,0,0,0.7717,Fake Executive Impersonator,1
lidemo_000056,"Sharing my vision for where this industry is headed. Success comes to those who never settle. Since 2017, leading this company forward. Milestone number 54 for the company this 2024. DM me to discuss investment opportunities.",,1,0,0,0.886,Fake Executive Impersonator,1
lidemo_000056,Another record quarter under my leadership. This is only the beginning of what we're building. Milestone number 77 for the company this 2022.,#networking,1,0,0,0.0772,Fake Executive Impersonator,1
lidemo_000056,"My latest leadership insight for aspiring executives. Most executives think too small, I never have. Since 2019, leading this company forward. Reach out if you want to learn more.",,2,1,0,0.1027,Fake Executive Impersonator,1
lidemo_000056,Another record quarter under my leadership. This is only the beginning of what we're building. Milestone number 27 for the company this 2018. Announcement number 74 this quarter.,,2,0,0,0.1531,Fake Executive Impersonator,1
lidemo_000056,My latest leadership insight for aspiring executives. True leadership means thinking bigger than everyone else. Announcement number 18 this quarter. Milestone number 91 for the company this 2021. Follow for more leadership wisdom. 🚀💼,,1,0,0,0.7951,Fake Executive Impersonator,1
lidemo_000056,"My latest leadership insight for aspiring executives. True leadership means thinking bigger than everyone else. Expanding Miller, Knapp and Atkins into Brianchester this 2019. Meeting with Sandra to plan the next phase. Follow for more leadership wisdom.",,2,0,0,0.7564,Fake Executive Impersonator,1
lidemo_000056,"Leading the industry into a new era. Most executives think too small, I never have. Meeting with Elizabeth to plan the next phase.",,6,1,0,0.0,Fake Executive Impersonator,1
lidemo_000056,Sharing my vision for where this industry is headed. Great leaders create their own opportunities. Expanding Stone LLC into West Davidfurt this 2016.,,1,0,0,0.9118,Fake Executive Impersonator,1
lidemo_000056,"Here's the leadership lesson nobody tells you. Great leaders create their own opportunities. Milestone number 47 for the company this 2023. Expanding Horn, Welch and Bowen into Townsendside this 2022.",#leadership #career,2,0,0,0.8442,Fake Executive Impersonator,1
lidemo_000057,"Dream job alert, don't wait on this one! We place candidates faster than anyone else. Ask for Luis, I'm handling this search. Apply via the link in my profile now. 💰🚀",#hiring,76,3,2,0.5411,Fake Recruiter,1
lidemo_000057,This role won't stay open long! We place candidates faster than anyone else. Slot number 85 still available. Filled 33 roles this month alone. Comment 'HIRE ME' below. 🚀,#remotework #makemoney,333,11,4,-0.2481,Fake Recruiter,1
lidemo_000057,"Hiring managers are reviewing applications TODAY. High salary, flexible hours guaranteed. Hiring event in South Brentbury this week. Slot number 41 still available. Message me ASAP to secure your spot. 🚀",#hiring,132,5,1,0.5574,Fake Recruiter,1
lidemo_000057,"URGENT HIRING: multiple positions open now! We place candidates faster than anyone else. Position number 45 still open, apply now.",#makemoney,78,4,1,0.481,Fake Recruiter,1
lidemo_000057,"URGENT HIRING: multiple positions open now! No interview required for qualified candidates. Position number 56 still open, apply now. DM me your resume today. 💰✅",#opportunity #grind,183,15,3,0.2323,Fake Recruiter,1
lidemo_000057,"We are looking for talent, apply immediately! Send your resume and bank details to get started fast. Working with Wilkins LLC to fill this fast. Recruiting drive kicking off in South Kathryn this week. Message me ASAP to secure your spot. 💰✅",#opportunity #remotework,76,11,0,0.6696,Fake Recruiter,1
lidemo_000057,"Exciting remote opportunity, no experience needed! High salary, flexible hours guaranteed. Slot number 20 still available. Hiring event in Daleberg this week. Message me ASAP to secure your spot.",#makemoney #grind,156,16,3,0.8268,Fake Recruiter,1
lidemo_000057,"Companies are hiring fast this quarter, apply now! Positions are filling up quickly this week. Working with Jackson, Henson and Dalton to fill this fast. Hiring event in Port Eugene this week. Comment 'HIRE ME' below. ✅🚀",,303,27,3,0.0,Fake Recruiter,1
lidemo_000057,"We are looking for talent, apply immediately! Positions are filling up quickly this week. Ask for Austin, I'm handling this search. DM me your resume today. ✅",#grind #remotework,156,7,1,0.4753,Fake Recruiter,1
lidemo_000057,"Companies are hiring fast this quarter, apply now! Hundreds already applied, don't miss out. Position number 34 still open, apply now. Hiring event in Anthonyborough this week. DM me your resume today. ✅",#hiring,298,39,5,0.2584,Fake Recruiter,1
lidemo_000058,Speaking at a panel next month on industry trends. Grateful to work across such varied industries. 7 years advising clients across industries. Engagement number 5 wrapped this quarter.,#leadership #networking #career,58,5,2,0.743,Consultant,0
lidemo_000058,"Speaking at a panel next month on industry trends. Frameworks help, but context always wins. Case study number 75 published this month. Presenting findings in Lake Mark next month.",#career,43,3,2,0.81,Consultant,0
lidemo_000058,"Some thoughts on change management. The hardest part is rarely the analysis, it's the change management. Case study number 61 published this month. Presenting findings in Muellerport next month.",#innovation #networking #leadership,44,4,2,0.0772,Consultant,0
lidemo_000058,Speaking at a panel next month on industry trends. Grateful to work across such varied industries. 79 years advising clients across industries. Based out of Victoriaview this 2016. Reach out if this resonates.,,58,6,2,0.4767,Consultant,0
lidemo_000058,Facilitated a strategy workshop today. Grateful to work across such varied industries. Case study number 50 published this month. 70 years advising clients across industries.,#career #leadership,24,2,2,0.5106,Consultant,0
lidemo_000058,Kicked off a new engagement this week. Alignment across stakeholders matters more than the plan itself. 10 years advising clients across industries. Speaking at 92 conferences this 2023. Open to new client conversations.,#career,39,4,3,0.4767,Consultant,0
lidemo_000058,Reflecting on 10 years of consulting. Every client engagement teaches me something new. 86 years advising clients across industries. Case study number 16 published this month. Reach out if this resonates.,,63,11,3,0.2023,Consultant,0
lidemo_000058,"Sharing a few lessons from a recent client engagement. The hardest part is rarely the analysis, it's the change management. Case study number 33 published this month. Open to new client conversations.",#innovation #networking,101,10,3,0.7269,Consultant,0
lidemo_000058,"Wrapped up a multi-month transformation project. The hardest part is rarely the analysis, it's the change management. Worked alongside Stephanie on this engagement. Engagement number 80 wrapped this quarter.",,97,17,3,0.7783,Consultant,0
lidemo_000059,"Dream job alert, don't wait on this one! This opportunity won't last, act now. 15 candidates placed since 2023. Slot number 63 still available. 🚀✅",#opportunity #grind #remotework,15,0,0,0.793,Fake Recruiter,1
lidemo_000059,URGENT HIRING: multiple positions open now! Send your resume and bank details to get started fast. Working with Cox and Sons to fill this fast. Filled 2 roles this month alone. Message me ASAP to secure your spot.,#grind,33,2,0,0.4981,Fake Recruiter,1
lidemo_000059,"Exciting remote opportunity, no experience needed! Send your resume and bank details to get started fast. Working with Gibson-Brown to fill this fast. Hiring event in East Kayla this week. Apply via the link in my profile now. ✅",#remotework #hiring #grind,20,1,0,0.6239,Fake Recruiter,1
lidemo_000059,"Companies are hiring fast this quarter, apply now! Positions are filling up quickly this week. Ask for Barbara, I'm handling this search. 17 candidates placed since 2017. Apply via the link in my profile now. 🚀",#opportunity,44,2,0,0.0,Fake Recruiter,1
lidemo_000059,This role won't stay open long! Send your resume and bank details to get started fast. 39 candidates placed since 2016. DM me your resume today.,#hiring,45,9,0,0.0,Fake Recruiter,1
lidemo_000059,"We are looking for talent, apply immediately! No interview required for qualified candidates. Filled 38 roles this month alone. DM me your resume today. 💰✅",,11,1,0,-0.1759,Fake Recruiter,1
lidemo_000059,"URGENT HIRING: multiple positions open now! High salary, flexible hours guaranteed. Recruiting drive kicking off in Port Amytown this week. Hiring event in Parkerberg this week. Message me ASAP to secure your spot.",#makemoney,24,0,0,0.729,Fake Recruiter,1
lidemo_000059,"This role won't stay open long! High salary, flexible hours guaranteed. Filled 78 roles this month alone. Filled 83 roles this month alone. Comment 'HIRE ME' below. 💰",#makemoney #hiring,27,0,0,-0.3382,Fake Recruiter,1
lidemo_000059,"This role won't stay open long! High salary, flexible hours guaranteed. Hiring event in West Anita this week. Recruiting drive kicking off in Tonyaville this week. Message me ASAP to secure your spot.",#hiring #remotework #opportunity,23,2,1,0.5562,Fake Recruiter,1
lidemo_000059,This role won't stay open long! No interview required for qualified candidates. Filled 8 roles this month alone. DM me your resume today.,#makemoney #grind #hiring,21,0,0,-0.5411,Fake Recruiter,1
lidemo_000059,"We are looking for talent, apply immediately! High salary, flexible hours guaranteed. Slot number 39 still available. Slot number 71 still available. Apply via the link in my profile now. ✅💰",#makemoney #grind #hiring,39,4,3,0.68,Fake Recruiter,1
lidemo_000059,Hiring managers are reviewing applications TODAY. Send your resume and bank details to get started fast. Hiring event in East Brittany this week. Hiring event in New Ashleyhaven this week. Message me ASAP to secure your spot. ✅,#opportunity,25,2,0,0.34,Fake Recruiter,1
lidemo_000059,"Companies are hiring fast this quarter, apply now! We place candidates faster than anyone else. Slot number 74 still available.",#remotework,18,0,0,0.1511,Fake Recruiter,1
lidemo_000060,Just published a short case study. Every client engagement teaches me something new. Based out of Alanside this 2025. Reach out if this resonates.,,103,8,4,0.4767,Consultant,0
lidemo_000060,"Wrapped up a multi-month transformation project. Frameworks help, but context always wins. Presenting findings in Rebeccaborough next month. Speaking at 64 conferences this 2017. Open to new client conversations.",#innovation #leadership,119,19,3,0.7845,Consultant,0
lidemo_000060,Sharing a few lessons from a recent client engagement. The best solutions come from listening first. Case study number 2 published this month.,#career #hiring #leadership,220,16,17,0.9001,Consultant,0
lidemo_000060,"Kicked off a new engagement this week. The hardest part is rarely the analysis, it's the change management. Based out of Christophershire this 2015. Presenting findings in East Jasminehaven next month.",,173,12,4,0.4588,Consultant,0
lidemo_000060,"Speaking at a panel next month on industry trends. Frameworks help, but context always wins. Based out of Dannystad this 2015.",,340,27,15,0.7845,Consultant,0
lidemo_000060,"Just published a short case study. The hardest part is rarely the analysis, it's the change management. Worked alongside Katie on this engagement.",#innovation #leadership,90,11,2,0.5423,Consultant,0
lidemo_000060,Wrapped up an engagement with a great client this week. The best solutions come from listening first. Advising a team at Garcia-Haynes this quarter.,,301,29,7,0.9186,Consultant,0
lidemo_000060,"Facilitated a strategy workshop today. Frameworks help, but context always wins. Based out of Lake Steven this 2024. 37 years advising clients across industries. Open to new client conversations.",,301,17,7,0.7845,Consultant,0
lidemo_000060,"Sharing a few lessons from a recent client engagement. Frameworks help, but context always wins. Case study number 65 published this month. Advising a team at Clark Inc this quarter.",,124,13,3,0.882,Consultant,0
lidemo_000061,"My latest leadership insight for aspiring executives. Most executives think too small, I never have. Expanding Allen, Graves and Mcguire into Welchport this 2022. Expanding Taylor Ltd into New Andrewfurt this 2022.",,3,0,0,-0.296,Fake Executive Impersonator,1
lidemo_000061,"Sharing my vision for where this industry is headed. My journey to the top wasn't easy, but it was inevitable. 53 years of industry-leading growth. Addressed the board on this in Port Gary last week.",,5,0,0,0.6702,Fake Executive Impersonator,1
lidemo_000061,"Here's the leadership lesson nobody tells you. Most executives think too small, I never have. Addressed the board on this in West Biancahaven last week. Since 2025, leading this company forward. Reach out if you want to learn more. 🚀💼",,5,0,0,0.1027,Fake Executive Impersonator,1
lidemo_000061,"My latest leadership insight for aspiring executives. Success comes to those who never settle. Since 2017, leading this company forward. Expanding Rodriguez, Fleming and Torres into Walshfort this 2016. Reach out if you want to learn more.",,2,0,0,0.6249,Fake Executive Impersonator,1
lidemo_000061,"Another record quarter under my leadership. True leadership means thinking bigger than everyone else. Since 2024, leading this company forward. Reach out if you want to learn more. 💼",,12,1,0,0.4939,Fake Executive Impersonator,1
lidemo_000061,Leading the industry into a new era. Great leaders create their own opportunities. Expanding Dillon-Carroll into Sherryborough this 2023. Follow for more leadership wisdom.,#hiring #career,5,0,0,0.9096,Fake Executive Impersonator,1
lidemo_000061,"My latest leadership insight for aspiring executives. Most executives think too small, I never have. Expanding Gutierrez Group into East Susan this 2015. Milestone number 43 for the company this 2025. Reach out if you want to learn more. 💼",#leadership,3,0,0,0.1779,Fake Executive Impersonator,1
lidemo_000061,"As CEO, I'm proud to announce a groundbreaking initiative. True leadership means thinking bigger than everyone else. Announcement number 79 this quarter. Since 2018, leading this company forward. DM me to discuss investment opportunities.",#leadership #innovation,14,1,1,0.8316,Fake Executive Impersonator,1
lidemo_000061,"Another record quarter under my leadership. My journey to the top wasn't easy, but it was inevitable. Announcement number 41 this quarter. DM me to discuss investment opportunities. 🚀",,22,13,0,0.5495,Fake Executive Impersonator,1
lidemo_000061,"As CEO, I'm proud to announce a groundbreaking initiative. Success comes to those who never settle. Expanding Daniel Inc into East Rebeccaton this 2022.",#leadership,6,1,0,0.7783,Fake Executive Impersonator,1
lidemo_000061,"As CEO, I'm proud to announce a groundbreaking initiative. We're disrupting the entire sector. Addressed the board on this in North Joshuaburgh last week. Expanding Simon Group into Mullinston this 2024.",#innovation #leadership,8,1,0,0.4767,Fake Executive Impersonator,1
lidemo_000061,"As CEO, I'm proud to announce a groundbreaking initiative. This is only the beginning of what we're building. 39 years of industry-leading growth. Based in Crystalshire, thinking globally.",#leadership,4,0,0,0.6908,Fake Executive Impersonator,1
lidemo_000061,"Announcing a major company milestone under my leadership. My journey to the top wasn't easy, but it was inevitable. Addressed the board on this in Bakerland last week. Meeting with Melissa to plan the next phase.",,9,1,0,-0.078,Fake Executive Impersonator,1
lidemo_000061,"Sharing my vision for where this industry is headed. My journey to the top wasn't easy, but it was inevitable. Expanding Hall PLC into Lake Anthony this 2022. Addressed the board on this in Amandaburgh last week.",,17,5,0,0.2725,Fake Executive Impersonator,1
lidemo_000062,"Exciting remote opportunity, no experience needed! Hundreds already applied, don't miss out. Filled 80 roles this month alone. Message me ASAP to secure your spot.",#grind #opportunity,21,2,0,0.7128,Fake Recruiter,1
lidemo_000062,"Dream job alert, don't wait on this one! Positions are filling up quickly this week. Position number 48 still open, apply now. Apply via the link in my profile now.",#makemoney,43,1,1,0.5848,Fake Recruiter,1
lidemo_000062,"We are looking for talent, apply immediately! Positions are filling up quickly this week. Working with Mays LLC to fill this fast. Ask for David, I'm handling this search. Comment 'HIRE ME' below. 🚀✅",#hiring #remotework,36,0,0,0.4753,Fake Recruiter,1
lidemo_000062,"We are looking for talent, apply immediately! No interview required for qualified candidates. Working with Daniel and Sons to fill this fast. Hiring event in Matthewhaven this week. Message me ASAP to secure your spot.",#hiring #remotework,22,2,0,0.5093,Fake Recruiter,1
lidemo_000062,"We are looking for talent, apply immediately! High salary, flexible hours guaranteed. Working with Lang-Huff to fill this fast. Hiring event in Lake Zachary this week. DM me your resume today. 🚀",#makemoney,56,0,0,0.6114,Fake Recruiter,1
lidemo_000062,"Dream job alert, don't wait on this one! No interview required for qualified candidates. Recruiting drive kicking off in Quinnfurt this week. Position number 63 still open, apply now. Message me ASAP to secure your spot. 🚀",#makemoney #opportunity,35,2,0,0.6114,Fake Recruiter,1
lidemo_000062,"Exciting remote opportunity, no experience needed! No interview required for qualified candidates. Ask for Steve, I'm handling this search. 8 candidates placed since 2020. DM me your resume today.",,191,2,11,0.4389,Fake Recruiter,1
lidemo_000063,"The algorithm doesn't want you to know this. Comment 'INFO' and I'll send details. Since 2017, thousands have joined my program.",#remotework #opportunity,3,0,0,-0.0572,Spam/Bot Account,1
lidemo_000063,"The algorithm doesn't want you to know this. This isn't some overnight gimmick, it actually works. Since 2023, thousands have joined my program. Since 2022, thousands have joined my program. 📈🚀",#hiring #remotework #makemoney #opportunity,7,1,0,-0.0572,Spam/Bot Account,1
lidemo_000063,I wish someone told me this five years ago. Limited spots in my mentorship program. Built this system while working out of East Andreamouth. Session number 41 of my mentorship program. Book a free call today. 💯🚀,#opportunity #hiring,6,0,0,0.6597,Spam/Bot Account,1
lidemo_000063,"This one trick changed my whole career trajectory. This strategy works for anyone, guaranteed. Helped 55 clients hit six figures this 2023. Since 2017, thousands have joined my program. Click the link in my profile.",,10,1,0,-0.0516,Spam/Bot Account,1
lidemo_000063,"Everyone should be doing this in 2026. I've helped hundreds of people do the same. Helped 64 clients hit six figures this 2015. Case study number 72 of my system, ask me how. Comment below and I'll follow up.",#hiring,15,0,0,0.0772,Spam/Bot Account,1
lidemo_000063,"This one trick changed my whole career trajectory. This isn't some overnight gimmick, it actually works. Helped 6 clients hit six figures this 2015. Case study number 43 of my system, ask me how. Comment below and I'll follow up.",#hiring #opportunity #makemoney #remotework,25,1,0,0.0258,Spam/Bot Account,1
lidemo_000063,"Stop scrolling, this could change your career. I've helped hundreds of people do the same. Case study number 49 of my system, ask me how. Case study number 5 of my system, ask me how. 📈🚀",#opportunity #grind #remotework,6,0,0,-0.1531,Spam/Bot Account,1
lidemo_000063,"Grow your network 10x with this simple trick. This strategy works for anyone, guaranteed. Case study number 93 of my system, ask me how. Only 95 spots left this month. Comment below and I'll follow up. 🚀",#remotework #makemoney,5,0,0,0.0258,Spam/Bot Account,1
lidemo_000063,This one trick changed my whole career trajectory. DM me and I'll show you exactly how. Session number 96 of my mentorship program. Helped 89 clients hit six figures this 2015. DM me the word 'START'. 🚀,#grind #opportunity #hiring,3,0,0,0.0258,Spam/Bot Account,1
lidemo_000063,"Everyone should be doing this in 2026. It's simpler than you'd expect, promise. Case study number 71 of my system, ask me how. Case study number 30 of my system, ask me how.",#opportunity #remotework #makemoney,15,1,0,0.4404,Spam/Bot Account,1
lidemo_000064,"Thank you to our clients for another great quarter. Innovation continues to drive everything we do. Based in Hernandezmouth, serving clients since 2015.",#leadership #career,34,3,2,0.8481,Business/Company Page,0
lidemo_000064,Excited to share our latest case study. Looking forward to what's next for us. Welcoming 37 new team members this 2023.,#career #innovation,29,2,1,0.7579,Business/Company Page,0
lidemo_000064,Reflecting on another strong quarter for the team. Every milestone here is a team effort. Expanding into Mccluremouth this 2024.,,98,5,6,0.5106,Business/Company Page,0
lidemo_000064,Proud to announce a new partnership. Every milestone here is a team effort. Opening a new office in Jordantown this 2018. Congrats to Susan on leading this launch. Reach out if you'd like to collaborate.,#hiring #networking #leadership,101,10,16,0.8442,Business/Company Page,0
lidemo_000064,We're hiring! Come join our growing team. This wouldn't be possible without our incredible team. Expanding into North Emilybury this 2019.,,86,12,4,0.4926,Business/Company Page,0
lidemo_000064,Our team just hit a major milestone. Innovation continues to drive everything we do. Welcoming 85 new team members this 2022. Learn more on our website.,#networking #hiring,47,6,2,0.6983,Business/Company Page,0
lidemo_000064,Excited to unveil our latest product update. Grateful for the trust our clients place in us. Partnering with George-Wood on this initiative. Thank you to our 83th client. Reach out if you'd like to collaborate.,,46,2,4,0.9153,Business/Company Page,0
lidemo_000064,Excited to share our latest case study. Culture and craft both matter to how we build. Thank you to our 49th client. Opening a new office in Millermouth this 2022. Apply via the link in our profile.,#innovation #leadership #hiring,155,8,20,0.7351,Business/Company Page,0
lidemo_000065,Some thoughts on change management. Every industry has more in common than people expect.,#leadership,79,34,2,0.0,Consultant,0
lidemo_000065,"Wrapped up a multi-month transformation project. Frameworks help, but context always wins. Based out of Maddenville this 2023.",,76,14,4,0.7845,Consultant,0
lidemo_000065,Just published a short case study. Every industry has more in common than people expect. Presenting findings in Moralesfurt next month. Speaking at 69 conferences this 2021. Open to new client conversations.,,53,8,1,0.0,Consultant,0
lidemo_000065,Sharing a few lessons from a recent client engagement. Strategy is only as good as its execution. Worked alongside Johnny on this engagement. 40 years advising clients across industries.,,90,13,3,0.9042,Consultant,0
lidemo_000065,Wrapped up a multi-month transformation project. The best solutions come from listening first. 32 years advising clients across industries. Worked alongside Marc on this engagement.,,127,20,5,0.8555,Consultant,0
lidemo_000065,"Wrapped up an engagement with a great client this week. Frameworks help, but context always wins. Case study number 51 published this month. Advising a team at Cruz-Schwartz this quarter.",,135,17,6,0.8979,Consultant,0
lidemo_000065,Speaking at a panel next month on industry trends. Every client engagement teaches me something new. Based out of Port Aprilmouth this 2021. Worked alongside Sabrina on this engagement.,,111,27,5,0.7579,Consultant,0
lidemo_000065,Speaking at a panel next month on industry trends. Every client engagement teaches me something new. Based out of Kaitlynland this 2018. Worked alongside Shelby on this engagement. Would love your thoughts in the comments.,#networking #career,93,20,5,0.8934,Consultant,0
lidemo_000065,Some thoughts on change management. Alignment across stakeholders matters more than the plan itself. Worked alongside Michael on this engagement.,,69,14,2,0.5574,Consultant,0
lidemo_000066,Finally closed out a long-standing tech debt ticket. The postmortem taught us more than the incident did. PR number 15 merged today. Mentoring 92 junior engineers this quarter.,,4,0,0,-0.296,Developer,0
lidemo_000066,Gave a short talk on our team's testing practices. Documentation really does save future you. Shoutout to Heather for the pairing session. PR number 63 merged today.,#leadership #networking,1,0,0,0.5829,Developer,0
lidemo_000066,"Finally closed out a long-standing tech debt ticket. Good tooling makes the whole team faster. Shipped feature number 63 this sprint. Working with the team at Garza, Reynolds and White on this one. Open to connecting with other engineers.",,2,0,0,0.1779,Developer,0
lidemo_000066,Shipped a new feature at Elliott-Adams this week. Good tooling makes the whole team faster. Sprint 12 retro done. Sprint 54 retro done. Always glad to swap notes with other teams.,,2,0,0,0.7096,Developer,0
lidemo_000066,Finally closed out a long-standing tech debt ticket. The postmortem taught us more than the incident did. Rolling this out from our West Randallmouth office. Shipped feature number 47 this sprint.,,2,0,0,-0.296,Developer,0
lidemo_000066,Finally closed out a long-standing tech debt ticket. Cross-team collaboration made this so much smoother. Shipped feature number 19 this sprint.,#leadership #hiring,4,0,0,-0.296,Developer,0
lidemo_000066,Migrated a legacy service this week. Cross-team collaboration made this so much smoother. Mentoring 93 junior engineers this quarter.,,2,0,0,0.0,Developer,0
lidemo_000066,"Reflecting on 3 years as a developer. Small, frequent deploys keep saving us from bigger headaches. Based out of Nicholasmouth, remote-first.",#innovation #career,2,0,0,0.0,Developer,0
lidemo_000067,"Dream job alert, don't wait on this one! This opportunity won't last, act now. Filled 31 roles this month alone. Ask for Amanda, I'm handling this search. Message me ASAP to secure your spot. 💰",#opportunity #makemoney #remotework,16,3,2,0.7988,Student,0
lidemo_000067,"Exciting remote opportunity, no experience needed! High salary, flexible hours guaranteed. Slot number 81 still available. Recruiting drive kicking off in Whiteburgh this week. Comment 'HIRE ME' below.",#hiring #remotework,10,1,1,0.7424,Student,0
lidemo_000067,URGENT HIRING: multiple positions open now! No interview required for qualified candidates. Working with Lewis-Jones to fill this fast. DM me your resume today.,#makemoney #hiring,13,1,1,0.1593,Student,0
lidemo_000067,"This role won't stay open long! This opportunity won't last, act now. Slot number 18 still available. Position number 58 still open, apply now. 🚀",#hiring,15,2,1,0.63,Student,0
lidemo_000067,"URGENT HIRING: multiple positions open now! High salary, flexible hours guaranteed. Slot number 79 still available. 76 candidates placed since 2025. Message me ASAP to secure your spot. 💰🚀",,15,2,2,0.7525,Student,0
lidemo_000067,"URGENT HIRING: multiple positions open now! This opportunity won't last, act now. Filled 29 roles this month alone. Filled 18 roles this month alone. Message me ASAP to secure your spot.",#grind,28,2,3,0.6678,Student,0
lidemo_000067,"This role won't stay open long! Send your resume and bank details to get started fast. Ask for Jimmy, I'm handling this search. Filled 27 roles this month alone. DM me your resume today. 💰🚀",#hiring #remotework #opportunity,18,2,1,-0.3164,Student,0
lidemo_000067,"Dream job alert, don't wait on this one! High salary, flexible hours guaranteed. Working with Hamilton Inc to fill this fast. Filled 66 roles this month alone. Apply via the link in my profile now. 💰✅",,27,2,1,0.5255,Student,0
lidemo_000067,"We are looking for talent, apply immediately! Positions are filling up quickly this week. 50 candidates placed since 2024. 95 candidates placed since 2017. Apply via the link in my profile now. 🚀💰",#grind #remotework,9,1,0,0.4753,Student,0
lidemo_000068,"Excited to share I just finished a project for class. Met some incredible recruiters and alumni. Cohort of 2018, Bellfort campus. Grateful for Matthew's advice on this one.",,8,2,1,0.765,Student,0
lidemo_000068,Just wrapped up finals! Learned so much about teamwork and deadlines. One of 27 students selected for the program. 6 credits away from graduating. Feel free to reach out!,,8,2,0,0.7568,Student,0
lidemo_000068,"Had a great conversation with a recruiter today. Still processing everything I learned this week. Cohort of 2016, Wilsonborough campus.",,5,2,0,0.6249,Student,0
lidemo_000068,Had a great conversation with a recruiter today. Met some incredible recruiters and alumni. Career fair number 59 this year. Would love to connect with others in the field.,,6,2,0,0.8979,Student,0
lidemo_000068,"Had a great conversation with a recruiter today. Still processing everything I learned this week. Cohort of 2025, Tonymouth campus. Cohort of 2015, East Judith campus. Feel free to reach out!",,4,1,0,0.8313,Student,0
lidemo_000068,"Grateful for an amazing internship experience this summer. Balancing coursework and applications has been a lot, but worth it. Cohort of 2015, East Ashleyton campus. Grateful for Donna's advice on this one.",,4,1,0,0.8674,Student,0
lidemo_000068,Just finished my first group case competition. Learned so much about teamwork and deadlines. 62 credits away from graduating.,#networking #career,4,2,1,0.3612,Student,0
lidemo_000068,Joined a new student organization this semester. Still processing everything I learned this week. Shoutout to Michelle for the mentorship. One of 45 students selected for the program. Feel free to reach out!,,6,3,0,0.5707,Student,0
lidemo_000068,"Joined a new student organization this semester. Met some incredible recruiters and alumni. Internship application number 56 submitted. Cohort of 2016, Port Samanthastad campus. Feel free to reach out!",,8,2,1,0.6114,Student,0
lidemo_000068,"Joined a new student organization this semester. Balancing coursework and applications has been a lot, but worth it. Cohort of 2018, Philipside campus. Shoutout to Holly for the mentorship.",#career,12,2,1,0.3291,Student,0
lidemo_000068,"Reflecting on my first year at Pricefort University. This experience changed how I think about my major. Shoutout to Amy for the mentorship. Cohort of 2015, West Drewberg campus.",,7,3,1,0.0,Student,0
lidemo_000068,"Excited to share I just finished a project for class. Balancing coursework and applications has been a lot, but worth it. Class of 2019, still learning every day. 22 credits away from graduating. Feel free to reach out!",,4,1,0,0.9151,Student,0
lidemo_000069,Just published a short case study. Strategy is only as good as its execution. Based out of Lamberttown this 2018. Worked alongside Tammy on this engagement.,,148,15,8,0.7506,Consultant,0
lidemo_000069,"Sharing a few lessons from a recent client engagement. Frameworks help, but context always wins. Case study number 2 published this month. Happy to discuss further, DM me.",#hiring #career #leadership,165,28,7,0.946,Consultant,0
lidemo_000069,Sharing a few lessons from a recent client engagement. Every industry has more in common than people expect. 95 years advising clients across industries. Based out of Port Anthonystad this 2020. Would love your thoughts in the comments.,#leadership #hiring #innovation,127,19,4,0.875,Consultant,0
lidemo_000069,Kicked off a new engagement this week. Every industry has more in common than people expect. Advising a team at Rhodes PLC this quarter. Presenting findings in Brownfort next month.,#career,65,11,3,0.4588,Consultant,0
lidemo_000069,Reflecting on 10 years of consulting. Every industry has more in common than people expect. Engagement number 62 wrapped this quarter. Presenting findings in New Amy next month. Reach out if this resonates.,#hiring #networking #career,176,28,5,0.5267,Consultant,0
lidemo_000069,Some thoughts on change management. Grateful to work across such varied industries. Engagement number 89 wrapped this quarter. Worked alongside Kevin on this engagement.,,84,15,2,0.8689,Consultant,0
lidemo_000069,"Facilitated a strategy workshop today. The hardest part is rarely the analysis, it's the change management. Case study number 75 published this month. Speaking at 18 conferences this 2017.",#leadership #innovation #hiring,165,35,2,0.0772,Consultant,0
lidemo_000070,"Grateful for an amazing internship experience this summer. Balancing coursework and applications has been a lot, but worth it. Met with a career advisor in Carrillofurt this week. Met with a career advisor in New Tylerbury this week. Always happy to compare notes with fellow students.",,128,6,3,0.8957,Student,0
lidemo_000070,"Just finished my first group case competition. Learned so much about teamwork and deadlines. Cohort of 2017, Williamfurt campus. One of 97 students selected for the program.",,26,1,0,0.0,Student,0
lidemo_000070,Excited to share I just finished a project for class. Still processing everything I learned this week. Grateful for Lawrence's advice on this one. Shoutout to Lauren for the mentorship. Always happy to compare notes with fellow students.,#career #innovation,127,6,2,0.8834,Student,0
lidemo_000070,Reflecting on my first year at Lake Eric University. Time to recharge before next semester. Met with a career advisor in Torrestown this week. Feel free to reach out!,#leadership #networking,89,9,1,0.5707,Student,0
lidemo_000070,Just finished my first group case competition. This experience changed how I think about my major. One of 54 students selected for the program.,,45,4,0,0.0,Student,0
lidemo_000070,Had a great conversation with a recruiter today. This experience changed how I think about my major. Shoutout to Debra for the mentorship. 10 credits away from graduating. Would love to connect with others in the field.,#networking,75,6,0,0.8957,Student,0
lidemo_000070,"Just wrapped up finals! Grateful for professors who go above and beyond. Class of 2017, still learning every day. One of 98 students selected for the program. Feel free to reach out!",#leadership #hiring,66,2,2,0.7896,Student,0
lidemo_000070,"Attended a great career fair today. Met some incredible recruiters and alumni. Cohort of 2020, Jenniferside campus. Met with a career advisor in East Rodneymouth this week.",,107,4,2,0.7506,Student,0
lidemo_000070,Excited to share I just finished a project for class. Grateful for professors who go above and beyond. One of 94 students selected for the program.,,101,2,1,0.765,Student,0
lidemo_000070,Attended a great career fair today. Grateful for professors who go above and beyond. Grateful for Jacqueline's advice on this one. Shoutout to Robert for the mentorship. Would love to connect with others in the field.,#hiring,123,4,1,0.9485,Student,0
lidemo_000070,Reflecting on my first year at West Carolyn University. Time to recharge before next semester. Grateful for Richard's advice on this one. Project number 58 this semester. Would love to connect with others in the field.,,88,2,1,0.8176,Student,0
lidemo_000070,"Joined a new student organization this semester. Balancing coursework and applications has been a lot, but worth it. Shoutout to Michael for the mentorship. Internship application number 91 submitted. Feel free to reach out!",,68,2,4,0.8268,Student,0
lidemo_000070,"Grateful for an amazing internship experience this summer. Balancing coursework and applications has been a lot, but worth it. Internship application number 89 submitted. Career fair number 20 this year.",,73,4,2,0.8625,Student,0
lidemo_000070,"Just finished my first group case competition. Time to recharge before next semester. Cohort of 2024, West Barbara campus. 27 credits away from graduating.",,237,19,3,0.3612,Student,0
lidemo_000070,"Just wrapped up finals! Still processing everything I learned this week. Cohort of 2020, Kingport campus. Grateful for Mark's advice on this one.",,57,3,1,0.5093,Student,0
lidemo_000070,Excited to share I just finished a project for class. Grateful for professors who go above and beyond. One of 84 students selected for the program.,#career,23,1,1,0.765,Student,0
lidemo_000070,"Grateful for an amazing internship experience this summer. Time to recharge before next semester. Project number 4 this semester. Cohort of 2016, East Victoria campus. Would love to connect with others in the field.",,51,2,1,0.9062,Student,0
lidemo_000070,Reflecting on my first year at Robertshire University. Time to recharge before next semester. Internship application number 78 submitted.,#innovation,40,2,0,0.0772,Student,0
lidemo_000070,Grateful for an amazing internship experience this summer. Learned so much about teamwork and deadlines. Internship application number 79 submitted. Would love to connect with others in the field.,#networking,121,6,2,0.9062,Student,0
lidemo_000071,"I made $10k this month using this LinkedIn hack. It's simpler than you'd expect, promise. Helped 63 clients hit six figures this 2018. Since 2015, thousands have joined my program. Click the link in my profile.",#opportunity,41,13,1,0.3182,Consultant,0
lidemo_000071,"Everyone should be doing this in 2026. This strategy works for anyone, guaranteed. Since 2023, thousands have joined my program. Ran a session in South Sarah last week, huge turnout.",,40,7,3,0.3182,Consultant,0
lidemo_000071,"Stop scrolling, this could change your career. It's simpler than you'd expect, promise. Built this system while working out of Patriciaborough. DM me the word 'START'. 📈🚀",#remotework #hiring,28,8,1,0.0258,Consultant,0
lidemo_000071,"The algorithm doesn't want you to know this. Comment 'INFO' and I'll send details. Ran a session in Kristinestad last week, huge turnout. Helped 40 clients hit six figures this 2021. Comment below and I'll follow up. 💯🚀",#grind #hiring #makemoney,61,1,3,0.2681,Consultant,0
lidemo_000071,"The algorithm doesn't want you to know this. This strategy works for anyone, guaranteed. Ask Luke, they joined last month. Only 15 spots left this month.",#hiring,136,20,3,-0.0572,Consultant,0
lidemo_000071,"I wish someone told me this five years ago. This strategy works for anyone, guaranteed. Ran a session in North David last week, huge turnout. Helped 84 clients hit six figures this 2021. DM me the word 'START'.",#makemoney #remotework #hiring #grind,135,24,4,0.6124,Consultant,0
lidemo_000071,"Stop scrolling, this could change your career. I've helped hundreds of people do the same. Only 38 spots left this month. Ran a session in South Marktown last week, huge turnout. 💯",#remotework #opportunity #makemoney,55,8,2,0.0258,Consultant,0
lidemo_000071,"Stop scrolling, this could change your career. Limited spots in my mentorship program.",#opportunity #grind,48,12,1,-0.4767,Consultant,0
lidemo_000071,"Grow your network 10x with this simple trick. I've helped hundreds of people do the same. Case study number 3 of my system, ask me how. Only 53 spots left this month. 🚀",#remotework #grind,29,6,1,0.0258,Consultant,0
lidemo_000071,"Grow your network 10x with this simple trick. This strategy works for anyone, guaranteed. Built this system while working out of South Sierra.",#hiring,74,32,1,-0.0516,Consultant,0
lidemo_000071,"Grow your network 10x with this simple trick. This isn't some overnight gimmick, it actually works. Case study number 5 of my system, ask me how.",#grind #makemoney #remotework #hiring,35,5,1,0.0258,Consultant,0
lidemo_000072,"Reflecting on my first year at New Brittanymouth University. Balancing coursework and applications has been a lot, but worth it. Project number 72 this semester. Internship application number 8 submitted.",,2,1,0,0.5023,Student,0
lidemo_000072,Presented my capstone project today. Grateful for professors who go above and beyond. Met with a career advisor in South Maria this week. Career fair number 23 this year.,,3,1,0,0.6808,Student,0
lidemo_000072,"Attended a great career fair today. Met some incredible recruiters and alumni. Grateful for Curtis's advice on this one. Class of 2015, still learning every day.",,2,0,0,0.8555,Student,0
lidemo_000072,Attended a great career fair today. Still processing everything I learned this week. 42 credits away from graduating. Met with a career advisor in Ellenshire this week. Would love to connect with others in the field.,#hiring #leadership,3,1,0,0.9201,Student,0
lidemo_000072,"Had a great conversation with a recruiter today. Balancing coursework and applications has been a lot, but worth it. Grateful for John's advice on this one. Career fair number 26 this year.",#career #leadership,4,1,0,0.9062,Student,0
lidemo_000072,"Had a great conversation with a recruiter today. This confirmed the career path I want to pursue. Cohort of 2020, North Jose campus.",,6,3,1,0.6597,Student,0
lidemo_000072,"Attended a great career fair today. Balancing coursework and applications has been a lot, but worth it. Met with a career advisor in New Billyview this week. Shoutout to Ashley for the mentorship. Always happy to compare notes with fellow students.",,3,1,0,0.891,Student,0
lidemo_000072,"Presented my capstone project today. Balancing coursework and applications has been a lot, but worth it. Project number 71 this semester. Would love to connect with others in the field.",,4,1,0,0.8625,Student,0
lidemo_000072,"Grateful for an amazing internship experience this summer. This experience changed how I think about my major. Class of 2019, still learning every day. Class of 2018, still learning every day.",#leadership #networking,4,1,0,0.7783,Student,0
lidemo_000072,"Presented my capstone project today. Balancing coursework and applications has been a lot, but worth it. Class of 2022, still learning every day. 22 credits away from graduating. Feel free to reach out!",,5,1,0,0.8883,Student,0
lidemo_000072,Just finished my first group case competition. This confirmed the career path I want to pursue. Shoutout to Austin for the mentorship. Met with a career advisor in Cindybury this week. Feel free to reach out!,#career,3,1,0,0.6114,Student,0
lidemo_000072,"Just wrapped up finals! This experience changed how I think about my major. 71 credits away from graduating. Class of 2023, still learning every day.",,4,1,1,0.4714,Student,0
lidemo_000072,"Attended a great career fair today. Met some incredible recruiters and alumni. Met with a career advisor in New Bryan this week. Class of 2016, still learning every day.",#innovation,2,0,0,0.7506,Student,0
lidemo_000072,Just finished my first group case competition. Time to recharge before next semester. Career fair number 83 this year. Shoutout to Angela for the mentorship.,,5,1,0,0.3818,Student,0
lidemo_000073,"Another record quarter under my leadership. My journey to the top wasn't easy, but it was inevitable. Since 2018, leading this company forward. Connect with me for exclusive opportunities.",#career,81,8,8,0.5923,Consultant,0
lidemo_000073,"As CEO, I'm proud to announce a groundbreaking initiative. This is only the beginning of what we're building. Since 2020, leading this company forward. Based in Mistymouth, thinking globally. DM me to discuss investment opportunities.",#innovation #career,202,30,6,0.6908,Consultant,0
lidemo_000073,Announcing a major company milestone under my leadership. We're disrupting the entire sector. Milestone number 48 for the company this 2020.,,364,35,12,0.0772,Consultant,0
lidemo_000073,"As CEO, I'm proud to announce a groundbreaking initiative. My journey to the top wasn't easy, but it was inevitable. Milestone number 31 for the company this 2016. Since 2019, leading this company forward. DM me to discuss investment opportunities.",,219,22,6,0.6805,Consultant,0
lidemo_000073,Leading the industry into a new era. Success comes to those who never settle. Expanding Ferrell and Sons into Michaelfort this 2018. Addressed the board on this in Kellyview last week. DM me to discuss investment opportunities.,,153,23,4,0.743,Consultant,0
lidemo_000073,Announcing a major company milestone under my leadership. We're disrupting the entire sector. 36 years of industry-leading growth. DM me to discuss investment opportunities.,,199,41,6,0.6369,Consultant,0
lidemo_000073,"My latest leadership insight for aspiring executives. This is only the beginning of what we're building. Based in Bowmanborough, thinking globally. Milestone number 14 for the company this 2024.",,165,36,2,0.0772,Consultant,0
lidemo_000073,Leading the industry into a new era. Great leaders create their own opportunities. Addressed the board on this in Harryport last week. Expanding Rice-Jones into Tinashire this 2021.,,286,27,7,0.8316,Consultant,0
lidemo_000073,"As CEO, I'm proud to announce a groundbreaking initiative. This is only the beginning of what we're building. Based in Rosstown, thinking globally.",,206,73,6,0.4767,Consultant,0
lidemo_000073,Sharing my vision for where this industry is headed. We're disrupting the entire sector. Announcement number 93 this quarter.,,194,26,4,0.6249,Consultant,0
lidemo_000073,"Here's the leadership lesson nobody tells you. My journey to the top wasn't easy, but it was inevitable. Expanding Carrillo-Porter into Port Kristenborough this 2021. Announcement number 97 this quarter.",,283,56,14,0.0379,Consultant,0
lidemo_000073,"As CEO, I'm proud to announce a groundbreaking initiative. Success comes to those who never settle. Expanding Grimes and Sons into West Katherine this 2024. Based in West Joshuamouth, thinking globally. Reach out if you want to learn more.",#innovation #career,184,53,2,0.8377,Consultant,0
lidemo_000073,"Sharing my vision for where this industry is headed. True leadership means thinking bigger than everyone else. Based in Jacobview, thinking globally. Since 2021, leading this company forward. Connect with me for exclusive opportunities.",,207,28,12,0.8658,Consultant,0
lidemo_000073,"Here's the leadership lesson nobody tells you. My journey to the top wasn't easy, but it was inevitable. 73 years of industry-leading growth. Announcement number 73 this quarter.",,128,21,5,0.5495,Consultant,0
lidemo_000073,"Announcing a major company milestone under my leadership. This is only the beginning of what we're building. Based in North Heather, thinking globally. Meeting with Lori to plan the next phase. Reach out if you want to learn more.",#networking,396,90,14,0.1027,Consultant,0
lidemo_000074,"Exciting remote opportunity, no experience needed! No interview required for qualified candidates. Position number 90 still open, apply now.",#grind #remotework,7,0,0,0.4926,Fake Recruiter,1
lidemo_000074,"URGENT HIRING: multiple positions open now! Positions are filling up quickly this week. Ask for Audrey, I'm handling this search. Position number 51 still open, apply now. DM me your resume today. 💰",,21,2,0,0.481,Fake Recruiter,1
lidemo_000074,Hiring managers are reviewing applications TODAY. Positions are filling up quickly this week. Slot number 20 still available. Hiring event in West John this week. Message me ASAP to secure your spot.,#hiring #grind,30,1,0,0.4019,Fake Recruiter,1
lidemo_000074,URGENT HIRING: multiple positions open now! No interview required for qualified candidates. Slot number 36 still available. ✅,#hiring,21,1,0,0.2323,Fake Recruiter,1
lidemo_000074,"Companies are hiring fast this quarter, apply now! High salary, flexible hours guaranteed. Ask for Deborah, I'm handling this search. Apply via the link in my profile now.",,42,4,1,0.2942,Fake Recruiter,1
lidemo_000074,"Companies are hiring fast this quarter, apply now! This opportunity won't last, act now. Recruiting drive kicking off in Longburgh this week. 15 candidates placed since 2019. 🚀💰",#opportunity #grind #makemoney,10,0,0,0.5487,Fake Recruiter,1
lidemo_000074,"Companies are hiring fast this quarter, apply now! Hundreds already applied, don't miss out. Slot number 67 still available. 34 candidates placed since 2022. DM me your resume today. 🚀💰",#hiring,27,2,0,0.2584,Fake Recruiter,1
lidemo_000074,"Hiring managers are reviewing applications TODAY. This opportunity won't last, act now. Ask for Candice, I'm handling this search. Comment 'HIRE ME' below.",,10,0,0,0.5023,Fake Recruiter,1
lidemo_000074,"URGENT HIRING: multiple positions open now! This opportunity won't last, act now. Position number 85 still open, apply now. Filled 54 roles this month alone. Apply via the link in my profile now. 💰",,58,1,1,0.657,Fake Recruiter,1
lidemo_000075,Excited to start using a new framework on our team. Testing early saved us a painful rollback. 31 years into this role now.,,23,4,2,0.3182,Developer,0
lidemo_000075,"Mentored a junior engineer today and loved it. Documentation really does save future you. Based out of New Kevin, remote-first. Always glad to swap notes with other teams.",,59,8,3,0.8854,Developer,0
lidemo_000075,Onboarded a new teammate this week. Grateful for a team that values code quality. 50 years into this role now.,,55,4,2,0.6908,Developer,0
lidemo_000075,Finally closed out a long-standing tech debt ticket. The postmortem taught us more than the incident did. Sprint 64 retro done. 47 years into this role now.,#networking,89,17,5,-0.3612,Developer,0
lidemo_000075,Migrated a legacy service this week. Grateful for a team that values code quality. Shoutout to Travis for the pairing session. Sprint 63 retro done.,,76,10,4,0.6908,Developer,0
lidemo_000075,"Shipped a new feature at Ward, Ford and Guzman this week. Good tooling makes the whole team faster. 78 years into this role now.",#hiring,88,20,3,0.4404,Developer,0
lidemo_000075,"Shipped a new feature at Hayes Group this week. Small, frequent deploys keep saving us from bigger headaches. Rolling this out from our South Sarahville office. Working with the team at Harris-Fisher on this one.",,96,18,8,0.0,Developer,0
lidemo_000075,Wrote a short post on lessons from a recent outage. Grateful for a team that values code quality. Mentoring 72 junior engineers this quarter. Mentoring 53 junior engineers this quarter. Let me know your thoughts below.,,44,6,1,0.6908,Developer,0
lidemo_000075,Mentored a junior engineer today and loved it. Always learning something new in this role.,,112,25,5,0.5994,Developer,0
lidemo_000075,Wrote a short post on lessons from a recent outage. Good tooling makes the whole team faster. Spoke with Christopher on the platform team about it.,,113,9,6,0.4404,Developer,0
lidemo_000076,"Leading the industry into a new era. This is only the beginning of what we're building. Since 2015, leading this company forward. Milestone number 48 for the company this 2018. 💼🚀",,2,0,0,0.0772,Fake Executive Impersonator,1
lidemo_000076,"Sharing my vision for where this industry is headed. We're disrupting the entire sector. Expanding Perez, Bailey and Holmes into Lunamouth this 2020. Addressed the board on this in Port Andre last week.",,2,0,0,0.5859,Fake Executive Impersonator,1
lidemo_000076,"Sharing my vision for where this industry is headed. My journey to the top wasn't easy, but it was inevitable. Expanding Mendez-George into West Jamieshire this 2015. Addressed the board on this in Angelaland last week.",#leadership,3,0,0,0.2725,Fake Executive Impersonator,1
lidemo_000076,Sharing my vision for where this industry is headed. Great leaders create their own opportunities. Announcement number 27 this quarter. Milestone number 73 for the company this 2021. Reach out if you want to learn more. 🚀💼,,0,0,0,0.9274,Fake Executive Impersonator,1
lidemo_000076,Announcing a major company milestone under my leadership. Success comes to those who never settle. Expanding Hill-Roberson into South Michelle this 2022. Addressed the board on this in Robertsonside last week. 💼,,1,0,0,0.5719,Fake Executive Impersonator,1
lidemo_000076,"My latest leadership insight for aspiring executives. Most executives think too small, I never have. Milestone number 34 for the company this 2016. Announcement number 80 this quarter. Connect with me for exclusive opportunities.",,3,0,0,0.4902,Fake Executive Impersonator,1
lidemo_000076,"My latest leadership insight for aspiring executives. Great leaders create their own opportunities. Based in Port Jeannemouth, thinking globally. Since 2018, leading this company forward. DM me to discuss investment opportunities. 🚀",,1,0,0,0.886,Fake Executive Impersonator,1
lidemo_000076,"Here's the leadership lesson nobody tells you. Most executives think too small, I never have. Meeting with Kimberly to plan the next phase. 87 years of industry-leading growth. Connect with me for exclusive opportunities.",#career,1,0,0,0.6908,Fake Executive Impersonator,1
lidemo_000076,"Leading the industry into a new era. Success comes to those who never settle. Based in Markborough, thinking globally. Milestone number 62 for the company this 2019. Reach out if you want to learn more.",,1,0,0,0.6597,Fake Executive Impersonator,1
lidemo_000076,Leading the industry into a new era. Great leaders create their own opportunities. Milestone number 22 for the company this 2024. Announcement number 20 this quarter.,#hiring #networking,4,0,1,0.8555,Fake Executive Impersonator,1
lidemo_000076,Announcing a major company milestone under my leadership. True leadership means thinking bigger than everyone else. Announcement number 39 this quarter. Milestone number 2 for the company this 2021. 💼🚀,,1,0,0,0.5267,Fake Executive Impersonator,1
lidemo_000076,"My latest leadership insight for aspiring executives. We're disrupting the entire sector. Based in Sydneymouth, thinking globally.",#career #hiring,3,0,0,0.0,Fake Executive Impersonator,1
lidemo_000076,"Leading the industry into a new era. My journey to the top wasn't easy, but it was inevitable. Announcement number 91 this quarter. Connect with me for exclusive opportunities.",,2,0,0,0.6482,Fake Executive Impersonator,1
lidemo_000076,"Here's the leadership lesson nobody tells you. Great leaders create their own opportunities. Addressed the board on this in New Richardton last week. Since 2015, leading this company forward.",,1,0,0,0.8316,Fake Executive Impersonator,1
lidemo_000076,"As CEO, I'm proud to announce a groundbreaking initiative. Success comes to those who never settle. Expanding Mcgee, Fletcher and Brown into Coxbury this 2024. Since 2019, leading this company forward. Reach out if you want to learn more.",,1,0,0,0.802,Fake Executive Impersonator,1
lidemo_000076,My latest leadership insight for aspiring executives. This is only the beginning of what we're building. Announcement number 23 this quarter.,,0,0,0,0.0772,Fake Executive Impersonator,1
lidemo_000076,"Another record quarter under my leadership. Success comes to those who never settle. Based in Jenkinsmouth, thinking globally. Reach out if you want to learn more.",,1,0,0,0.6249,Fake Executive Impersonator,1
lidemo_000076,"Another record quarter under my leadership. Success comes to those who never settle. Expanding Nolan Inc into South Samanthastad this 2015. Based in North Rebecca, thinking globally. Reach out if you want to learn more.",#career,1,0,0,0.6249,Fake Executive Impersonator,1
lidemo_000076,"My latest leadership insight for aspiring executives. Most executives think too small, I never have. 34 years of industry-leading growth. 38 years of industry-leading growth. Reach out if you want to learn more.",,2,0,0,0.6808,Fake Executive Impersonator,1
lidemo_000076,Here's the leadership lesson nobody tells you. True leadership means thinking bigger than everyone else. Addressed the board on this in Georgeburgh last week. Meeting with Melissa to plan the next phase. Connect with me for exclusive opportunities.,#innovation #leadership,1,0,0,0.7096,Fake Executive Impersonator,1
lidemo_000076,"Announcing a major company milestone under my leadership. Great leaders create their own opportunities. Since 2015, leading this company forward.",#career,1,0,0,0.8316,Fake Executive Impersonator,1
lidemo_000076,"Here's the leadership lesson nobody tells you. Success comes to those who never settle. Since 2020, leading this company forward. Expanding Hall-Adkins into Michaelview this 2018. 🚀💼",,2,0,0,0.5719,Fake Executive Impersonator,1
lidemo_000077,Presented my capstone project today. Grateful for professors who go above and beyond. Project number 26 this semester. One of 88 students selected for the program. Feel free to reach out!,,1,0,0,0.7901,Fake Executive Impersonator,1
lidemo_000077,Reflecting on my first year at Kathrynmouth University. Still processing everything I learned this week. Project number 63 this semester. Shoutout to Christopher for the mentorship. Open to internship opportunities.,,6,0,0,0.4404,Fake Executive Impersonator,1
lidemo_000077,Excited to share I just finished a project for class. Time to recharge before next semester. Met with a career advisor in East Abigailfort this week.,#networking #career,2,0,0,0.5574,Fake Executive Impersonator,1
lidemo_000077,"Grateful for an amazing internship experience this summer. Balancing coursework and applications has been a lot, but worth it. Shoutout to Makayla for the mentorship. Grateful for Cynthia's advice on this one. Would love to connect with others in the field.",#leadership #hiring,2,0,0,0.9481,Fake Executive Impersonator,1
lidemo_000077,"Had a great conversation with a recruiter today. Time to recharge before next semester. Cohort of 2017, West Charlotte campus. Always happy to compare notes with fellow students.",,1,0,0,0.8316,Fake Executive Impersonator,1
lidemo_000077,"Grateful for an amazing internship experience this summer. This confirmed the career path I want to pursue. Cohort of 2020, Lake Ginafort campus. Grateful for Thomas's advice on this one.",,2,0,0,0.8779,Fake Executive Impersonator,1
lidemo_000077,"Excited to share I just finished a project for class. Grateful for professors who go above and beyond. Class of 2018, still learning every day. Grateful for Kathleen's advice on this one.",,2,0,0,0.8625,Fake Executive Impersonator,1
lidemo_000077,Just finished my first group case competition. Still processing everything I learned this week. Shoutout to Kristin for the mentorship. Would love to connect with others in the field.,#hiring #networking,3,0,0,0.6369,Fake Executive Impersonator,1
lidemo_000077,Grateful for an amazing internship experience this summer. Met some incredible recruiters and alumni. Shoutout to Crystal for the mentorship. Feel free to reach out!,#leadership #hiring,1,0,0,0.8883,Fake Executive Impersonator,1
lidemo_000077,Just wrapped up finals! Time to recharge before next semester. One of 31 students selected for the program. 12 credits away from graduating. Always happy to compare notes with fellow students.,,1,0,0,0.7574,Fake Executive Impersonator,1
lidemo_000077,Presented my capstone project today. Grateful for professors who go above and beyond. Shoutout to John for the mentorship. Career fair number 43 this year.,#leadership #innovation,3,0,0,0.6808,Fake Executive Impersonator,1
lidemo_000078,Our team just hit a major milestone. Culture and craft both matter to how we build. Welcoming 13 new team members this 2016.,,44,5,1,0.4588,Business/Company Page,0
lidemo_000078,"Proud to announce a new partnership. Looking forward to what's next for us. Based in Port Tomborough, serving clients since 2025. Opening a new office in Lake Christopherberg this 2018. We'd love to hear from you.",,86,6,2,0.8074,Business/Company Page,0
lidemo_000078,Grateful for the recognition from our industry peers. Innovation continues to drive everything we do. Welcoming 82 new team members this 2019. Milestone number 86 unlocked this quarter.,,32,2,2,0.7351,Business/Company Page,0
lidemo_000078,Thank you to our clients for another great quarter. Every milestone here is a team effort. Proudly 59 years in business. Welcoming 44 new team members this 2019. Learn more on our website.,,63,15,3,0.9201,Business/Company Page,0
lidemo_000078,Our team just hit a major milestone. Grateful for the trust our clients place in us. Congrats to Lisa on leading this launch. Expanding into Henrymouth this 2019. Learn more on our website.,,33,2,2,0.8744,Business/Company Page,0
lidemo_000078,Excited to unveil our latest product update. Innovation continues to drive everything we do. Welcoming 19 new team members this 2015. Welcoming 10 new team members this 2025. Learn more on our website.,#innovation,48,2,2,0.8689,Business/Company Page,0
lidemo_000078,We're hiring! Come join our growing team. Innovation continues to drive everything we do. Milestone number 3 unlocked this quarter.,,110,11,4,0.7263,Business/Company Page,0
lidemo_000078,Excited to share our latest case study. Innovation continues to drive everything we do. Partnering with Freeman-Edwards on this initiative. Reach out if you'd like to collaborate.,#hiring #innovation #career,65,2,2,0.8316,Business/Company Page,0
lidemo_000078,Reflecting on another strong quarter for the team. We're expanding into new markets this year. Expanding into Lunafurt this 2018. Reach out if you'd like to collaborate.,,25,2,2,0.7096,Business/Company Page,0
lidemo_000078,"Reflecting on another strong quarter for the team. Innovation continues to drive everything we do. Partnering with Vasquez, Buck and Bennett on this initiative. Welcoming 77 new team members this 2025.",#networking #innovation #leadership,50,8,4,0.8316,Business/Company Page,0
lidemo_000078,Thank you to our clients for another great quarter. This wouldn't be possible without our incredible team. Welcoming 92 new team members this 2018. Apply via the link in our profile.,,52,3,2,0.8683,Business/Company Page,0
lidemo_000078,Reflecting on another strong quarter for the team. We're expanding into new markets this year. Proudly 87 years in business. Welcoming 95 new team members this 2020.,,106,12,2,0.8689,Business/Company Page,0
lidemo_000079,Here's the leadership lesson nobody tells you. We're disrupting the entire sector. Milestone number 78 for the company this 2018. Announcement number 72 this quarter.,#innovation,2,0,0,0.1531,Fake Executive Impersonator,1
lidemo_000079,My latest leadership insight for aspiring executives. We're disrupting the entire sector. Milestone number 14 for the company this 2024. Milestone number 78 for the company this 2019. Follow for more leadership wisdom.,,4,1,0,0.6461,Fake Executive Impersonator,1
lidemo_000079,Announcing a major company milestone under my leadership. True leadership means thinking bigger than everyone else. Expanding Scott-Fuentes into Hernandezfurt this 2019. Reach out if you want to learn more.,,3,0,0,0.4939,Fake Executive Impersonator,1
lidemo_000079,My latest leadership insight for aspiring executives. Great leaders create their own opportunities. Milestone number 80 for the company this 2023. Addressed the board on this in West Wesleyview last week.,#leadership #hiring,1,0,0,0.8442,Fake Executive Impersonator,1
lidemo_000079,Another record quarter under my leadership. This is only the beginning of what we're building. Expanding Monroe and Sons into Chelseaside this 2023. Expanding Newton LLC into Port Terriburgh this 2015.,#leadership #networking,3,0,0,0.0,Fake Executive Impersonator,1
lidemo_000079,"Leading the industry into a new era. Success comes to those who never settle. Expanding Gillespie-Miller into Hunterhaven this 2025. Based in Moralesstad, thinking globally. 🚀",#networking #leadership,1,0,0,0.5719,Fake Executive Impersonator,1
lidemo_000079,"Another record quarter under my leadership. We're disrupting the entire sector. Expanding Sanders, Benson and Serrano into Cynthiaview this 2016.",,1,0,0,0.0,Fake Executive Impersonator,1
lidemo_000079,"Sharing my vision for where this industry is headed. Most executives think too small, I never have. Based in Bankstown, thinking globally. Follow for more leadership wisdom.",#leadership #hiring,6,0,0,0.8166,Fake Executive Impersonator,1
lidemo_000079,My latest leadership insight for aspiring executives. We're disrupting the entire sector. Expanding Yoder Inc into Smithshire this 2020. Addressed the board on this in Robinsonfort last week. DM me to discuss investment opportunities. 💼,#leadership #hiring,0,0,0,0.3818,Fake Executive Impersonator,1
lidemo_000080,"Wrapped up a multi-month transformation project. Grateful to work across such varied industries. 35 years advising clients across industries. Advising a team at Robinson, Daniels and Henry this quarter. Would love your thoughts in the comments.",#leadership #career,7,0,0,0.802,Consultant,0
lidemo_000080,"Just published a short case study. The hardest part is rarely the analysis, it's the change management. Presenting findings in Hornton next month. Advising a team at Richards, Summers and Mercado this quarter. Happy to discuss further, DM me.",#leadership #career #networking,19,2,0,0.5719,Consultant,0
lidemo_000080,Some thoughts on change management. Alignment across stakeholders matters more than the plan itself. Worked alongside Cheryl on this engagement.,#leadership #hiring #networking,15,0,0,0.5574,Consultant,0
lidemo_000080,"Sharing a few lessons from a recent client engagement. The hardest part is rarely the analysis, it's the change management. Based out of Normaberg this 2023. Based out of South Sandra this 2018.",,9,0,0,0.7003,Consultant,0
lidemo_000080,"Sharing a few lessons from a recent client engagement. Strategy is only as good as its execution. Based out of Tyronebury this 2023. Happy to discuss further, DM me.",,13,0,0,0.9081,Consultant,0
lidemo_000080,Just published a short case study. Strategy is only as good as its execution. Speaking at 3 conferences this 2023. Engagement number 11 wrapped this quarter.,#innovation #career,17,0,0,0.7351,Consultant,0
lidemo_000080,Wrapped up a multi-month transformation project. Every client engagement teaches me something new. Engagement number 76 wrapped this quarter. Based out of Samuelport this 2017.,#innovation #hiring #networking,11,0,0,0.743,Consultant,0
lidemo_000080,"Reflecting on 10 years of consulting. Frameworks help, but context always wins. Advising a team at Myers PLC this quarter.",#leadership,5,0,0,0.7845,Consultant,0
lidemo_000081,Wrapped up a multi-month transformation project. The best solutions come from listening first. Case study number 98 published this month.,#innovation #leadership #career,117,23,6,0.7351,Consultant,0
lidemo_000081,"Sharing a few lessons from a recent client engagement. Every client engagement teaches me something new. Engagement number 23 wrapped this quarter. 41 years advising clients across industries. Happy to discuss further, DM me.",#career #innovation,42,3,2,0.9413,Consultant,0
lidemo_000081,Just published a short case study. Alignment across stakeholders matters more than the plan itself. Based out of West Gerald this 2015. Case study number 9 published this month.,,238,26,9,0.1027,Consultant,0
lidemo_000081,Just published a short case study. Grateful to work across such varied industries. Speaking at 32 conferences this 2021.,,73,5,3,0.4588,Consultant,0
lidemo_000081,"Facilitated a strategy workshop today. Frameworks help, but context always wins. Presenting findings in East Jenniferstad next month. Case study number 45 published this month. Would love your thoughts in the comments.",,89,8,5,0.9343,Consultant,0
lidemo_000082,"Dream job alert, don't wait on this one! Positions are filling up quickly this week. Filled 39 roles this month alone. 🚀",,9,1,0,0.3595,Fake Recruiter,1
lidemo_000082,"We are looking for talent, apply immediately! No interview required for qualified candidates. Filled 41 roles this month alone. Message me ASAP to secure your spot.",#remotework #makemoney,8,1,0,0.3164,Fake Recruiter,1
lidemo_000082,"URGENT HIRING: multiple positions open now! Hundreds already applied, don't miss out. Hiring event in Lake Andrechester this week. Apply via the link in my profile now. 🚀",,7,0,0,0.5055,Fake Recruiter,1
lidemo_000082,"This role won't stay open long! This opportunity won't last, act now. Apply via the link in my profile now.",#grind #makemoney,3,0,0,0.5487,Fake Recruiter,1
lidemo_000083,"Our team just hit a major milestone. We're expanding into new markets this year. Thank you to our 61th client. Based in Loriview, serving clients since 2018.",,172,12,21,0.3612,Business/Company Page,0
lidemo_000083,Excited to share our latest case study. Culture and craft both matter to how we build. Expanding into Hernandezport this 2024. Partnering with Sherman Ltd on this initiative. We'd love to hear from you.,,183,12,7,0.836,Business/Company Page,0
lidemo_000083,"Excited to share our latest case study. Every milestone here is a team effort. Based in North Steven, serving clients since 2022. Thank you to our 4th client. We'd love to hear from you.",,236,36,15,0.8834,Business/Company Page,0
lidemo_000083,Excited to share our latest case study. Innovation continues to drive everything we do. Proudly 28 years in business. Opening a new office in East Jamieport this 2025.,,336,27,25,0.8689,Business/Company Page,0
lidemo_000083,Excited to unveil our latest product update. Innovation continues to drive everything we do. Opening a new office in Port Tanya this 2020.,,316,38,33,0.6124,Business/Company Page,0
lidemo_000083,Proud to announce a new partnership. Every milestone here is a team effort. Thank you to our 63th client. Proudly 38 years in business.,,329,13,19,0.8481,Business/Company Page,0
lidemo_000083,Reflecting on another strong quarter for the team. Looking forward to what's next for us. Thank you to our 43th client. Partnering with Moreno PLC on this initiative. We'd love to hear from you.,,456,34,36,0.875,Business/Company Page,0
lidemo_000083,Thank you to our clients for another great quarter. This wouldn't be possible without our incredible team. Expanding into Kruegershire this 2015. Expanding into Taylorberg this 2022. Learn more on our website.,#networking #innovation #career,178,15,12,0.765,Business/Company Page,0
lidemo_000083,Our team just hit a major milestone. Grateful for the trust our clients place in us. Congrats to Jeffrey on leading this launch. Expanding into Lynchchester this 2016. We'd love to hear from you.,,240,19,28,0.9346,Business/Company Page,0
lidemo_000083,Excited to unveil our latest product update. Culture and craft both matter to how we build. Partnering with Sellers-Baxter on this initiative.,#leadership #hiring #career,364,49,45,0.3612,Business/Company Page,0
lidemo_000084,"Exciting remote opportunity, no experience needed! This opportunity won't last, act now. Working with Clark, Thomas and Case to fill this fast. Filled 61 roles this month alone.",#grind,28,1,0,0.7463,Fake Recruiter,1
lidemo_000084,"URGENT HIRING: multiple positions open now! No interview required for qualified candidates. Recruiting drive kicking off in West Nicolemouth this week. Ask for Brandon, I'm handling this search.",#hiring #remotework,12,1,0,0.1593,Fake Recruiter,1
lidemo_000084,"We are looking for talent, apply immediately! Hundreds already applied, don't miss out. Filled 28 roles this month alone. Slot number 69 still available. 💰✅",,15,1,1,0.4284,Fake Recruiter,1
lidemo_000084,"Dream job alert, don't wait on this one! Hundreds already applied, don't miss out. Hiring event in Aprilfort this week. Comment 'HIRE ME' below.",#opportunity,26,2,1,0.6041,Fake Recruiter,1
lidemo_000084,"URGENT HIRING: multiple positions open now! This opportunity won't last, act now. Ask for John, I'm handling this search. ✅💰",#makemoney #grind #remotework,43,1,0,0.7248,Fake Recruiter,1
lidemo_000085,"Another record quarter under my leadership. My journey to the top wasn't easy, but it was inevitable. Since 2015, leading this company forward. Milestone number 62 for the company this 2018.",,27,9,0,0.0379,Fake Executive Impersonator,1
lidemo_000085,Another record quarter under my leadership. Success comes to those who never settle. 10 years of industry-leading growth. Meeting with Jonathan to plan the next phase. Reach out if you want to learn more.,#innovation,26,2,6,0.7717,Fake Executive Impersonator,1
lidemo_000085,"My latest leadership insight for aspiring executives. Most executives think too small, I never have. Milestone number 90 for the company this 2016. DM me to discuss investment opportunities. 💼",,32,21,2,0.3352,Fake Executive Impersonator,1
lidemo_000085,Sharing my vision for where this industry is headed. Great leaders create their own opportunities. Announcement number 9 this quarter. Expanding Holt-Lynch into Christopherland this 2016.,#career #networking,17,9,1,0.9169,Fake Executive Impersonator,1
lidemo_000085,"My latest leadership insight for aspiring executives. Most executives think too small, I never have. 48 years of industry-leading growth. Since 2017, leading this company forward. DM me to discuss investment opportunities. 🚀💼",#networking,15,3,1,0.6369,Fake Executive Impersonator,1
lidemo_000085,"Sharing my vision for where this industry is headed. We're disrupting the entire sector. Announcement number 5 this quarter. Since 2025, leading this company forward. Follow for more leadership wisdom. 💼🚀",,107,16,5,0.8307,Fake Executive Impersonator,1
lidemo_000085,"Sharing my vision for where this industry is headed. My journey to the top wasn't easy, but it was inevitable. Since 2018, leading this company forward. Based in Tonibury, thinking globally.",#career,32,19,2,0.2725,Fake Executive Impersonator,1
lidemo_000086,Our team just hit a major milestone. Looking forward to what's next for us. Welcoming 60 new team members this 2019. Expanding into South John this 2022. Learn more on our website.,#leadership #hiring,570,62,112,0.4404,Business/Company Page,0
lidemo_000086,Reflecting on another strong quarter for the team. We're expanding into new markets this year. Congrats to Jennifer on leading this launch. Learn more on our website.,,485,80,45,0.7717,Business/Company Page,0
lidemo_000086,"Our team just hit a major milestone. Our clients' feedback keeps shaping the roadmap. Partnering with Stokes, Baker and Christensen on this initiative.",,441,82,41,0.0,Business/Company Page,0
lidemo_000086,"Welcoming several new team members this month. Grateful for the trust our clients place in us. Based in Stanleyland, serving clients since 2018. Learn more on our website.",#career #networking #leadership,304,43,33,0.8481,Business/Company Page,0
lidemo_000086,We're hiring! Come join our growing team. Culture and craft both matter to how we build. Opening a new office in Lake Kristen this 2017. Congrats to Alexandra on leading this launch.,#innovation #leadership,259,129,11,0.7712,Business/Company Page,0
lidemo_000086,"We're hiring! Come join our growing team. We're expanding into new markets this year. Based in Derrickmouth, serving clients since 2020. Welcoming 15 new team members this 2017. Apply via the link in our profile.",#career,686,132,34,0.7263,Business/Company Page,0
lidemo_000087,"Wrapped up an engagement with a great client this week. Every client engagement teaches me something new. 91 years advising clients across industries. Happy to discuss further, DM me.",,67,6,2,0.93,Consultant,0
lidemo_000087,"Wrapped up a multi-month transformation project. Every client engagement teaches me something new. Advising a team at Wallace, Daugherty and Kennedy this quarter. Based out of Nicholasport this 2025. Open to new client conversations.",,52,17,2,0.4588,Consultant,0
lidemo_000087,Reflecting on 10 years of consulting. The best solutions come from listening first. Speaking at 7 conferences this 2018. 21 years advising clients across industries.,,28,3,1,0.7096,Consultant,0
lidemo_000088,"Exciting remote opportunity, no experience needed! Hundreds already applied, don't miss out. Filled 14 roles this month alone. Recruiting drive kicking off in Port Elizabethshire this week. DM me your resume today. 🚀✅",#hiring #opportunity #grind,14,3,1,0.5478,Student,0
lidemo_000088,"Hiring managers are reviewing applications TODAY. High salary, flexible hours guaranteed. Ask for Tyler, I'm handling this search. Apply via the link in my profile now. 💰🚀",,23,4,1,0.2263,Student,0
lidemo_000088,"Exciting remote opportunity, no experience needed! We place candidates faster than anyone else. Hiring event in East Joshua this week. 92 candidates placed since 2020.",#makemoney #hiring,29,11,3,0.6239,Student,0
lidemo_000088,URGENT HIRING: multiple positions open now! Positions are filling up quickly this week. Hiring event in Lake Grace this week.,#makemoney,16,6,2,0.6833,Student,0
lidemo_000088,Hiring managers are reviewing applications TODAY. Send your resume and bank details to get started fast. Hiring event in South Ernestmouth this week.,#hiring #makemoney #grind,7,4,1,0.0,Student,0
lidemo_000088,"Companies are hiring fast this quarter, apply now! Positions are filling up quickly this week. Hiring event in South Mariaport this week. Recruiting drive kicking off in Kiarabury this week. ✅",,14,5,2,0.0,Student,0
lidemo_000088,"This role won't stay open long! High salary, flexible hours guaranteed. Filled 78 roles this month alone. DM me your resume today. 💰🚀",#opportunity #remotework,12,3,3,-0.1007,Student,0
lidemo_000089,Reflecting on 3 years as a developer. Always learning something new in this role. Shoutout to Phillip for the pairing session. PR number 14 merged today. Happy to share more details if useful.,,31,4,3,0.8542,Developer,0
lidemo_000089,"Shipped a new feature at Moore Inc this week. Small, frequent deploys keep saving us from bigger headaches. Spoke with Xavier on the platform team about it. Spoke with Jacqueline on the platform team about it. Let me know your thoughts below.",,47,3,2,0.0,Developer,0
lidemo_000089,Mentored a junior engineer today and loved it. Testing early saved us a painful rollback. PR number 73 merged today. Mentoring 90 junior engineers this quarter.,,23,6,3,0.6249,Developer,0
lidemo_000089,Wrote a short post on lessons from a recent outage. Grateful for a team that values code quality. Mentoring 61 junior engineers this quarter. Shipped feature number 25 this sprint.,#hiring #leadership,68,15,5,0.7184,Developer,0
lidemo_000089,Excited to start using a new framework on our team. The postmortem taught us more than the incident did. Shipped feature number 33 this sprint. Open to connecting with other engineers.,,30,15,1,0.4019,Developer,0
lidemo_000089,"Excited to start using a new framework on our team. Grateful for a team that values code quality. Working with the team at Santos, Holmes and Wagner on this one. Rolling this out from our New Judithberg office.",,21,2,1,0.7964,Developer,0
lidemo_000089,Wrote a short post on lessons from a recent outage. The postmortem taught us more than the incident did. 17 years into this role now. 93 years into this role now. Always glad to swap notes with other teams.,#networking,25,2,2,0.4588,Developer,0
lidemo_000089,Shipped a new feature at Richards LLC this week. Testing early saved us a painful rollback. PR number 54 merged today. Shoutout to Angel for the pairing session.,,38,4,2,0.0516,Developer,0
lidemo_000089,Excited to start using a new framework on our team. Good tooling makes the whole team faster. Rolling this out from our West Valerie office. Working with the team at Smith PLC on this one.,#hiring,17,3,1,0.6486,Developer,0
lidemo_000090,Wrapped up a multi-month transformation project. Strategy is only as good as its execution. Advising a team at Anderson Ltd this quarter. Advising a team at Palmer PLC this quarter.,,136,77,5,0.4404,Consultant,0
lidemo_000090,Speaking at a panel next month on industry trends. Alignment across stakeholders matters more than the plan itself. 23 years advising clients across industries.,,59,18,1,0.0258,Consultant,0
lidemo_000090,"Some thoughts on change management. Frameworks help, but context always wins. Engagement number 44 wrapped this quarter. Presenting findings in Michaelland next month. Open to new client conversations.",,137,32,11,0.9072,Consultant,0
lidemo_000090,Some thoughts on change management. Alignment across stakeholders matters more than the plan itself. Worked alongside Dustin on this engagement. Worked alongside Louis on this engagement. Would love your thoughts in the comments.,#innovation,204,23,7,0.9062,Consultant,0
lidemo_000090,"Sharing a few lessons from a recent client engagement. The best solutions come from listening first. Case study number 60 published this month. Advising a team at Ramos, Fisher and Howard this quarter. Reach out if this resonates.",#career,123,25,6,0.9022,Consultant,0
lidemo_000090,"Just published a short case study. Frameworks help, but context always wins. Speaking at 69 conferences this 2017. Based out of Tammyport this 2022.",#hiring,78,16,1,0.7845,Consultant,0
lidemo_000090,Some thoughts on change management. Alignment across stakeholders matters more than the plan itself. Presenting findings in East Deborah next month. Speaking at 12 conferences this 2025.,,99,6,7,0.0258,Consultant,0
lidemo_000090,"Reflecting on 10 years of consulting. The hardest part is rarely the analysis, it's the change management. 70 years advising clients across industries.",,193,25,7,0.0,Consultant,0
lidemo_000090,Sharing a few lessons from a recent client engagement. Strategy is only as good as its execution. Engagement number 67 wrapped this quarter. Worked alongside Nathan on this engagement.,#networking #career,63,11,4,0.9382,Consultant,0
lidemo_000090,Just published a short case study. Every industry has more in common than people expect. Case study number 35 published this month. Advising a team at Dennis and Sons this quarter.,,67,10,4,0.0772,Consultant,0
lidemo_000090,"Speaking at a panel next month on industry trends. The hardest part is rarely the analysis, it's the change management. Presenting findings in West Laura next month.",,99,22,3,0.0,Consultant,0
lidemo_000090,Kicked off a new engagement this week. Every client engagement teaches me something new. Speaking at 35 conferences this 2017. Based out of Davidborough this 2019.,#hiring #innovation #networking,61,7,2,0.7184,Consultant,0
lidemo_000091,Facilitated a strategy workshop today. Every client engagement teaches me something new. Engagement number 10 wrapped this quarter. Speaking at 45 conferences this 2019.,#career #leadership,251,27,10,0.743,Consultant,0
lidemo_000091,"Kicked off a new engagement this week. Grateful to work across such varied industries. Based out of Myersstad this 2022. 31 years advising clients across industries. Happy to discuss further, DM me.",,135,13,6,0.8658,Consultant,0
lidemo_000091,Reflecting on 10 years of consulting. Alignment across stakeholders matters more than the plan itself. Presenting findings in Lyonsland next month. Open to new client conversations.,,202,17,16,0.0258,Consultant,0
lidemo_000092,"Grow your network 10x with this simple trick. Limited spots in my mentorship program. Since 2020, thousands have joined my program.",#grind #makemoney,10,0,0,-0.2732,Spam/Bot Account,1
lidemo_000092,"Stop scrolling, this could change your career. DM me and I'll show you exactly how. Session number 61 of my mentorship program. Built this system while working out of Port Meagan. Comment below and I'll follow up. 🚀",#opportunity #makemoney #grind,18,1,0,-0.2263,Spam/Bot Account,1
lidemo_000092,"This one trick changed my whole career trajectory. It's simpler than you'd expect, promise. Built this system while working out of Dominicshire. DM me the word 'START'.",#opportunity #hiring,17,0,0,0.2732,Spam/Bot Account,1
lidemo_000092,"Everyone should be doing this in 2026. This strategy works for anyone, guaranteed. Since 2025, thousands have joined my program. Only 72 spots left this month. Book a free call today. 💯",#opportunity #remotework,15,0,0,0.5106,Spam/Bot Account,1
lidemo_000092,"This one trick changed my whole career trajectory. Limited spots in my mentorship program. Only 67 spots left this month. Ran a session in Clarkmouth last week, huge turnout. Click the link in my profile. 🚀💯",#makemoney #hiring #remotework,2,0,0,0.0516,Spam/Bot Account,1
lidemo_000093,Another record quarter under my leadership. We're disrupting the entire sector. 46 years of industry-leading growth.,,1,0,0,0.3818,Fake Executive Impersonator,1
lidemo_000093,"As CEO, I'm proud to announce a groundbreaking initiative. We're disrupting the entire sector. Meeting with Eric to plan the next phase. Addressed the board on this in Beckyville last week.",,1,0,0,0.4767,Fake Executive Impersonator,1
lidemo_000093,Leading the industry into a new era. Great leaders create their own opportunities. Announcement number 47 this quarter. Follow for more leadership wisdom.,,1,0,0,0.9149,Fake Executive Impersonator,1
lidemo_000093,Another record quarter under my leadership. Success comes to those who never settle. Meeting with Jessica to plan the next phase. 26 years of industry-leading growth.,,1,0,0,0.743,Fake Executive Impersonator,1
lidemo_000093,"Sharing my vision for where this industry is headed. Great leaders create their own opportunities. Since 2021, leading this company forward. Announcement number 87 this quarter.",,1,0,0,0.9169,Fake Executive Impersonator,1
lidemo_000093,"As CEO, I'm proud to announce a groundbreaking initiative. Most executives think too small, I never have. 27 years of industry-leading growth. Milestone number 41 for the company this 2018. Reach out if you want to learn more.",,2,0,0,0.7506,Fake Executive Impersonator,1
lidemo_000093,"Sharing my vision for where this industry is headed. My journey to the top wasn't easy, but it was inevitable. Since 2025, leading this company forward. Reach out if you want to learn more.",,2,0,0,0.4013,Fake Executive Impersonator,1
lidemo_000093,"Here's the leadership lesson nobody tells you. This is only the beginning of what we're building. 62 years of industry-leading growth. Since 2022, leading this company forward. Connect with me for exclusive opportunities.",,1,0,0,0.6908,Fake Executive Impersonator,1
lidemo_000093,Another record quarter under my leadership. Great leaders create their own opportunities. Expanding Thompson-Rodriguez into Lake William this 2015. Addressed the board on this in Dunnview last week. DM me to discuss investment opportunities.,#career #leadership,1,0,0,0.886,Fake Executive Impersonator,1
lidemo_000093,Leading the industry into a new era. This is only the beginning of what we're building. Expanding Ferguson-Jordan into East Briannafurt this 2015. 83 years of industry-leading growth. 🚀💼,,2,0,0,0.3818,Fake Executive Impersonator,1
lidemo_000094,Migrated a legacy service this week. Good tooling makes the whole team faster. 70 years into this role now. Mentoring 94 junior engineers this quarter.,,43,4,3,0.4404,Developer,0
lidemo_000094,Excited to start using a new framework on our team. The postmortem taught us more than the incident did.,#leadership #hiring,27,1,1,0.34,Developer,0
lidemo_000094,Wrote a short post on lessons from a recent outage. The postmortem taught us more than the incident did. Rolling this out from our Jacobside office. Shoutout to Renee for the pairing session.,,43,10,1,0.0,Developer,0
lidemo_000094,Wrote a short post on lessons from a recent outage. Good tooling makes the whole team faster. Shoutout to Paula for the pairing session. Mentoring 75 junior engineers this quarter.,,44,3,0,0.4404,Developer,0
lidemo_000095,"The algorithm doesn't want you to know this. It's simpler than you'd expect, promise. Case study number 77 of my system, ask me how. DM me the word 'START'.",#makemoney #remotework,18,3,1,0.3352,Business/Company Page,0
lidemo_000095,"Stop scrolling, this could change your career. It's simpler than you'd expect, promise. Session number 15 of my mentorship program. Click the link in my profile.",#remotework,30,6,2,0.1027,Business/Company Page,0
lidemo_000095,"Everyone should be doing this in 2026. DM me and I'll show you exactly how. Built this system while working out of Patricialand. Since 2021, thousands have joined my program. Comment below and I'll follow up. 💯",#remotework #opportunity #makemoney,46,6,2,0.0,Business/Company Page,0
lidemo_000095,"I made $10k this month using this LinkedIn hack. It's simpler than you'd expect, promise. Only 95 spots left this month. Comment below and I'll follow up.",#makemoney #opportunity #grind,48,16,4,0.3182,Business/Company Page,0
lidemo_000095,"Grow your network 10x with this simple trick. This strategy works for anyone, guaranteed. Only 74 spots left this month. Session number 21 of my mentorship program. Click the link in my profile. 💯",#hiring #makemoney #grind,73,13,5,0.0258,Business/Company Page,0
lidemo_000095,Grow your network 10x with this simple trick. Limited spots in my mentorship program. Built this system while working out of South Mariebury. Only 53 spots left this month. 💯,#hiring #grind #opportunity,19,2,1,-0.2732,Business/Company Page,0
lidemo_000095,"Grow your network 10x with this simple trick. Limited spots in my mentorship program. Ask Laurie, they joined last month. Session number 77 of my mentorship program.",#opportunity #makemoney #remotework #grind,45,9,3,-0.2023,Business/Company Page,0
lidemo_000095,"I wish someone told me this five years ago. It's simpler than you'd expect, promise. Helped 76 clients hit six figures this 2020. Ask Susan, they joined last month. 💯",,52,9,4,0.6124,Business/Company Page,0
lidemo_000095,"I made $10k this month using this LinkedIn hack. This isn't some overnight gimmick, it actually works. Session number 68 of my mentorship program. Ran a session in Lindaburgh last week, huge turnout. DM me the word 'START'. 💯📈",#remotework,26,1,1,0.3818,Business/Company Page,0
lidemo_000095,I wish someone told me this five years ago. Comment 'INFO' and I'll send details. Only 4 spots left this month. Only 23 spots left this month. 🚀,#hiring,39,3,2,0.4019,Business/Company Page,0
lidemo_000095,"Grow your network 10x with this simple trick. This strategy works for anyone, guaranteed. Since 2022, thousands have joined my program. Case study number 36 of my system, ask me how. Book a free call today.",#remotework #hiring,46,10,3,0.5267,Business/Company Page,0
lidemo_000095,"Everyone should be doing this in 2026. DM me and I'll show you exactly how. Since 2020, thousands have joined my program. Only 87 spots left this month. DM me the word 'START'. 📈",#remotework,66,8,5,0.0,Business/Company Page,0
lidemo_000096,Sharing my vision for where this industry is headed. Great leaders create their own opportunities. Addressed the board on this in Lucasberg last week. Meeting with Meagan to plan the next phase. 💼🚀,#career,5,0,0,0.9118,Fake Executive Impersonator,1
lidemo_000096,Announcing a major company milestone under my leadership. We're disrupting the entire sector. 58 years of industry-leading growth. 15 years of industry-leading growth.,#career #innovation,4,0,0,0.6369,Fake Executive Impersonator,1
lidemo_000096,"Another record quarter under my leadership. We're disrupting the entire sector. Based in Davidfurt, thinking globally. Expanding Haynes, Chung and Walton into Rebeccafort this 2018. Follow for more leadership wisdom.",,5,0,0,0.5688,Fake Executive Impersonator,1
lidemo_000096,Announcing a major company milestone under my leadership. True leadership means thinking bigger than everyone else. 9 years of industry-leading growth. Connect with me for exclusive opportunities.,#career #hiring,3,0,0,0.8176,Fake Executive Impersonator,1
lidemo_000096,"Leading the industry into a new era. This is only the beginning of what we're building. Based in Keithland, thinking globally.",,3,0,0,0.0,Fake Executive Impersonator,1
lidemo_000096,"Announcing a major company milestone under my leadership. Success comes to those who never settle. Based in Lake Jonathonfurt, thinking globally. 🚀💼",#leadership #networking,4,0,0,0.5719,Fake Executive Impersonator,1
lidemo_000096,Sharing my vision for where this industry is headed. We're disrupting the entire sector. Milestone number 69 for the company this 2015. Meeting with Bruce to plan the next phase.,#hiring #leadership,9,1,0,0.6249,Fake Executive Impersonator,1
lidemo_000096,"My latest leadership insight for aspiring executives. We're disrupting the entire sector. Expanding Jones-Garcia into Joshuaberg this 2017. Since 2022, leading this company forward.",,2,0,0,0.0,Fake Executive Impersonator,1
lidemo_000097,This role won't stay open long! No interview required for qualified candidates. Hiring event in North Craigview this week. Filled 9 roles this month alone. Comment 'HIRE ME' below.,#remotework #grind,12,0,0,-0.5411,Fake Recruiter,1
lidemo_000097,This role won't stay open long! We place candidates faster than anyone else. Hiring event in Gabrielside this week. Recruiting drive kicking off in East Carl this week. Apply via the link in my profile now. ✅💰,#makemoney,7,1,0,0.0,Fake Recruiter,1
lidemo_000097,"URGENT HIRING: multiple positions open now! High salary, flexible hours guaranteed. Ask for Angelica, I'm handling this search. Slot number 37 still available.",#makemoney,6,1,0,0.6155,Fake Recruiter,1
lidemo_000097,"We are looking for talent, apply immediately! This opportunity won't last, act now. Recruiting drive kicking off in Lawrencemouth this week. Position number 55 still open, apply now. Apply via the link in my profile now. ✅",#remotework,51,12,0,0.7678,Fake Recruiter,1
lidemo_000097,"Dream job alert, don't wait on this one! We place candidates faster than anyone else. Working with Hernandez, Stewart and Baxter to fill this fast.",#grind,35,2,2,0.5411,Fake Recruiter,1
lidemo_000097,"Companies are hiring fast this quarter, apply now! Hundreds already applied, don't miss out. Ask for Brittany, I'm handling this search. Hiring event in Lake Kimberlyberg this week. Apply via the link in my profile now. 🚀",#hiring,44,1,0,0.1867,Fake Recruiter,1
lidemo_000098,"This one trick changed my whole career trajectory. I've helped hundreds of people do the same. Built this system while working out of South Monica. Ran a session in East Reginafort last week, huge turnout. Click the link in my profile.",,166,20,4,0.2732,Developer,0
lidemo_000098,"Stop scrolling, this could change your career. It's simpler than you'd expect, promise.",#remotework #grind #opportunity #makemoney,66,6,2,0.0258,Developer,0
lidemo_000098,I made $10k this month using this LinkedIn hack. DM me and I'll show you exactly how. Built this system while working out of Jasonberg. Book a free call today. 🚀,#opportunity #hiring,92,9,2,0.5106,Developer,0
lidemo_000098,"I made $10k this month using this LinkedIn hack. DM me and I'll show you exactly how. Only 20 spots left this month. Since 2025, thousands have joined my program. Comment below and I'll follow up.",#hiring #grind #makemoney #remotework,94,21,3,0.0,Developer,0
lidemo_000098,"This one trick changed my whole career trajectory. This strategy works for anyone, guaranteed. Ask Gloria, they joined last month.",#grind #remotework,103,18,2,-0.0516,Developer,0
lidemo_000098,"Everyone should be doing this in 2026. This isn't some overnight gimmick, it actually works. Ask Calvin, they joined last month. Ask David, they joined last month. Comment below and I'll follow up. 💯",#remotework #grind #hiring #opportunity,54,10,2,0.0,Developer,0
lidemo_000098,"I wish someone told me this five years ago. This strategy works for anyone, guaranteed. Helped 88 clients hit six figures this 2024. Book a free call today.",#makemoney,55,7,1,0.7184,Developer,0
lidemo_000098,I made $10k this month using this LinkedIn hack. I've helped hundreds of people do the same.,#makemoney,58,7,1,0.0,Developer,0
lidemo_000099,"We are looking for talent, apply immediately! Hundreds already applied, don't miss out. Recruiting drive kicking off in Burnettburgh this week. Recruiting drive kicking off in South Brianview this week.",#hiring #remotework #makemoney,197,60,3,0.5478,Fake Recruiter,1
lidemo_000099,"Exciting remote opportunity, no experience needed! Send your resume and bank details to get started fast. Hiring event in Mcguireton this week. Message me ASAP to secure your spot.",#remotework #makemoney #hiring,325,47,3,0.7574,Fake Recruiter,1
lidemo_000099,"Companies are hiring fast this quarter, apply now! Positions are filling up quickly this week. Ask for Caitlin, I'm handling this search. DM me your resume today. 🚀",,83,41,1,0.0,Fake Recruiter,1
lidemo_000099,"Companies are hiring fast this quarter, apply now! Hundreds already applied, don't miss out. Ask for Rachel, I'm handling this search. 🚀✅",#makemoney #grind #hiring,233,31,6,0.1867,Fake Recruiter,1
lidemo_000099,"This role won't stay open long! This opportunity won't last, act now. Hiring event in West Robinfort this week. 5 candidates placed since 2015. 💰🚀",#hiring #opportunity,168,7,2,0.5487,Fake Recruiter,1
lidemo_000099,"Companies are hiring fast this quarter, apply now! Hundreds already applied, don't miss out. Filled 6 roles this month alone. 9 candidates placed since 2015. Apply via the link in my profile now.",#makemoney,133,36,3,-0.2139,Fake Recruiter,1
lidemo_000099,"Companies are hiring fast this quarter, apply now! Positions are filling up quickly this week. Position number 90 still open, apply now. DM me your resume today.",#makemoney #remotework,638,118,6,0.1511,Fake Recruiter,1
lidemo_000099,"Dream job alert, don't wait on this one! Positions are filling up quickly this week. Position number 96 still open, apply now. DM me your resume today.",#grind,188,28,8,0.5848,Fake Recruiter,1
lidemo_000099,"This role won't stay open long! This opportunity won't last, act now. Filled 13 roles this month alone. Working with Allen, Proctor and Coleman to fill this fast. Message me ASAP to secure your spot.",,204,8,2,0.6049,Fake Recruiter,1
lidemo_000099,"URGENT HIRING: multiple positions open now! This opportunity won't last, act now. Ask for Kimberly, I'm handling this search. Filled 11 roles this month alone. ✅",,58,5,0,0.6218,Fake Recruiter,1
lidemo_000099,"Dream job alert, don't wait on this one! Positions are filling up quickly this week. Recruiting drive kicking off in South Thomasside this week. ✅",#grind #makemoney,43,1,1,0.5411,Fake Recruiter,1
lidemo_000099,"Exciting remote opportunity, no experience needed! High salary, flexible hours guaranteed. Hiring event in Melissaberg this week. Apply via the link in my profile now.",,66,10,0,0.7177,Fake Recruiter,1
lidemo_000099,"Dream job alert, don't wait on this one! We place candidates faster than anyone else. Recruiting drive kicking off in New Lorihaven this week. Filled 64 roles this month alone. Comment 'HIRE ME' below. 🚀",,31,8,0,0.3595,Fake Recruiter,1
lidemo_000099,"Dream job alert, don't wait on this one! We place candidates faster than anyone else. 27 candidates placed since 2017. Position number 64 still open, apply now.",#hiring,93,8,0,0.5848,Fake Recruiter,1
lidemo_000100,Mentored a junior engineer today and loved it. Grateful for a team that values code quality. Rolling this out from our East Cassandrahaven office. 96 years into this role now. Happy to share more details if useful.,,45,6,3,0.9563,Developer,0
lidemo_000100,Gave a short talk on our team's testing practices. Good tooling makes the whole team faster. PR number 61 merged today. Sprint 12 retro done.,#innovation,31,6,1,0.4939,Developer,0
lidemo_000100,Shipped a new feature at Snyder-Jimenez this week. Cross-team collaboration made this so much smoother. Rolling this out from our Port Katherine office. Working with the team at Gilbert-Fitzgerald on this one.,,7,1,0,0.0,Developer,0
lidemo_000100,"Shipped a new feature at Caldwell PLC this week. Good tooling makes the whole team faster. Based out of Gonzalezmouth, remote-first. Mentoring 12 junior engineers this quarter.",,9,1,1,0.4404,Developer,0
lidemo_000100,Finally closed out a long-standing tech debt ticket. Always learning something new in this role. Rolling this out from our West Elizabeth office. Spoke with Rebecca on the platform team about it.,#networking #hiring,26,4,1,-0.3612,Developer,0
lidemo_000100,Migrated a legacy service this week. Always learning something new in this role. Working with the team at Beck-Richardson on this one. Sprint 37 retro done.,,17,3,1,0.0,Developer,0
lidemo_000100,Excited to start using a new framework on our team. Documentation really does save future you. PR number 27 merged today.,,18,2,1,0.7334,Developer,0
lidemo_000100,Onboarded a new teammate this week. Testing early saved us a painful rollback. PR number 22 merged today. Shoutout to Brittany for the pairing session.,,38,7,1,0.0516,Developer,0
lidemo_000100,Migrated a legacy service this week. Cross-team collaboration made this so much smoother.,,25,4,2,0.0,Developer,0
lidemo_000100,"Finally closed out a long-standing tech debt ticket. The postmortem taught us more than the incident did. Based out of Lake Erikaport, remote-first. Shipped feature number 9 this sprint. Happy to share more details if useful.",,35,7,1,0.7823,Developer,0
lidemo_000101,"I wish someone told me this five years ago. This strategy works for anyone, guaranteed. Helped 13 clients hit six figures this 2024. Only 80 spots left this month. DM me the word 'START'. 💯",,23,0,0,0.4019,Spam/Bot Account,1
lidemo_000101,"I wish someone told me this five years ago. This strategy works for anyone, guaranteed. Built this system while working out of Derekberg. Ran a session in Woodsmouth last week, huge turnout. Book a free call today. 💯",#remotework #opportunity,45,2,0,0.8074,Spam/Bot Account,1
lidemo_000101,"Stop scrolling, this could change your career. It's simpler than you'd expect, promise. Since 2016, thousands have joined my program. Click the link in my profile. 📈",#hiring #opportunity #remotework #makemoney,29,1,0,0.0258,Spam/Bot Account,1
lidemo_000101,"I made $10k this month using this LinkedIn hack. I've helped hundreds of people do the same. Ask Billy, they joined last month. Ran a session in New Ericafort last week, huge turnout. Book a free call today.",#makemoney #opportunity #remotework #grind,82,1,0,0.6808,Spam/Bot Account,1
lidemo_000101,"Everyone should be doing this in 2026. Limited spots in my mentorship program. Ran a session in Isaacside last week, huge turnout. Helped 72 clients hit six figures this 2021. 🚀📈",,18,0,0,0.1027,Spam/Bot Account,1
lidemo_000101,"I made $10k this month using this LinkedIn hack. Limited spots in my mentorship program. Case study number 71 of my system, ask me how. Case study number 86 of my system, ask me how. Comment below and I'll follow up.",#remotework,83,7,0,-0.4404,Spam/Bot Account,1
lidemo_000101,I wish someone told me this five years ago. Limited spots in my mentorship program. Helped 55 clients hit six figures this 2015. Helped 34 clients hit six figures this 2017. Book a free call today.,#remotework,81,1,0,0.6249,Spam/Bot Account,1
lidemo_000101,"Stop scrolling, this could change your career. It's simpler than you'd expect, promise. Case study number 89 of my system, ask me how. Ask Richard, they joined last month. 💯",#opportunity #grind,50,1,0,0.1027,Spam/Bot Account,1
lidemo_000101,"The algorithm doesn't want you to know this. DM me and I'll show you exactly how. Case study number 41 of my system, ask me how. Since 2021, thousands have joined my program. Click the link in my profile.",#hiring #opportunity,59,1,0,0.0201,Spam/Bot Account,1
lidemo_000101,"Stop scrolling, this could change your career. Limited spots in my mentorship program. Only 56 spots left this month. 📈",#opportunity #hiring #makemoney,39,0,0,-0.4767,Spam/Bot Account,1
lidemo_000101,"The algorithm doesn't want you to know this. I've helped hundreds of people do the same. Case study number 72 of my system, ask me how.",#makemoney #grind #hiring #remotework,64,1,0,0.0201,Spam/Bot Account,1
lidemo_000101,"Stop scrolling, this could change your career. Limited spots in my mentorship program. Ran a session in Adrianchester last week, huge turnout. Helped 76 clients hit six figures this 2015. Book a free call today.",#opportunity #makemoney #remotework #hiring,21,0,0,0.3612,Spam/Bot Account,1
lidemo_000102,"We're hiring! Come join our growing team. Our clients' feedback keeps shaping the roadmap. Opening a new office in East Cynthiachester this 2023. Based in West Darrenville, serving clients since 2015. Apply via the link in our profile.",,191,19,14,0.4926,Business/Company Page,0
lidemo_000102,Welcoming several new team members this month. Looking forward to what's next for us. Congrats to Alexa on leading this launch. Opening a new office in Carlside this 2020.,#career #networking #hiring,217,22,14,0.743,Business/Company Page,0
lidemo_000102,Thank you to our clients for another great quarter. Culture and craft both matter to how we build. Proudly 36 years in business. Reach out if you'd like to collaborate.,#innovation,79,8,6,0.9169,Business/Company Page,0
lidemo_000102,Proud to announce a new partnership. Grateful for the trust our clients place in us. Thank you to our 43th client. Milestone number 97 unlocked this quarter. Reach out if you'd like to collaborate.,,160,23,6,0.93,Business/Company Page,0
lidemo_000102,"Our team just hit a major milestone. Grateful for the trust our clients place in us. Based in Lake Jeanne, serving clients since 2018. Welcoming 7 new team members this 2019. Apply via the link in our profile.",,108,10,5,0.8583,Business/Company Page,0
lidemo_000102,Our team just hit a major milestone. Looking forward to what's next for us. Milestone number 77 unlocked this quarter. Proudly 67 years in business. Learn more on our website.,#hiring #innovation #networking,240,23,17,0.5994,Business/Company Page,0
lidemo_000102,Our team just hit a major milestone. Culture and craft both matter to how we build. Opening a new office in East Earl this 2018. Opening a new office in Jonesbury this 2015. We'd love to hear from you.,,191,33,9,0.6486,Business/Company Page,0
lidemo_000102,"Excited to share our latest case study. Innovation continues to drive everything we do. Expanding into East Ashleyfort this 2023. Partnering with Bautista, Castro and Robinson on this initiative.",#leadership #networking,127,15,6,0.7351,Business/Company Page,0
lidemo_000102,Our team just hit a major milestone. Grateful for the trust our clients place in us. Expanding into Danielstad this 2016.,#innovation,69,8,4,0.7635,Business/Company Page,0
lidemo_000102,Excited to share our latest case study. Innovation continues to drive everything we do. Welcoming 63 new team members this 2019. Learn more on our website.,#career,233,22,14,0.8442,Business/Company Page,0
lidemo_000102,Excited to share our latest case study. We're expanding into new markets this year. Expanding into Beckville this 2019. Thank you to our 82th client. Reach out if you'd like to collaborate.,#hiring #networking,72,6,3,0.8271,Business/Company Page,0
lidemo_000102,Reflecting on another strong quarter for the team. Grateful for the trust our clients place in us. Congrats to Ann on leading this launch. Congrats to Angela on leading this launch. Reach out if you'd like to collaborate.,,238,30,10,0.9584,Business/Company Page,0
lidemo_000102,"Excited to share our latest case study. This wouldn't be possible without our incredible team. Opening a new office in Raychester this 2024. Partnering with Johnson, Lewis and Sanchez on this initiative.",#leadership #networking,150,21,11,0.5574,Business/Company Page,0
lidemo_000103,"Leading the industry into a new era. This is only the beginning of what we're building. Milestone number 67 for the company this 2017. Based in North Shawn, thinking globally. DM me to discuss investment opportunities.",,1,0,0,0.4404,Fake Executive Impersonator,1
lidemo_000103,Sharing my vision for where this industry is headed. Success comes to those who never settle. Announcement number 12 this quarter. Expanding Thompson and Sons into West Melissa this 2022.,,2,0,0,0.8062,Fake Executive Impersonator,1
lidemo_000103,"Leading the industry into a new era. True leadership means thinking bigger than everyone else. 41 years of industry-leading growth. Since 2025, leading this company forward.",#leadership,2,0,0,0.6597,Fake Executive Impersonator,1
lidemo_000103,"Another record quarter under my leadership. Success comes to those who never settle. Since 2021, leading this company forward. Meeting with Diana to plan the next phase. Reach out if you want to learn more.",#career #leadership,1,0,0,0.6249,Fake Executive Impersonator,1
lidemo_000103,"As CEO, I'm proud to announce a groundbreaking initiative. Great leaders create their own opportunities. Expanding Hunter, Hines and Lowe into Jennifermouth this 2023. Milestone number 29 for the company this 2020.",,3,0,0,0.9136,Fake Executive Impersonator,1
lidemo_000103,Here's the leadership lesson nobody tells you. We're disrupting the entire sector. 47 years of industry-leading growth. Announcement number 52 this quarter. Connect with me for exclusive opportunities.,#hiring #leadership,3,0,0,0.7184,Fake Executive Impersonator,1
lidemo_000103,"Another record quarter under my leadership. My journey to the top wasn't easy, but it was inevitable. Announcement number 25 this quarter.",#career #leadership,2,0,0,0.0379,Fake Executive Impersonator,1
lidemo_000103,Announcing a major company milestone under my leadership. Great leaders create their own opportunities. Reach out if you want to learn more.,,3,0,0,0.8481,Fake Executive Impersonator,1
lidemo_000103,Sharing my vision for where this industry is headed. This is only the beginning of what we're building. Addressed the board on this in Hernandezfort last week. Expanding Diaz and Sons into Hancockchester this 2015. Follow for more leadership wisdom. 💼🚀,,4,0,0,0.8166,Fake Executive Impersonator,1
lidemo_000103,Here's the leadership lesson nobody tells you. Great leaders create their own opportunities.,#hiring,1,0,0,0.8316,Fake Executive Impersonator,1
lidemo_000103,My latest leadership insight for aspiring executives. Success comes to those who never settle. Milestone number 60 for the company this 2015. Addressed the board on this in Cookborough last week. 🚀,#leadership #hiring,3,0,0,0.5389,Fake Executive Impersonator,1
lidemo_000103,"Here's the leadership lesson nobody tells you. Success comes to those who never settle. Milestone number 67 for the company this 2017. Since 2021, leading this company forward.",,2,0,0,0.5389,Fake Executive Impersonator,1
lidemo_000103,"Leading the industry into a new era. We're disrupting the entire sector. Since 2018, leading this company forward. Milestone number 65 for the company this 2016.",#career,8,0,0,0.0772,Fake Executive Impersonator,1
lidemo_000103,Leading the industry into a new era. We're disrupting the entire sector. Milestone number 19 for the company this 2023.,#networking,6,0,0,0.0772,Fake Executive Impersonator,1
lidemo_000103,My latest leadership insight for aspiring executives. Great leaders create their own opportunities. Milestone number 11 for the company this 2021.,,3,0,0,0.8442,Fake Executive Impersonator,1
lidemo_000104,Attended a great career fair today. Still processing everything I learned this week. Project number 40 this semester.,,64,9,1,0.7717,Student,0
lidemo_000104,"Attended a great career fair today. Balancing coursework and applications has been a lot, but worth it. One of 40 students selected for the program. Always happy to compare notes with fellow students.",,29,10,1,0.891,Student,0
lidemo_000104,Reflecting on my first year at Hansontown University. Time to recharge before next semester. Grateful for John's advice on this one. Would love to connect with others in the field.,,22,8,0,0.802,Student,0
lidemo_000104,"Presented my capstone project today. Balancing coursework and applications has been a lot, but worth it. Grateful for Julie's advice on this one. Met with a career advisor in North Heidi this week.",,22,5,1,0.7469,Student,0
lidemo_000104,"Grateful for an amazing internship experience this summer. Balancing coursework and applications has been a lot, but worth it. Shoutout to Monica for the mentorship. One of 37 students selected for the program.",#hiring #leadership,35,3,1,0.6956,Student,0
lidemo_000104,Excited to share I just finished a project for class. This confirmed the career path I want to pursue. Grateful for Travis's advice on this one.,,32,6,1,0.7845,Student,0
lidemo_000104,"Excited to share I just finished a project for class. Balancing coursework and applications has been a lot, but worth it. Grateful for Nathan's advice on this one. Open to internship opportunities.",,41,16,2,0.9011,Student,0
lidemo_000104,"Attended a great career fair today. Time to recharge before next semester. Cohort of 2016, North Troyland campus. Cohort of 2023, Hermanstad campus. Feel free to reach out!",,28,6,1,0.8777,Student,0
lidemo_000104,Just wrapped up finals! Time to recharge before next semester. Shoutout to Janet for the mentorship. Career fair number 18 this year. Open to internship opportunities.,,75,27,3,0.6696,Student,0
lidemo_000105,Finally closed out a long-standing tech debt ticket. Always learning something new in this role. 45 years into this role now.,#hiring,12,1,1,-0.3612,Developer,0
lidemo_000105,"Mentored a junior engineer today and loved it. Small, frequent deploys keep saving us from bigger headaches. Shipped feature number 39 this sprint. Spoke with Kelly on the platform team about it.",,34,5,3,0.6369,Developer,0
lidemo_000105,Wrote a short post on lessons from a recent outage. Good tooling makes the whole team faster. 43 years into this role now.,#leadership #hiring,26,3,1,0.4404,Developer,0
lidemo_000105,"Finally closed out a long-standing tech debt ticket. Cross-team collaboration made this so much smoother. Working with the team at Harper, Harper and Jones on this one. Always glad to swap notes with other teams.",,27,6,1,0.128,Developer,0
lidemo_000105,Finally closed out a long-standing tech debt ticket. Cross-team collaboration made this so much smoother. Shoutout to Julie for the pairing session.,,47,6,3,-0.3612,Developer,0
lidemo_000105,Reflecting on 3 years as a developer. Good tooling makes the whole team faster. Sprint 74 retro done. Let me know your thoughts below.,#career #hiring,23,2,1,0.4404,Developer,0
lidemo_000105,Excited to start using a new framework on our team. The postmortem taught us more than the incident did. 24 years into this role now. Working with the team at Lawrence-Carr on this one.,,19,2,1,0.34,Developer,0
lidemo_000105,Mentored a junior engineer today and loved it. Testing early saved us a painful rollback. PR number 80 merged today. Spoke with Steven on the platform team about it. Always glad to swap notes with other teams.,#leadership #hiring,17,3,1,0.7964,Developer,0
lidemo_000105,Excited to start using a new framework on our team. Good tooling makes the whole team faster. PR number 47 merged today. Happy to share more details if useful.,#networking,33,11,1,0.9282,Developer,0
lidemo_000106,Grateful for the recognition from our industry peers. Culture and craft both matter to how we build. Thank you to our 44th client. Proudly 14 years in business.,#leadership #career #hiring,522,37,70,0.8481,Business/Company Page,0
lidemo_000106,Reflecting on another strong quarter for the team. Every milestone here is a team effort. Congrats to Kelly on leading this launch.,#career #innovation,698,38,26,0.7717,Business/Company Page,0
lidemo_000106,"Thank you to our clients for another great quarter. We're expanding into new markets this year. Partnering with Wood, Cook and Oneal on this initiative.",#hiring #networking #leadership,494,39,33,0.765,Business/Company Page,0
lidemo_000106,Excited to unveil our latest product update. Our clients' feedback keeps shaping the roadmap. Milestone number 94 unlocked this quarter.,#networking #innovation,1070,59,54,0.4019,Business/Company Page,0
lidemo_000106,Our team just hit a major milestone. Innovation continues to drive everything we do. Congrats to Eric on leading this launch.,,361,20,12,0.7414,Business/Company Page,0
lidemo_000106,We're hiring! Come join our growing team. Our clients' feedback keeps shaping the roadmap. Welcoming 52 new team members this 2021. Thank you to our 4th client. Learn more on our website.,,538,35,58,0.8221,Business/Company Page,0
lidemo_000106,Grateful for the recognition from our industry peers. Our clients' feedback keeps shaping the roadmap. Thank you to our 56th client. Milestone number 71 unlocked this quarter.,,374,16,28,0.7003,Business/Company Page,0
lidemo_000106,Proud to announce a new partnership. Every milestone here is a team effort. Thank you to our 57th client. Milestone number 42 unlocked this quarter.,,363,16,15,0.7096,Business/Company Page,0
lidemo_000106,"Excited to share our latest case study. Grateful for the trust our clients place in us. Partnering with Hester, Marshall and Mccormick on this initiative. We'd love to hear from you.",,435,61,28,0.9337,Business/Company Page,0
lidemo_000107,"Everyone should be doing this in 2026. This strategy works for anyone, guaranteed. Ran a session in East Christopherside last week, huge turnout. Book a free call today. 📈💯",#makemoney #remotework #hiring #grind,7,0,0,0.6808,Spam/Bot Account,1
lidemo_000107,I wish someone told me this five years ago. Comment 'INFO' and I'll send details. Built this system while working out of Castrotown. DM me the word 'START'.,#remotework,17,1,0,0.4019,Spam/Bot Account,1
lidemo_000107,"Grow your network 10x with this simple trick. This isn't some overnight gimmick, it actually works. Session number 52 of my mentorship program. Session number 67 of my mentorship program. Comment below and I'll follow up. 🚀",#makemoney,30,1,0,0.1027,Spam/Bot Account,1
lidemo_000107,This one trick changed my whole career trajectory. I've helped hundreds of people do the same. Only 68 spots left this month. Helped 93 clients hit six figures this 2023. 📈💯,#hiring #opportunity #makemoney #remotework,7,0,0,-0.0516,Spam/Bot Account,1
lidemo_000107,"I made $10k this month using this LinkedIn hack. DM me and I'll show you exactly how. Ran a session in Janemouth last week, huge turnout. Since 2019, thousands have joined my program. Book a free call today. 🚀💯",#remotework,50,1,1,0.6808,Spam/Bot Account,1
lidemo_000107,"The algorithm doesn't want you to know this. This isn't some overnight gimmick, it actually works. Helped 23 clients hit six figures this 2023.",#hiring #opportunity #makemoney #remotework,41,2,0,-0.0572,Spam/Bot Account,1
lidemo_000107,"I wish someone told me this five years ago. This isn't some overnight gimmick, it actually works. Session number 25 of my mentorship program. 📈",#makemoney #hiring,6,0,0,0.4588,Spam/Bot Account,1
lidemo_000107,"Everyone should be doing this in 2026. Comment 'INFO' and I'll send details. Session number 14 of my mentorship program. Case study number 90 of my system, ask me how. Book a free call today.",#makemoney,12,0,0,0.5994,Spam/Bot Account,1
lidemo_000107,"The algorithm doesn't want you to know this. This strategy works for anyone, guaranteed. Only 81 spots left this month. Comment below and I'll follow up. 💯📈",#remotework #opportunity #hiring,9,0,0,-0.0572,Spam/Bot Account,1
lidemo_000107,"The algorithm doesn't want you to know this. This strategy works for anyone, guaranteed. Since 2017, thousands have joined my program. Since 2018, thousands have joined my program. Comment below and I'll follow up. 🚀",#opportunity #grind,11,0,0,-0.0572,Spam/Bot Account,1
lidemo_000107,"I wish someone told me this five years ago. This isn't some overnight gimmick, it actually works. Built this system while working out of Myershaven. Comment below and I'll follow up. 💯",#remotework #grind #opportunity #hiring,12,0,0,0.4019,Spam/Bot Account,1
lidemo_000108,Proud to announce a new partnership. Innovation continues to drive everything we do. Proudly 70 years in business. Opening a new office in Andrewtown this 2023.,,33,3,2,0.8519,Business/Company Page,0
lidemo_000108,Proud to announce a new partnership. Grateful for the trust our clients place in us. Welcoming 36 new team members this 2018. Congrats to Jonathan on leading this launch.,,11,1,1,0.9403,Business/Company Page,0
lidemo_000108,Thank you to our clients for another great quarter. Innovation continues to drive everything we do. Thank you to our 28th client. Reach out if you'd like to collaborate.,#career #innovation,14,1,1,0.9231,Business/Company Page,0
lidemo_000108,Excited to share our latest case study. This wouldn't be possible without our incredible team. Welcoming 28 new team members this 2017. Welcoming 44 new team members this 2022. We'd love to hear from you.,,18,2,2,0.931,Business/Company Page,0
lidemo_000108,"We're hiring! Come join our growing team. Looking forward to what's next for us. Expanding into New Gregory this 2022. Based in Deniseview, serving clients since 2022.",,17,2,1,0.4926,Business/Company Page,0
lidemo_000108,Welcoming several new team members this month. We're expanding into new markets this year. Milestone number 83 unlocked this quarter. Thank you to our 71th client.,#hiring #networking,15,3,1,0.6908,Business/Company Page,0
lidemo_000108,Grateful for the recognition from our industry peers. Our clients' feedback keeps shaping the roadmap. Thank you to our 58th client. Milestone number 83 unlocked this quarter.,#hiring #innovation,26,4,2,0.7003,Business/Company Page,0
lidemo_000108,Excited to share our latest case study. Grateful for the trust our clients place in us. Welcoming 59 new team members this 2023. Welcoming 7 new team members this 2017. Apply via the link in our profile.,#networking #innovation #hiring,15,1,1,0.9403,Business/Company Page,0
lidemo_000109,"The algorithm doesn't want you to know this. This isn't some overnight gimmick, it actually works. Built this system while working out of Danielstad. Only 19 spots left this month.",#remotework,5,0,0,-0.0572,Spam/Bot Account,1
lidemo_000109,"Grow your network 10x with this simple trick. This strategy works for anyone, guaranteed. Helped 64 clients hit six figures this 2022. Book a free call today. 🚀💯",#grind #opportunity,2,0,0,0.4767,Spam/Bot Account,1
lidemo_000109,"I wish someone told me this five years ago. This isn't some overnight gimmick, it actually works. Session number 48 of my mentorship program. Built this system while working out of South Henry. DM me the word 'START'. 🚀📈",,5,0,0,0.4588,Spam/Bot Account,1
lidemo_000109,"I made $10k this month using this LinkedIn hack. This isn't some overnight gimmick, it actually works. Built this system while working out of Markland. Session number 32 of my mentorship program. DM me the word 'START'.",#opportunity #grind #hiring,4,0,0,0.0772,Spam/Bot Account,1
lidemo_000109,"Everyone should be doing this in 2026. DM me and I'll show you exactly how. Ran a session in West Edward last week, huge turnout. Since 2022, thousands have joined my program. 🚀",#makemoney #remotework #grind #hiring,5,1,0,0.3182,Spam/Bot Account,1
lidemo_000109,"The algorithm doesn't want you to know this. It's simpler than you'd expect, promise. Ran a session in Moralesburgh last week, huge turnout. Helped 63 clients hit six figures this 2025. 💯🚀",#opportunity #hiring #grind #remotework,6,0,0,0.5232,Spam/Bot Account,1
lidemo_000109,"I wish someone told me this five years ago. This strategy works for anyone, guaranteed. Built this system while working out of Garrettfort. Since 2022, thousands have joined my program. DM me the word 'START'.",#grind #remotework,3,0,0,0.4019,Spam/Bot Account,1
lidemo_000109,"I wish someone told me this five years ago. This isn't some overnight gimmick, it actually works. Only 65 spots left this month. Ask Alexandra, they joined last month. Book a free call today.",#opportunity,5,0,0,0.7184,Spam/Bot Account,1
lidemo_000109,"I made $10k this month using this LinkedIn hack. DM me and I'll show you exactly how. Since 2017, thousands have joined my program. Ran a session in Adamsbury last week, huge turnout. Click the link in my profile. 📈🚀",#remotework #hiring #grind #makemoney,10,1,0,0.3182,Spam/Bot Account,1
lidemo_000109,"The algorithm doesn't want you to know this. This strategy works for anyone, guaranteed. Ask Andrew, they joined last month. Session number 11 of my mentorship program.",#grind,3,0,0,0.0201,Spam/Bot Account,1
lidemo_000109,"This one trick changed my whole career trajectory. This isn't some overnight gimmick, it actually works. Only 45 spots left this month. Since 2019, thousands have joined my program.",#grind,3,0,0,-0.0516,Spam/Bot Account,1
lidemo_000109,This one trick changed my whole career trajectory. Limited spots in my mentorship program. Built this system while working out of Joshuabury. Session number 67 of my mentorship program. DM me the word 'START'. 💯🚀,#hiring,5,0,0,-0.2023,Spam/Bot Account,1
lidemo_000109,"Grow your network 10x with this simple trick. It's simpler than you'd expect, promise. Ran a session in Michaelborough last week, huge turnout. Only 13 spots left this month. 📈🚀",#hiring #makemoney #remotework #opportunity,3,0,0,0.5267,Spam/Bot Account,1
lidemo_000110,"Everyone should be doing this in 2026. This isn't some overnight gimmick, it actually works. Only 19 spots left this month. Book a free call today. 📈🚀",#hiring #opportunity,18,0,0,0.5106,Spam/Bot Account,1
lidemo_000110,"Stop scrolling, this could change your career. I've helped hundreds of people do the same. Case study number 79 of my system, ask me how. Only 33 spots left this month. 📈🚀",#remotework #hiring,21,2,0,-0.2263,Spam/Bot Account,1
lidemo_000110,"Everyone should be doing this in 2026. This strategy works for anyone, guaranteed. Ask Crystal, they joined last month. Ran a session in South David last week, huge turnout. DM me the word 'START'.",#remotework #grind #hiring #opportunity,17,2,0,0.3182,Spam/Bot Account,1
lidemo_000110,"Everyone should be doing this in 2026. This isn't some overnight gimmick, it actually works. Only 68 spots left this month. Case study number 52 of my system, ask me how.",#makemoney,25,1,0,0.0772,Spam/Bot Account,1
lidemo_000110,"This one trick changed my whole career trajectory. It's simpler than you'd expect, promise. Ran a session in New Josephberg last week, huge turnout. Case study number 21 of my system, ask me how. Book a free call today.",#makemoney #remotework,45,2,0,0.7906,Spam/Bot Account,1
lidemo_000110,"I made $10k this month using this LinkedIn hack. I've helped hundreds of people do the same. Case study number 46 of my system, ask me how. Book a free call today.",#grind #hiring #remotework #opportunity,23,0,0,0.5574,Spam/Bot Account,1
lidemo_000110,"The algorithm doesn't want you to know this. This isn't some overnight gimmick, it actually works. Session number 10 of my mentorship program. Session number 76 of my mentorship program. 🚀📈",#remotework,26,1,0,0.0971,Spam/Bot Account,1
lidemo_000110,"Grow your network 10x with this simple trick. Limited spots in my mentorship program. Only 51 spots left this month. Since 2022, thousands have joined my program.",#makemoney #opportunity #hiring,10,0,0,-0.2732,Spam/Bot Account,1
lidemo_000110,"Everyone should be doing this in 2026. This strategy works for anyone, guaranteed. Only 80 spots left this month. Ask Maria, they joined last month.",#hiring #remotework #grind #makemoney,36,0,0,0.0,Spam/Bot Account,1
lidemo_000111,"Announcing a major company milestone under my leadership. Most executives think too small, I never have. Based in Macdonaldville, thinking globally. Reach out if you want to learn more.",,2,0,0,0.1027,Fake Executive Impersonator,1
lidemo_000111,"Sharing my vision for where this industry is headed. This is only the beginning of what we're building. Milestone number 65 for the company this 2020. Based in West Alex, thinking globally. 💼",,1,0,0,0.6249,Fake Executive Impersonator,1
lidemo_000111,Sharing my vision for where this industry is headed. Success comes to those who never settle. 46 years of industry-leading growth. Expanding Hart Inc into Lake Virginia this 2025.,#networking #leadership,0,0,0,0.8779,Fake Executive Impersonator,1
lidemo_000111,Sharing my vision for where this industry is headed. Great leaders create their own opportunities. Addressed the board on this in Lozanomouth last week. Expanding Stewart LLC into South Bethanyfort this 2024. Connect with me for exclusive opportunities.,#networking,1,0,0,0.9403,Fake Executive Impersonator,1
lidemo_000111,"Sharing my vision for where this industry is headed. Great leaders create their own opportunities. Based in New Seanberg, thinking globally. Expanding Rogers-Hughes into Charlestown this 2025. Follow for more leadership wisdom.",,1,0,0,0.9458,Fake Executive Impersonator,1
lidemo_000111,"Here's the leadership lesson nobody tells you. Great leaders create their own opportunities. Expanding Campbell, Hale and Campbell into Port Johnmouth this 2024. Expanding Walters-Ali into North Cherylborough this 2016. 💼",,1,0,0,0.8316,Fake Executive Impersonator,1
lidemo_000111,Leading the industry into a new era. Great leaders create their own opportunities. Announcement number 5 this quarter. Follow for more leadership wisdom. 🚀💼,,3,0,0,0.9149,Fake Executive Impersonator,1
lidemo_000111,"Leading the industry into a new era. True leadership means thinking bigger than everyone else. 11 years of industry-leading growth. Based in East Miguel, thinking globally. DM me to discuss investment opportunities. 💼",,3,0,0,0.7906,Fake Executive Impersonator,1
lidemo_000111,Here's the leadership lesson nobody tells you. Success comes to those who never settle. Addressed the board on this in Thomastown last week. Addressed the board on this in New Jenniferborough last week. Reach out if you want to learn more. 💼🚀,,4,0,0,0.6249,Fake Executive Impersonator,1
lidemo_000111,"My latest leadership insight for aspiring executives. Success comes to those who never settle. Addressed the board on this in Annburgh last week. Based in North Jamie, thinking globally.",#networking,2,0,0,0.5719,Fake Executive Impersonator,1
lidemo_000111,Here's the leadership lesson nobody tells you. We're disrupting the entire sector. Addressed the board on this in Fernandezville last week.,#leadership,5,0,0,0.0,Fake Executive Impersonator,1
lidemo_000111,Announcing a major company milestone under my leadership. Great leaders create their own opportunities. Announcement number 28 this quarter. Milestone number 45 for the company this 2021.,,6,0,0,0.8555,Fake Executive Impersonator,1
lidemo_000111,"Leading the industry into a new era. Success comes to those who never settle. Expanding Mejia, Moreno and Roberts into Timothyberg this 2019. Addressed the board on this in East Joseph last week. Connect with me for exclusive opportunities.",#hiring #leadership,1,0,0,0.7783,Fake Executive Impersonator,1
lidemo_000111,My latest leadership insight for aspiring executives. This is only the beginning of what we're building. Meeting with Stephanie to plan the next phase.,#leadership,0,0,0,0.0,Fake Executive Impersonator,1
lidemo_000112,"Another record quarter under my leadership. We're disrupting the entire sector. Expanding Knight, Nguyen and Jones into Phamhaven this 2015. Expanding Green-Sanders into Port Jasonport this 2023.",#leadership #hiring,4,1,0,0.0,Fake Executive Impersonator,1
lidemo_000112,"Here's the leadership lesson nobody tells you. Most executives think too small, I never have. Based in East Jaclyn, thinking globally. 46 years of industry-leading growth. DM me to discuss investment opportunities.",,4,1,0,0.6369,Fake Executive Impersonator,1
lidemo_000112,Sharing my vision for where this industry is headed. Success comes to those who never settle. Connect with me for exclusive opportunities.,#innovation,3,0,0,0.891,Fake Executive Impersonator,1
lidemo_000112,"As CEO, I'm proud to announce a groundbreaking initiative. Most executives think too small, I never have. Based in Joannabury, thinking globally.",#hiring #networking,5,0,0,0.4767,Fake Executive Impersonator,1
lidemo_000112,"Announcing a major company milestone under my leadership. Most executives think too small, I never have. Based in East Oscarville, thinking globally. 🚀💼",,7,0,0,0.0,Fake Executive Impersonator,1
lidemo_000112,"Sharing my vision for where this industry is headed. We're disrupting the entire sector. Based in Port Samuel, thinking globally.",,2,0,0,0.5859,Fake Executive Impersonator,1
lidemo_000112,Another record quarter under my leadership. Success comes to those who never settle. 34 years of industry-leading growth. Reach out if you want to learn more.,,3,0,0,0.7717,Fake Executive Impersonator,1
lidemo_000112,"Here's the leadership lesson nobody tells you. Success comes to those who never settle. Since 2017, leading this company forward.",,7,1,0,0.5719,Fake Executive Impersonator,1
lidemo_000112,Another record quarter under my leadership. This is only the beginning of what we're building. 2 years of industry-leading growth. 🚀,,6,0,0,0.3818,Fake Executive Impersonator,1
lidemo_000112,"Announcing a major company milestone under my leadership. Great leaders create their own opportunities. Based in Stephanieton, thinking globally. Addressed the board on this in Chasemouth last week. Follow for more leadership wisdom.",#leadership #innovation,2,0,0,0.9096,Fake Executive Impersonator,1
lidemo_000113,Onboarded a new teammate this week. Good tooling makes the whole team faster. Rolling this out from our Robertmouth office. Shoutout to Justin for the pairing session. Open to connecting with other engineers.,,23,1,1,0.4404,Developer,0
lidemo_000113,"Gave a short talk on our team's testing practices. Small, frequent deploys keep saving us from bigger headaches. Rolling this out from our Port Haleyview office. Happy to share more details if useful.",#career,20,4,2,0.8428,Developer,0
lidemo_000113,"Wrote a short post on lessons from a recent outage. Small, frequent deploys keep saving us from bigger headaches. Shipped feature number 4 this sprint.",#leadership #career,20,2,1,0.0772,Developer,0
lidemo_000113,Onboarded a new teammate this week. Documentation really does save future you. Mentoring 27 junior engineers this quarter. 57 years into this role now.,,54,12,3,0.539,Developer,0
lidemo_000113,"Mentored a junior engineer today and loved it. Documentation really does save future you. Based out of Lake Christinachester, remote-first.",,8,1,1,0.8115,Developer,0
lidemo_000113,"Reflecting on 3 years as a developer. Small, frequent deploys keep saving us from bigger headaches. Sprint 80 retro done. Let me know your thoughts below.",,28,2,1,0.0,Developer,0
lidemo_000113,Onboarded a new teammate this week. Always learning something new in this role. 72 years into this role now. PR number 42 merged today.,,25,6,2,0.0772,Developer,0
lidemo_000113,Wrote a short post on lessons from a recent outage. Testing early saved us a painful rollback. Sprint 86 retro done. Rolling this out from our Hansonfort office.,,36,3,2,-0.4019,Developer,0
lidemo_000113,Excited to start using a new framework on our team. Always learning something new in this role. Shoutout to David for the pairing session. Working with the team at Miller-Brown on this one.,,30,1,2,0.34,Developer,0
lidemo_000113,Wrote a short post on lessons from a recent outage. The postmortem taught us more than the incident did. Sprint 20 retro done.,#career,19,3,2,0.0,Developer,0
lidemo_000114,Just published a short case study. Alignment across stakeholders matters more than the plan itself. Presenting findings in New Jimmy next month. Advising a team at Baker LLC this quarter.,#career #leadership,13,4,0,0.0258,Fake Executive Impersonator,1
lidemo_000114,"Some thoughts on change management. Strategy is only as good as its execution. Advising a team at Collins-Gaines this quarter. Advising a team at Horne, Stephens and Avila this quarter. Reach out if this resonates.",,16,2,1,0.4588,Fake Executive Impersonator,1
lidemo_000114,"Wrapped up an engagement with a great client this week. Grateful to work across such varied industries. Worked alongside Brian on this engagement. 45 years advising clients across industries. Happy to discuss further, DM me.",#hiring #innovation #leadership,17,25,1,0.9538,Fake Executive Impersonator,1
lidemo_000114,Wrapped up an engagement with a great client this week. Every industry has more in common than people expect. Engagement number 64 wrapped this quarter. Reach out if this resonates.,,22,7,1,0.8885,Fake Executive Impersonator,1
lidemo_000114,Wrapped up a multi-month transformation project. Every industry has more in common than people expect. Based out of Port Robert this 2024. Reach out if this resonates.,,13,6,1,0.0258,Fake Executive Impersonator,1
lidemo_000114,"Just published a short case study. The hardest part is rarely the analysis, it's the change management. Advising a team at Montoya, Olson and Zimmerman this quarter. 86 years advising clients across industries. Happy to discuss further, DM me.",#networking,10,2,5,0.2732,Fake Executive Impersonator,1
lidemo_000114,"Kicked off a new engagement this week. Strategy is only as good as its execution. Worked alongside Katherine on this engagement. Advising a team at Taylor, Alexander and Williams this quarter.",#leadership #networking #career,7,3,0,0.8555,Fake Executive Impersonator,1
lidemo_000114,Sharing a few lessons from a recent client engagement. Strategy is only as good as its execution. Case study number 6 published this month. Engagement number 23 wrapped this quarter. Would love your thoughts in the comments.,,11,5,1,0.9477,Fake Executive Impersonator,1
lidemo_000114,"Speaking at a panel next month on industry trends. Every client engagement teaches me something new. Advising a team at Poole and Sons this quarter. Happy to discuss further, DM me.",,14,2,1,0.7717,Fake Executive Impersonator,1
lidemo_000114,Just published a short case study. The best solutions come from listening first. Presenting findings in West Jeffrey next month. 71 years advising clients across industries.,,7,9,1,0.7096,Fake Executive Impersonator,1
lidemo_000114,Wrapped up a multi-month transformation project. Grateful to work across such varied industries. Engagement number 27 wrapped this quarter. Reach out if this resonates.,#leadership #networking #career,11,5,1,0.7506,Fake Executive Impersonator,1
lidemo_000115,"Grow your network 10x with this simple trick. This isn't some overnight gimmick, it actually works. Since 2015, thousands have joined my program. Ran a session in Ashleyville last week, huge turnout. 📈🚀",#opportunity,21,0,0,0.2732,Spam/Bot Account,1
lidemo_000115,"Grow your network 10x with this simple trick. This isn't some overnight gimmick, it actually works. Helped 44 clients hit six figures this 2019. Click the link in my profile. 🚀",#makemoney #hiring #opportunity,8,0,0,-0.0516,Spam/Bot Account,1
lidemo_000115,"This one trick changed my whole career trajectory. Comment 'INFO' and I'll send details. Since 2015, thousands have joined my program. Comment below and I'll follow up. 💯",#grind,55,0,0,-0.0516,Spam/Bot Account,1
lidemo_000115,"I wish someone told me this five years ago. Comment 'INFO' and I'll send details. Case study number 31 of my system, ask me how. DM me the word 'START'. 🚀📈",#grind #opportunity,3,0,0,0.4588,Spam/Bot Account,1
lidemo_000115,"This one trick changed my whole career trajectory. Limited spots in my mentorship program. Ran a session in Christopherchester last week, huge turnout. Built this system while working out of Adamside. DM me the word 'START'.",#makemoney #remotework #opportunity,44,0,0,0.0516,Spam/Bot Account,1
lidemo_000115,"Everyone should be doing this in 2026. This isn't some overnight gimmick, it actually works. Since 2016, thousands have joined my program. Book a free call today. 📈",,27,0,0,0.5106,Spam/Bot Account,1
lidemo_000115,"I made $10k this month using this LinkedIn hack. I've helped hundreds of people do the same. Case study number 61 of my system, ask me how. Only 25 spots left this month. Comment below and I'll follow up. 💯📈",#makemoney #remotework #opportunity #grind,18,0,0,0.0772,Spam/Bot Account,1
lidemo_000115,"I made $10k this month using this LinkedIn hack. This isn't some overnight gimmick, it actually works. Ran a session in Mayberg last week, huge turnout. Comment below and I'll follow up. 📈",#grind #makemoney #hiring #remotework,7,0,0,0.3182,Spam/Bot Account,1
lidemo_000115,"I made $10k this month using this LinkedIn hack. I've helped hundreds of people do the same. Case study number 29 of my system, ask me how. Ran a session in Christinafort last week, huge turnout. Book a free call today. 💯🚀",#makemoney #opportunity,104,1,0,0.7096,Spam/Bot Account,1
lidemo_000116,"Companies are hiring fast this quarter, apply now! This opportunity won't last, act now. Position number 27 still open, apply now. Slot number 29 still available. Apply via the link in my profile now.",,2,1,0,0.63,Student,0
lidemo_000116,"We are looking for talent, apply immediately! We place candidates faster than anyone else. Slot number 14 still available. Slot number 70 still available. Message me ASAP to secure your spot. 🚀",#hiring #makemoney,3,1,0,0.7263,Student,0
lidemo_000116,URGENT HIRING: multiple positions open now! Send your resume and bank details to get started fast. 30 candidates placed since 2016. Hiring event in New Brian this week. Comment 'HIRE ME' below. ✅,#hiring #remotework,3,1,0,0.4263,Student,0
lidemo_000116,"Exciting remote opportunity, no experience needed! No interview required for qualified candidates. Ask for Robin, I'm handling this search.",#grind #hiring,6,2,0,0.4389,Student,0
lidemo_000116,"URGENT HIRING: multiple positions open now! Hundreds already applied, don't miss out. Position number 75 still open, apply now. Working with Butler, Moore and Gill to fill this fast. DM me your resume today. ✅",#grind #makemoney,4,1,0,0.5528,Student,0
lidemo_000116,"Exciting remote opportunity, no experience needed! No interview required for qualified candidates. Slot number 58 still available. DM me your resume today. 💰🚀",#makemoney #hiring #grind,6,1,0,0.4926,Student,0
lidemo_000116,"We are looking for talent, apply immediately! This opportunity won't last, act now. Slot number 88 still available. Filled 36 roles this month alone. Message me ASAP to secure your spot. 🚀💰",#grind #makemoney,3,0,0,0.793,Student,0
lidemo_000116,"Exciting remote opportunity, no experience needed! Send your resume and bank details to get started fast. 81 candidates placed since 2023. Position number 78 still open, apply now. Apply via the link in my profile now. 🚀✅",#grind #opportunity,2,0,0,0.6588,Student,0
lidemo_000116,"Exciting remote opportunity, no experience needed! Positions are filling up quickly this week. Hiring event in Phillipsport this week. Apply via the link in my profile now.",,2,1,0,0.6239,Student,0
lidemo_000116,"Exciting remote opportunity, no experience needed! Hundreds already applied, don't miss out. Recruiting drive kicking off in Adambury this week. DM me your resume today. ✅",#remotework #hiring #grind,4,1,0,0.6742,Student,0
lidemo_000116,URGENT HIRING: multiple positions open now! We place candidates faster than anyone else. 12 candidates placed since 2016. Recruiting drive kicking off in New James this week. Comment 'HIRE ME' below. ✅🚀,#opportunity,2,1,0,0.4263,Student,0
lidemo_000116,"Hiring managers are reviewing applications TODAY. We place candidates faster than anyone else. Ask for Richard, I'm handling this search.",#remotework #hiring,8,3,0,0.0,Student,0
lidemo_000117,"Stop scrolling, this could change your career. DM me and I'll show you exactly how. Ran a session in Harrisville last week, huge turnout. 💯",#remotework #opportunity #grind,63,3,0,0.0258,Spam/Bot Account,1
lidemo_000117,"I wish someone told me this five years ago. It's simpler than you'd expect, promise. Ran a session in Jermaineborough last week, huge turnout. Comment below and I'll follow up. 📈",#hiring #makemoney #opportunity,8,0,0,0.743,Spam/Bot Account,1
lidemo_000117,"I wish someone told me this five years ago. Comment 'INFO' and I'll send details. Since 2024, thousands have joined my program. Ask Brianna, they joined last month.",#hiring,17,2,0,0.4019,Spam/Bot Account,1
lidemo_000117,"Grow your network 10x with this simple trick. Limited spots in my mentorship program. Only 52 spots left this month. Since 2025, thousands have joined my program. 📈💯",#remotework,10,0,0,-0.2732,Spam/Bot Account,1
lidemo_000117,"Stop scrolling, this could change your career. This strategy works for anyone, guaranteed. Only 46 spots left this month. Comment below and I'll follow up. 📈",#makemoney #hiring #remotework #grind,18,1,0,-0.296,Spam/Bot Account,1
lidemo_000117,"The algorithm doesn't want you to know this. This isn't some overnight gimmick, it actually works. DM me the word 'START'. 💯",#hiring,15,1,0,-0.0572,Spam/Bot Account,1
lidemo_000117,"This one trick changed my whole career trajectory. It's simpler than you'd expect, promise. Since 2019, thousands have joined my program. Session number 42 of my mentorship program. Click the link in my profile. 🚀",#grind #hiring,19,2,0,0.34,Spam/Bot Account,1
lidemo_000117,"Everyone should be doing this in 2026. This strategy works for anyone, guaranteed. Case study number 85 of my system, ask me how. Helped 63 clients hit six figures this 2025. Book a free call today. 💯",#opportunity #remotework #hiring #makemoney,15,1,0,0.5574,Spam/Bot Account,1
lidemo_000117,"The algorithm doesn't want you to know this. It's simpler than you'd expect, promise. Ask Glenda, they joined last month. Since 2024, thousands have joined my program. Click the link in my profile. 💯📈",#remotework #grind #hiring,14,0,0,0.2681,Spam/Bot Account,1
lidemo_000117,"The algorithm doesn't want you to know this. This strategy works for anyone, guaranteed. Helped 19 clients hit six figures this 2021. Book a free call today.",#remotework #makemoney,19,1,0,0.4728,Spam/Bot Account,1
lidemo_000117,"This one trick changed my whole career trajectory. Comment 'INFO' and I'll send details. Case study number 27 of my system, ask me how. Click the link in my profile.",#makemoney #opportunity #remotework #hiring,13,0,0,0.0258,Spam/Bot Account,1
lidemo_000118,"This one trick changed my whole career trajectory. DM me and I'll show you exactly how. Ask Johnny, they joined last month. Book a free call today. 📈🚀",#opportunity #hiring #remotework,39,4,2,0.4767,Spam/Bot Account,1
lidemo_000118,"The algorithm doesn't want you to know this. This isn't some overnight gimmick, it actually works. Since 2025, thousands have joined my program. Comment below and I'll follow up. 🚀📈",#grind #remotework #hiring,21,3,1,-0.0572,Spam/Bot Account,1
lidemo_000118,"I made $10k this month using this LinkedIn hack. This isn't some overnight gimmick, it actually works. Ran a session in Brooksmouth last week, huge turnout. Book a free call today.",#makemoney #grind #hiring,17,1,2,0.6808,Spam/Bot Account,1
lidemo_000118,Everyone should be doing this in 2026. Comment 'INFO' and I'll send details. 📈,#grind #opportunity #hiring #remotework,154,9,2,0.0,Spam/Bot Account,1
lidemo_000118,"I wish someone told me this five years ago. This isn't some overnight gimmick, it actually works. Ask Debra, they joined last month. Ran a session in North Michelle last week, huge turnout. Click the link in my profile. 🚀📈",,17,4,2,0.6124,Spam/Bot Account,1
lidemo_000118,"Everyone should be doing this in 2026. This isn't some overnight gimmick, it actually works. Session number 20 of my mentorship program. Helped 73 clients hit six figures this 2020. Click the link in my profile.",#remotework #grind,14,1,1,0.0772,Spam/Bot Account,1
lidemo_000118,"Everyone should be doing this in 2026. It's simpler than you'd expect, promise. Since 2016, thousands have joined my program. Ask Ashley, they joined last month. Book a free call today.",#opportunity,41,1,1,0.6808,Spam/Bot Account,1
lidemo_000118,"I wish someone told me this five years ago. Comment 'INFO' and I'll send details. Built this system while working out of Ericstad. Case study number 20 of my system, ask me how. Book a free call today.",#remotework #makemoney #hiring #grind,71,4,3,0.743,Spam/Bot Account,1
lidemo_000119,"Some thoughts on change management. Frameworks help, but context always wins. Case study number 75 published this month. Presenting findings in Russellchester next month. Open to new client conversations.",#innovation,67,7,1,0.81,Consultant,0
lidemo_000119,Just published a short case study. Alignment across stakeholders matters more than the plan itself. Speaking at 17 conferences this 2024. Case study number 5 published this month.,,83,8,5,0.1027,Consultant,0
lidemo_000119,Kicked off a new engagement this week. Alignment across stakeholders matters more than the plan itself. Presenting findings in Masonshire next month. Case study number 74 published this month.,,56,8,3,0.5267,Consultant,0
lidemo_000119,"Kicked off a new engagement this week. The best solutions come from listening first. Speaking at 70 conferences this 2019. Happy to discuss further, DM me.",#career #leadership,72,15,1,0.9118,Consultant,0
lidemo_000119,Wrapped up an engagement with a great client this week. Every client engagement teaches me something new. Case study number 49 published this month. Engagement number 81 wrapped this quarter.,,48,6,1,0.9287,Consultant,0
lidemo_000119,"Kicked off a new engagement this week. The hardest part is rarely the analysis, it's the change management. Case study number 21 published this month. 55 years advising clients across industries.",,94,6,3,0.5106,Consultant,0
lidemo_000119,Wrapped up a multi-month transformation project. Grateful to work across such varied industries. Worked alongside Katherine on this engagement.,,101,7,4,0.7579,Consultant,0
lidemo_000119,Reflecting on 10 years of consulting. Every industry has more in common than people expect. Presenting findings in Howardmouth next month. Advising a team at Ewing and Sons this quarter.,#career #networking,83,13,2,0.0,Consultant,0
lidemo_000119,Just published a short case study. Every industry has more in common than people expect. 21 years advising clients across industries.,#innovation #career #networking,70,3,2,0.0,Consultant,0
lidemo_000119,Just published a short case study. The best solutions come from listening first. Worked alongside Glenn on this engagement.,,73,9,4,0.8555,Consultant,0
lidemo_000119,Wrapped up an engagement with a great client this week. Grateful to work across such varied industries. Engagement number 51 wrapped this quarter. Advising a team at Anderson-Davis this quarter.,,51,5,1,0.9246,Consultant,0
lidemo_000119,Reflecting on 10 years of consulting. Grateful to work across such varied industries. Speaking at 35 conferences this 2015.,#career,34,3,2,0.4588,Consultant,0
lidemo_000119,"Sharing a few lessons from a recent client engagement. Frameworks help, but context always wins. Presenting findings in Mcdonaldhaven next month. Open to new client conversations.",#leadership,162,17,2,0.8689,Consultant,0
lidemo_000119,Wrapped up an engagement with a great client this week. Every client engagement teaches me something new. Engagement number 89 wrapped this quarter. Engagement number 23 wrapped this quarter.,,101,8,2,0.9493,Consultant,0
lidemo_000119,"Some thoughts on change management. Alignment across stakeholders matters more than the plan itself. 82 years advising clients across industries. Engagement number 40 wrapped this quarter. Happy to discuss further, DM me.",,54,7,1,0.7964,Consultant,0
lidemo_000120,"Had a great conversation with a recruiter today. Grateful for professors who go above and beyond. Grateful for Megan's advice on this one. Class of 2020, still learning every day. Open to internship opportunities.",,16,7,1,0.9136,Student,0
lidemo_000120,Attended a great career fair today. Time to recharge before next semester. Project number 16 this semester. Career fair number 67 this year.,,11,2,0,0.8519,Student,0
lidemo_000120,Reflecting on my first year at Velezland University. Still processing everything I learned this week. One of 74 students selected for the program.,,5,3,0,0.0,Student,0
lidemo_000120,Presented my capstone project today. Grateful for professors who go above and beyond. Career fair number 82 this year. Met with a career advisor in Port Patricialand this week.,,12,8,2,0.6808,Student,0
lidemo_000120,Attended a great career fair today. This confirmed the career path I want to pursue. Project number 58 this semester.,,35,14,4,0.7906,Student,0
lidemo_000120,"Just wrapped up finals! Met some incredible recruiters and alumni. Cohort of 2019, West Blake campus. Career fair number 27 this year. Open to internship opportunities.",,7,1,1,0.6696,Student,0
lidemo_000120,Excited to share I just finished a project for class. This confirmed the career path I want to pursue. 93 credits away from graduating. Shoutout to Timothy for the mentorship.,,16,5,1,0.7506,Student,0
lidemo_000120,"Grateful for an amazing internship experience this summer. Time to recharge before next semester. Shoutout to Daisy for the mentorship. Cohort of 2015, Victorburgh campus.",,6,3,0,0.7783,Student,0
lidemo_000120,Excited to share I just finished a project for class. Grateful for professors who go above and beyond. Career fair number 74 this year. Shoutout to Kyle for the mentorship. Feel free to reach out!,#innovation,5,2,0,0.9168,Student,0
lidemo_000120,Joined a new student organization this semester. This confirmed the career path I want to pursue. Met with a career advisor in Gordonport this week.,,14,5,0,0.0772,Student,0
lidemo_000120,Reflecting on my first year at Villarrealchester University. This confirmed the career path I want to pursue. Career fair number 59 this year.,,5,1,0,0.4404,Student,0
lidemo_000120,Attended a great career fair today. Learned so much about teamwork and deadlines. Internship application number 21 submitted.,,5,1,0,0.7717,Student,0
lidemo_000121,Mentored a junior engineer today and loved it. Documentation really does save future you. Sprint 93 retro done. Mentoring 12 junior engineers this quarter. Happy to share more details if useful.,,22,3,1,0.9472,Developer,0
lidemo_000121,"Wrote a short post on lessons from a recent outage. Small, frequent deploys keep saving us from bigger headaches. 32 years into this role now. Always glad to swap notes with other teams.",,29,3,1,0.4588,Developer,0
lidemo_000121,Migrated a legacy service this week. Good tooling makes the whole team faster.,,61,14,2,0.4404,Developer,0
lidemo_000121,Excited to start using a new framework on our team. Testing early saved us a painful rollback. Sprint 42 retro done. Sprint 19 retro done.,,26,5,1,0.3182,Developer,0
lidemo_000121,Migrated a legacy service this week. Grateful for a team that values code quality. PR number 71 merged today. Shoutout to Diana for the pairing session. Always glad to swap notes with other teams.,,57,14,1,0.8402,Developer,0
lidemo_000121,Onboarded a new teammate this week. Testing early saved us a painful rollback. Spoke with Angela on the platform team about it. Working with the team at Calhoun LLC on this one. Let me know your thoughts below.,#career,29,6,0,-0.0258,Developer,0
lidemo_000121,Excited to start using a new framework on our team. Grateful for a team that values code quality. Spoke with Amber on the platform team about it. Spoke with Shawn on the platform team about it.,,14,1,0,0.7964,Developer,0
lidemo_000121,Migrated a legacy service this week. Cross-team collaboration made this so much smoother. 92 years into this role now. Happy to share more details if useful.,,14,2,0,0.8428,Developer,0
lidemo_000121,Wrote a short post on lessons from a recent outage. Documentation really does save future you. Rolling this out from our West Lauraport office. PR number 13 merged today.,#hiring #career,61,18,2,0.5829,Developer,0
lidemo_000121,Wrote a short post on lessons from a recent outage. Good tooling makes the whole team faster. Shipped feature number 95 this sprint. 19 years into this role now.,,54,8,1,0.4939,Developer,0
lidemo_000121,Mentored a junior engineer today and loved it. Testing early saved us a painful rollback. Rolling this out from our Lake Brianburgh office. Working with the team at Rodriguez PLC on this one.,,29,3,1,0.5859,Developer,0
lidemo_000121,Wrote a short post on lessons from a recent outage. Cross-team collaboration made this so much smoother. Shoutout to Jennifer for the pairing session. Shoutout to Angel for the pairing session.,#networking,31,4,0,0.0,Developer,0
lidemo_000121,"Excited to start using a new framework on our team. The postmortem taught us more than the incident did. Based out of Lake Jessicashire, remote-first. Sprint 89 retro done.",,17,2,0,0.34,Developer,0
lidemo_000121,"Mentored a junior engineer today and loved it. The postmortem taught us more than the incident did. Based out of West Lauren, remote-first.",#hiring #networking,22,3,1,0.5994,Developer,0
lidemo_000122,Hiring managers are reviewing applications TODAY. We place candidates faster than anyone else. Recruiting drive kicking off in East Randall this week. Hiring event in Patrickside this week.,#makemoney,13,0,0,0.0,Fake Recruiter,1
lidemo_000122,"We are looking for talent, apply immediately! Send your resume and bank details to get started fast. Ask for Joseph, I'm handling this search.",,23,1,0,0.4753,Fake Recruiter,1
lidemo_000122,"Companies are hiring fast this quarter, apply now! Send your resume and bank details to get started fast. Hiring event in North Danielbury this week. Filled 59 roles this month alone. Message me ASAP to secure your spot. 💰✅",#opportunity #hiring #remotework,25,4,0,0.1759,Fake Recruiter,1
lidemo_000122,"Hiring managers are reviewing applications TODAY. Send your resume and bank details to get started fast. Slot number 23 still available. Ask for Dalton, I'm handling this search. DM me your resume today.",#opportunity #remotework #makemoney,21,4,0,0.0772,Fake Recruiter,1
lidemo_000122,"This role won't stay open long! High salary, flexible hours guaranteed. Hiring event in Lauraland this week. Position number 25 still open, apply now. 💰🚀",#hiring #grind #opportunity,42,1,0,0.3595,Fake Recruiter,1
lidemo_000122,"Dream job alert, don't wait on this one! No interview required for qualified candidates. Hiring event in Johnathanfort this week. Ask for James, I'm handling this search. DM me your resume today.",,23,3,0,0.3164,Fake Recruiter,1
lidemo_000122,"Companies are hiring fast this quarter, apply now! We place candidates faster than anyone else. Filled 72 roles this month alone. Filled 35 roles this month alone. 💰",#hiring #makemoney,55,2,0,-0.5093,Fake Recruiter,1
lidemo_000122,"URGENT HIRING: multiple positions open now! This opportunity won't last, act now. Slot number 18 still available. Working with Graham-Rivera to fill this fast. Apply via the link in my profile now. 🚀",#opportunity,13,1,0,0.7488,Fake Recruiter,1
lidemo_000122,"Companies are hiring fast this quarter, apply now! Send your resume and bank details to get started fast. Recruiting drive kicking off in Port Christinaburgh this week. Apply via the link in my profile now. 🚀",,48,2,0,0.0,Fake Recruiter,1
lidemo_000122,"Companies are hiring fast this quarter, apply now! Hundreds already applied, don't miss out. Recruiting drive kicking off in South Zachary this week. Recruiting drive kicking off in Evansstad this week. Comment 'HIRE ME' below.",#remotework #makemoney #grind,26,1,0,0.1867,Fake Recruiter,1
lidemo_000122,"Exciting remote opportunity, no experience needed! Send your resume and bank details to get started fast. Ask for Joshua, I'm handling this search. 9 candidates placed since 2015. Apply via the link in my profile now. ✅",#hiring,31,3,0,0.6239,Fake Recruiter,1
lidemo_000122,"Hiring managers are reviewing applications TODAY. Positions are filling up quickly this week. Position number 47 still open, apply now. Working with Elliott, Torres and Bailey to fill this fast. 💰✅",#makemoney #hiring,67,6,0,0.0772,Fake Recruiter,1
lidemo_000123,Just wrapped up finals! Met some incredible recruiters and alumni. Career fair number 16 this year. Project number 57 this semester.,,17,6,1,0.4926,Student,0
lidemo_000123,"Presented my capstone project today. Balancing coursework and applications has been a lot, but worth it. Grateful for James's advice on this one. Shoutout to Eric for the mentorship.",,7,1,0,0.7469,Student,0
lidemo_000123,"Grateful for an amazing internship experience this summer. Balancing coursework and applications has been a lot, but worth it. Career fair number 95 this year. Project number 74 this semester.",#networking,15,4,1,0.8625,Student,0
lidemo_000123,"Grateful for an amazing internship experience this summer. Met some incredible recruiters and alumni. Grateful for David's advice on this one. Class of 2025, still learning every day.",,8,1,1,0.8689,Student,0
lidemo_000123,Had a great conversation with a recruiter today. This experience changed how I think about my major. Internship application number 78 submitted.,,11,2,0,0.6872,Student,0
lidemo_000123,Just wrapped up finals! Grateful for professors who go above and beyond. Internship application number 22 submitted. Career fair number 69 this year. Feel free to reach out!,#leadership,8,1,0,0.8715,Student,0
lidemo_000123,"Excited to share I just finished a project for class. Still processing everything I learned this week. Cohort of 2024, Howardmouth campus. Grateful for Bryan's advice on this one.",,12,2,1,0.765,Student,0
lidemo_000123,"Just wrapped up finals! Time to recharge before next semester. Class of 2021, still learning every day.",,8,2,1,0.0,Student,0
lidemo_000123,Grateful for an amazing internship experience this summer. Grateful for professors who go above and beyond. Career fair number 19 this year. Career fair number 72 this year. Open to internship opportunities.,#career,19,3,1,0.9485,Student,0
lidemo_000123,Presented my capstone project today. Still processing everything I learned this week. Shoutout to Paula for the mentorship.,,5,0,0,0.0,Student,0
lidemo_000123,"Joined a new student organization this semester. Balancing coursework and applications has been a lot, but worth it. One of 54 students selected for the program. 74 credits away from graduating.",,15,6,1,0.6808,Student,0
lidemo_000123,Excited to share I just finished a project for class. Still processing everything I learned this week. Internship application number 43 submitted. One of 79 students selected for the program.,#networking,8,2,0,0.5994,Student,0
lidemo_000123,Attended a great career fair today. Grateful for professors who go above and beyond. Project number 93 this semester.,,22,6,1,0.8658,Student,0
lidemo_000124,Finally closed out a long-standing tech debt ticket. Testing early saved us a painful rollback. Sprint 29 retro done. Mentoring 57 junior engineers this quarter. Let me know your thoughts below.,,23,1,1,-0.3818,Developer,0
lidemo_000124,Shipped a new feature at Watkins-Sanchez this week. Documentation really does save future you. Working with the team at Johnson-Johnson on this one. Shipped feature number 47 this sprint.,,15,1,0,0.5829,Developer,0
lidemo_000124,"Excited to start using a new framework on our team. Documentation really does save future you. Mentoring 14 junior engineers this quarter. Based out of Port Denise, remote-first. Happy to share more details if useful.",#career #innovation,21,2,1,0.9318,Developer,0
lidemo_000124,Gave a short talk on our team's testing practices. Good tooling makes the whole team faster. Working with the team at Clark-Smith on this one.,#hiring,24,3,1,0.4404,Developer,0
lidemo_000124,"Wrote a short post on lessons from a recent outage. Always learning something new in this role. Shipped feature number 68 this sprint. Working with the team at Richard, Jones and Navarro on this one.",,32,5,2,0.0772,Developer,0
lidemo_000124,"Mentored a junior engineer today and loved it. Small, frequent deploys keep saving us from bigger headaches. PR number 77 merged today.",,11,1,0,0.6369,Developer,0
lidemo_000124,"Migrated a legacy service this week. The postmortem taught us more than the incident did. Based out of North David, remote-first. Based out of Melvintown, remote-first.",,17,2,1,0.0,Developer,0
lidemo_000124,"Gave a short talk on our team's testing practices. Small, frequent deploys keep saving us from bigger headaches. Working with the team at Sutton, Harvey and Huff on this one. Spoke with Elizabeth on the platform team about it. Always glad to swap notes with other teams.",,4,1,0,0.4588,Developer,0
lidemo_000124,Finally closed out a long-standing tech debt ticket. Grateful for a team that values code quality. 50 years into this role now. Rolling this out from our West Taylorbury office.,,34,2,1,0.4939,Developer,0
lidemo_000124,"Wrote a short post on lessons from a recent outage. Cross-team collaboration made this so much smoother. PR number 36 merged today. Based out of Port Michael, remote-first. Let me know your thoughts below.",,29,1,3,0.0772,Developer,0
lidemo_000125,Reflecting on my first year at Melissashire University. This experience changed how I think about my major. Met with a career advisor in Gloverchester this week. Grateful for Jessica's advice on this one.,,6,1,0,0.4588,Student,0
lidemo_000125,"Attended a great career fair today. Balancing coursework and applications has been a lot, but worth it. One of 16 students selected for the program. Project number 30 this semester. Feel free to reach out!",,12,6,1,0.8977,Student,0
lidemo_000125,Reflecting on my first year at Lake Clifford University. Still processing everything I learned this week. One of 94 students selected for the program. One of 86 students selected for the program.,,23,4,1,-0.3818,Student,0
lidemo_000125,"Grateful for an amazing internship experience this summer. Met some incredible recruiters and alumni. Project number 81 this semester. Cohort of 2015, Bryantside campus.",,6,1,0,0.7964,Student,0
lidemo_000125,Presented my capstone project today. This confirmed the career path I want to pursue. Shoutout to Adriana for the mentorship.,,4,1,0,0.0772,Student,0
lidemo_000125,"Had a great conversation with a recruiter today. Met some incredible recruiters and alumni. Class of 2020, still learning every day. Career fair number 55 this year.",,11,2,1,0.7717,Student,0
lidemo_000125,Just finished my first group case competition. Grateful for professors who go above and beyond. Career fair number 27 this year. Feel free to reach out!,,20,2,1,0.8516,Student,0
lidemo_000125,"Presented my capstone project today. This experience changed how I think about my major. Class of 2019, still learning every day. Always happy to compare notes with fellow students.",,8,1,0,0.5719,Student,0
lidemo_000125,Reflecting on my first year at Roachside University. Grateful for professors who go above and beyond. Met with a career advisor in Latoyaburgh this week. Open to internship opportunities.,#leadership #innovation,15,4,2,0.6808,Student,0
lidemo_000125,"Reflecting on my first year at Tranmouth University. Time to recharge before next semester. Shoutout to Shannon for the mentorship. Cohort of 2022, Lake Marissa campus.",,10,1,1,0.0,Student,0
lidemo_000125,"Joined a new student organization this semester. Balancing coursework and applications has been a lot, but worth it. One of 41 students selected for the program.",,14,3,1,0.3291,Student,0
lidemo_000125,"Presented my capstone project today. Balancing coursework and applications has been a lot, but worth it. Class of 2018, still learning every day. Grateful for Caleb's advice on this one. Always happy to compare notes with fellow students.",#hiring,14,1,1,0.9081,Student,0
lidemo_000126,"Wrapped up an engagement with a great client this week. The hardest part is rarely the analysis, it's the change management. Case study number 31 published this month. Based out of Port Whitney this 2020.",#hiring #networking #innovation,138,18,10,0.8126,Consultant,0
lidemo_000126,Kicked off a new engagement this week. Every client engagement teaches me something new. Speaking at 74 conferences this 2018. Based out of Port Anthonyland this 2025. Reach out if this resonates.,,87,14,3,0.7269,Consultant,0
lidemo_000126,Sharing a few lessons from a recent client engagement. The best solutions come from listening first. Worked alongside Rebecca on this engagement. Speaking at 20 conferences this 2022.,,127,45,6,0.9349,Consultant,0
lidemo_000126,"Some thoughts on change management. The hardest part is rarely the analysis, it's the change management. Advising a team at Patrick, Tran and Cooper this quarter.",,84,10,3,0.0,Consultant,0
lidemo_000126,"Speaking at a panel next month on industry trends. The hardest part is rarely the analysis, it's the change management. Worked alongside Denise on this engagement. Engagement number 83 wrapped this quarter.",,172,19,7,0.7783,Consultant,0
lidemo_000126,"Speaking at a panel next month on industry trends. The hardest part is rarely the analysis, it's the change management. Speaking at 20 conferences this 2016. 53 years advising clients across industries.",#innovation #networking,101,16,3,0.0,Consultant,0
lidemo_000126,"Just published a short case study. Frameworks help, but context always wins. Based out of Grimesmouth this 2018. Advising a team at Crawford, Mendoza and Hall this quarter. Open to new client conversations.",,142,20,14,0.7845,Consultant,0
lidemo_000127,Sharing my vision for where this industry is headed. Great leaders create their own opportunities. 79 years of industry-leading growth.,#career,4,1,0,0.9349,Fake Executive Impersonator,1
lidemo_000127,Announcing a major company milestone under my leadership. This is only the beginning of what we're building. 41 years of industry-leading growth. 94 years of industry-leading growth.,#career,6,1,0,0.6369,Fake Executive Impersonator,1
lidemo_000127,"Another record quarter under my leadership. Most executives think too small, I never have. Based in West Karabury, thinking globally. Addressed the board on this in West Markberg last week.",,26,0,0,0.0,Fake Executive Impersonator,1
lidemo_000127,"Announcing a major company milestone under my leadership. Most executives think too small, I never have. Addressed the board on this in East Sarah last week. 23 years of industry-leading growth.",#innovation,8,0,0,0.3818,Fake Executive Impersonator,1
lidemo_000127,"As CEO, I'm proud to announce a groundbreaking initiative. This is only the beginning of what we're building. Milestone number 64 for the company this 2019. Reach out if you want to learn more.",#career,13,0,1,0.5859,Fake Executive Impersonator,1
lidemo_000127,Announcing a major company milestone under my leadership. Success comes to those who never settle. Announcement number 41 this quarter.,#hiring #career,3,0,0,0.5389,Fake Executive Impersonator,1
lidemo_000127,My latest leadership insight for aspiring executives. True leadership means thinking bigger than everyone else. Addressed the board on this in Middletontown last week. Connect with me for exclusive opportunities.,,6,0,0,0.7096,Fake Executive Impersonator,1
lidemo_000128,Onboarded a new teammate this week. Good tooling makes the whole team faster. Shoutout to Andrea for the pairing session. Mentoring 88 junior engineers this quarter.,,4,0,0,0.4404,Developer,0
lidemo_000128,Shipped a new feature at Rice-King this week. Documentation really does save future you. Shoutout to Rebecca for the pairing session. Mentoring 38 junior engineers this quarter. Always glad to swap notes with other teams.,,4,0,0,0.7564,Developer,0
lidemo_000128,Finally closed out a long-standing tech debt ticket. Always learning something new in this role. PR number 18 merged today. Always glad to swap notes with other teams.,,1,0,0,0.2023,Developer,0
lidemo_000128,Finally closed out a long-standing tech debt ticket. Good tooling makes the whole team faster. Spoke with David on the platform team about it. Shipped feature number 96 this sprint.,,2,0,0,0.1779,Developer,0
lidemo_000128,Finally closed out a long-standing tech debt ticket. Cross-team collaboration made this so much smoother. Mentoring 85 junior engineers this quarter.,,5,0,0,-0.3612,Developer,0
lidemo_000128,Reflecting on 3 years as a developer. Good tooling makes the whole team faster. PR number 77 merged today.,#hiring #networking,3,0,0,0.4939,Developer,0
lidemo_000128,"Reflecting on 3 years as a developer. Small, frequent deploys keep saving us from bigger headaches. Rolling this out from our Lawrencebury office. Shipped feature number 9 this sprint.",,4,0,0,0.0772,Developer,0
lidemo_000128,Migrated a legacy service this week. Good tooling makes the whole team faster. Shipped feature number 93 this sprint. 77 years into this role now. Let me know your thoughts below.,#career #hiring,6,1,0,0.4939,Developer,0
lidemo_000128,Wrote a short post on lessons from a recent outage. Cross-team collaboration made this so much smoother. PR number 78 merged today. Spoke with Sean on the platform team about it.,,1,0,0,0.0772,Developer,0
lidemo_000128,Onboarded a new teammate this week. Good tooling makes the whole team faster. Rolling this out from our Ronaldland office. Working with the team at Preston-Herman on this one.,,2,0,0,0.4404,Developer,0
lidemo_000128,Mentored a junior engineer today and loved it. The postmortem taught us more than the incident did. Sprint 73 retro done.,,2,0,0,0.5994,Developer,0
lidemo_000128,"Excited to start using a new framework on our team. Always learning something new in this role. Working with the team at Velasquez, Bennett and Adams on this one. Sprint 67 retro done.",,2,0,0,0.34,Developer,0
lidemo_000128,Migrated a legacy service this week. The postmortem taught us more than the incident did. Spoke with Lee on the platform team about it. Working with the team at Webb-Gates on this one.,,5,0,0,0.0,Developer,0
lidemo_000128,Gave a short talk on our team's testing practices. Testing early saved us a painful rollback. Sprint 15 retro done. Always glad to swap notes with other teams.,,2,0,0,0.4404,Developer,0
lidemo_000128,Gave a short talk on our team's testing practices. Grateful for a team that values code quality. Rolling this out from our New Cindy office.,#innovation #career,2,0,0,0.6908,Developer,0
lidemo_000128,"Migrated a legacy service this week. Always learning something new in this role. Working with the team at Cain Ltd on this one. Working with the team at Hall, Jordan and Edwards on this one. Let me know your thoughts below.",,5,1,0,0.0,Developer,0
lidemo_000128,Finally closed out a long-standing tech debt ticket. Testing early saved us a painful rollback. PR number 92 merged today. Sprint 88 retro done.,#innovation #leadership,3,0,0,-0.3182,Developer,0
lidemo_000129,"Announcing a major company milestone under my leadership. Most executives think too small, I never have. Announcement number 62 this quarter. Addressed the board on this in Powersbury last week. Connect with me for exclusive opportunities.",,6,0,0,0.4363,Fake Executive Impersonator,1
lidemo_000129,"Leading the industry into a new era. My journey to the top wasn't easy, but it was inevitable. Milestone number 56 for the company this 2020. Milestone number 63 for the company this 2023. Follow for more leadership wisdom.",#hiring #leadership,4,0,0,0.766,Fake Executive Impersonator,1
lidemo_000129,"Leading the industry into a new era. My journey to the top wasn't easy, but it was inevitable. Based in Jeffreyside, thinking globally. Meeting with Darrell to plan the next phase.",,6,0,0,-0.078,Fake Executive Impersonator,1
lidemo_000129,Leading the industry into a new era. This is only the beginning of what we're building. 86 years of industry-leading growth. Milestone number 46 for the company this 2018. Reach out if you want to learn more.,,2,1,0,0.1779,Fake Executive Impersonator,1
lidemo_000129,"Leading the industry into a new era. True leadership means thinking bigger than everyone else. Since 2020, leading this company forward. 🚀💼",#hiring #networking,0,0,0,0.4215,Fake Executive Impersonator,1
lidemo_000129,Here's the leadership lesson nobody tells you. Success comes to those who never settle. Expanding Turner Group into Aaronville this 2024.,#networking,2,0,0,0.5719,Fake Executive Impersonator,1
lidemo_000129,"As CEO, I'm proud to announce a groundbreaking initiative. True leadership means thinking bigger than everyone else. Milestone number 28 for the company this 2025. Expanding King Ltd into Port Alyssaland this 2023.",,1,0,0,0.7351,Fake Executive Impersonator,1
lidemo_000129,"As CEO, I'm proud to announce a groundbreaking initiative. Great leaders create their own opportunities. Since 2015, leading this company forward. Meeting with Mary to plan the next phase. Reach out if you want to learn more. 💼🚀",,2,0,0,0.9062,Fake Executive Impersonator,1
lidemo_000129,Leading the industry into a new era. This is only the beginning of what we're building. Announcement number 44 this quarter.,,1,0,0,0.0772,Fake Executive Impersonator,1
lidemo_000129,"As CEO, I'm proud to announce a groundbreaking initiative. We're disrupting the entire sector. Meeting with Michael to plan the next phase.",#career,2,0,0,0.4767,Fake Executive Impersonator,1
lidemo_000129,Announcing a major company milestone under my leadership. This is only the beginning of what we're building. Meeting with Donald to plan the next phase.,,3,0,0,0.0,Fake Executive Impersonator,1
lidemo_000130,Some thoughts on change management. Grateful to work across such varied industries. Worked alongside Christopher on this engagement. Case study number 47 published this month.,#leadership #career,9,2,0,0.7783,Fake Recruiter,1
lidemo_000130,Wrapped up an engagement with a great client this week. The best solutions come from listening first. Speaking at 83 conferences this 2024.,,3,4,0,0.9186,Fake Recruiter,1
lidemo_000130,"Facilitated a strategy workshop today. Frameworks help, but context always wins. Speaking at 67 conferences this 2021. Case study number 62 published this month.",#leadership #networking #career,15,5,0,0.81,Fake Recruiter,1
lidemo_000130,Sharing a few lessons from a recent client engagement. Alignment across stakeholders matters more than the plan itself. Advising a team at Johnson LLC this quarter. 13 years advising clients across industries. Would love your thoughts in the comments.,,4,1,1,0.8779,Fake Recruiter,1
lidemo_000130,"Some thoughts on change management. Strategy is only as good as its execution. Worked alongside Gerald on this engagement. Advising a team at Lutz, Decker and Burton this quarter.",,3,1,0,0.7506,Fake Recruiter,1
lidemo_000130,"Wrapped up an engagement with a great client this week. Grateful to work across such varied industries. 56 years advising clients across industries. Case study number 4 published this month. Happy to discuss further, DM me.",#innovation #career,43,23,1,0.9337,Fake Recruiter,1
lidemo_000130,"Just published a short case study. Frameworks help, but context always wins. Speaking at 53 conferences this 2018.",,16,4,2,0.7845,Fake Recruiter,1
lidemo_000131,This one trick changed my whole career trajectory. Comment 'INFO' and I'll send details. Only 21 spots left this month. 💯,#makemoney #hiring,6,0,0,-0.0516,Spam/Bot Account,1
lidemo_000131,"Everyone should be doing this in 2026. Comment 'INFO' and I'll send details. Ask Catherine, they joined last month. Ran a session in Normashire last week, huge turnout. DM me the word 'START'.",#opportunity #grind #remotework #makemoney,4,0,0,0.3182,Spam/Bot Account,1
lidemo_000131,"The algorithm doesn't want you to know this. DM me and I'll show you exactly how. Case study number 40 of my system, ask me how. Only 7 spots left this month. Comment below and I'll follow up. 📈",#grind #remotework #opportunity,13,0,0,0.0201,Spam/Bot Account,1
lidemo_000131,"I wish someone told me this five years ago. This strategy works for anyone, guaranteed. Ask Kelly, they joined last month. Session number 3 of my mentorship program. DM me the word 'START'. 🚀📈",#hiring #grind #remotework #opportunity,11,0,0,0.4588,Spam/Bot Account,1
lidemo_000131,"This one trick changed my whole career trajectory. This isn't some overnight gimmick, it actually works. Ask Daniel, they joined last month. Built this system while working out of Kempview. 📈",#opportunity,6,1,0,-0.0516,Spam/Bot Account,1
lidemo_000131,"The algorithm doesn't want you to know this. Limited spots in my mentorship program. Ask Lisa, they joined last month. Since 2020, thousands have joined my program. DM me the word 'START'. 🚀",,6,0,0,-0.3285,Spam/Bot Account,1
lidemo_000131,"I wish someone told me this five years ago. This isn't some overnight gimmick, it actually works. Session number 86 of my mentorship program. Ask Holly, they joined last month. Comment below and I'll follow up.",,8,0,0,0.1027,Spam/Bot Account,1
lidemo_000131,"Grow your network 10x with this simple trick. This strategy works for anyone, guaranteed. Helped 77 clients hit six figures this 2018. Case study number 50 of my system, ask me how. Book a free call today.",#hiring #remotework #opportunity #grind,14,0,0,0.5267,Spam/Bot Account,1
lidemo_000132,"I wish someone told me this five years ago. This isn't some overnight gimmick, it actually works. Ask Erika, they joined last month. Since 2017, thousands have joined my program. Click the link in my profile. 💯🚀",#makemoney #opportunity #hiring,9,0,0,0.4019,Spam/Bot Account,1
lidemo_000132,"The algorithm doesn't want you to know this. This strategy works for anyone, guaranteed. Ran a session in Waltonside last week, huge turnout. Built this system while working out of South Jacob. Click the link in my profile.",#makemoney,35,1,1,0.2681,Spam/Bot Account,1
lidemo_000132,"Stop scrolling, this could change your career. DM me and I'll show you exactly how. Case study number 53 of my system, ask me how. Case study number 15 of my system, ask me how. Comment below and I'll follow up.",#opportunity #makemoney #grind #remotework,18,0,0,-0.1531,Spam/Bot Account,1
lidemo_000132,"I wish someone told me this five years ago. This isn't some overnight gimmick, it actually works. Helped 42 clients hit six figures this 2024. Only 26 spots left this month. 💯",#grind #opportunity,36,1,0,0.4019,Spam/Bot Account,1
lidemo_000132,"Stop scrolling, this could change your career. This strategy works for anyone, guaranteed. Built this system while working out of Huffton. DM me the word 'START'. 💯",#makemoney #grind,9,0,0,-0.296,Spam/Bot Account,1
lidemo_000132,"Grow your network 10x with this simple trick. It's simpler than you'd expect, promise. Case study number 5 of my system, ask me how. Click the link in my profile.",#remotework,10,0,0,0.34,Spam/Bot Account,1
lidemo_000132,"This one trick changed my whole career trajectory. Comment 'INFO' and I'll send details. Built this system while working out of North Seth. Case study number 31 of my system, ask me how. Click the link in my profile.",#grind #remotework #opportunity,13,0,0,0.0258,Spam/Bot Account,1
lidemo_000132,"Grow your network 10x with this simple trick. This isn't some overnight gimmick, it actually works. Session number 72 of my mentorship program.",,12,0,0,0.0258,Spam/Bot Account,1
lidemo_000132,Grow your network 10x with this simple trick. Comment 'INFO' and I'll send details. Built this system while working out of Johntown. Session number 21 of my mentorship program. Comment below and I'll follow up.,#hiring #grind,18,1,0,0.0258,Spam/Bot Account,1
lidemo_000132,"I wish someone told me this five years ago. It's simpler than you'd expect, promise. Only 68 spots left this month. Ask Courtney, they joined last month. Click the link in my profile.",#makemoney,10,0,0,0.6124,Spam/Bot Account,1
lidemo_000132,"I made $10k this month using this LinkedIn hack. Comment 'INFO' and I'll send details. Ask Sean, they joined last month. Session number 85 of my mentorship program. Book a free call today. 📈",#hiring #grind #opportunity #remotework,15,1,0,0.5574,Spam/Bot Account,1
lidemo_000132,"Everyone should be doing this in 2026. It's simpler than you'd expect, promise. Built this system while working out of Lake Laurenport. DM me the word 'START'. 💯",#opportunity #hiring,21,0,0,0.3182,Spam/Bot Account,1
lidemo_000132,"I made $10k this month using this LinkedIn hack. I've helped hundreds of people do the same. Since 2021, thousands have joined my program. Only 62 spots left this month. Comment below and I'll follow up. 💯🚀",,11,0,0,0.0,Spam/Bot Account,1
lidemo_000133,"This role won't stay open long! Send your resume and bank details to get started fast. Position number 24 still open, apply now. Filled 95 roles this month alone. Apply via the link in my profile now.",#hiring #opportunity,19,3,0,-0.2481,Fake Recruiter,1
lidemo_000133,"We are looking for talent, apply immediately! We place candidates faster than anyone else. Filled 7 roles this month alone. Ask for Emily, I'm handling this search. Message me ASAP to secure your spot. 🚀",#grind,45,1,0,0.5411,Fake Recruiter,1
lidemo_000133,"URGENT HIRING: multiple positions open now! Hundreds already applied, don't miss out. Working with Martin, Roberts and Hunter to fill this fast. Filled 11 roles this month alone. Apply via the link in my profile now.",#opportunity #hiring,8,3,0,0.3114,Fake Recruiter,1
lidemo_000133,"Exciting remote opportunity, no experience needed! Hundreds already applied, don't miss out. Position number 90 still open, apply now. Hiring event in South Jamesport this week.",#makemoney #grind #opportunity,14,0,0,0.7037,Fake Recruiter,1
lidemo_000133,"Dream job alert, don't wait on this one! We place candidates faster than anyone else. Hiring event in Donovanfurt this week. Apply via the link in my profile now. ✅",#remotework,24,4,0,0.5411,Fake Recruiter,1
lidemo_000133,URGENT HIRING: multiple positions open now! Positions are filling up quickly this week. Recruiting drive kicking off in North Andrew this week. Working with Olson-Mayer to fill this fast. Comment 'HIRE ME' below.,#makemoney #opportunity #grind,48,2,0,0.4263,Fake Recruiter,1
lidemo_000133,"Dream job alert, don't wait on this one! Send your resume and bank details to get started fast. Slot number 64 still available.",#hiring,36,5,0,0.5848,Fake Recruiter,1
lidemo_000133,"Companies are hiring fast this quarter, apply now! We place candidates faster than anyone else. Slot number 43 still available. Apply via the link in my profile now.",,8,0,0,0.1511,Fake Recruiter,1
lidemo_000133,"Dream job alert, don't wait on this one! Hundreds already applied, don't miss out. Slot number 61 still available. Message me ASAP to secure your spot.",#remotework,11,0,0,0.7674,Fake Recruiter,1
lidemo_000133,"We are looking for talent, apply immediately! High salary, flexible hours guaranteed. Position number 55 still open, apply now. Comment 'HIRE ME' below.",#grind,82,6,0,0.6476,Fake Recruiter,1
lidemo_000133,"Exciting remote opportunity, no experience needed! No interview required for qualified candidates. Hiring event in Wilkersonchester this week. DM me your resume today.",#opportunity,143,9,0,0.4389,Fake Recruiter,1
lidemo_000133,"Exciting remote opportunity, no experience needed! Send your resume and bank details to get started fast. Hiring event in Wattsstad this week. Working with Ibarra-Stewart to fill this fast. DM me your resume today. ✅",#makemoney #hiring #opportunity,60,14,0,0.6239,Fake Recruiter,1
lidemo_000134,"Grateful for an amazing internship experience this summer. Met some incredible recruiters and alumni. Cohort of 2025, Aaronstad campus. One of 76 students selected for the program.",#career,15,2,0,0.7783,Student,0
lidemo_000134,Attended a great career fair today. Time to recharge before next semester. Internship application number 86 submitted. Always happy to compare notes with fellow students.,,30,3,1,0.8316,Student,0
lidemo_000134,"Had a great conversation with a recruiter today. Met some incredible recruiters and alumni. Class of 2024, still learning every day.",,25,5,1,0.6249,Student,0
lidemo_000134,Joined a new student organization this semester. This experience changed how I think about my major. Career fair number 24 this year. Met with a career advisor in East Kenneth this week.,,9,2,0,0.484,Student,0
lidemo_000134,"Grateful for an amazing internship experience this summer. Time to recharge before next semester. Class of 2017, still learning every day. 45 credits away from graduating.",#career #hiring,16,1,1,0.8519,Student,0
lidemo_000134,Reflecting on my first year at Samuelshire University. Still processing everything I learned this week. 2 credits away from graduating. Shoutout to Elizabeth for the mentorship.,,24,5,1,0.3612,Student,0
lidemo_000135,Reflecting on my first year at West Meganchester University. This experience changed how I think about my major. Grateful for Aaron's advice on this one. One of 54 students selected for the program. Open to internship opportunities.,,2,0,0,0.7089,Student,0
lidemo_000135,Just finished my first group case competition. Still processing everything I learned this week. Career fair number 97 this year.,,1,0,0,0.3818,Student,0
lidemo_000135,"Joined a new student organization this semester. Met some incredible recruiters and alumni. Class of 2019, still learning every day. Class of 2016, still learning every day.",,2,0,0,0.0,Student,0
lidemo_000135,"Excited to share I just finished a project for class. Grateful for professors who go above and beyond. Class of 2021, still learning every day. Met with a career advisor in New Christian this week.",,1,0,0,0.765,Student,0
lidemo_000135,"Joined a new student organization this semester. Balancing coursework and applications has been a lot, but worth it. Grateful for Benjamin's advice on this one. Career fair number 34 this year.",#leadership #networking,1,1,0,0.8674,Student,0
lidemo_000135,"Attended a great career fair today. This confirmed the career path I want to pursue. Career fair number 45 this year. Cohort of 2021, West Davidside campus. Would love to connect with others in the field.",,2,1,0,0.926,Student,0
lidemo_000135,Just wrapped up finals! Time to recharge before next semester.,,1,1,0,0.0,Student,0
lidemo_000135,Excited to share I just finished a project for class. Met some incredible recruiters and alumni. Internship application number 59 submitted. Internship application number 60 submitted.,#hiring,2,0,0,0.6369,Student,0
lidemo_000135,Grateful for an amazing internship experience this summer. Met some incredible recruiters and alumni. Met with a career advisor in East Catherinebury this week.,#networking,1,0,0,0.7783,Student,0
lidemo_000135,"Reflecting on my first year at Lake Adambury University. Grateful for professors who go above and beyond. Class of 2023, still learning every day. Project number 39 this semester.",,8,3,0,0.5106,Student,0
lidemo_000135,Joined a new student organization this semester. This confirmed the career path I want to pursue. One of 16 students selected for the program. Open to internship opportunities.,,2,1,0,0.4404,Student,0
lidemo_000135,Attended a great career fair today. This experience changed how I think about my major. Project number 74 this semester.,,2,1,0,0.7893,Student,0
lidemo_000136,"The algorithm doesn't want you to know this. I've helped hundreds of people do the same. Ask Timothy, they joined last month. Helped 82 clients hit six figures this 2024.",#hiring #remotework #makemoney #grind,21,0,1,-0.0572,Spam/Bot Account,1
lidemo_000136,I wish someone told me this five years ago. Limited spots in my mentorship program. Built this system while working out of Michelleland. Helped 44 clients hit six figures this 2015. DM me the word 'START'. 📈,#opportunity #hiring,13,1,0,0.2023,Spam/Bot Account,1
lidemo_000136,"Grow your network 10x with this simple trick. I've helped hundreds of people do the same. Ran a session in Lake Jennifer last week, huge turnout. Only 95 spots left this month. Book a free call today. 📈",#makemoney #remotework,18,1,1,0.6597,Spam/Bot Account,1
lidemo_000136,"I made $10k this month using this LinkedIn hack. I've helped hundreds of people do the same. Ask Erik, they joined last month. 📈💯",#opportunity #makemoney,12,0,1,0.0,Spam/Bot Account,1
lidemo_000136,"I wish someone told me this five years ago. This isn't some overnight gimmick, it actually works. Helped 45 clients hit six figures this 2016. Only 83 spots left this month. DM me the word 'START'. 💯📈",#grind #remotework,33,1,1,0.4019,Spam/Bot Account,1
lidemo_000136,"Everyone should be doing this in 2026. This strategy works for anyone, guaranteed. Only 66 spots left this month. Comment below and I'll follow up.",#remotework,25,1,0,0.0,Spam/Bot Account,1
lidemo_000136,"Stop scrolling, this could change your career. DM me and I'll show you exactly how. Session number 68 of my mentorship program. Case study number 25 of my system, ask me how. Book a free call today. 📈🚀",#hiring #remotework #makemoney,19,1,0,0.4019,Spam/Bot Account,1
lidemo_000136,"Stop scrolling, this could change your career. I've helped hundreds of people do the same. Click the link in my profile. 🚀💯",#remotework #opportunity,14,1,1,-0.296,Spam/Bot Account,1
lidemo_000136,"Stop scrolling, this could change your career. I've helped hundreds of people do the same. Comment below and I'll follow up. 🚀",#remotework,96,5,1,-0.296,Spam/Bot Account,1
lidemo_000136,"The algorithm doesn't want you to know this. This isn't some overnight gimmick, it actually works. Ask Mitchell, they joined last month. Helped 96 clients hit six figures this 2024. 🚀📈",#opportunity,42,1,2,-0.0572,Spam/Bot Account,1
lidemo_000136,Grow your network 10x with this simple trick. I've helped hundreds of people do the same. Built this system while working out of Jennifershire. Only 39 spots left this month. Comment below and I'll follow up. 🚀,#makemoney #hiring #remotework #grind,22,1,0,-0.0516,Spam/Bot Account,1
lidemo_000137,Kicked off a new engagement this week. The best solutions come from listening first. Worked alongside Lucas on this engagement. Based out of Connietown this 2022.,#networking #hiring #career,5,0,0,0.9081,Fake Recruiter,1
lidemo_000137,Sharing a few lessons from a recent client engagement. The best solutions come from listening first. Based out of West Hunter this 2024. 60 years advising clients across industries.,,14,1,0,0.8934,Fake Recruiter,1
lidemo_000137,"Just published a short case study. The hardest part is rarely the analysis, it's the change management. Based out of North Johnfort this 2025. Advising a team at Anderson, Collins and Hernandez this quarter. Happy to discuss further, DM me.",,11,2,0,0.5719,Fake Recruiter,1
lidemo_000137,Sharing a few lessons from a recent client engagement. Every client engagement teaches me something new. Case study number 94 published this month. Case study number 33 published this month. Would love your thoughts in the comments.,#hiring #career #networking,10,1,0,0.9274,Fake Recruiter,1
lidemo_000137,"Wrapped up an engagement with a great client this week. Frameworks help, but context always wins. Case study number 74 published this month.",,3,0,0,0.8979,Fake Recruiter,1
lidemo_000137,"Just published a short case study. Every industry has more in common than people expect. Speaking at 40 conferences this 2024. Case study number 18 published this month. Happy to discuss further, DM me.",,10,0,0,0.6124,Fake Recruiter,1
lidemo_000137,Wrapped up an engagement with a great client this week. Strategy is only as good as its execution. Speaking at 10 conferences this 2017. Engagement number 40 wrapped this quarter.,,4,0,0,0.9231,Fake Recruiter,1
lidemo_000137,"Wrapped up a multi-month transformation project. The best solutions come from listening first. Case study number 60 published this month. Advising a team at Fisher, Chaney and Price this quarter. Open to new client conversations.",#hiring #innovation,22,1,0,0.7351,Fake Recruiter,1
lidemo_000137,"Just published a short case study. The hardest part is rarely the analysis, it's the change management. Based out of West Ericshire this 2016. Advising a team at Thompson, Kelly and Martinez this quarter. Would love your thoughts in the comments.",#hiring #leadership #career,4,1,0,0.6369,Fake Recruiter,1
lidemo_000137,"Wrapped up an engagement with a great client this week. Frameworks help, but context always wins. 58 years advising clients across industries. 34 years advising clients across industries.",,9,0,0,0.8873,Fake Recruiter,1
lidemo_000137,Reflecting on 10 years of consulting. The best solutions come from listening first. Speaking at 4 conferences this 2017. Presenting findings in Lake Luischester next month. Reach out if this resonates.,#hiring,23,1,0,0.7184,Fake Recruiter,1
lidemo_000137,Speaking at a panel next month on industry trends. Grateful to work across such varied industries. 25 years advising clients across industries. Open to new client conversations.,#networking #hiring,25,1,1,0.4588,Fake Recruiter,1
lidemo_000137,"Sharing a few lessons from a recent client engagement. The hardest part is rarely the analysis, it's the change management. Worked alongside Devin on this engagement. Based out of South Roy this 2016.",#networking #innovation #career,5,1,0,0.8519,Fake Recruiter,1
lidemo_000138,We're hiring! Come join our growing team. Culture and craft both matter to how we build. Welcoming 74 new team members this 2016. Opening a new office in Austinville this 2021.,#networking #innovation #leadership,24,2,1,0.7345,Business/Company Page,0
lidemo_000138,"Excited to unveil our latest product update. Innovation continues to drive everything we do. Opening a new office in Robertchester this 2015. Partnering with Melendez, Nichols and Miller on this initiative.",,20,2,0,0.6124,Business/Company Page,0
lidemo_000138,Reflecting on another strong quarter for the team. Looking forward to what's next for us. Congrats to Laura on leading this launch.,#hiring,36,4,1,0.7717,Business/Company Page,0
lidemo_000138,Excited to share our latest case study. This wouldn't be possible without our incredible team. Expanding into Alexandraport this 2018. Welcoming 60 new team members this 2020. Apply via the link in our profile.,#hiring,64,2,3,0.7579,Business/Company Page,0
lidemo_000138,"Our team just hit a major milestone. Innovation continues to drive everything we do. Welcoming 56 new team members this 2022. Based in South Joseph, serving clients since 2021. Reach out if you'd like to collaborate.",,32,2,1,0.8115,Business/Company Page,0
lidemo_000138,Our team just hit a major milestone. Every milestone here is a team effort. Expanding into West Michaelbury this 2024. Milestone number 59 unlocked this quarter. Reach out if you'd like to collaborate.,,52,6,2,0.4404,Business/Company Page,0
lidemo_000138,Grateful for the recognition from our industry peers. Our clients' feedback keeps shaping the roadmap. Thank you to our 64th client. Opening a new office in North Kristina this 2024. Apply via the link in our profile.,,60,4,2,0.6705,Business/Company Page,0
lidemo_000138,Our team just hit a major milestone. Our clients' feedback keeps shaping the roadmap. Opening a new office in South Jean this 2018. Opening a new office in Port Mark this 2016. Apply via the link in our profile.,,36,3,1,0.0,Business/Company Page,0
lidemo_000139,"Reflecting on 3 years as a developer. The postmortem taught us more than the incident did. 43 years into this role now. Based out of Potterberg, remote-first.",#leadership #hiring,37,2,1,0.0,Developer,0
lidemo_000139,Migrated a legacy service this week. Documentation really does save future you. 73 years into this role now.,,61,7,8,0.539,Developer,0
lidemo_000139,Wrote a short post on lessons from a recent outage. Cross-team collaboration made this so much smoother. PR number 95 merged today. Sprint 29 retro done. Always glad to swap notes with other teams.,#hiring,57,2,2,0.5106,Developer,0
lidemo_000139,"Onboarded a new teammate this week. Good tooling makes the whole team faster. Based out of Ruizmouth, remote-first. Spoke with Deborah on the platform team about it.",,30,5,3,0.4404,Developer,0
lidemo_000139,Mentored a junior engineer today and loved it. Good tooling makes the whole team faster. Shoutout to Sandra for the pairing session. Shoutout to Karla for the pairing session.,,37,3,1,0.7783,Developer,0
lidemo_000139,Migrated a legacy service this week. Documentation really does save future you. Shipped feature number 80 this sprint.,#leadership #hiring,46,4,1,0.5829,Developer,0
lidemo_000139,"Gave a short talk on our team's testing practices. Good tooling makes the whole team faster. Based out of Lake Rhonda, remote-first. Always glad to swap notes with other teams.",#innovation,71,6,4,0.7096,Developer,0
lidemo_000139,Shipped a new feature at Kim-Cook this week. Always learning something new in this role. Sprint 55 retro done. PR number 33 merged today.,,28,2,1,0.0772,Developer,0
lidemo_000139,Mentored a junior engineer today and loved it. Grateful for a team that values code quality. 60 years into this role now. Shoutout to Janet for the pairing session.,#networking #innovation,30,3,1,0.8625,Developer,0
lidemo_000139,Migrated a legacy service this week. The postmortem taught us more than the incident did. Mentoring 61 junior engineers this quarter.,,20,1,1,0.0,Developer,0
lidemo_000139,Gave a short talk on our team's testing practices. Cross-team collaboration made this so much smoother. 56 years into this role now. Rolling this out from our New Anthonyside office. Let me know your thoughts below.,,36,3,1,0.0,Developer,0
lidemo_000139,"Excited to start using a new framework on our team. Small, frequent deploys keep saving us from bigger headaches. Shipped feature number 56 this sprint. Based out of Alejandrafurt, remote-first. Always glad to swap notes with other teams.",#leadership #networking,43,3,4,0.6908,Developer,0
lidemo_000139,Migrated a legacy service this week. Good tooling makes the whole team faster. Shoutout to Justin for the pairing session. Spoke with Connie on the platform team about it.,,18,2,1,0.4404,Developer,0
lidemo_000139,"Mentored a junior engineer today and loved it. The postmortem taught us more than the incident did. 56 years into this role now. Based out of Kellyberg, remote-first. Open to connecting with other engineers.",,32,2,1,0.5994,Developer,0
lidemo_000140,Reflecting on 10 years of consulting. Strategy is only as good as its execution. Speaking at 34 conferences this 2022. Advising a team at Dillon-Davis this quarter.,,48,3,9,0.4404,Consultant,0
lidemo_000140,Sharing a few lessons from a recent client engagement. The best solutions come from listening first. Advising a team at Atkinson-Macdonald this quarter. Advising a team at Jackson-Nguyen this quarter.,,17,3,3,0.8934,Consultant,0
lidemo_000140,Wrapped up an engagement with a great client this week. Alignment across stakeholders matters more than the plan itself. 71 years advising clients across industries. Engagement number 53 wrapped this quarter. Reach out if this resonates.,,85,8,10,0.891,Consultant,0
lidemo_000140,Wrapped up a multi-month transformation project. Alignment across stakeholders matters more than the plan itself. 13 years advising clients across industries. Engagement number 15 wrapped this quarter.,#innovation #hiring,27,2,2,0.5267,Consultant,0
lidemo_000140,"Wrapped up an engagement with a great client this week. The hardest part is rarely the analysis, it's the change management. Advising a team at Beck LLC this quarter.",,73,5,6,0.7964,Consultant,0
lidemo_000140,Reflecting on 10 years of consulting. Grateful to work across such varied industries. Speaking at 77 conferences this 2019. Case study number 11 published this month.,,19,2,1,0.5106,Consultant,0
lidemo_000140,Wrapped up a multi-month transformation project. Every client engagement teaches me something new. 10 years advising clients across industries. Case study number 15 published this month.,,21,1,1,0.5106,Consultant,0
lidemo_000140,Just published a short case study. Every client engagement teaches me something new. Speaking at 74 conferences this 2018. Open to new client conversations.,#networking #hiring,118,22,21,0.4588,Consultant,0
lidemo_000140,Wrapped up a multi-month transformation project. The best solutions come from listening first. Based out of West Sarahfort this 2015. Engagement number 18 wrapped this quarter.,,29,2,1,0.8481,Consultant,0
lidemo_000140,"Sharing a few lessons from a recent client engagement. The best solutions come from listening first. Worked alongside Tyler on this engagement. 80 years advising clients across industries. Happy to discuss further, DM me.",,164,4,7,0.9578,Consultant,0
lidemo_000140,"Facilitated a strategy workshop today. Strategy is only as good as its execution. Case study number 89 published this month. Advising a team at Miller, Walker and Thompson this quarter. Happy to discuss further, DM me.",#career #hiring,62,11,2,0.7845,Consultant,0
lidemo_000140,"Sharing a few lessons from a recent client engagement. Strategy is only as good as its execution. 19 years advising clients across industries. Advising a team at Sandoval, Thompson and Kim this quarter. Happy to discuss further, DM me.",#leadership,41,9,2,0.9081,Consultant,0
lidemo_000140,Sharing a few lessons from a recent client engagement. Grateful to work across such varied industries. Case study number 5 published this month.,,26,3,2,0.8442,Consultant,0
lidemo_000140,Some thoughts on change management. Alignment across stakeholders matters more than the plan itself. Case study number 36 published this month. Open to new client conversations.,,50,3,2,0.1027,Consultant,0
lidemo_000141,"Dream job alert, don't wait on this one! Hundreds already applied, don't miss out. Working with Parker, Brown and Irwin to fill this fast. Position number 92 still open, apply now. Message me ASAP to secure your spot.",#makemoney #grind #hiring,199,17,1,0.7674,Fake Recruiter,1
lidemo_000141,"We are looking for talent, apply immediately! Positions are filling up quickly this week. Working with Turner-Good to fill this fast. 💰✅",#makemoney #remotework #opportunity,41,1,1,0.4753,Fake Recruiter,1
lidemo_000141,"We are looking for talent, apply immediately! No interview required for qualified candidates. 54 candidates placed since 2024. Ask for Todd, I'm handling this search. Comment 'HIRE ME' below.",#makemoney,58,1,1,0.2244,Fake Recruiter,1
lidemo_000141,"We are looking for talent, apply immediately! Hundreds already applied, don't miss out. Recruiting drive kicking off in East Toniside this week. Message me ASAP to secure your spot. ✅🚀",#hiring #remotework,67,3,0,0.7128,Fake Recruiter,1
lidemo_000141,"We are looking for talent, apply immediately! Hundreds already applied, don't miss out. 46 candidates placed since 2021. DM me your resume today.",#grind #opportunity #remotework,103,6,1,0.5478,Fake Recruiter,1
lidemo_000141,"Dream job alert, don't wait on this one! No interview required for qualified candidates. Hiring event in East Cindy this week. Filled 93 roles this month alone. Comment 'HIRE ME' below. 🚀✅",,67,3,1,0.0,Fake Recruiter,1
lidemo_000141,"We are looking for talent, apply immediately! This opportunity won't last, act now. Ask for Jessica, I'm handling this search. Slot number 98 still available. Comment 'HIRE ME' below. ✅",#remotework #makemoney,96,7,1,0.7678,Fake Recruiter,1
lidemo_000141,"Dream job alert, don't wait on this one! We place candidates faster than anyone else. Filled 76 roles this month alone. 🚀💰",#makemoney #remotework #hiring,48,2,0,0.3595,Fake Recruiter,1
lidemo_000141,"URGENT HIRING: multiple positions open now! No interview required for qualified candidates. Slot number 78 still available. Position number 52 still open, apply now. DM me your resume today. 💰",,118,8,1,0.3016,Fake Recruiter,1
lidemo_000141,"We are looking for talent, apply immediately! Hundreds already applied, don't miss out. 80 candidates placed since 2018. Working with Guerrero, James and Gardner to fill this fast.",#remotework #makemoney #hiring,120,3,2,0.5478,Fake Recruiter,1
lidemo_000141,"We are looking for talent, apply immediately! High salary, flexible hours guaranteed. Hiring event in Lake Catherine this week. DM me your resume today. ✅💰",#grind #opportunity,127,3,1,0.6114,Fake Recruiter,1
lidemo_000141,"Exciting remote opportunity, no experience needed! We place candidates faster than anyone else. Recruiting drive kicking off in New Anthony this week. Ask for Julie, I'm handling this search. DM me your resume today.",#hiring #grind #opportunity,116,6,2,0.6239,Fake Recruiter,1
lidemo_000141,"Dream job alert, don't wait on this one! No interview required for qualified candidates. Hiring event in Aguilarchester this week. Recruiting drive kicking off in Stephanieburgh this week.",#opportunity #hiring #remotework,75,5,1,0.3164,Fake Recruiter,1
lidemo_000141,Hiring managers are reviewing applications TODAY. Positions are filling up quickly this week. Recruiting drive kicking off in West Bobby this week. Working with Sheppard-Griffin to fill this fast. Message me ASAP to secure your spot. 🚀,#makemoney #hiring #remotework,60,2,1,0.34,Fake Recruiter,1
lidemo_000142,"Excited to share I just finished a project for class. Met some incredible recruiters and alumni. Cohort of 2023, South Marieberg campus.",,14,1,2,0.5574,Student,0
lidemo_000142,"Joined a new student organization this semester. Met some incredible recruiters and alumni. Met with a career advisor in Kevinhaven this week. Class of 2023, still learning every day. Would love to connect with others in the field.",,22,11,1,0.6369,Student,0
lidemo_000142,"Presented my capstone project today. Met some incredible recruiters and alumni. Cohort of 2023, Riveraberg campus. One of 29 students selected for the program. Always happy to compare notes with fellow students.",,9,1,1,0.5719,Student,0
lidemo_000142,Reflecting on my first year at Patricialand University. Met some incredible recruiters and alumni. Career fair number 86 this year.,#innovation #hiring,30,3,2,-0.0,Student,0
lidemo_000142,Reflecting on my first year at Sanchezmouth University. Learned so much about teamwork and deadlines. One of 30 students selected for the program.,#networking,17,1,0,0.0,Student,0
lidemo_000142,Reflecting on my first year at Juliemouth University. Learned so much about teamwork and deadlines. Shoutout to Patrick for the mentorship. Met with a career advisor in Molinaland this week.,,9,0,1,0.0,Student,0
lidemo_000142,"Just wrapped up finals! Met some incredible recruiters and alumni. Class of 2016, still learning every day. Internship application number 45 submitted. Open to internship opportunities.",,12,1,1,0.4926,Student,0
lidemo_000142,Attended a great career fair today. This experience changed how I think about my major. Internship application number 71 submitted.,,12,3,1,0.7884,Student,0
lidemo_000142,Had a great conversation with a recruiter today. This confirmed the career path I want to pursue. 74 credits away from graduating. Career fair number 81 this year. Always happy to compare notes with fellow students.,,15,1,1,0.9217,Student,0
lidemo_000142,"Had a great conversation with a recruiter today. Still processing everything I learned this week. Cohort of 2020, Hamiltonport campus. Class of 2024, still learning every day.",#leadership,26,4,2,0.6249,Student,0
lidemo_000142,Had a great conversation with a recruiter today. This experience changed how I think about my major. One of 10 students selected for the program. Shoutout to John for the mentorship.,,15,2,1,0.6249,Student,0
lidemo_000142,Just finished my first group case competition. This experience changed how I think about my major. Career fair number 57 this year. 62 credits away from graduating.,,12,2,1,0.6851,Student,0
lidemo_000142,Joined a new student organization this semester. This experience changed how I think about my major. 2 credits away from graduating.,#leadership,18,1,1,0.4173,Student,0
lidemo_000142,Had a great conversation with a recruiter today. This experience changed how I think about my major. Project number 87 this semester.,,18,2,2,0.6887,Student,0
lidemo_000142,Joined a new student organization this semester. Time to recharge before next semester. Career fair number 14 this year. Grateful for David's advice on this one. Open to internship opportunities.,,17,2,1,0.802,Student,0
lidemo_000142,Attended a great career fair today. Grateful for professors who go above and beyond. Career fair number 68 this year.,,27,3,2,0.9001,Student,0
lidemo_000142,"Joined a new student organization this semester. Time to recharge before next semester. Career fair number 54 this year. Class of 2017, still learning every day.",,13,3,1,0.3818,Student,0
lidemo_000143,Leading the industry into a new era. Success comes to those who never settle. Announcement number 55 this quarter. Milestone number 20 for the company this 2024. DM me to discuss investment opportunities. 💼🚀,,246,26,15,0.749,Business/Company Page,0
lidemo_000143,Leading the industry into a new era. True leadership means thinking bigger than everyone else. 70 years of industry-leading growth. Reach out if you want to learn more.,#hiring #career,262,28,12,0.7003,Business/Company Page,0
lidemo_000143,Leading the industry into a new era. This is only the beginning of what we're building. Milestone number 32 for the company this 2021. 🚀,,141,11,7,0.0772,Business/Company Page,0
lidemo_000143,"As CEO, I'm proud to announce a groundbreaking initiative. This is only the beginning of what we're building. Addressed the board on this in Kleinburgh last week. Addressed the board on this in North Alexandrastad last week. Connect with me for exclusive opportunities.",,87,15,4,0.7351,Business/Company Page,0
lidemo_000143,My latest leadership insight for aspiring executives. We're disrupting the entire sector. Addressed the board on this in Lake Kelsey last week. Follow for more leadership wisdom.,,161,21,4,0.5688,Business/Company Page,0
lidemo_000143,"As CEO, I'm proud to announce a groundbreaking initiative. Most executives think too small, I never have. Expanding Gomez-White into Loganmouth this 2021. Announcement number 48 this quarter.",,81,11,4,0.5267,Business/Company Page,0
lidemo_000143,"Here's the leadership lesson nobody tells you. Great leaders create their own opportunities. Since 2015, leading this company forward. Based in Jonesside, thinking globally. Reach out if you want to learn more.",#career #networking,80,12,2,0.8481,Business/Company Page,0
lidemo_000143,Leading the industry into a new era. Great leaders create their own opportunities. 89 years of industry-leading growth. Addressed the board on this in Shelbyborough last week. Reach out if you want to learn more.,#leadership,83,6,5,0.8957,Business/Company Page,0
lidemo_000143,"Here's the leadership lesson nobody tells you. Success comes to those who never settle. Based in New Sarah, thinking globally.",#networking,106,24,5,0.5719,Business/Company Page,0
lidemo_000143,"My latest leadership insight for aspiring executives. This is only the beginning of what we're building. Based in East Peterchester, thinking globally.",,104,18,2,0.0,Business/Company Page,0
lidemo_000143,"As CEO, I'm proud to announce a groundbreaking initiative. This is only the beginning of what we're building. Addressed the board on this in Browningland last week. Announcement number 55 this quarter.",,214,40,5,0.5267,Business/Company Page,0
lidemo_000144,Excited to start using a new framework on our team. The postmortem taught us more than the incident did. Working with the team at Vazquez PLC on this one. Shipped feature number 71 this sprint.,,34,5,2,0.4019,Developer,0
lidemo_000144,"Finally closed out a long-standing tech debt ticket. The postmortem taught us more than the incident did. Shoutout to Keith for the pairing session. Based out of Powellmouth, remote-first.",,32,11,2,-0.3612,Developer,0
lidemo_000144,"Excited to start using a new framework on our team. Cross-team collaboration made this so much smoother. Based out of Lake Caleb, remote-first. Shipped feature number 90 this sprint. Let me know your thoughts below.",,36,2,2,0.4019,Developer,0
lidemo_000144,Excited to start using a new framework on our team. Testing early saved us a painful rollback. 54 years into this role now.,#leadership,20,5,1,0.3182,Developer,0
lidemo_000144,"Finally closed out a long-standing tech debt ticket. Testing early saved us a painful rollback. Spoke with Tina on the platform team about it. Based out of Port Thomas, remote-first.",,38,5,2,-0.3818,Developer,0
lidemo_000144,Migrated a legacy service this week. Testing early saved us a painful rollback. Shoutout to Amy for the pairing session.,,25,3,1,-0.0258,Developer,0
lidemo_000144,"Gave a short talk on our team's testing practices. Cross-team collaboration made this so much smoother. 13 years into this role now. Working with the team at Fernandez, Mcdonald and Hernandez on this one. Always glad to swap notes with other teams.",,23,3,1,0.4588,Developer,0
lidemo_000144,Wrote a short post on lessons from a recent outage. The postmortem taught us more than the incident did. Sprint 60 retro done. PR number 40 merged today.,,22,7,1,0.0772,Developer,0
lidemo_000144,Excited to start using a new framework on our team. Testing early saved us a painful rollback. Rolling this out from our Amandaton office.,,107,16,3,0.3182,Developer,0
lidemo_000144,"Onboarded a new teammate this week. Good tooling makes the whole team faster. Based out of West Faith, remote-first. 4 years into this role now.",#career,13,2,0,0.6908,Developer,0
lidemo_000144,Gave a short talk on our team's testing practices. Documentation really does save future you. Mentoring 20 junior engineers this quarter.,,33,8,4,0.539,Developer,0
lidemo_000144,Reflecting on 3 years as a developer. Testing early saved us a painful rollback. Shoutout to David for the pairing session. Shoutout to Marie for the pairing session.,,48,4,4,-0.0258,Developer,0
lidemo_000144,Shipped a new feature at Marquez Inc this week. Grateful for a team that values code quality. Rolling this out from our Katherinechester office.,#career #innovation,20,4,3,0.6908,Developer,0
lidemo_000145,"We are looking for talent, apply immediately! Hundreds already applied, don't miss out. Working with Bailey-Kramer to fill this fast. Slot number 28 still available. Comment 'HIRE ME' below. ✅💰",,31,11,2,0.5908,Developer,0
lidemo_000145,"We are looking for talent, apply immediately! No interview required for qualified candidates. Filled 54 roles this month alone. Comment 'HIRE ME' below.",#makemoney,30,5,1,-0.1759,Developer,0
lidemo_000145,"We are looking for talent, apply immediately! Hundreds already applied, don't miss out. 87 candidates placed since 2024. Ask for Daniel, I'm handling this search. DM me your resume today. 🚀",#makemoney #hiring,16,2,1,0.5478,Developer,0
lidemo_000145,"This role won't stay open long! Hundreds already applied, don't miss out. Hiring event in South Arthur this week. 💰✅",#hiring #opportunity #makemoney,14,2,0,0.1867,Developer,0
lidemo_000145,"URGENT HIRING: multiple positions open now! High salary, flexible hours guaranteed. 86 candidates placed since 2021. Recruiting drive kicking off in Michelleville this week.",#grind,20,1,1,0.2789,Developer,0
lidemo_000145,"Exciting remote opportunity, no experience needed! High salary, flexible hours guaranteed. Position number 71 still open, apply now. DM me your resume today. 🚀",#remotework #grind,27,7,2,0.7424,Developer,0
lidemo_000145,"Exciting remote opportunity, no experience needed! Send your resume and bank details to get started fast. Filled 17 roles this month alone. Comment 'HIRE ME' below. 💰✅",#makemoney,44,8,1,0.4753,Developer,0
lidemo_000145,"Dream job alert, don't wait on this one! Send your resume and bank details to get started fast. Filled 72 roles this month alone. Comment 'HIRE ME' below. ✅🚀",#makemoney,20,4,1,0.3595,Developer,0
lidemo_000145,"Dream job alert, don't wait on this one! This opportunity won't last, act now. Working with Morris, Kim and Castro to fill this fast. Recruiting drive kicking off in Jennifermouth this week. ✅💰",#hiring #opportunity,14,2,2,0.7745,Developer,0
lidemo_000146,"We're hiring! Come join our growing team. This wouldn't be possible without our incredible team. Based in Michaelland, serving clients since 2018. Opening a new office in West Jacob this 2023. We'd love to hear from you.",,104,5,3,0.8122,Business/Company Page,0
lidemo_000146,Proud to announce a new partnership. Looking forward to what's next for us. Expanding into Stevensonburgh this 2015. Congrats to Christian on leading this launch. We'd love to hear from you.,,118,8,5,0.8934,Business/Company Page,0
lidemo_000146,Excited to unveil our latest product update. Culture and craft both matter to how we build. Milestone number 18 unlocked this quarter. Opening a new office in New Evelynbury this 2024.,,71,4,2,0.4215,Business/Company Page,0
lidemo_000146,Grateful for the recognition from our industry peers. Culture and craft both matter to how we build.,,212,11,6,0.4767,Business/Company Page,0
lidemo_000146,Grateful for the recognition from our industry peers. Our clients' feedback keeps shaping the roadmap. Opening a new office in Johnsonport this 2024. Milestone number 67 unlocked this quarter.,,156,5,5,0.5106,Business/Company Page,0
lidemo_000146,Welcoming several new team members this month. This wouldn't be possible without our incredible team. Opening a new office in Lake Natalietown this 2020. Milestone number 60 unlocked this quarter. Reach out if you'd like to collaborate.,#networking,188,8,6,0.7003,Business/Company Page,0
lidemo_000146,Welcoming several new team members this month. We're expanding into new markets this year. Expanding into New Adammouth this 2017. Congrats to Matthew on leading this launch. We'd love to hear from you.,,114,6,5,0.8885,Business/Company Page,0
lidemo_000146,"Grateful for the recognition from our industry peers. Innovation continues to drive everything we do. Based in Laurafurt, serving clients since 2016.",#leadership #career,201,13,6,0.6808,Business/Company Page,0
lidemo_000146,"Reflecting on another strong quarter for the team. This wouldn't be possible without our incredible team. Opening a new office in Kimberlyville this 2022. Partnering with Pollard, Thomas and Bishop on this initiative.",,274,12,7,0.5106,Business/Company Page,0
lidemo_000146,Grateful for the recognition from our industry peers. Innovation continues to drive everything we do. Partnering with Mckee-Rose on this initiative. Milestone number 53 unlocked this quarter.,,73,3,3,0.7096,Business/Company Page,0
lidemo_000147,Facilitated a strategy workshop today. Strategy is only as good as its execution. Based out of Lewishaven this 2021.,,25,8,1,0.4404,Consultant,0
lidemo_000147,"Facilitated a strategy workshop today. The hardest part is rarely the analysis, it's the change management. Engagement number 19 wrapped this quarter.",,58,23,3,0.5106,Consultant,0
lidemo_000147,Just published a short case study. The best solutions come from listening first. Worked alongside Melanie on this engagement. Case study number 39 published this month.,#networking #career #leadership,69,13,5,0.8658,Consultant,0
lidemo_000147,Facilitated a strategy workshop today. Strategy is only as good as its execution. 71 years advising clients across industries. Reach out if this resonates.,#career,73,9,3,0.4588,Consultant,0
lidemo_000147,Wrapped up a multi-month transformation project. The best solutions come from listening first. Case study number 52 published this month. Based out of Stephanieshire this 2021.,,75,6,2,0.7351,Consultant,0
lidemo_000147,"Kicked off a new engagement this week. Every client engagement teaches me something new. Advising a team at Grimes, Cannon and Thomas this quarter. Engagement number 35 wrapped this quarter.",,99,13,11,0.8074,Consultant,0
lidemo_000147,"Some thoughts on change management. Alignment across stakeholders matters more than the plan itself. 54 years advising clients across industries. Presenting findings in West Johnburgh next month. Happy to discuss further, DM me.",,37,4,2,0.5859,Consultant,0
lidemo_000147,Facilitated a strategy workshop today. Alignment across stakeholders matters more than the plan itself. 50 years advising clients across industries. 19 years advising clients across industries. Open to new client conversations.,#career #leadership,78,12,7,0.0258,Consultant,0
lidemo_000147,Wrapped up a multi-month transformation project. Strategy is only as good as its execution. 23 years advising clients across industries. Case study number 3 published this month.,,130,41,6,0.4939,Consultant,0
lidemo_000147,Facilitated a strategy workshop today. Alignment across stakeholders matters more than the plan itself. Speaking at 8 conferences this 2016. Would love your thoughts in the comments.,,84,34,3,0.6486,Consultant,0
lidemo_000147,"Kicked off a new engagement this week. The hardest part is rarely the analysis, it's the change management. Worked alongside Kevin on this engagement. Engagement number 46 wrapped this quarter. Reach out if this resonates.",,59,19,2,0.872,Consultant,0
lidemo_000147,Reflecting on 10 years of consulting. Grateful to work across such varied industries. Worked alongside Russell on this engagement. Based out of New David this 2019.,,59,7,5,0.7579,Consultant,0
lidemo_000147,"Speaking at a panel next month on industry trends. Frameworks help, but context always wins. Presenting findings in West Ryanview next month.",,132,23,8,0.7845,Consultant,0
lidemo_000147,Kicked off a new engagement this week. Strategy is only as good as its execution. Speaking at 67 conferences this 2020.,,94,26,6,0.7096,Consultant,0
lidemo_000147,"Some thoughts on change management. Strategy is only as good as its execution. Speaking at 19 conferences this 2022. 93 years advising clients across industries. Happy to discuss further, DM me.",#innovation,48,10,3,0.765,Consultant,0
lidemo_000148,Speaking at a panel next month on industry trends. Grateful to work across such varied industries. Speaking at 63 conferences this 2021. 85 years advising clients across industries.,,54,13,3,0.4588,Consultant,0
lidemo_000148,Some thoughts on change management. Every industry has more in common than people expect. Speaking at 86 conferences this 2022. Presenting findings in Calvinville next month.,,62,7,2,-0.3818,Consultant,0
lidemo_000148,"Reflecting on 10 years of consulting. The hardest part is rarely the analysis, it's the change management. Engagement number 69 wrapped this quarter. Worked alongside Marie on this engagement. Open to new client conversations.",#innovation #networking,56,7,1,0.7783,Consultant,0
lidemo_000148,Kicked off a new engagement this week. Alignment across stakeholders matters more than the plan itself. Speaking at 60 conferences this 2016. 84 years advising clients across industries.,,50,6,3,0.4767,Consultant,0
lidemo_000148,"Wrapped up an engagement with a great client this week. Strategy is only as good as its execution. Speaking at 18 conferences this 2023. Advising a team at Thomas, Williams and Juarez this quarter. Open to new client conversations.",#networking #career,53,5,2,0.875,Consultant,0
lidemo_000148,Some thoughts on change management. Every industry has more in common than people expect. Presenting findings in Rushside next month. Would love your thoughts in the comments.,,67,20,2,0.6369,Consultant,0
lidemo_000148,Just published a short case study. Every industry has more in common than people expect. Case study number 88 published this month. 47 years advising clients across industries.,#career #hiring #innovation,57,16,3,0.0772,Consultant,0
lidemo_000148,Kicked off a new engagement this week. Every client engagement teaches me something new. Engagement number 40 wrapped this quarter.,,43,10,2,0.8519,Consultant,0
lidemo_000149,"Attended a great career fair today. This confirmed the career path I want to pursue. Cohort of 2020, South Daniel campus. Project number 8 this semester. Open to internship opportunities.",,12,3,4,0.8625,Student,0
lidemo_000149,Excited to share I just finished a project for class. Met some incredible recruiters and alumni. Career fair number 84 this year. One of 21 students selected for the program. Open to internship opportunities.,,5,1,2,0.8316,Student,0
lidemo_000149,Presented my capstone project today. This confirmed the career path I want to pursue. Grateful for Anthony's advice on this one. Internship application number 67 submitted.,,10,3,1,0.5574,Student,0
lidemo_000149,Reflecting on my first year at Youngburgh University. Met some incredible recruiters and alumni. 88 credits away from graduating.,,5,1,1,0.3612,Student,0
lidemo_000149,"Grateful for an amazing internship experience this summer. Time to recharge before next semester. Cohort of 2016, North Jonathanton campus. Open to internship opportunities.",#networking,8,1,1,0.8555,Student,0
lidemo_000149,Reflecting on my first year at Berryborough University. This confirmed the career path I want to pursue. Grateful for Debbie's advice on this one. Shoutout to Brittany for the mentorship.,,13,1,2,0.5106,Student,0
lidemo_000149,Attended a great career fair today. Met some incredible recruiters and alumni. Grateful for William's advice on this one. One of 98 students selected for the program. Always happy to compare notes with fellow students.,#career #hiring,15,3,3,0.9201,Student,0
lidemo_000149,Joined a new student organization this semester. This confirmed the career path I want to pursue. One of 26 students selected for the program. One of 29 students selected for the program. Feel free to reach out!,,24,4,1,0.6114,Student,0
lidemo_000149,Just finished my first group case competition. Learned so much about teamwork and deadlines. Shoutout to Shirley for the mentorship. 27 credits away from graduating. Always happy to compare notes with fellow students.,#networking,13,1,1,0.7351,Student,0
lidemo_000149,Excited to share I just finished a project for class. Time to recharge before next semester. 82 credits away from graduating. Shoutout to Adam for the mentorship.,,13,5,3,0.7269,Student,0
lidemo_000150,We're hiring! Come join our growing team. Innovation continues to drive everything we do. Milestone number 65 unlocked this quarter. Thank you to our 86th client. Reach out if you'd like to collaborate.,#leadership #career,60,11,4,0.8805,Business/Company Page,0
lidemo_000150,Excited to share our latest case study. We're expanding into new markets this year. Thank you to our 16th client. Thank you to our 85th client.,,111,9,7,0.8225,Business/Company Page,0
lidemo_000150,Excited to share our latest case study. Our clients' feedback keeps shaping the roadmap. Opening a new office in Port Debra this 2019. Expanding into Simpsontown this 2015. We'd love to hear from you.,#networking #career,77,25,6,0.8316,Business/Company Page,0
lidemo_000150,Grateful for the recognition from our industry peers. We're expanding into new markets this year. Milestone number 3 unlocked this quarter. Apply via the link in our profile.,,102,17,9,0.5106,Business/Company Page,0
lidemo_000150,"Proud to announce a new partnership. Our clients' feedback keeps shaping the roadmap. Milestone number 64 unlocked this quarter. Based in Michaelview, serving clients since 2019. We'd love to hear from you.",#networking #leadership,33,8,5,0.8225,Business/Company Page,0
lidemo_000150,We're hiring! Come join our growing team. We're expanding into new markets this year. Milestone number 51 unlocked this quarter. Proudly 28 years in business. Learn more on our website.,,81,11,4,0.7959,Business/Company Page,0
lidemo_000150,Welcoming several new team members this month. This wouldn't be possible without our incredible team.,,75,10,4,0.4404,Business/Company Page,0
lidemo_000150,Thank you to our clients for another great quarter. Culture and craft both matter to how we build. Thank you to our 83th client. Learn more on our website.,,90,9,7,0.8481,Business/Company Page,0
lidemo_000150,Our team just hit a major milestone. Grateful for the trust our clients place in us. Proudly 78 years in business.,,66,10,6,0.8801,Business/Company Page,0
lidemo_000150,Thank you to our clients for another great quarter. Looking forward to what's next for us. Reach out if you'd like to collaborate.,#career #networking,28,5,2,0.8481,Business/Company Page,0
lidemo_000150,Proud to announce a new partnership. This wouldn't be possible without our incredible team. Opening a new office in Jillianport this 2022.,,70,5,6,0.4767,Business/Company Page,0
lidemo_000151,Another record quarter under my leadership. We're disrupting the entire sector. Announcement number 46 this quarter. Milestone number 45 for the company this 2019.,,36,2,2,0.1531,Fake Executive Impersonator,1
lidemo_000151,Leading the industry into a new era. We're disrupting the entire sector. Meeting with Ronald to plan the next phase. Meeting with Valerie to plan the next phase. DM me to discuss investment opportunities.,,9,0,0,0.3818,Fake Executive Impersonator,1
lidemo_000151,Here's the leadership lesson nobody tells you. We're disrupting the entire sector. 7 years of industry-leading growth. DM me to discuss investment opportunities.,,12,1,1,0.6369,Fake Executive Impersonator,1
lidemo_000151,Sharing my vision for where this industry is headed. This is only the beginning of what we're building. Connect with me for exclusive opportunities.,,9,1,1,0.7845,Fake Executive Impersonator,1
lidemo_000151,"As CEO, I'm proud to announce a groundbreaking initiative. We're disrupting the entire sector. 79 years of industry-leading growth. 40 years of industry-leading growth.",#hiring #leadership,12,1,1,0.8074,Fake Executive Impersonator,1
lidemo_000151,"Sharing my vision for where this industry is headed. My journey to the top wasn't easy, but it was inevitable. Meeting with Tyler to plan the next phase. 💼🚀",,3,0,0,0.2725,Fake Executive Impersonator,1
lidemo_000151,"Leading the industry into a new era. My journey to the top wasn't easy, but it was inevitable. Addressed the board on this in North Jennifer last week. 77 years of industry-leading growth. 💼",#leadership,14,2,1,0.4761,Fake Executive Impersonator,1
lidemo_000151,"Announcing a major company milestone under my leadership. We're disrupting the entire sector. Announcement number 51 this quarter. Since 2019, leading this company forward. Reach out if you want to learn more.",,5,2,1,0.1779,Fake Executive Impersonator,1
lidemo_000151,Here's the leadership lesson nobody tells you. True leadership means thinking bigger than everyone else. Addressed the board on this in Christopherstad last week. Milestone number 24 for the company this 2015.,,14,1,2,0.4767,Fake Executive Impersonator,1
lidemo_000151,"As CEO, I'm proud to announce a groundbreaking initiative. We're disrupting the entire sector. Expanding Lawson Ltd into South Jenniferland this 2023. Milestone number 43 for the company this 2021. 💼🚀",,18,2,2,0.5267,Fake Executive Impersonator,1
lidemo_000151,"As CEO, I'm proud to announce a groundbreaking initiative. This is only the beginning of what we're building. Milestone number 79 for the company this 2020. Follow for more leadership wisdom. 🚀",#career,6,1,1,0.7951,Fake Executive Impersonator,1
lidemo_000151,"Announcing a major company milestone under my leadership. My journey to the top wasn't easy, but it was inevitable. Expanding Schmidt-Austin into Hernandezbury this 2015. Milestone number 94 for the company this 2018. Connect with me for exclusive opportunities.",,11,1,1,0.6482,Fake Executive Impersonator,1
lidemo_000152,"Presented my capstone project today. Learned so much about teamwork and deadlines. Cohort of 2025, Michaelmouth campus. Shoutout to Robert for the mentorship.",,30,18,2,0.0,Student,0
lidemo_000152,Presented my capstone project today. This experience changed how I think about my major. Grateful for Kevin's advice on this one. Grateful for Lori's advice on this one.,,42,13,2,0.7425,Student,0
lidemo_000152,Just wrapped up finals! Still processing everything I learned this week. Project number 61 this semester.,,26,7,2,0.1511,Student,0
lidemo_000152,Had a great conversation with a recruiter today. This experience changed how I think about my major. Grateful for Bryan's advice on this one. Internship application number 8 submitted.,,16,2,1,0.8268,Student,0
lidemo_000152,"Reflecting on my first year at North Gabriel University. Balancing coursework and applications has been a lot, but worth it. Cohort of 2017, Meltonshire campus. Project number 30 this semester. Feel free to reach out!",,26,5,2,0.8268,Student,0
lidemo_000152,"Presented my capstone project today. Met some incredible recruiters and alumni. Class of 2021, still learning every day. Feel free to reach out!",,29,9,2,0.5707,Student,0
lidemo_000152,Joined a new student organization this semester. Grateful for professors who go above and beyond. 55 credits away from graduating.,,22,7,1,0.6705,Student,0
lidemo_000152,Attended a great career fair today. Time to recharge before next semester. Career fair number 85 this year. One of 49 students selected for the program. Feel free to reach out!,,22,3,4,0.9134,Student,0
lidemo_000152,Just finished my first group case competition. Learned so much about teamwork and deadlines. Career fair number 67 this year. One of 63 students selected for the program.,,22,3,2,0.3818,Student,0
lidemo_000152,"Had a great conversation with a recruiter today. Met some incredible recruiters and alumni. Class of 2019, still learning every day.",,34,9,5,0.6249,Student,0
lidemo_000153,"Dream job alert, don't wait on this one! This opportunity won't last, act now. Working with Wright and Sons to fill this fast. Hiring event in Reyeshaven this week. Comment 'HIRE ME' below. ✅🚀",#opportunity #hiring,25,1,0,0.7745,Fake Recruiter,1
lidemo_000153,"We are looking for talent, apply immediately! Hundreds already applied, don't miss out. Ask for Marissa, I'm handling this search. Message me ASAP to secure your spot.",,20,1,0,0.7128,Fake Recruiter,1
lidemo_000153,"This role won't stay open long! High salary, flexible hours guaranteed. Hiring event in North Patrickfurt this week. Comment 'HIRE ME' below.",#makemoney #hiring,29,1,0,0.2942,Fake Recruiter,1
lidemo_000153,Hiring managers are reviewing applications TODAY. We place candidates faster than anyone else. Working with Wilson-Garrett to fill this fast.,#grind #makemoney #remotework,30,1,0,0.0,Fake Recruiter,1
lidemo_000153,"Dream job alert, don't wait on this one! No interview required for qualified candidates. Recruiting drive kicking off in Aprilborough this week. Slot number 34 still available. Apply via the link in my profile now. 💰🚀",#hiring #remotework #grind,24,3,0,0.3802,Fake Recruiter,1
lidemo_000153,"URGENT HIRING: multiple positions open now! Hundreds already applied, don't miss out. Working with Jacobs Group to fill this fast.",#grind,32,1,0,0.5055,Fake Recruiter,1
lidemo_000153,"Dream job alert, don't wait on this one! Send your resume and bank details to get started fast. Slot number 62 still available. Hiring event in Markhaven this week. Comment 'HIRE ME' below. ✅",#remotework #makemoney,29,5,0,0.5848,Fake Recruiter,1
lidemo_000153,"Exciting remote opportunity, no experience needed! Send your resume and bank details to get started fast. Filled 94 roles this month alone. 14 candidates placed since 2021. Message me ASAP to secure your spot.",#grind #hiring #opportunity,54,2,0,0.6696,Fake Recruiter,1
lidemo_000153,"Dream job alert, don't wait on this one! Hundreds already applied, don't miss out. Ask for Valerie, I'm handling this search. Recruiting drive kicking off in New Loriview this week.",#grind,55,3,0,0.6041,Fake Recruiter,1
lidemo_000153,"We are looking for talent, apply immediately! High salary, flexible hours guaranteed. Slot number 6 still available.",#hiring #remotework,21,1,0,0.6476,Fake Recruiter,1
lidemo_000153,"We are looking for talent, apply immediately! High salary, flexible hours guaranteed. 82 candidates placed since 2023. Apply via the link in my profile now.",#makemoney #hiring #grind,47,4,0,0.6114,Fake Recruiter,1
lidemo_000153,"Hiring managers are reviewing applications TODAY. High salary, flexible hours guaranteed. 98 candidates placed since 2024. 8 candidates placed since 2022. Apply via the link in my profile now. 💰",#grind,22,2,0,0.2263,Fake Recruiter,1
lidemo_000153,"URGENT HIRING: multiple positions open now! We place candidates faster than anyone else. Ask for Roberto, I'm handling this search. Recruiting drive kicking off in North Stephanieview this week.",#makemoney #opportunity,50,4,0,0.4263,Fake Recruiter,1
lidemo_000154,"As CEO, I'm proud to announce a groundbreaking initiative. True leadership means thinking bigger than everyone else. Since 2024, leading this company forward. Follow for more leadership wisdom.",,5,1,0,0.8617,Fake Executive Impersonator,1
lidemo_000154,Leading the industry into a new era. This is only the beginning of what we're building. Milestone number 56 for the company this 2022. Follow for more leadership wisdom.,,3,0,0,0.6096,Fake Executive Impersonator,1
lidemo_000154,Another record quarter under my leadership. This is only the beginning of what we're building. Addressed the board on this in Lake Paul last week. Milestone number 39 for the company this 2019.,,2,0,0,0.0772,Fake Executive Impersonator,1
lidemo_000154,"Another record quarter under my leadership. This is only the beginning of what we're building. Based in Spencehaven, thinking globally. Addressed the board on this in Lake Annaville last week. Follow for more leadership wisdom.",,6,1,0,0.5688,Fake Executive Impersonator,1
lidemo_000154,"Here's the leadership lesson nobody tells you. Success comes to those who never settle. Expanding Taylor, Johnson and Ryan into Bestbury this 2017. Connect with me for exclusive opportunities.",,14,2,0,0.7783,Fake Executive Impersonator,1
lidemo_000154,"Here's the leadership lesson nobody tells you. Success comes to those who never settle. Based in Heatherside, thinking globally. 48 years of industry-leading growth.",,2,0,0,0.743,Fake Executive Impersonator,1
lidemo_000154,"Leading the industry into a new era. My journey to the top wasn't easy, but it was inevitable. Announcement number 41 this quarter. Based in West Ethan, thinking globally. Connect with me for exclusive opportunities.",,5,1,0,0.6482,Fake Executive Impersonator,1
lidemo_000154,"Announcing a major company milestone under my leadership. True leadership means thinking bigger than everyone else. Based in Robertsonberg, thinking globally. 💼",,1,0,0,0.4215,Fake Executive Impersonator,1
lidemo_000154,My latest leadership insight for aspiring executives. True leadership means thinking bigger than everyone else. Announcement number 27 this quarter. Announcement number 96 this quarter. Reach out if you want to learn more.,#hiring #leadership,1,0,0,0.5859,Fake Executive Impersonator,1
lidemo_000154,Another record quarter under my leadership. Great leaders create their own opportunities. Meeting with Franklin to plan the next phase.,,4,0,0,0.8316,Fake Executive Impersonator,1
lidemo_000154,"Another record quarter under my leadership. Most executives think too small, I never have. Meeting with Alexis to plan the next phase. Expanding Garrison PLC into Jonathanland this 2016. Reach out if you want to learn more.",#innovation #hiring,5,0,0,0.1027,Fake Executive Impersonator,1
lidemo_000154,"Sharing my vision for where this industry is headed. We're disrupting the entire sector. Since 2016, leading this company forward.",#networking,2,0,0,0.5859,Fake Executive Impersonator,1
lidemo_000155,Thank you to our clients for another great quarter. We're expanding into new markets this year. Opening a new office in Warrentown this 2025. Opening a new office in Darrellport this 2024. We'd love to hear from you.,,29,2,0,0.8957,Business/Company Page,0
lidemo_000155,Reflecting on another strong quarter for the team. Every milestone here is a team effort. Welcoming 51 new team members this 2016. Thank you to our 69th client.,,20,3,0,0.8271,Business/Company Page,0
lidemo_000155,Excited to share our latest case study. Grateful for the trust our clients place in us. Opening a new office in Williambury this 2017. Milestone number 46 unlocked this quarter.,,35,1,0,0.8807,Business/Company Page,0
lidemo_000155,We're hiring! Come join our growing team. Culture and craft both matter to how we build. Milestone number 52 unlocked this quarter.,#networking #career #leadership,21,1,0,0.5562,Business/Company Page,0
lidemo_000155,Proud to announce a new partnership. Culture and craft both matter to how we build. Welcoming 17 new team members this 2020.,,6,0,0,0.7269,Business/Company Page,0
lidemo_000155,Proud to announce a new partnership. Looking forward to what's next for us. Congrats to Amanda on leading this launch. Opening a new office in West Jeffrey this 2017.,#career,10,0,0,0.7579,Business/Company Page,0
lidemo_000155,Thank you to our clients for another great quarter. Our clients' feedback keeps shaping the roadmap. Proudly 82 years in business. Congrats to Carrie on leading this launch. We'd love to hear from you.,,30,1,0,0.9571,Business/Company Page,0
lidemo_000155,"Excited to share our latest case study. Grateful for the trust our clients place in us. Based in Ortegahaven, serving clients since 2016. Thank you to our 34th client.",#career #hiring,14,0,0,0.9081,Business/Company Page,0
lidemo_000155,We're hiring! Come join our growing team. This wouldn't be possible without our incredible team. Thank you to our 91th client. Learn more on our website.,#innovation #hiring,19,1,0,0.7158,Business/Company Page,0
lidemo_000155,"We're hiring! Come join our growing team. Every milestone here is a team effort. Milestone number 81 unlocked this quarter. Based in Edwardsview, serving clients since 2015. Apply via the link in our profile.",#networking #career #innovation,18,1,0,0.5411,Business/Company Page,0
lidemo_000155,"Reflecting on another strong quarter for the team. Grateful for the trust our clients place in us. Partnering with Velazquez PLC on this initiative. Based in East Mark, serving clients since 2017. We'd love to hear from you.",,21,1,0,0.93,Business/Company Page,0
lidemo_000155,"Excited to unveil our latest product update. Culture and craft both matter to how we build. Based in Mccallfort, serving clients since 2022. Proudly 11 years in business. Apply via the link in our profile.",#networking #innovation,21,1,0,0.7269,Business/Company Page,0
lidemo_000156,"As CEO, I'm proud to announce a groundbreaking initiative. My journey to the top wasn't easy, but it was inevitable. Since 2023, leading this company forward.",#hiring #career,20,3,1,0.1894,Fake Executive Impersonator,1
lidemo_000156,Another record quarter under my leadership. We're disrupting the entire sector. Expanding Ramirez-Howe into Rodgersbury this 2021. Milestone number 91 for the company this 2025.,,12,1,0,0.0772,Fake Executive Impersonator,1
lidemo_000156,"As CEO, I'm proud to announce a groundbreaking initiative. We're disrupting the entire sector. Milestone number 68 for the company this 2023. DM me to discuss investment opportunities.",,20,1,0,0.7184,Fake Executive Impersonator,1
lidemo_000156,"Another record quarter under my leadership. Great leaders create their own opportunities. Since 2015, leading this company forward. Meeting with Ebony to plan the next phase. DM me to discuss investment opportunities.",#innovation #leadership,11,0,0,0.886,Fake Executive Impersonator,1
lidemo_000156,My latest leadership insight for aspiring executives. We're disrupting the entire sector. Meeting with Jennifer to plan the next phase. Addressed the board on this in Edwardside last week.,,6,0,0,0.0,Fake Executive Impersonator,1
lidemo_000156,Sharing my vision for where this industry is headed. True leadership means thinking bigger than everyone else. Meeting with David to plan the next phase. Reach out if you want to learn more.,,6,2,0,0.7906,Fake Executive Impersonator,1
lidemo_000156,Here's the leadership lesson nobody tells you. Success comes to those who never settle. Expanding Smith and Sons into Alexiston this 2024. 36 years of industry-leading growth. 💼,,23,1,1,0.743,Fake Executive Impersonator,1
lidemo_000156,"Leading the industry into a new era. This is only the beginning of what we're building. Expanding Arnold Inc into Webbview this 2024. Based in Port Amanda, thinking globally. Reach out if you want to learn more.",#networking,21,1,1,0.1027,Fake Executive Impersonator,1
lidemo_000157,URGENT HIRING: multiple positions open now! No interview required for qualified candidates. Slot number 58 still available. Comment 'HIRE ME' below.,#remotework #grind #makemoney,1,0,0,0.2323,Fake Recruiter,1
lidemo_000157,"Companies are hiring fast this quarter, apply now! Send your resume and bank details to get started fast. 89 candidates placed since 2015. Slot number 94 still available. Message me ASAP to secure your spot. 🚀",#makemoney,2,0,0,0.4574,Fake Recruiter,1
lidemo_000157,"Exciting remote opportunity, no experience needed! This opportunity won't last, act now. Filled 9 roles this month alone. Comment 'HIRE ME' below. ✅💰",#grind #remotework #hiring,1,0,0,0.7463,Fake Recruiter,1
lidemo_000157,This role won't stay open long! Positions are filling up quickly this week. Slot number 59 still available. Message me ASAP to secure your spot. 💰🚀,,2,0,0,0.4574,Fake Recruiter,1
lidemo_000157,"Hiring managers are reviewing applications TODAY. This opportunity won't last, act now. Position number 74 still open, apply now. Ask for Nathan, I'm handling this search. Message me ASAP to secure your spot. 💰✅",#opportunity #makemoney #remotework,7,0,0,0.714,Fake Recruiter,1
lidemo_000157,This role won't stay open long! No interview required for qualified candidates. Hiring event in East Deborahborough this week. 23 candidates placed since 2022. Apply via the link in my profile now. 💰🚀,#grind #remotework #hiring,7,0,0,-0.3595,Fake Recruiter,1
lidemo_000157,"Hiring managers are reviewing applications TODAY. High salary, flexible hours guaranteed. Slot number 95 still available. Slot number 93 still available. Apply via the link in my profile now.",#hiring #makemoney #remotework,10,1,0,0.3612,Fake Recruiter,1
lidemo_000157,"Exciting remote opportunity, no experience needed! This opportunity won't last, act now. Recruiting drive kicking off in New Nicoleborough this week. 84 candidates placed since 2015. 🚀💰",#hiring,2,0,0,0.8096,Fake Recruiter,1
lidemo_000157,"Companies are hiring fast this quarter, apply now! No interview required for qualified candidates. Position number 24 still open, apply now. Ask for Roger, I'm handling this search. Apply via the link in my profile now.",#opportunity #grind,3,0,0,-0.2942,Fake Recruiter,1
lidemo_000157,"We are looking for talent, apply immediately! This opportunity won't last, act now. Hiring event in Carterhaven this week. 68 candidates placed since 2024. Apply via the link in my profile now.",,5,0,0,0.7463,Fake Recruiter,1
lidemo_000157,"Dream job alert, don't wait on this one! High salary, flexible hours guaranteed. Recruiting drive kicking off in Christianburgh this week. Recruiting drive kicking off in Christianburgh this week. Message me ASAP to secure your spot. 🚀",,12,2,0,0.7777,Fake Recruiter,1
lidemo_000157,URGENT HIRING: multiple positions open now! No interview required for qualified candidates. Filled 37 roles this month alone. Hiring event in Port Matthew this week. DM me your resume today. ✅,#hiring,5,1,0,-0.2404,Fake Recruiter,1
lidemo_000157,This role won't stay open long! No interview required for qualified candidates. Recruiting drive kicking off in Sarahville this week. Apply via the link in my profile now. ✅,#makemoney #remotework #opportunity,4,0,0,-0.3595,Fake Recruiter,1
lidemo_000157,This role won't stay open long! We place candidates faster than anyone else. Filled 63 roles this month alone. Filled 39 roles this month alone. Message me ASAP to secure your spot.,#grind #remotework #opportunity,24,3,0,-0.2244,Fake Recruiter,1
lidemo_000158,"Another record quarter under my leadership. Success comes to those who never settle. Since 2020, leading this company forward. Since 2022, leading this company forward.",#networking #innovation,86,1,1,0.5719,Consultant,0
lidemo_000158,"Sharing my vision for where this industry is headed. Most executives think too small, I never have. Addressed the board on this in Port Anna last week. Announcement number 75 this quarter.",,233,3,2,0.6249,Consultant,0
lidemo_000158,"Leading the industry into a new era. We're disrupting the entire sector. Since 2016, leading this company forward. 45 years of industry-leading growth. 💼🚀",,136,2,1,0.3818,Consultant,0
lidemo_000158,"My latest leadership insight for aspiring executives. Most executives think too small, I never have. Milestone number 50 for the company this 2022. Since 2024, leading this company forward. 🚀💼",,149,4,1,-0.0572,Consultant,0
lidemo_000158,Here's the leadership lesson nobody tells you. True leadership means thinking bigger than everyone else. Meeting with Ryan to plan the next phase. 9 years of industry-leading growth.,,129,2,2,0.6597,Consultant,0
lidemo_000158,"Announcing a major company milestone under my leadership. Most executives think too small, I never have. Since 2015, leading this company forward.",#leadership,209,2,2,0.0,Consultant,0
lidemo_000158,"My latest leadership insight for aspiring executives. Most executives think too small, I never have. Announcement number 26 this quarter. Meeting with Nicholas to plan the next phase.",#career,246,3,2,-0.0572,Consultant,0
lidemo_000158,"As CEO, I'm proud to announce a groundbreaking initiative. This is only the beginning of what we're building. 22 years of industry-leading growth. Connect with me for exclusive opportunities.",,340,4,7,0.8316,Consultant,0
lidemo_000158,"Leading the industry into a new era. Success comes to those who never settle. Announcement number 94 this quarter. Based in Richardsville, thinking globally. Follow for more leadership wisdom.",,201,4,1,0.7996,Consultant,0
lidemo_000158,Leading the industry into a new era. Great leaders create their own opportunities. Addressed the board on this in Michaelmouth last week. 💼🚀,,90,2,1,0.8316,Consultant,0
lidemo_000158,"My latest leadership insight for aspiring executives. Great leaders create their own opportunities. Expanding Morgan, Reynolds and Simmons into East Maryville this 2022. Reach out if you want to learn more. 💼🚀",,126,2,1,0.8481,Consultant,0
lidemo_000158,"Here's the leadership lesson nobody tells you. True leadership means thinking bigger than everyone else. Announcement number 72 this quarter. Based in Smithton, thinking globally. Reach out if you want to learn more.",#leadership,176,3,1,0.5423,Consultant,0
lidemo_000159,Mentored a junior engineer today and loved it. Grateful for a team that values code quality. Spoke with John on the platform team about it. Sprint 89 retro done.,,48,5,2,0.8625,Developer,0
lidemo_000159,Reflecting on 3 years as a developer. The postmortem taught us more than the incident did. Spoke with Jennifer on the platform team about it. Shipped feature number 45 this sprint.,,90,11,3,0.0772,Developer,0
lidemo_000159,Wrote a short post on lessons from a recent outage. The postmortem taught us more than the incident did. 33 years into this role now. Open to connecting with other engineers.,,63,15,3,0.0,Developer,0
lidemo_000159,Shipped a new feature at Mills Ltd this week. Documentation really does save future you. PR number 3 merged today. 73 years into this role now.,,86,5,6,0.5829,Developer,0
lidemo_000159,"Mentored a junior engineer today and loved it. Testing early saved us a painful rollback. Working with the team at Miller, Hoffman and Taylor on this one. Let me know your thoughts below.",,51,3,3,0.5859,Developer,0
lidemo_000159,"Shipped a new feature at Cannon, Allen and Phillips this week. Testing early saved us a painful rollback. Spoke with Bryan on the platform team about it.",,93,12,8,-0.0258,Developer,0
lidemo_000159,Shipped a new feature at Taylor LLC this week. Good tooling makes the whole team faster. Spoke with Melinda on the platform team about it. Rolling this out from our West Craigbury office.,,67,2,2,0.4404,Developer,0
lidemo_000159,Reflecting on 3 years as a developer. Documentation really does save future you. Shoutout to Wesley for the pairing session.,#hiring #networking,91,28,6,0.539,Developer,0
lidemo_000159,Excited to start using a new framework on our team. The postmortem taught us more than the incident did. Shoutout to Hannah for the pairing session.,,72,4,2,0.34,Developer,0
lidemo_000160,"My latest leadership insight for aspiring executives. This is only the beginning of what we're building. Expanding Peterson, Harris and Carson into East Julieborough this 2018.",#networking #career,1,0,0,0.0,Fake Executive Impersonator,1
lidemo_000160,"My latest leadership insight for aspiring executives. My journey to the top wasn't easy, but it was inevitable. Based in North Reginabury, thinking globally. Announcement number 63 this quarter.",,1,0,0,0.0379,Fake Executive Impersonator,1
lidemo_000160,My latest leadership insight for aspiring executives. True leadership means thinking bigger than everyone else. 95 years of industry-leading growth. Milestone number 66 for the company this 2025.,#innovation #career,0,0,0,0.6908,Fake Executive Impersonator,1
lidemo_000160,"Here's the leadership lesson nobody tells you. This is only the beginning of what we're building. Expanding Harrington, Robertson and Walters into West David this 2022. 15 years of industry-leading growth. Reach out if you want to learn more. 🚀",,0,0,0,0.4588,Fake Executive Impersonator,1
lidemo_000160,"Another record quarter under my leadership. My journey to the top wasn't easy, but it was inevitable. Announcement number 82 this quarter. Based in East Alan, thinking globally.",#hiring #career,1,0,0,0.0379,Fake Executive Impersonator,1
lidemo_000160,Announcing a major company milestone under my leadership. Great leaders create their own opportunities. Addressed the board on this in Jamesburgh last week. Meeting with Denise to plan the next phase. Connect with me for exclusive opportunities.,,3,0,0,0.8979,Fake Executive Impersonator,1
lidemo_000160,"Announcing a major company milestone under my leadership. Most executives think too small, I never have. Addressed the board on this in Hendersonshire last week. Based in Ryanhaven, thinking globally.",#hiring #networking,1,0,0,0.0,Fake Executive Impersonator,1
lidemo_000160,Announcing a major company milestone under my leadership. True leadership means thinking bigger than everyone else. Milestone number 58 for the company this 2019. Meeting with Sheila to plan the next phase.,,0,0,0,0.4767,Fake Executive Impersonator,1
lidemo_000161,"Just published a short case study. Frameworks help, but context always wins. Based out of Port Elizabeth this 2016.",,6,1,1,0.7845,Fake Executive Impersonator,1
lidemo_000161,Reflecting on 10 years of consulting. Strategy is only as good as its execution. Based out of Bethville this 2019. Speaking at 86 conferences this 2018. Would love your thoughts in the comments.,#innovation #networking #career,3,1,0,0.6705,Fake Executive Impersonator,1
lidemo_000161,"Just published a short case study. Frameworks help, but context always wins. Advising a team at Hall, Lopez and Cole this quarter.",#career #innovation #leadership,3,0,1,0.7845,Fake Executive Impersonator,1
lidemo_000162,Facilitated a strategy workshop today. Every client engagement teaches me something new. Advising a team at Campbell-Ellis this quarter. Engagement number 2 wrapped this quarter. Would love your thoughts in the comments.,,31,1,1,0.8885,Consultant,0
lidemo_000162,Kicked off a new engagement this week. The best solutions come from listening first. 40 years advising clients across industries. Case study number 9 published this month.,#innovation #career,67,1,1,0.8481,Consultant,0
lidemo_000162,Some thoughts on change management. Every industry has more in common than people expect. Speaking at 92 conferences this 2018. Advising a team at Schneider-Smith this quarter. Open to new client conversations.,,25,1,0,0.0,Consultant,0
lidemo_000162,"Wrapped up an engagement with a great client this week. The hardest part is rarely the analysis, it's the change management. Based out of West Taylor this 2020. Engagement number 92 wrapped this quarter. Happy to discuss further, DM me.",,56,3,2,0.9337,Consultant,0
lidemo_000162,"Some thoughts on change management. The best solutions come from listening first. Advising a team at Warner, Pittman and Walters this quarter. 35 years advising clients across industries.",#networking #leadership #career,53,2,1,0.7096,Consultant,0
lidemo_000162,Sharing a few lessons from a recent client engagement. Every industry has more in common than people expect. Speaking at 50 conferences this 2015. Worked alongside Robert on this engagement. Reach out if this resonates.,,49,1,1,0.8555,Consultant,0
lidemo_000162,Some thoughts on change management. Grateful to work across such varied industries. Presenting findings in Susanmouth next month. Worked alongside Sara on this engagement.,,42,2,1,0.7579,Consultant,0
lidemo_000162,Sharing a few lessons from a recent client engagement. Every industry has more in common than people expect. Worked alongside Cynthia on this engagement. Open to new client conversations.,#innovation #networking #career,24,1,0,0.8519,Consultant,0
lidemo_000162,Reflecting on 10 years of consulting. Strategy is only as good as its execution. Engagement number 23 wrapped this quarter. Speaking at 24 conferences this 2018.,,31,1,1,0.7351,Consultant,0
lidemo_000162,Facilitated a strategy workshop today. Every client engagement teaches me something new. Worked alongside Karen on this engagement.,#career #leadership,51,1,1,0.7579,Consultant,0
lidemo_000162,"Wrapped up a multi-month transformation project. Every client engagement teaches me something new. Advising a team at Jones, James and Higgins this quarter. Based out of Amandamouth this 2024.",,28,1,1,0.4588,Consultant,0
lidemo_000163,"Presented my capstone project today. Grateful for professors who go above and beyond. Class of 2019, still learning every day. Career fair number 6 this year. Feel free to reach out!",,5,0,0,0.8516,Student,0
lidemo_000163,"Excited to share I just finished a project for class. Grateful for professors who go above and beyond. Cohort of 2022, Millerhaven campus. Would love to connect with others in the field.",#leadership,19,0,0,0.8957,Student,0
lidemo_000163,"Just wrapped up finals! Balancing coursework and applications has been a lot, but worth it. Grateful for Steven's advice on this one. Grateful for Kimberly's advice on this one. Open to internship opportunities.",,25,0,0,0.933,Student,0
lidemo_000163,"Grateful for an amazing internship experience this summer. Grateful for professors who go above and beyond. Internship application number 37 submitted. Class of 2018, still learning every day.",,15,0,0,0.8779,Student,0
lidemo_000164,"Companies are hiring fast this quarter, apply now! No interview required for qualified candidates. Working with Sullivan Ltd to fill this fast. Ask for Cynthia, I'm handling this search. Comment 'HIRE ME' below.",#makemoney #remotework,200,9,12,-0.3595,Fake Recruiter,1
lidemo_000164,"This role won't stay open long! High salary, flexible hours guaranteed. Hiring event in South Edwardport this week. Recruiting drive kicking off in Sandersmouth this week. Apply via the link in my profile now. 💰✅",#remotework #grind,107,16,4,0.2942,Fake Recruiter,1
lidemo_000164,"This role won't stay open long! Hundreds already applied, don't miss out. Ask for Dawn, I'm handling this search. Message me ASAP to secure your spot.",#remotework #hiring,189,90,3,0.4829,Fake Recruiter,1
lidemo_000164,"This role won't stay open long! No interview required for qualified candidates. Recruiting drive kicking off in East Johnton this week. Working with Jenkins, Thompson and Carlson to fill this fast. Message me ASAP to secure your spot.",#opportunity #grind #hiring,101,31,4,0.126,Fake Recruiter,1
lidemo_000164,"Companies are hiring fast this quarter, apply now! Send your resume and bank details to get started fast. Hiring event in West Danieltown this week. 💰",#makemoney,62,5,7,0.0,Fake Recruiter,1
lidemo_000164,"Exciting remote opportunity, no experience needed! We place candidates faster than anyone else. Slot number 88 still available. Message me ASAP to secure your spot.",#hiring,133,14,6,0.7777,Fake Recruiter,1
lidemo_000164,"URGENT HIRING: multiple positions open now! Send your resume and bank details to get started fast. Position number 85 still open, apply now.",#hiring #grind,184,11,11,0.481,Fake Recruiter,1
lidemo_000164,"This role won't stay open long! High salary, flexible hours guaranteed. Hiring event in West Aprilstad this week. Filled 68 roles this month alone.",#hiring,150,19,5,-0.1007,Fake Recruiter,1
lidemo_000164,This role won't stay open long! Positions are filling up quickly this week. Filled 81 roles this month alone. Comment 'HIRE ME' below.,#opportunity,185,21,4,-0.3164,Fake Recruiter,1
lidemo_000164,"This role won't stay open long! We place candidates faster than anyone else. Position number 88 still open, apply now. Position number 18 still open, apply now.",#remotework,346,28,19,0.2244,Fake Recruiter,1
lidemo_000164,"Exciting remote opportunity, no experience needed! No interview required for qualified candidates. Hiring event in South Danielle this week. Apply via the link in my profile now.",#hiring #opportunity,38,5,1,0.4389,Fake Recruiter,1
lidemo_000164,"We are looking for talent, apply immediately! Send your resume and bank details to get started fast. Position number 94 still open, apply now. 46 candidates placed since 2017. 💰🚀",#grind #hiring,919,140,59,0.5255,Fake Recruiter,1
lidemo_000164,"Exciting remote opportunity, no experience needed! Positions are filling up quickly this week. Slot number 82 still available. Working with Knight, Gray and Ingram to fill this fast. Comment 'HIRE ME' below. ✅",#makemoney,119,27,10,0.6588,Fake Recruiter,1
lidemo_000164,"This role won't stay open long! Send your resume and bank details to get started fast. Ask for David, I'm handling this search. Hiring event in Port Andreamouth this week. DM me your resume today.",#opportunity #hiring,51,11,1,0.0,Fake Recruiter,1
lidemo_000164,"Exciting remote opportunity, no experience needed! No interview required for qualified candidates. Recruiting drive kicking off in East Sarahshire this week. Apply via the link in my profile now.",#opportunity #remotework,155,6,15,0.4389,Fake Recruiter,1
lidemo_000164,"Exciting remote opportunity, no experience needed! We place candidates faster than anyone else. Recruiting drive kicking off in Martinton this week. Recruiting drive kicking off in Reevesfurt this week. 🚀",#grind,47,7,2,0.6239,Fake Recruiter,1
lidemo_000164,"Exciting remote opportunity, no experience needed! We place candidates faster than anyone else. Position number 25 still open, apply now. Ask for Mary, I'm handling this search. Message me ASAP to secure your spot.",#makemoney #opportunity #grind,390,12,21,0.7777,Fake Recruiter,1
lidemo_000165,Mentored a junior engineer today and loved it. Always learning something new in this role. Spoke with Tyler on the platform team about it. Spoke with Michael on the platform team about it. Let me know your thoughts below.,,27,3,1,0.5994,Developer,0
lidemo_000165,"Shipped a new feature at Brown-Castro this week. Small, frequent deploys keep saving us from bigger headaches. PR number 23 merged today. Rolling this out from our Waltonshire office.",,24,4,1,0.0772,Developer,0
lidemo_000165,Shipped a new feature at Sheppard-Dixon this week. Good tooling makes the whole team faster. 95 years into this role now.,,34,6,0,0.4404,Developer,0
lidemo_000165,Finally closed out a long-standing tech debt ticket. The postmortem taught us more than the incident did. PR number 94 merged today. 97 years into this role now.,#innovation,50,10,1,-0.296,Developer,0
lidemo_000165,"Finally closed out a long-standing tech debt ticket. Grateful for a team that values code quality. Sprint 12 retro done. Working with the team at Wood, Lawson and Davies on this one.",,26,6,1,0.4939,Developer,0
lidemo_000165,Gave a short talk on our team's testing practices. Good tooling makes the whole team faster. Shipped feature number 63 this sprint. PR number 69 merged today.,,39,7,1,0.5423,Developer,0
lidemo_000165,Finally closed out a long-standing tech debt ticket. Cross-team collaboration made this so much smoother. Let me know your thoughts below.,,42,10,2,-0.3612,Developer,0
lidemo_000165,"Onboarded a new teammate this week. Grateful for a team that values code quality. Based out of Port Darryl, remote-first. Shoutout to Troy for the pairing session. Always glad to swap notes with other teams.",,43,6,1,0.8271,Developer,0
lidemo_000165,Reflecting on 3 years as a developer. Always learning something new in this role. PR number 69 merged today. Shipped feature number 47 this sprint.,,26,9,1,0.1531,Developer,0
lidemo_000165,Excited to start using a new framework on our team. Good tooling makes the whole team faster. Rolling this out from our Dawnstad office. Happy to share more details if useful.,,39,6,1,0.9241,Developer,0
lidemo_000165,Migrated a legacy service this week. Good tooling makes the whole team faster. Mentoring 81 junior engineers this quarter. Open to connecting with other engineers.,,25,3,0,0.4404,Developer,0
lidemo_000165,"Wrote a short post on lessons from a recent outage. The postmortem taught us more than the incident did. Working with the team at Cannon, Miller and Juarez on this one.",,36,4,1,0.0,Developer,0
lidemo_000165,Mentored a junior engineer today and loved it. The postmortem taught us more than the incident did. Sprint 47 retro done.,#hiring #leadership,22,2,1,0.5994,Developer,0
lidemo_000165,"Excited to start using a new framework on our team. Small, frequent deploys keep saving us from bigger headaches. Mentoring 78 junior engineers this quarter. Mentoring 18 junior engineers this quarter.",,45,8,1,0.34,Developer,0
lidemo_000166,"Everyone should be doing this in 2026. This strategy works for anyone, guaranteed. Session number 8 of my mentorship program. Session number 38 of my mentorship program.",#remotework,40,0,0,0.1531,Spam/Bot Account,1
lidemo_000166,"I wish someone told me this five years ago. This isn't some overnight gimmick, it actually works. Ran a session in East Michelleville last week, huge turnout. Session number 15 of my mentorship program. 🚀",,13,1,0,0.6486,Spam/Bot Account,1
lidemo_000166,"Grow your network 10x with this simple trick. It's simpler than you'd expect, promise. Helped 18 clients hit six figures this 2015. Built this system while working out of North Kristyton. Comment below and I'll follow up. 💯",#opportunity,32,5,0,0.2732,Spam/Bot Account,1
lidemo_000166,"I made $10k this month using this LinkedIn hack. This strategy works for anyone, guaranteed. Since 2020, thousands have joined my program. Built this system while working out of Kevinborough. DM me the word 'START'.",#hiring,4,1,0,0.0,Spam/Bot Account,1
lidemo_000166,"Grow your network 10x with this simple trick. This isn't some overnight gimmick, it actually works. Built this system while working out of Lake Jennifer. Click the link in my profile. 📈🚀",#grind,46,0,0,-0.0516,Spam/Bot Account,1
lidemo_000166,"This one trick changed my whole career trajectory. This strategy works for anyone, guaranteed. Only 45 spots left this month. Ran a session in South Jill last week, huge turnout. Comment below and I'll follow up.",,34,2,0,0.2732,Spam/Bot Account,1
lidemo_000166,"The algorithm doesn't want you to know this. This isn't some overnight gimmick, it actually works. Session number 27 of my mentorship program.",,46,2,0,0.0201,Spam/Bot Account,1
lidemo_000166,"The algorithm doesn't want you to know this. Comment 'INFO' and I'll send details. Case study number 88 of my system, ask me how. Book a free call today. 📈💯",#remotework #opportunity #makemoney,59,3,0,0.5232,Spam/Bot Account,1
lidemo_000166,"I wish someone told me this five years ago. It's simpler than you'd expect, promise. Since 2024, thousands have joined my program. Case study number 46 of my system, ask me how. 🚀📈",#makemoney #opportunity #hiring,19,0,0,0.6486,Spam/Bot Account,1
lidemo_000166,"Grow your network 10x with this simple trick. DM me and I'll show you exactly how. Helped 71 clients hit six figures this 2022. Since 2019, thousands have joined my program. 💯🚀",#hiring #makemoney #opportunity,8,1,0,-0.0516,Spam/Bot Account,1
lidemo_000166,"Stop scrolling, this could change your career. DM me and I'll show you exactly how. Ask Brenda, they joined last month. Session number 44 of my mentorship program. Book a free call today.",#opportunity #grind #makemoney #hiring,16,1,0,0.34,Spam/Bot Account,1
lidemo_000166,"I wish someone told me this five years ago. It's simpler than you'd expect, promise. Session number 69 of my mentorship program. Ran a session in New Kelli last week, huge turnout. DM me the word 'START'. 📈",#grind,81,3,0,0.765,Spam/Bot Account,1
lidemo_000166,"Grow your network 10x with this simple trick. DM me and I'll show you exactly how. Since 2025, thousands have joined my program. Comment below and I'll follow up. 📈",,18,2,0,-0.0516,Spam/Bot Account,1
lidemo_000167,"I made $10k this month using this LinkedIn hack. This isn't some overnight gimmick, it actually works. Ran a session in South Victorland last week, huge turnout. Session number 49 of my mentorship program. Comment below and I'll follow up.",#remotework #hiring,33,6,0,0.3818,Spam/Bot Account,1
lidemo_000167,"The algorithm doesn't want you to know this. This isn't some overnight gimmick, it actually works. Ran a session in Bartlettland last week, huge turnout. Click the link in my profile.",#opportunity #makemoney,30,0,0,0.2681,Spam/Bot Account,1
lidemo_000167,I wish someone told me this five years ago. I've helped hundreds of people do the same. 🚀,,122,2,1,0.4019,Spam/Bot Account,1
lidemo_000167,"I wish someone told me this five years ago. DM me and I'll show you exactly how. Helped 80 clients hit six figures this 2023. Ran a session in Martintown last week, huge turnout. 🚀",#makemoney #opportunity #remotework,20,0,0,0.6124,Spam/Bot Account,1
lidemo_000167,"I made $10k this month using this LinkedIn hack. This strategy works for anyone, guaranteed. Only 42 spots left this month.",#opportunity #hiring,35,2,0,0.0,Spam/Bot Account,1
lidemo_000167,"Everyone should be doing this in 2026. This isn't some overnight gimmick, it actually works. Session number 59 of my mentorship program. Helped 93 clients hit six figures this 2021. 📈",#makemoney #grind #remotework,57,1,0,0.0772,Spam/Bot Account,1
lidemo_000168,Migrated a legacy service this week. Grateful for a team that values code quality. Mentoring 78 junior engineers this quarter. Spoke with Mike on the platform team about it.,,35,3,2,0.6908,Developer,0
lidemo_000168,Reflecting on 3 years as a developer. Good tooling makes the whole team faster. Shipped feature number 46 this sprint. Rolling this out from our Christineport office.,,12,0,1,0.4939,Developer,0
lidemo_000168,Migrated a legacy service this week. Good tooling makes the whole team faster. PR number 97 merged today. Shoutout to Troy for the pairing session.,,41,6,1,0.4939,Developer,0
lidemo_000168,"Shipped a new feature at Parker-Morgan this week. Cross-team collaboration made this so much smoother. Working with the team at Mccoy-Arnold on this one. Based out of South Tracystad, remote-first.",,26,1,1,0.0,Developer,0
lidemo_000168,"Wrote a short post on lessons from a recent outage. Grateful for a team that values code quality. Based out of West Zachary, remote-first. Spoke with Anthony on the platform team about it.",,47,4,3,0.6908,Developer,0
lidemo_000168,"Shipped a new feature at Barnes-Alexander this week. Grateful for a team that values code quality. Based out of Santosport, remote-first. Based out of Harrisview, remote-first. Always glad to swap notes with other teams.",,47,6,4,0.8271,Developer,0
lidemo_000168,"Migrated a legacy service this week. Small, frequent deploys keep saving us from bigger headaches. Working with the team at Calhoun, Anderson and May on this one. Mentoring 87 junior engineers this quarter. Open to connecting with other engineers.",,39,3,3,0.0,Developer,0
lidemo_000168,"Onboarded a new teammate this week. Grateful for a team that values code quality. Based out of Ronaldshire, remote-first.",,35,4,1,0.6908,Developer,0
lidemo_000168,"Gave a short talk on our team's testing practices. Testing early saved us a painful rollback. Based out of Williamsmouth, remote-first. Shipped feature number 46 this sprint. Let me know your thoughts below.",#innovation,35,4,1,0.0516,Developer,0
lidemo_000168,Wrote a short post on lessons from a recent outage. Documentation really does save future you. Rolling this out from our South Waynestad office. Open to connecting with other engineers.,,45,5,4,0.539,Developer,0
lidemo_000168,Shipped a new feature at Perez-Lindsey this week. The postmortem taught us more than the incident did. 11 years into this role now. Shoutout to Patrick for the pairing session.,,28,2,1,0.0,Developer,0
lidemo_000169,Excited to share our latest case study. Culture and craft both matter to how we build. Congrats to Christopher on leading this launch. Congrats to Janet on leading this launch. Apply via the link in our profile.,#leadership #hiring #innovation,82,11,6,0.8885,Business/Company Page,0
lidemo_000169,Excited to unveil our latest product update. This wouldn't be possible without our incredible team. Milestone number 48 unlocked this quarter. Partnering with Clark and Sons on this initiative.,,56,4,2,0.4522,Business/Company Page,0
lidemo_000169,Welcoming several new team members this month. We're expanding into new markets this year. Milestone number 14 unlocked this quarter. Congrats to Timothy on leading this launch.,#networking #leadership #hiring,170,13,10,0.765,Business/Company Page,0
lidemo_000169,Grateful for the recognition from our industry peers. Every milestone here is a team effort. Proudly 54 years in business.,,223,22,14,0.765,Business/Company Page,0
lidemo_000169,We're hiring! Come join our growing team. Culture and craft both matter to how we build. Milestone number 35 unlocked this quarter. Milestone number 81 unlocked this quarter.,#hiring,151,16,8,0.5983,Business/Company Page,0
lidemo_000169,"We're hiring! Come join our growing team. Innovation continues to drive everything we do. Based in Jasonbury, serving clients since 2018. We'd love to hear from you.",#hiring #networking,97,6,13,0.8748,Business/Company Page,0
lidemo_000169,Thank you to our clients for another great quarter. Every milestone here is a team effort. Partnering with Gomez and Sons on this initiative. Reach out if you'd like to collaborate.,,122,19,3,0.8481,Business/Company Page,0
lidemo_000169,Grateful for the recognition from our industry peers. We're expanding into new markets this year. Welcoming 16 new team members this 2023. Expanding into West Maryville this 2019.,#innovation #career #leadership,63,3,6,0.7096,Business/Company Page,0
lidemo_000169,Reflecting on another strong quarter for the team. We're expanding into new markets this year. Expanding into North Laurenfort this 2022.,,80,7,8,0.5106,Business/Company Page,0
lidemo_000169,"Grateful for the recognition from our industry peers. Innovation continues to drive everything we do. Welcoming 98 new team members this 2018. Partnering with Tapia, Mckinney and Cook on this initiative.",,90,8,4,0.8176,Business/Company Page,0
lidemo_000170,"URGENT HIRING: multiple positions open now! We place candidates faster than anyone else. Slot number 23 still available. Ask for Maria, I'm handling this search. Apply via the link in my profile now. 💰✅",#opportunity #remotework,66,12,1,0.481,Business/Company Page,0
lidemo_000170,"Exciting remote opportunity, no experience needed! Send your resume and bank details to get started fast. Working with Mcclure-Porter to fill this fast. Ask for Sharon, I'm handling this search. Comment 'HIRE ME' below.",#grind #remotework,134,16,2,0.6239,Business/Company Page,0
lidemo_000170,"Dream job alert, don't wait on this one! High salary, flexible hours guaranteed. Filled 84 roles this month alone. Ask for Shannon, I'm handling this search. Comment 'HIRE ME' below. 🚀",#makemoney #grind #opportunity,71,11,1,0.5255,Business/Company Page,0
lidemo_000170,"Hiring managers are reviewing applications TODAY. This opportunity won't last, act now. Slot number 10 still available. Position number 20 still open, apply now. Message me ASAP to secure your spot. 💰",#hiring,117,22,4,0.7391,Business/Company Page,0
lidemo_000170,"Companies are hiring fast this quarter, apply now! We place candidates faster than anyone else. Working with Jones, Gamble and Lawrence to fill this fast. Ask for Teresa, I'm handling this search. Apply via the link in my profile now. 🚀💰",#grind,101,7,2,0.0,Business/Company Page,0
lidemo_000170,URGENT HIRING: multiple positions open now! We place candidates faster than anyone else. Filled 39 roles this month alone. Slot number 46 still available. DM me your resume today.,#remotework,43,11,1,0.2789,Business/Company Page,0
lidemo_000170,"URGENT HIRING: multiple positions open now! Hundreds already applied, don't miss out. Position number 25 still open, apply now. Filled 7 roles this month alone.",#opportunity,171,20,3,0.3755,Business/Company Page,0
lidemo_000170,"Companies are hiring fast this quarter, apply now! Hundreds already applied, don't miss out. 37 candidates placed since 2023. 71 candidates placed since 2015. Comment 'HIRE ME' below. 💰",,54,7,1,0.1867,Business/Company Page,0
lidemo_000170,"Companies are hiring fast this quarter, apply now! We place candidates faster than anyone else. Hiring event in Lake Barbaraton this week. Comment 'HIRE ME' below. ✅",#opportunity #makemoney #remotework,90,11,2,0.0,Business/Company Page,0
lidemo_000170,"This role won't stay open long! Positions are filling up quickly this week. Ask for Sarah, I'm handling this search. Ask for Courtney, I'm handling this search. Message me ASAP to secure your spot. 💰✅",#makemoney #hiring,156,15,4,0.4003,Business/Company Page,0
lidemo_000170,"URGENT HIRING: multiple positions open now! This opportunity won't last, act now. Hiring event in Whitebury this week. 28 candidates placed since 2021. Comment 'HIRE ME' below. ✅",#remotework #makemoney #hiring,102,12,3,0.7248,Business/Company Page,0
lidemo_000170,"We are looking for talent, apply immediately! Positions are filling up quickly this week. Filled 48 roles this month alone. Filled 27 roles this month alone. Apply via the link in my profile now. ✅💰",#hiring #grind,131,18,3,-0.126,Business/Company Page,0
lidemo_000171,Presented my capstone project today. This experience changed how I think about my major. Internship application number 68 submitted.,,13,1,2,0.144,Student,0
lidemo_000171,Presented my capstone project today. Still processing everything I learned this week. 91 credits away from graduating. Grateful for Elijah's advice on this one. Always happy to compare notes with fellow students.,,4,1,0,0.8481,Student,0
lidemo_000171,Just wrapped up finals! Met some incredible recruiters and alumni. Project number 54 this semester. Shoutout to Donna for the mentorship.,,10,1,1,0.1511,Student,0
lidemo_000171,Grateful for an amazing internship experience this summer. Grateful for professors who go above and beyond. Shoutout to Karen for the mentorship.,,4,1,0,0.8689,Student,0
lidemo_000171,Reflecting on my first year at Jasonberg University. Grateful for professors who go above and beyond. Met with a career advisor in North Joefort this week. Would love to connect with others in the field.,,8,1,1,0.802,Student,0
lidemo_000171,Reflecting on my first year at Brandthaven University. Grateful for professors who go above and beyond. Project number 94 this semester. 34 credits away from graduating.,#networking,7,0,0,0.7003,Student,0
lidemo_000171,Reflecting on my first year at West Robin University. This experience changed how I think about my major. Career fair number 97 this year. One of 89 students selected for the program.,,13,2,0,0.484,Student,0
lidemo_000171,Attended a great career fair today. Met some incredible recruiters and alumni. Career fair number 47 this year. Feel free to reach out!,,5,1,0,0.9134,Student,0
lidemo_000171,"Attended a great career fair today. Met some incredible recruiters and alumni. Class of 2016, still learning every day. Grateful for Crystal's advice on this one. Open to internship opportunities.",,9,1,1,0.9001,Student,0
lidemo_000171,Grateful for an amazing internship experience this summer. This confirmed the career path I want to pursue. Career fair number 54 this year. Open to internship opportunities.,,13,1,1,0.9062,Student,0
lidemo_000171,"Reflecting on my first year at New Calvin University. This experience changed how I think about my major. Cohort of 2017, New Melissaburgh campus. Project number 94 this semester. Open to internship opportunities.",,9,1,0,0.4404,Student,0
lidemo_000171,Presented my capstone project today. Met some incredible recruiters and alumni. One of 67 students selected for the program. Shoutout to Katherine for the mentorship. Always happy to compare notes with fellow students.,,14,2,2,0.5719,Student,0
lidemo_000171,Grateful for an amazing internship experience this summer. Grateful for professors who go above and beyond. Project number 71 this semester. 98 credits away from graduating. Feel free to reach out!,,16,1,1,0.9459,Student,0
lidemo_000171,Joined a new student organization this semester. This experience changed how I think about my major. Shoutout to Amy for the mentorship. Open to internship opportunities.,,7,1,0,0.3818,Student,0
lidemo_000172,"I wish someone told me this five years ago. Comment 'INFO' and I'll send details. Ran a session in Vazquezmouth last week, huge turnout. Click the link in my profile.",#remotework #hiring #grind,795,335,32,0.6124,Spam/Bot Account,1
lidemo_000172,"I wish someone told me this five years ago. I've helped hundreds of people do the same. Session number 94 of my mentorship program. Case study number 49 of my system, ask me how. Click the link in my profile. 📈🚀",#makemoney,135,14,3,0.5106,Spam/Bot Account,1
lidemo_000172,"I wish someone told me this five years ago. Limited spots in my mentorship program. Since 2020, thousands have joined my program. Helped 72 clients hit six figures this 2024. DM me the word 'START'. 💯📈",#grind #hiring,329,72,5,0.2023,Spam/Bot Account,1
lidemo_000172,"Stop scrolling, this could change your career. DM me and I'll show you exactly how. Ask Susan, they joined last month. Session number 72 of my mentorship program. Comment below and I'll follow up.",#hiring #opportunity #grind #makemoney,255,43,15,-0.2263,Spam/Bot Account,1
lidemo_000172,"The algorithm doesn't want you to know this. Comment 'INFO' and I'll send details. Ran a session in Davismouth last week, huge turnout. Since 2018, thousands have joined my program. DM me the word 'START'.",#grind #hiring #makemoney #opportunity,79,42,2,0.2681,Spam/Bot Account,1
lidemo_000172,Grow your network 10x with this simple trick. I've helped hundreds of people do the same. Helped 78 clients hit six figures this 2021. Session number 5 of my mentorship program. Click the link in my profile. 🚀💯,#grind #hiring #makemoney #remotework,248,42,9,0.0258,Spam/Bot Account,1
lidemo_000172,The algorithm doesn't want you to know this. Limited spots in my mentorship program. Only 31 spots left this month. Built this system while working out of Saraside. Click the link in my profile. 🚀💯,#remotework #grind #hiring #opportunity,94,25,2,-0.3285,Spam/Bot Account,1
lidemo_000172,"Stop scrolling, this could change your career. It's simpler than you'd expect, promise. Ran a session in Jenkinsburgh last week, huge turnout. Only 29 spots left this month. Comment below and I'll follow up.",,136,38,9,0.34,Spam/Bot Account,1
lidemo_000173,"Migrated a legacy service this week. Small, frequent deploys keep saving us from bigger headaches. Sprint 60 retro done. Mentoring 18 junior engineers this quarter. Happy to share more details if useful.",,113,14,4,0.8428,Developer,0
lidemo_000173,Migrated a legacy service this week. Testing early saved us a painful rollback. Shoutout to Megan for the pairing session. 41 years into this role now. Open to connecting with other engineers.,,111,6,16,-0.0258,Developer,0
lidemo_000173,Wrote a short post on lessons from a recent outage. Documentation really does save future you. Working with the team at Frost and Sons on this one.,,200,14,25,0.539,Developer,0
lidemo_000173,"Shipped a new feature at Johnson-Bennett this week. Documentation really does save future you. Based out of Vernonfurt, remote-first.",,109,7,7,0.539,Developer,0
lidemo_000173,"Mentored a junior engineer today and loved it. Always learning something new in this role. Based out of Brentland, remote-first. Shipped feature number 92 this sprint.",,118,14,6,0.6369,Developer,0
lidemo_000173,"Mentored a junior engineer today and loved it. Documentation really does save future you. Rolling this out from our Caitlinview office. Based out of Port Adam, remote-first.",,170,12,11,0.8115,Developer,0
lidemo_000173,"Shipped a new feature at Blair, Johnson and Russell this week. Grateful for a team that values code quality. Working with the team at Jones, Gonzales and Castro on this one.",,100,7,4,0.6908,Developer,0
lidemo_000173,"Onboarded a new teammate this week. Small, frequent deploys keep saving us from bigger headaches. Working with the team at Salazar-Hurley on this one. Spoke with Douglas on the platform team about it. Always glad to swap notes with other teams.",,209,14,12,0.4588,Developer,0
lidemo_000173,Gave a short talk on our team's testing practices. Always learning something new in this role. 61 years into this role now. Spoke with Donna on the platform team about it.,,185,23,9,0.0,Developer,0
lidemo_000173,Excited to start using a new framework on our team. Always learning something new in this role. Rolling this out from our West Samuel office. Mentoring 59 junior engineers this quarter.,#networking #career,148,10,7,0.34,Developer,0
lidemo_000174,Shipped a new feature at Colon PLC this week. The postmortem taught us more than the incident did. Mentoring 41 junior engineers this quarter.,#networking,133,8,8,0.0,Developer,0
lidemo_000174,"Finally closed out a long-standing tech debt ticket. Grateful for a team that values code quality. Working with the team at Castillo, Valencia and Nelson on this one. Shipped feature number 21 this sprint.",#innovation,123,14,4,0.5423,Developer,0
lidemo_000174,Migrated a legacy service this week. Good tooling makes the whole team faster. Spoke with Brent on the platform team about it. Let me know your thoughts below.,,175,19,10,0.4404,Developer,0
lidemo_000174,Onboarded a new teammate this week. Cross-team collaboration made this so much smoother. Shipped feature number 38 this sprint.,#career #hiring,138,22,6,0.0772,Developer,0
lidemo_000174,"Finally closed out a long-standing tech debt ticket. Small, frequent deploys keep saving us from bigger headaches. 38 years into this role now.",#networking,367,24,29,-0.3612,Developer,0
lidemo_000174,Excited to start using a new framework on our team. Grateful for a team that values code quality. Working with the team at Lucas LLC on this one.,#leadership #innovation,87,6,4,0.7964,Developer,0
lidemo_000174,Wrote a short post on lessons from a recent outage. Grateful for a team that values code quality. Mentoring 84 junior engineers this quarter.,,403,17,59,0.6908,Developer,0
lidemo_000174,Mentored a junior engineer today and loved it. Good tooling makes the whole team faster. Working with the team at Sosa Inc on this one. 79 years into this role now.,,141,15,5,0.7783,Developer,0
lidemo_000174,Mentored a junior engineer today and loved it. Always learning something new in this role. Rolling this out from our Jillmouth office. 29 years into this role now. Let me know your thoughts below.,,314,36,16,0.5994,Developer,0
lidemo_000174,Mentored a junior engineer today and loved it. Good tooling makes the whole team faster. Shipped feature number 20 this sprint. Shoutout to Vincent for the pairing session.,#leadership #hiring,112,8,8,0.7964,Developer,0
lidemo_000174,"Migrated a legacy service this week. Small, frequent deploys keep saving us from bigger headaches. Spoke with Tanya on the platform team about it. PR number 69 merged today. Always glad to swap notes with other teams.",#leadership,140,9,10,0.5106,Developer,0
lidemo_000175,"Reflecting on 3 years as a developer. Small, frequent deploys keep saving us from bigger headaches. Mentoring 7 junior engineers this quarter.",,71,4,3,0.0,Developer,0
lidemo_000175,"Reflecting on 3 years as a developer. Small, frequent deploys keep saving us from bigger headaches. PR number 21 merged today. Rolling this out from our West Teresa office. Open to connecting with other engineers.",,82,7,2,0.0772,Developer,0
lidemo_000175,Wrote a short post on lessons from a recent outage. Good tooling makes the whole team faster. Shipped feature number 93 this sprint. Shipped feature number 85 this sprint. Let me know your thoughts below.,,29,3,1,0.5423,Developer,0
lidemo_000175,Excited to start using a new framework on our team. Grateful for a team that values code quality. 59 years into this role now. Sprint 13 retro done.,,52,6,2,0.7964,Developer,0
lidemo_000175,"Gave a short talk on our team's testing practices. Documentation really does save future you. Mentoring 15 junior engineers this quarter. Based out of Scottberg, remote-first. Happy to share more details if useful.",,58,3,6,0.9108,Developer,0
lidemo_000175,"Shipped a new feature at Blair, Richardson and Craig this week. Documentation really does save future you. Working with the team at Lewis, Johnson and Mason on this one. PR number 94 merged today.",,51,5,3,0.5829,Developer,0
lidemo_000175,Migrated a legacy service this week. Always learning something new in this role. PR number 52 merged today.,,31,4,1,0.0772,Developer,0
lidemo_000175,Migrated a legacy service this week. Documentation really does save future you. 3 years into this role now. PR number 95 merged today.,,77,5,11,0.5829,Developer,0
lidemo_000175,"Finally closed out a long-standing tech debt ticket. The postmortem taught us more than the incident did. Rolling this out from our Port Marco office. Based out of South Shannonmouth, remote-first. Happy to share more details if useful.",#hiring,39,3,3,0.7624,Developer,0
lidemo_000175,"Reflecting on 3 years as a developer. Grateful for a team that values code quality. Based out of Santiagohaven, remote-first. Mentoring 4 junior engineers this quarter.",,45,3,4,0.6908,Developer,0
lidemo_000175,Migrated a legacy service this week. Testing early saved us a painful rollback. 44 years into this role now. Spoke with Elizabeth on the platform team about it.,,58,4,2,-0.0258,Developer,0
lidemo_000175,Gave a short talk on our team's testing practices. Cross-team collaboration made this so much smoother. PR number 10 merged today. Shoutout to Angela for the pairing session.,,37,3,2,0.0772,Developer,0
lidemo_000176,"We are looking for talent, apply immediately! High salary, flexible hours guaranteed. Hiring event in West Sandraberg this week. Filled 44 roles this month alone. Comment 'HIRE ME' below. 🚀",,17,2,0,0.4574,Fake Recruiter,1
lidemo_000176,Hiring managers are reviewing applications TODAY. No interview required for qualified candidates. Working with Cole Ltd to fill this fast. Recruiting drive kicking off in Reneeview this week. DM me your resume today.,#opportunity #hiring,5,0,0,-0.296,Fake Recruiter,1
lidemo_000176,"Exciting remote opportunity, no experience needed! No interview required for qualified candidates. Recruiting drive kicking off in Susanmouth this week. 🚀✅",#opportunity,21,1,0,0.4389,Fake Recruiter,1
lidemo_000176,"We are looking for talent, apply immediately! Send your resume and bank details to get started fast. Working with Long-Green to fill this fast. Apply via the link in my profile now. 💰",#grind,37,1,1,0.4753,Fake Recruiter,1
lidemo_000176,"URGENT HIRING: multiple positions open now! High salary, flexible hours guaranteed. Ask for Kimberly, I'm handling this search. Hiring event in Brittneyport this week. Apply via the link in my profile now.",#makemoney,13,0,0,0.5754,Fake Recruiter,1
lidemo_000176,"Dream job alert, don't wait on this one! Send your resume and bank details to get started fast. Working with Brown, Lane and Dunn to fill this fast.",#opportunity,30,2,0,0.5411,Fake Recruiter,1
lidemo_000176,"We are looking for talent, apply immediately! This opportunity won't last, act now. Ask for Paula, I'm handling this search. Slot number 75 still available. 💰🚀",#opportunity #makemoney,3,0,0,0.7678,Fake Recruiter,1
lidemo_000176,"This role won't stay open long! Hundreds already applied, don't miss out. 58 candidates placed since 2016. Message me ASAP to secure your spot. 🚀",#hiring #opportunity,33,1,2,0.4829,Fake Recruiter,1
lidemo_000177,"Our team just hit a major milestone. Looking forward to what's next for us. Based in East Julia, serving clients since 2015. Congrats to Christopher on leading this launch. Apply via the link in our profile.",#networking,9,1,0,0.5267,Business/Company Page,0
lidemo_000177,Reflecting on another strong quarter for the team. Looking forward to what's next for us. Welcoming 28 new team members this 2025. We'd love to hear from you.,#hiring,7,0,0,0.886,Business/Company Page,0
lidemo_000177,"Welcoming several new team members this month. Innovation continues to drive everything we do. Expanding into Raymondborough this 2017. Partnering with Collins, Bartlett and Taylor on this initiative. Reach out if you'd like to collaborate.",,6,0,0,0.7964,Business/Company Page,0
lidemo_000177,Welcoming several new team members this month. We're expanding into new markets this year. Opening a new office in Jonesborough this 2022.,#hiring,7,0,0,0.4404,Business/Company Page,0
lidemo_000177,We're hiring! Come join our growing team. Grateful for the trust our clients place in us. Milestone number 64 unlocked this quarter. Welcoming 7 new team members this 2016.,#leadership #career #hiring,4,0,0,0.9134,Business/Company Page,0
lidemo_000177,Grateful for the recognition from our industry peers. We're expanding into new markets this year. Milestone number 90 unlocked this quarter. Reach out if you'd like to collaborate.,#leadership #innovation,11,1,0,0.7096,Business/Company Page,0
lidemo_000177,Excited to share our latest case study. Culture and craft both matter to how we build. Congrats to Kevin on leading this launch.,#hiring #innovation,5,0,0,0.7964,Business/Company Page,0
lidemo_000177,Proud to announce a new partnership. Looking forward to what's next for us. Thank you to our 91th client. Expanding into Smithhaven this 2017. Learn more on our website.,#hiring #leadership #career,8,0,0,0.6808,Business/Company Page,0
lidemo_000177,"Grateful for the recognition from our industry peers. Every milestone here is a team effort. Thank you to our 60th client. Based in New Jason, serving clients since 2019. Reach out if you'd like to collaborate.",#hiring #career #innovation,15,0,0,0.7964,Business/Company Page,0
lidemo_000177,Reflecting on another strong quarter for the team. This wouldn't be possible without our incredible team. Partnering with Turner-Rollins on this initiative. Learn more on our website.,#career #innovation #networking,13,1,0,0.5106,Business/Company Page,0
lidemo_000177,Our team just hit a major milestone. We're expanding into new markets this year. Congrats to Michael on leading this launch. Proudly 16 years in business. Reach out if you'd like to collaborate.,#hiring,5,0,0,0.8625,Business/Company Page,0
lidemo_000177,Thank you to our clients for another great quarter. Culture and craft both matter to how we build. Expanding into Lake Chelsea this 2016.,,7,0,0,0.7717,Business/Company Page,0
lidemo_000178,"Companies are hiring fast this quarter, apply now! We place candidates faster than anyone else. Ask for Tyler, I'm handling this search.",#opportunity,14,0,0,0.0,Fake Recruiter,1
lidemo_000178,"URGENT HIRING: multiple positions open now! No interview required for qualified candidates. Working with Montgomery, Taylor and Hood to fill this fast. Apply via the link in my profile now. ✅",#hiring,13,0,0,0.1593,Fake Recruiter,1
lidemo_000178,"Exciting remote opportunity, no experience needed! High salary, flexible hours guaranteed. Slot number 53 still available. Filled 80 roles this month alone. Comment 'HIRE ME' below. 🚀",,28,2,0,0.6476,Fake Recruiter,1
lidemo_000178,"URGENT HIRING: multiple positions open now! High salary, flexible hours guaranteed. Slot number 15 still available. Message me ASAP to secure your spot. 💰🚀",,30,1,0,0.7525,Fake Recruiter,1
lidemo_000178,"Dream job alert, don't wait on this one! Hundreds already applied, don't miss out. Working with Waters Ltd to fill this fast. Message me ASAP to secure your spot. ✅",#makemoney #remotework #grind,8,0,0,0.7458,Fake Recruiter,1
lidemo_000178,"Hiring managers are reviewing applications TODAY. This opportunity won't last, act now. Hiring event in Davisberg this week. Apply via the link in my profile now.",,9,0,0,0.5023,Fake Recruiter,1
lidemo_000178,"Companies are hiring fast this quarter, apply now! High salary, flexible hours guaranteed. Working with Russell Group to fill this fast. Filled 67 roles this month alone. DM me your resume today. 💰✅",#makemoney #grind,22,1,0,-0.1007,Fake Recruiter,1
lidemo_000178,"Dream job alert, don't wait on this one! Hundreds already applied, don't miss out. Recruiting drive kicking off in South Allisonfort this week. DM me your resume today. 🚀",#remotework,7,0,0,0.6041,Fake Recruiter,1
lidemo_000178,"Dream job alert, don't wait on this one! Send your resume and bank details to get started fast. Filled 12 roles this month alone. 39 candidates placed since 2022. DM me your resume today.",#remotework #makemoney #grind,24,0,0,0.3595,Fake Recruiter,1
lidemo_000178,Hiring managers are reviewing applications TODAY. Positions are filling up quickly this week. 13 candidates placed since 2015. Filled 15 roles this month alone. Message me ASAP to secure your spot. ✅,#remotework #makemoney,17,0,0,0.1027,Fake Recruiter,1
lidemo_000178,"Dream job alert, don't wait on this one! No interview required for qualified candidates. 30 candidates placed since 2021. Apply via the link in my profile now.",#grind #remotework,25,1,0,0.3164,Fake Recruiter,1
lidemo_000178,"Exciting remote opportunity, no experience needed! Hundreds already applied, don't miss out. Hiring event in Bradleymouth this week. Apply via the link in my profile now. 💰",#makemoney,22,0,0,0.6742,Fake Recruiter,1
lidemo_000179,"The algorithm doesn't want you to know this. This strategy works for anyone, guaranteed. Since 2017, thousands have joined my program. Book a free call today. 📈🚀",#makemoney #hiring #remotework,5,0,0,0.4728,Developer,0
lidemo_000179,"I wish someone told me this five years ago. It's simpler than you'd expect, promise. Only 61 spots left this month. DM me the word 'START'. 🚀",#hiring #grind #opportunity,4,0,0,0.6124,Developer,0
lidemo_000179,"I wish someone told me this five years ago. Limited spots in my mentorship program. Ran a session in Port Sabrina last week, huge turnout. Ask Catherine, they joined last month. Comment below and I'll follow up. 💯",#remotework #makemoney #hiring #opportunity,24,1,1,0.4767,Developer,0
lidemo_000179,"I made $10k this month using this LinkedIn hack. Limited spots in my mentorship program. Case study number 9 of my system, ask me how. Comment below and I'll follow up.",#remotework #makemoney #hiring #opportunity,5,0,0,-0.1531,Developer,0
lidemo_000179,"I made $10k this month using this LinkedIn hack. Limited spots in my mentorship program. Built this system while working out of South Larry. Ask Rita, they joined last month. 🚀",#makemoney #hiring,3,0,0,-0.2263,Developer,0
lidemo_000179,"I wish someone told me this five years ago. This strategy works for anyone, guaranteed. Ask Angela, they joined last month. Only 13 spots left this month. DM me the word 'START'.",#grind,17,1,0,0.4019,Developer,0
lidemo_000180,Facilitated a strategy workshop today. Alignment across stakeholders matters more than the plan itself. Case study number 90 published this month. Advising a team at Mcfarland PLC this quarter.,#hiring #leadership,31,3,1,0.1027,Fake Recruiter,1
lidemo_000180,"Facilitated a strategy workshop today. Grateful to work across such varied industries. Presenting findings in South Kathryn next month. Presenting findings in South Jonathan next month. Happy to discuss further, DM me.",,76,1,1,0.7717,Fake Recruiter,1
lidemo_000180,"Some thoughts on change management. The hardest part is rarely the analysis, it's the change management. Based out of Ginachester this 2022.",,60,2,1,0.0,Fake Recruiter,1
lidemo_000180,"Sharing a few lessons from a recent client engagement. Alignment across stakeholders matters more than the plan itself. Case study number 57 published this month. Happy to discuss further, DM me.",#networking,135,5,1,0.872,Fake Recruiter,1
lidemo_000180,"Speaking at a panel next month on industry trends. The hardest part is rarely the analysis, it's the change management. Case study number 51 published this month. Reach out if this resonates.",,67,1,4,0.1027,Fake Recruiter,1
lidemo_000180,Speaking at a panel next month on industry trends. Every client engagement teaches me something new. Case study number 58 published this month. Engagement number 11 wrapped this quarter.,,50,5,2,0.765,Fake Recruiter,1
lidemo_000180,Speaking at a panel next month on industry trends. Every industry has more in common than people expect. Based out of New Robertview this 2025.,#hiring #leadership,68,2,1,0.0,Fake Recruiter,1
lidemo_000180,Wrapped up a multi-month transformation project. The best solutions come from listening first. Presenting findings in New Melanieville next month. Case study number 53 published this month.,,24,1,1,0.7351,Fake Recruiter,1
lidemo_000180,"Just published a short case study. The hardest part is rarely the analysis, it's the change management. 92 years advising clients across industries.",#networking,65,1,2,0.0,Fake Recruiter,1
lidemo_000181,Facilitated a strategy workshop today. Every client engagement teaches me something new. Based out of Lake Kimberly this 2016. 78 years advising clients across industries.,#leadership #networking,162,9,0,0.4588,Consultant,0
lidemo_000181,Facilitated a strategy workshop today. Every industry has more in common than people expect. Case study number 58 published this month. Worked alongside Michael on this engagement.,,223,6,0,0.5859,Consultant,0
lidemo_000181,Reflecting on 10 years of consulting. Every industry has more in common than people expect. 74 years advising clients across industries. Presenting findings in Cruzchester next month.,,231,57,0,0.0,Consultant,0
lidemo_000181,"Reflecting on 10 years of consulting. Frameworks help, but context always wins. Speaking at 65 conferences this 2018. Speaking at 45 conferences this 2015. Reach out if this resonates.",,76,6,0,0.7935,Consultant,0
lidemo_000181,Wrapped up an engagement with a great client this week. Alignment across stakeholders matters more than the plan itself. Case study number 41 published this month. 42 years advising clients across industries. Would love your thoughts in the comments.,,39,1,0,0.9136,Consultant,0
lidemo_000181,Wrapped up an engagement with a great client this week. Every client engagement teaches me something new. Worked alongside Ann on this engagement. Speaking at 12 conferences this 2023. Would love your thoughts in the comments.,,100,4,0,0.9571,Consultant,0
lidemo_000181,Wrapped up an engagement with a great client this week. Every client engagement teaches me something new. Worked alongside Kathleen on this engagement. Open to new client conversations.,,144,6,0,0.9274,Consultant,0
lidemo_000182,Kicked off a new engagement this week. The best solutions come from listening first. Engagement number 17 wrapped this quarter. Advising a team at Kane-Pacheco this quarter.,#networking,382,32,69,0.9042,Consultant,0
lidemo_000182,Facilitated a strategy workshop today. Every client engagement teaches me something new. Based out of South Mary this 2022. Engagement number 44 wrapped this quarter. Open to new client conversations.,,634,40,56,0.743,Consultant,0
lidemo_000182,Sharing a few lessons from a recent client engagement. Strategy is only as good as its execution. Case study number 54 published this month. 46 years advising clients across industries.,,294,33,28,0.8402,Consultant,0
lidemo_000182,"Wrapped up a multi-month transformation project. The hardest part is rarely the analysis, it's the change management. Presenting findings in New Davidborough next month. Based out of Rodriguezberg this 2015.",,240,32,18,0.0,Consultant,0
lidemo_000182,Speaking at a panel next month on industry trends. The best solutions come from listening first. Speaking at 30 conferences this 2021. Reach out if this resonates.,#hiring,212,14,20,0.7184,Consultant,0
lidemo_000182,Wrapped up a multi-month transformation project. Every industry has more in common than people expect. 93 years advising clients across industries. Based out of North Daniel this 2015.,,224,15,9,0.0,Consultant,0
lidemo_000182,"Just published a short case study. The hardest part is rarely the analysis, it's the change management. Speaking at 73 conferences this 2022. Presenting findings in Port Austinberg next month.",,302,34,18,0.0,Consultant,0
lidemo_000182,"Some thoughts on change management. Alignment across stakeholders matters more than the plan itself. Advising a team at Bailey, Williams and Cole this quarter. Open to new client conversations.",,358,29,56,0.0258,Consultant,0
lidemo_000182,Wrapped up an engagement with a great client this week. The best solutions come from listening first. Case study number 58 published this month.,#career #leadership #innovation,298,42,16,0.9231,Consultant,0
lidemo_000182,Facilitated a strategy workshop today. Grateful to work across such varied industries. Presenting findings in East Justinberg next month. Speaking at 53 conferences this 2025.,#hiring,306,39,25,0.4588,Consultant,0
lidemo_000182,Kicked off a new engagement this week. Alignment across stakeholders matters more than the plan itself. Case study number 25 published this month. Case study number 76 published this month.,,630,34,93,0.5719,Consultant,0
lidemo_000182,Some thoughts on change management. Every client engagement teaches me something new. Speaking at 92 conferences this 2020. Based out of Claudiaville this 2023.,,840,61,40,0.4588,Consultant,0
lidemo_000183,"Shipped a new feature at Elliott, Morton and Valdez this week. Small, frequent deploys keep saving us from bigger headaches. PR number 86 merged today. Open to connecting with other engineers.",,51,7,1,-0.3182,Developer,0
lidemo_000183,"Gave a short talk on our team's testing practices. Documentation really does save future you. Rolling this out from our East Brian office. Based out of New Christopherfort, remote-first.",,48,16,1,0.539,Developer,0
lidemo_000183,"Onboarded a new teammate this week. Small, frequent deploys keep saving us from bigger headaches. Based out of Powellchester, remote-first. Working with the team at Garza-Carter on this one.",,25,6,1,0.0,Developer,0
lidemo_000183,Reflecting on 3 years as a developer. Documentation really does save future you. Shoutout to Sherry for the pairing session. Sprint 37 retro done. Happy to share more details if useful.,#innovation,26,10,1,0.9108,Developer,0
lidemo_000183,Wrote a short post on lessons from a recent outage. Good tooling makes the whole team faster. Rolling this out from our Jacobsonberg office. 16 years into this role now.,,16,2,0,0.4404,Developer,0
lidemo_000183,Mentored a junior engineer today and loved it. The postmortem taught us more than the incident did. Spoke with Christine on the platform team about it.,#leadership,28,4,1,0.5994,Developer,0
lidemo_000183,Finally closed out a long-standing tech debt ticket. Grateful for a team that values code quality. Mentoring 52 junior engineers this quarter. Mentoring 93 junior engineers this quarter. Happy to share more details if useful.,,10,2,0,0.9055,Developer,0
lidemo_000183,Mentored a junior engineer today and loved it. The postmortem taught us more than the incident did. Working with the team at Davenport-Gibbs on this one. 56 years into this role now.,,29,2,1,0.5994,Developer,0
lidemo_000183,Finally closed out a long-standing tech debt ticket. Grateful for a team that values code quality. Shoutout to Kendra for the pairing session. Spoke with Jacob on the platform team about it. Happy to share more details if useful.,,23,2,2,0.9055,Developer,0
lidemo_000183,Migrated a legacy service this week. Documentation really does save future you. Sprint 66 retro done. 11 years into this role now.,,64,17,1,0.539,Developer,0
lidemo_000183,"Migrated a legacy service this week. Small, frequent deploys keep saving us from bigger headaches. Shipped feature number 78 this sprint. Based out of Theresaland, remote-first.",,27,2,1,0.0772,Developer,0
lidemo_000183,Gave a short talk on our team's testing practices. Testing early saved us a painful rollback. Shipped feature number 85 this sprint. Happy to share more details if useful.,,27,7,1,0.8505,Developer,0
lidemo_000183,Wrote a short post on lessons from a recent outage. Grateful for a team that values code quality. PR number 94 merged today. Rolling this out from our East Candaceside office. Happy to share more details if useful.,,40,3,3,0.9333,Developer,0
lidemo_000184,"Stop scrolling, this could change your career. Limited spots in my mentorship program. Session number 69 of my mentorship program.",#makemoney,53,3,1,-0.4215,Spam/Bot Account,1
lidemo_000184,Grow your network 10x with this simple trick. DM me and I'll show you exactly how. Only 37 spots left this month. DM me the word 'START'.,#remotework #grind #hiring,14,1,0,-0.0516,Spam/Bot Account,1
lidemo_000184,"I made $10k this month using this LinkedIn hack. This isn't some overnight gimmick, it actually works. Ask Michelle, they joined last month. 🚀",#makemoney,32,0,0,0.0,Spam/Bot Account,1
lidemo_000184,Grow your network 10x with this simple trick. DM me and I'll show you exactly how. Built this system while working out of Hortonview. Only 73 spots left this month. 💯🚀,#makemoney #opportunity #hiring #grind,36,2,0,-0.0516,Spam/Bot Account,1
lidemo_000184,This one trick changed my whole career trajectory. Limited spots in my mentorship program. Only 34 spots left this month. Click the link in my profile.,#hiring #grind #makemoney #remotework,67,6,1,-0.2732,Spam/Bot Account,1
lidemo_000184,"The algorithm doesn't want you to know this. I've helped hundreds of people do the same. Case study number 94 of my system, ask me how. DM me the word 'START'. 💯🚀",#makemoney #opportunity,56,2,1,0.0201,Spam/Bot Account,1
lidemo_000184,Everyone should be doing this in 2026. Limited spots in my mentorship program. Helped 55 clients hit six figures this 2018. Session number 55 of my mentorship program. 🚀📈,#hiring #opportunity #makemoney,25,1,1,-0.1531,Spam/Bot Account,1
lidemo_000184,"I wish someone told me this five years ago. I've helped hundreds of people do the same. Only 61 spots left this month. Ran a session in New Olivia last week, huge turnout.",#remotework #hiring,14,0,0,0.6124,Spam/Bot Account,1
lidemo_000184,"The algorithm doesn't want you to know this. This isn't some overnight gimmick, it actually works. Only 89 spots left this month. Since 2020, thousands have joined my program. Click the link in my profile. 💯🚀",#opportunity #makemoney #remotework,49,4,0,-0.0572,Spam/Bot Account,1
lidemo_000184,"The algorithm doesn't want you to know this. It's simpler than you'd expect, promise. Built this system while working out of South Meredith. Session number 56 of my mentorship program. DM me the word 'START'. 🚀",#opportunity,32,1,1,0.3352,Spam/Bot Account,1
lidemo_000185,Speaking at a panel next month on industry trends. Every client engagement teaches me something new. Speaking at 45 conferences this 2020. Presenting findings in Mikehaven next month.,,139,17,4,0.4588,Consultant,0
lidemo_000185,Wrapped up an engagement with a great client this week. Every industry has more in common than people expect. Advising a team at Patterson Ltd this quarter. Open to new client conversations.,,151,11,7,0.7964,Consultant,0
lidemo_000185,Facilitated a strategy workshop today. Every industry has more in common than people expect. Case study number 42 published this month. Speaking at 66 conferences this 2016.,#leadership #innovation #hiring,242,13,8,0.0772,Consultant,0
lidemo_000185,Facilitated a strategy workshop today. Strategy is only as good as its execution. Engagement number 96 wrapped this quarter. Case study number 80 published this month. Open to new client conversations.,#networking #hiring #innovation,257,21,7,0.7579,Consultant,0
lidemo_000185,Wrapped up an engagement with a great client this week. Strategy is only as good as its execution. Case study number 9 published this month. 9 years advising clients across industries.,#networking #hiring #innovation,220,10,3,0.8834,Consultant,0
lidemo_000185,"Kicked off a new engagement this week. The hardest part is rarely the analysis, it's the change management. 72 years advising clients across industries. Based out of East Amyborough this 2022.",,454,22,21,0.4588,Consultant,0
lidemo_000185,"Wrapped up an engagement with a great client this week. Frameworks help, but context always wins. Case study number 37 published this month. Worked alongside Thomas on this engagement.",#innovation #leadership #career,223,17,2,0.9489,Consultant,0
lidemo_000186,"Hiring managers are reviewing applications TODAY. Hundreds already applied, don't miss out. 55 candidates placed since 2025. Apply via the link in my profile now.",#remotework #opportunity #grind,16,1,0,0.1139,Fake Recruiter,1
lidemo_000186,"URGENT HIRING: multiple positions open now! High salary, flexible hours guaranteed. DM me your resume today. ✅",,32,2,0,0.5754,Fake Recruiter,1
lidemo_000186,This role won't stay open long! Send your resume and bank details to get started fast. Recruiting drive kicking off in Lake Jamesborough this week. Hiring event in West Christinastad this week.,#remotework #grind #hiring,21,1,0,0.0,Fake Recruiter,1
lidemo_000186,"Dream job alert, don't wait on this one! High salary, flexible hours guaranteed. Filled 36 roles this month alone. Message me ASAP to secure your spot.",,27,1,0,0.6996,Fake Recruiter,1
lidemo_000186,"Exciting remote opportunity, no experience needed! Send your resume and bank details to get started fast. Hiring event in Deborahshire this week. Hiring event in Micheleshire this week. ✅",,16,1,0,0.6239,Fake Recruiter,1
lidemo_000186,"URGENT HIRING: multiple positions open now! We place candidates faster than anyone else. Working with Jensen, Underwood and Petersen to fill this fast. Hiring event in Drakemouth this week.",#grind #makemoney #opportunity,45,2,0,0.4263,Fake Recruiter,1
lidemo_000186,URGENT HIRING: multiple positions open now! Positions are filling up quickly this week. Working with Ochoa-Soto to fill this fast.,#makemoney #hiring,16,1,0,0.4263,Fake Recruiter,1
lidemo_000187,Hiring managers are reviewing applications TODAY. No interview required for qualified candidates. 38 candidates placed since 2023. Filled 26 roles this month alone. Comment 'HIRE ME' below. 🚀✅,,62,14,0,-0.4939,Fake Recruiter,1
lidemo_000187,"This role won't stay open long! Hundreds already applied, don't miss out. Working with Taylor-Jones to fill this fast.",#opportunity #grind #hiring,140,3,0,0.1867,Fake Recruiter,1
lidemo_000187,"Dream job alert, don't wait on this one! No interview required for qualified candidates. Hiring event in Lake Anthonyside this week. 44 candidates placed since 2021.",#makemoney #hiring #opportunity,114,8,0,0.3164,Fake Recruiter,1
lidemo_000187,This role won't stay open long! No interview required for qualified candidates. Slot number 52 still available. Slot number 12 still available. Apply via the link in my profile now. 💰,,218,16,0,-0.2244,Fake Recruiter,1
lidemo_000187,Hiring managers are reviewing applications TODAY. Positions are filling up quickly this week. Filled 82 roles this month alone. Apply via the link in my profile now.,#hiring,299,15,1,-0.25,Fake Recruiter,1
lidemo_000187,"URGENT HIRING: multiple positions open now! High salary, flexible hours guaranteed. Ask for Brandon, I'm handling this search. DM me your resume today. ✅💰",#opportunity #hiring #remotework,109,5,0,0.5754,Fake Recruiter,1
lidemo_000187,"This role won't stay open long! No interview required for qualified candidates. Working with Villegas, Lopez and Bishop to fill this fast. 52 candidates placed since 2024. Comment 'HIRE ME' below. 🚀✅",#makemoney,83,4,1,-0.3595,Fake Recruiter,1
lidemo_000187,"Exciting remote opportunity, no experience needed! We place candidates faster than anyone else. Message me ASAP to secure your spot.",#hiring #remotework #opportunity,88,6,0,0.7574,Fake Recruiter,1
lidemo_000187,"URGENT HIRING: multiple positions open now! Hundreds already applied, don't miss out. Hiring event in South Michelle this week. DM me your resume today.",#grind #makemoney #remotework,150,9,1,0.5055,Fake Recruiter,1
lidemo_000187,"URGENT HIRING: multiple positions open now! Positions are filling up quickly this week. Position number 81 still open, apply now. Message me ASAP to secure your spot. 🚀",#makemoney #grind #opportunity,64,2,0,0.6731,Fake Recruiter,1
lidemo_000187,"URGENT HIRING: multiple positions open now! High salary, flexible hours guaranteed. Position number 20 still open, apply now. 4 candidates placed since 2021. Apply via the link in my profile now. ✅🚀",#hiring #opportunity,81,3,0,0.6155,Fake Recruiter,1
lidemo_000187,"URGENT HIRING: multiple positions open now! Hundreds already applied, don't miss out. Position number 82 still open, apply now. Ask for Scott, I'm handling this search. DM me your resume today.",,87,5,0,0.5528,Fake Recruiter,1
lidemo_000187,"Hiring managers are reviewing applications TODAY. This opportunity won't last, act now. Recruiting drive kicking off in North Barbara this week. Filled 4 roles this month alone. Comment 'HIRE ME' below. ✅",,50,3,0,0.3071,Fake Recruiter,1
lidemo_000187,"Hiring managers are reviewing applications TODAY. High salary, flexible hours guaranteed. Ask for Larry, I'm handling this search. Slot number 70 still available. Comment 'HIRE ME' below.",,59,10,0,0.296,Fake Recruiter,1
lidemo_000187,"This role won't stay open long! Hundreds already applied, don't miss out. Recruiting drive kicking off in Port Ian this week. Comment 'HIRE ME' below. ✅",#opportunity #makemoney #remotework,63,7,0,0.1867,Fake Recruiter,1
lidemo_000187,"Dream job alert, don't wait on this one! We place candidates faster than anyone else. Message me ASAP to secure your spot.",#remotework,130,29,0,0.7088,Fake Recruiter,1
lidemo_000188,"Grateful for an amazing internship experience this summer. This confirmed the career path I want to pursue. Cohort of 2017, New Sydneyberg campus.",,15,0,0,0.7964,Student,0
lidemo_000188,Had a great conversation with a recruiter today. Time to recharge before next semester. Shoutout to Daniel for the mentorship.,,13,0,0,0.6249,Student,0
lidemo_000188,Had a great conversation with a recruiter today. Learned so much about teamwork and deadlines. Shoutout to Anna for the mentorship. Grateful for Donald's advice on this one.,,13,0,0,0.7964,Student,0
lidemo_000188,Just wrapped up finals! Learned so much about teamwork and deadlines. Career fair number 16 this year. Internship application number 13 submitted.,#leadership,17,0,1,0.4926,Student,0
lidemo_000188,"Joined a new student organization this semester. Time to recharge before next semester. Class of 2017, still learning every day.",,15,0,0,0.0,Student,0
lidemo_000188,Just wrapped up finals! This experience changed how I think about my major. 3 credits away from graduating.,,16,0,0,0.4714,Student,0
lidemo_000188,"Had a great conversation with a recruiter today. This experience changed how I think about my major. Class of 2025, still learning every day. 65 credits away from graduating.",,7,0,0,0.765,Student,0
lidemo_000188,"Excited to share I just finished a project for class. Balancing coursework and applications has been a lot, but worth it. Shoutout to Valerie for the mentorship. Cohort of 2017, Winterston campus.",,7,0,0,0.5647,Student,0
lidemo_000188,"Attended a great career fair today. Balancing coursework and applications has been a lot, but worth it. Project number 75 this semester. One of 17 students selected for the program.",,13,0,0,0.7184,Student,0
lidemo_000188,"Presented my capstone project today. Balancing coursework and applications has been a lot, but worth it. Project number 33 this semester. 4 credits away from graduating. Would love to connect with others in the field.",,10,0,0,0.9161,Student,0
lidemo_000188,"Attended a great career fair today. This confirmed the career path I want to pursue. Cohort of 2021, Huntershire campus. Career fair number 89 this year.",,14,1,0,0.8519,Student,0
lidemo_000189,"Companies are hiring fast this quarter, apply now! Send your resume and bank details to get started fast. Slot number 84 still available. Recruiting drive kicking off in Doylemouth this week. DM me your resume today. ✅",#opportunity #remotework,49,1,0,0.1511,Fake Recruiter,1
lidemo_000189,Hiring managers are reviewing applications TODAY. We place candidates faster than anyone else. Slot number 19 still available. Recruiting drive kicking off in New Eric this week. DM me your resume today.,#makemoney #remotework,50,2,0,0.0772,Fake Recruiter,1
lidemo_000189,"Dream job alert, don't wait on this one! Send your resume and bank details to get started fast. 57 candidates placed since 2019. 36 candidates placed since 2022. Apply via the link in my profile now. 💰✅",#grind #opportunity #hiring,24,1,1,0.5411,Fake Recruiter,1
lidemo_000189,"Companies are hiring fast this quarter, apply now! Hundreds already applied, don't miss out. Recruiting drive kicking off in New Reginaside this week. 61 candidates placed since 2015. DM me your resume today. ✅",#makemoney #hiring,59,1,1,0.1867,Fake Recruiter,1
lidemo_000189,"URGENT HIRING: multiple positions open now! Hundreds already applied, don't miss out. Hiring event in Adrianchester this week. Slot number 23 still available. DM me your resume today. 🚀",#grind #opportunity #hiring,65,3,1,0.5528,Fake Recruiter,1
lidemo_000189,"We are looking for talent, apply immediately! Positions are filling up quickly this week. Slot number 33 still available. Recruiting drive kicking off in Port Laura this week. Apply via the link in my profile now. 💰",#makemoney #remotework,85,12,1,0.5255,Fake Recruiter,1
lidemo_000189,"We are looking for talent, apply immediately! Positions are filling up quickly this week. Hiring event in Evansmouth this week. 50 candidates placed since 2024. DM me your resume today. 🚀✅",#makemoney #hiring #remotework,38,3,0,0.4753,Fake Recruiter,1
lidemo_000189,"Exciting remote opportunity, no experience needed! Positions are filling up quickly this week. Filled 84 roles this month alone. Hiring event in Port Charlesbury this week. 🚀",#hiring #opportunity #makemoney,19,4,0,0.4753,Fake Recruiter,1
lidemo_000189,"URGENT HIRING: multiple positions open now! This opportunity won't last, act now. Position number 57 still open, apply now. 75 candidates placed since 2023. ✅🚀",#makemoney #grind #remotework,213,16,3,0.7488,Fake Recruiter,1
lidemo_000189,"URGENT HIRING: multiple positions open now! High salary, flexible hours guaranteed. Ask for Janet, I'm handling this search. ✅💰",,74,5,3,0.5754,Fake Recruiter,1
lidemo_000189,"This role won't stay open long! This opportunity won't last, act now. Slot number 68 still available. Message me ASAP to secure your spot. 🚀💰",#makemoney,89,1,0,0.7385,Fake Recruiter,1
lidemo_000189,Hiring managers are reviewing applications TODAY. Positions are filling up quickly this week. Filled 5 roles this month alone. Filled 11 roles this month alone. DM me your resume today.,#hiring #opportunity #grind,145,2,2,-0.4588,Fake Recruiter,1
lidemo_000189,"This role won't stay open long! High salary, flexible hours guaranteed. 5 candidates placed since 2019. Working with Martin-Torres to fill this fast. Apply via the link in my profile now. ✅🚀",#hiring #opportunity #remotework,95,7,0,0.2942,Fake Recruiter,1
lidemo_000189,"We are looking for talent, apply immediately! No interview required for qualified candidates. Hiring event in New Meredith this week. Apply via the link in my profile now.",#makemoney #hiring #opportunity,52,1,1,0.2244,Fake Recruiter,1
lidemo_000189,"Hiring managers are reviewing applications TODAY. Send your resume and bank details to get started fast. Position number 14 still open, apply now. Hiring event in East Randallberg this week. Apply via the link in my profile now. 🚀💰",#opportunity #grind #hiring,30,0,0,0.0772,Fake Recruiter,1
lidemo_000190,We're hiring! Come join our growing team. Grateful for the trust our clients place in us. Opening a new office in East Craigfort this 2022. We'd love to hear from you.,#hiring #leadership,53,3,4,0.9286,Business/Company Page,0
lidemo_000190,Grateful for the recognition from our industry peers. We're expanding into new markets this year. Thank you to our 46th client. Expanding into Samanthamouth this 2017.,,23,1,1,0.6705,Business/Company Page,0
lidemo_000190,Welcoming several new team members this month. Looking forward to what's next for us. Milestone number 19 unlocked this quarter. Congrats to Nicole on leading this launch. Apply via the link in our profile.,,49,3,1,0.765,Business/Company Page,0
lidemo_000190,Thank you to our clients for another great quarter. Innovation continues to drive everything we do. Congrats to Christopher on leading this launch. Expanding into Richardsonberg this 2019. Reach out if you'd like to collaborate.,,25,1,1,0.9349,Business/Company Page,0
lidemo_000190,Welcoming several new team members this month. Grateful for the trust our clients place in us. Expanding into East Katherinestad this 2017. Thank you to our 53th client.,,50,3,3,0.8934,Business/Company Page,0
lidemo_000190,Proud to announce a new partnership. Every milestone here is a team effort. Congrats to David on leading this launch. Expanding into Lake Tara this 2020. Apply via the link in our profile.,,51,4,3,0.7579,Business/Company Page,0
lidemo_000190,We're hiring! Come join our growing team. Innovation continues to drive everything we do. Opening a new office in Alexandraville this 2016. Milestone number 23 unlocked this quarter.,#hiring #career,48,2,1,0.7263,Business/Company Page,0
lidemo_000190,Reflecting on another strong quarter for the team. Grateful for the trust our clients place in us. Congrats to Jessica on leading this launch. Apply via the link in our profile.,,37,2,3,0.9186,Business/Company Page,0
lidemo_000190,Reflecting on another strong quarter for the team. Grateful for the trust our clients place in us. Partnering with Evans-Barnett on this initiative. Milestone number 8 unlocked this quarter.,,46,4,3,0.872,Business/Company Page,0
lidemo_000190,Welcoming several new team members this month. Looking forward to what's next for us. Thank you to our 65th client. Opening a new office in South Josephtown this 2017.,,32,1,2,0.6597,Business/Company Page,0
lidemo_000191,"Some thoughts on change management. Grateful to work across such varied industries. Worked alongside Sharon on this engagement. Worked alongside Alexander on this engagement. Happy to discuss further, DM me.",#career,12,0,0,0.9287,Spam/Bot Account,1
lidemo_000191,Wrapped up a multi-month transformation project. Every client engagement teaches me something new. Case study number 93 published this month. 81 years advising clients across industries.,#hiring #innovation #networking,17,0,0,0.5106,Spam/Bot Account,1
lidemo_000191,Wrapped up a multi-month transformation project. Strategy is only as good as its execution. Case study number 25 published this month. 29 years advising clients across industries. Reach out if this resonates.,,12,0,0,0.5106,Spam/Bot Account,1
lidemo_000191,Some thoughts on change management. Strategy is only as good as its execution. Speaking at 34 conferences this 2020. Engagement number 3 wrapped this quarter.,,8,0,0,0.7351,Spam/Bot Account,1
lidemo_000191,Speaking at a panel next month on industry trends. Alignment across stakeholders matters more than the plan itself. Case study number 64 published this month. Advising a team at Graham and Sons this quarter.,,16,1,0,0.1027,Spam/Bot Account,1
lidemo_000191,Speaking at a panel next month on industry trends. Strategy is only as good as its execution. Speaking at 76 conferences this 2022. Worked alongside Maria on this engagement. Reach out if this resonates.,#leadership #innovation,10,0,0,0.7579,Spam/Bot Account,1
lidemo_000191,"Wrapped up an engagement with a great client this week. Grateful to work across such varied industries. Speaking at 25 conferences this 2020. Happy to discuss further, DM me.",#career,33,7,0,0.93,Spam/Bot Account,1
lidemo_000191,"Wrapped up a multi-month transformation project. Alignment across stakeholders matters more than the plan itself. Worked alongside Christina on this engagement. Presenting findings in Lisaside next month. Happy to discuss further, DM me.",,34,1,0,0.8074,Spam/Bot Account,1
lidemo_000191,Wrapped up an engagement with a great client this week. Every client engagement teaches me something new. Engagement number 92 wrapped this quarter. Worked alongside Michael on this engagement.,,66,2,1,0.9509,Spam/Bot Account,1
lidemo_000191,Just published a short case study. Alignment across stakeholders matters more than the plan itself. Engagement number 35 wrapped this quarter. Worked alongside Frank on this engagement.,,18,1,0,0.7845,Spam/Bot Account,1
lidemo_000191,Wrapped up an engagement with a great client this week. Every industry has more in common than people expect. 53 years advising clients across industries.,,5,0,0,0.7964,Spam/Bot Account,1
lidemo_000191,Facilitated a strategy workshop today. Alignment across stakeholders matters more than the plan itself. Based out of North Ashleyton this 2018. Worked alongside Wendy on this engagement.,,13,1,0,0.5574,Spam/Bot Account,1
lidemo_000191,"Wrapped up a multi-month transformation project. The hardest part is rarely the analysis, it's the change management. Engagement number 60 wrapped this quarter. Engagement number 27 wrapped this quarter.",#leadership,12,1,0,0.765,Spam/Bot Account,1
lidemo_000191,Just published a short case study. Every client engagement teaches me something new. Engagement number 18 wrapped this quarter. Case study number 40 published this month.,,6,0,0,0.765,Spam/Bot Account,1
lidemo_000191,"Sharing a few lessons from a recent client engagement. Frameworks help, but context always wins. Advising a team at Burns-Parks this quarter. Based out of East Nancy this 2021.",#career,19,1,0,0.8689,Spam/Bot Account,1
lidemo_000191,"Speaking at a panel next month on industry trends. The best solutions come from listening first. Speaking at 64 conferences this 2023. Advising a team at Quinn and Sons this quarter. Happy to discuss further, DM me.",#hiring #career #networking,8,0,0,0.8625,Spam/Bot Account,1
lidemo_000191,Sharing a few lessons from a recent client engagement. Every client engagement teaches me something new. Worked alongside Barbara on this engagement. Worked alongside Charles on this engagement. Reach out if this resonates.,#leadership #innovation #networking,23,1,0,0.9423,Spam/Bot Account,1
lidemo_000192,"Finally closed out a long-standing tech debt ticket. Testing early saved us a painful rollback. Based out of South Thomas, remote-first. Shipped feature number 65 this sprint.",,23,3,2,-0.3182,Developer,0
lidemo_000192,"Wrote a short post on lessons from a recent outage. Grateful for a team that values code quality. Based out of North Jonathanstad, remote-first. Mentoring 39 junior engineers this quarter.",#innovation #leadership,30,4,1,0.6908,Developer,0
lidemo_000192,Finally closed out a long-standing tech debt ticket. Grateful for a team that values code quality. 72 years into this role now. Shoutout to Jeffrey for the pairing session. Let me know your thoughts below.,,10,1,0,0.4939,Developer,0
lidemo_000192,Excited to start using a new framework on our team. Always learning something new in this role. Spoke with Olivia on the platform team about it. Shoutout to Dennis for the pairing session.,,13,1,0,0.34,Developer,0
lidemo_000192,Migrated a legacy service this week. Good tooling makes the whole team faster. Sprint 51 retro done. Mentoring 72 junior engineers this quarter.,,19,3,0,0.4404,Developer,0
lidemo_000192,"Mentored a junior engineer today and loved it. Testing early saved us a painful rollback. Based out of East Richard, remote-first.",,4,0,0,0.5859,Developer,0
lidemo_000192,"Wrote a short post on lessons from a recent outage. The postmortem taught us more than the incident did. Working with the team at Flowers, Pearson and Hall on this one. Shipped feature number 76 this sprint.",#innovation,22,5,1,0.0772,Developer,0
lidemo_000192,Shipped a new feature at Jordan Group this week. The postmortem taught us more than the incident did. Sprint 67 retro done.,,15,2,1,0.0,Developer,0
lidemo_000192,"Gave a short talk on our team's testing practices. Cross-team collaboration made this so much smoother. Based out of West Kayla, remote-first.",#hiring #leadership,13,2,1,0.0,Developer,0
lidemo_000193,"Leading the industry into a new era. True leadership means thinking bigger than everyone else. Announcement number 56 this quarter. Based in Hartport, thinking globally.",#hiring,1,0,0,0.4767,Fake Executive Impersonator,1
lidemo_000193,"As CEO, I'm proud to announce a groundbreaking initiative. My journey to the top wasn't easy, but it was inevitable. Expanding Wilson Group into New Sierra this 2017. 53 years of industry-leading growth. 🚀💼",,1,0,0,0.6306,Fake Executive Impersonator,1
lidemo_000193,"Announcing a major company milestone under my leadership. Most executives think too small, I never have. Milestone number 3 for the company this 2018. Meeting with Roy to plan the next phase. Reach out if you want to learn more.",#innovation #leadership,1,0,0,0.0459,Fake Executive Impersonator,1
lidemo_000193,"Leading the industry into a new era. My journey to the top wasn't easy, but it was inevitable. 25 years of industry-leading growth. Follow for more leadership wisdom.",#career,1,0,0,0.8448,Fake Executive Impersonator,1
lidemo_000193,"As CEO, I'm proud to announce a groundbreaking initiative. Great leaders create their own opportunities. Meeting with Dale to plan the next phase.",#career,1,0,0,0.8979,Fake Executive Impersonator,1
lidemo_000193,"My latest leadership insight for aspiring executives. Great leaders create their own opportunities. Announcement number 79 this quarter. Expanding Bray, Riley and Acosta into Port Reneeberg this 2022. DM me to discuss investment opportunities. 🚀💼",#hiring,1,0,0,0.8934,Fake Executive Impersonator,1
lidemo_000193,Sharing my vision for where this industry is headed. This is only the beginning of what we're building. Announcement number 82 this quarter. Meeting with Mark to plan the next phase. Reach out if you want to learn more.,#innovation,2,0,0,0.6705,Fake Executive Impersonator,1
lidemo_000193,"Announcing a major company milestone under my leadership. True leadership means thinking bigger than everyone else. Based in Robertport, thinking globally. Reach out if you want to learn more.",#innovation,2,0,0,0.4939,Fake Executive Impersonator,1
lidemo_000193,"Announcing a major company milestone under my leadership. My journey to the top wasn't easy, but it was inevitable. 89 years of industry-leading growth. Milestone number 46 for the company this 2024. Connect with me for exclusive opportunities.",,0,0,0,0.827,Fake Executive Impersonator,1
lidemo_000193,"Another record quarter under my leadership. We're disrupting the entire sector. Addressed the board on this in Mclaughlinberg last week. Based in Myerston, thinking globally. DM me to discuss investment opportunities.",#networking #career,0,0,0,0.3818,Fake Executive Impersonator,1
lidemo_000193,"Here's the leadership lesson nobody tells you. We're disrupting the entire sector. 45 years of industry-leading growth. Since 2019, leading this company forward.",,0,0,0,0.3818,Fake Executive Impersonator,1
lidemo_000194,Excited to share our latest case study. Looking forward to what's next for us. Expanding into West Sarahborough this 2016. Thank you to our 70th client.,,223,42,6,0.7269,Business/Company Page,0
lidemo_000194,Excited to share our latest case study. We're expanding into new markets this year. Congrats to Melissa on leading this launch. Proudly 89 years in business. Learn more on our website.,,78,18,8,0.891,Business/Company Page,0
lidemo_000194,"We're hiring! Come join our growing team. Every milestone here is a team effort. Based in Courtneychester, serving clients since 2019. Apply via the link in our profile.",#hiring,137,7,3,0.4926,Business/Company Page,0
lidemo_000194,Reflecting on another strong quarter for the team. We're expanding into new markets this year. Proudly 88 years in business. Apply via the link in our profile.,,148,9,12,0.7845,Business/Company Page,0
lidemo_000194,Excited to unveil our latest product update. Innovation continues to drive everything we do. Opening a new office in Cardenasmouth this 2020. Welcoming 51 new team members this 2018. Reach out if you'd like to collaborate.,#innovation #leadership,331,38,30,0.8591,Business/Company Page,0
lidemo_000194,Excited to share our latest case study. Innovation continues to drive everything we do. Congrats to Heather on leading this launch. Apply via the link in our profile.,,99,24,4,0.8625,Business/Company Page,0
lidemo_000194,Welcoming several new team members this month. Innovation continues to drive everything we do. Milestone number 42 unlocked this quarter. Opening a new office in Carolfurt this 2020. Apply via the link in our profile.,,137,30,16,0.7003,Business/Company Page,0
lidemo_000194,Welcoming several new team members this month. Our clients' feedback keeps shaping the roadmap. Congrats to Michael on leading this launch. Welcoming 85 new team members this 2022.,,201,28,22,0.8481,Business/Company Page,0
lidemo_000194,"Welcoming several new team members this month. We're expanding into new markets this year. Partnering with Rodriguez, Hansen and Taylor on this initiative. Expanding into West Dennis this 2023.",,233,15,35,0.4404,Business/Company Page,0
lidemo_000194,We're hiring! Come join our growing team. Culture and craft both matter to how we build. Thank you to our 93th client. Learn more on our website.,,61,20,5,0.6996,Business/Company Page,0
lidemo_000194,Grateful for the recognition from our industry peers. Innovation continues to drive everything we do. Proudly 57 years in business.,#innovation,144,17,11,0.8481,Business/Company Page,0
lidemo_000194,We're hiring! Come join our growing team. Every milestone here is a team effort. Congrats to Kevin on leading this launch. Welcoming 19 new team members this 2015.,#innovation,82,11,10,0.8588,Business/Company Page,0
lidemo_000195,Just finished my first group case competition. This experience changed how I think about my major. Shoutout to Jill for the mentorship. Open to internship opportunities.,,49,9,3,0.3818,Student,0
lidemo_000195,Grateful for an amazing internship experience this summer. Grateful for professors who go above and beyond. Met with a career advisor in Ginaside this week. Project number 91 this semester.,#innovation #hiring,36,11,2,0.8779,Student,0
lidemo_000195,"Just wrapped up finals! Met some incredible recruiters and alumni. Class of 2022, still learning every day. Project number 19 this semester. Always happy to compare notes with fellow students.",,43,6,4,0.6476,Student,0
lidemo_000195,Just wrapped up finals! Time to recharge before next semester. Shoutout to Sabrina for the mentorship. Grateful for Ashley's advice on this one. Would love to connect with others in the field.,,22,4,1,0.8172,Student,0
lidemo_000195,Excited to share I just finished a project for class. This confirmed the career path I want to pursue. Project number 91 this semester.,,18,4,1,0.6369,Student,0
lidemo_000195,Joined a new student organization this semester. Met some incredible recruiters and alumni. 17 credits away from graduating. Project number 61 this semester.,,44,6,5,0.4215,Student,0
lidemo_000195,Presented my capstone project today. This confirmed the career path I want to pursue. Project number 83 this semester. Shoutout to Lauren for the mentorship. Would love to connect with others in the field.,,54,13,3,0.7003,Student,0
lidemo_000195,Attended a great career fair today. Time to recharge before next semester. One of 14 students selected for the program. Career fair number 35 this year.,,52,4,5,0.8402,Student,0
lidemo_000195,Attended a great career fair today. Time to recharge before next semester. Career fair number 30 this year. Project number 2 this semester.,,34,13,2,0.8519,Student,0
lidemo_000196,"We are looking for talent, apply immediately! High salary, flexible hours guaranteed. Hiring event in Whiteheadport this week. Comment 'HIRE ME' below. 🚀",#remotework #hiring,218,42,10,0.6114,Fake Recruiter,1
lidemo_000196,"Dream job alert, don't wait on this one! Hundreds already applied, don't miss out. Hiring event in Spencerside this week. Position number 98 still open, apply now. DM me your resume today. 💰",#opportunity,194,15,15,0.6412,Fake Recruiter,1
lidemo_000196,"URGENT HIRING: multiple positions open now! High salary, flexible hours guaranteed. Slot number 16 still available. Recruiting drive kicking off in Lake Michael this week.",#remotework,82,8,7,0.6155,Fake Recruiter,1
lidemo_000196,"We are looking for talent, apply immediately! Hundreds already applied, don't miss out. Ask for Duane, I'm handling this search. Message me ASAP to secure your spot. 🚀💰",,341,34,30,0.7128,Fake Recruiter,1
lidemo_000196,"Companies are hiring fast this quarter, apply now! Send your resume and bank details to get started fast. 36 candidates placed since 2025. DM me your resume today.",#makemoney #hiring #opportunity,190,35,4,0.0,Fake Recruiter,1
lidemo_000196,"Dream job alert, don't wait on this one! We place candidates faster than anyone else. 16 candidates placed since 2015. Position number 82 still open, apply now.",#remotework,54,3,4,0.5848,Fake Recruiter,1
lidemo_000196,"This role won't stay open long! High salary, flexible hours guaranteed. Recruiting drive kicking off in North James this week. Filled 87 roles this month alone. DM me your resume today. ✅💰",,122,6,15,-0.1007,Fake Recruiter,1
lidemo_000196,URGENT HIRING: multiple positions open now! No interview required for qualified candidates. Working with Moss PLC to fill this fast.,#opportunity,81,6,4,0.1593,Fake Recruiter,1
lidemo_000196,URGENT HIRING: multiple positions open now! We place candidates faster than anyone else. 89 candidates placed since 2016. Comment 'HIRE ME' below.,#makemoney #hiring #remotework,174,29,5,0.4263,Fake Recruiter,1
lidemo_000196,"Exciting remote opportunity, no experience needed! We place candidates faster than anyone else. Hiring event in Thomasland this week. DM me your resume today. 💰✅",#hiring #grind #remotework,501,30,39,0.6239,Fake Recruiter,1
lidemo_000196,"Dream job alert, don't wait on this one! This opportunity won't last, act now. Position number 84 still open, apply now. Slot number 4 still available. Message me ASAP to secure your spot. ✅",#grind #makemoney #remotework,280,23,11,0.8671,Fake Recruiter,1
lidemo_000197,"I wish someone told me this five years ago. Limited spots in my mentorship program. Ran a session in Jamesport last week, huge turnout. Built this system while working out of Port Robertfurt. Book a free call today. 🚀💯",#hiring #grind,4,0,0,0.7506,Spam/Bot Account,1
lidemo_000197,"I made $10k this month using this LinkedIn hack. I've helped hundreds of people do the same. Ask Kimberly, they joined last month. Book a free call today.",#grind,13,0,0,0.5106,Spam/Bot Account,1
lidemo_000197,"I wish someone told me this five years ago. Comment 'INFO' and I'll send details. Since 2015, thousands have joined my program. Since 2018, thousands have joined my program. Book a free call today. 📈",#makemoney #opportunity #grind,17,0,0,0.7184,Spam/Bot Account,1
lidemo_000197,"Stop scrolling, this could change your career. I've helped hundreds of people do the same. Session number 33 of my mentorship program. Built this system while working out of North Michelle.",#opportunity,14,1,0,-0.2263,Spam/Bot Account,1
lidemo_000197,"This one trick changed my whole career trajectory. This strategy works for anyone, guaranteed. Case study number 34 of my system, ask me how. Only 56 spots left this month. Book a free call today.",#opportunity #makemoney #hiring #grind,13,0,0,0.5267,Spam/Bot Account,1
lidemo_000197,"Grow your network 10x with this simple trick. Limited spots in my mentorship program. Ask William, they joined last month. Only 26 spots left this month. DM me the word 'START'. 📈",#grind #hiring #remotework #opportunity,12,0,0,-0.2732,Spam/Bot Account,1
lidemo_000197,"Everyone should be doing this in 2026. This isn't some overnight gimmick, it actually works. Since 2025, thousands have joined my program.",#grind,7,0,0,0.0,Spam/Bot Account,1
lidemo_000197,"Stop scrolling, this could change your career. This strategy works for anyone, guaranteed. Helped 83 clients hit six figures this 2021. Since 2022, thousands have joined my program. 💯",#opportunity #hiring #makemoney #remotework,10,0,0,-0.296,Spam/Bot Account,1
lidemo_000197,"I made $10k this month using this LinkedIn hack. It's simpler than you'd expect, promise. Ask Carl, they joined last month. DM me the word 'START'. 📈",#grind,3,0,0,0.3182,Spam/Bot Account,1
lidemo_000197,"This one trick changed my whole career trajectory. It's simpler than you'd expect, promise. Ask Wendy, they joined last month. Only 17 spots left this month. Click the link in my profile.",#grind,23,0,0,0.2732,Spam/Bot Account,1
lidemo_000197,This one trick changed my whole career trajectory. I've helped hundreds of people do the same. Helped 75 clients hit six figures this 2017.,#opportunity,35,1,0,-0.0516,Spam/Bot Account,1
lidemo_000198,I made $10k this month using this LinkedIn hack. I've helped hundreds of people do the same. Only 40 spots left this month. Book a free call today. 🚀📈,#makemoney #remotework,38,21,2,0.5106,Spam/Bot Account,1
lidemo_000198,"Stop scrolling, this could change your career. This isn't some overnight gimmick, it actually works. Session number 24 of my mentorship program. Built this system while working out of Port Jacobshire. Comment below and I'll follow up.",#opportunity #grind #makemoney #remotework,17,1,1,-0.2263,Spam/Bot Account,1
lidemo_000198,"The algorithm doesn't want you to know this. This strategy works for anyone, guaranteed. Helped 52 clients hit six figures this 2024. Click the link in my profile.",,15,2,1,-0.0572,Spam/Bot Account,1
lidemo_000198,"I wish someone told me this five years ago. This strategy works for anyone, guaranteed. Ask Julie, they joined last month. Since 2019, thousands have joined my program. DM me the word 'START'.",#opportunity #makemoney #remotework #hiring,94,21,6,0.4019,Spam/Bot Account,1
lidemo_000198,"This one trick changed my whole career trajectory. I've helped hundreds of people do the same. Only 98 spots left this month. Since 2015, thousands have joined my program. Comment below and I'll follow up. 💯🚀",,76,9,6,-0.0516,Spam/Bot Account,1
lidemo_000198,"The algorithm doesn't want you to know this. Comment 'INFO' and I'll send details. Ask Luke, they joined last month. Case study number 35 of my system, ask me how.",#hiring #grind,25,4,1,0.0201,Spam/Bot Account,1
lidemo_000198,"I made $10k this month using this LinkedIn hack. This strategy works for anyone, guaranteed. Since 2024, thousands have joined my program. Session number 31 of my mentorship program. DM me the word 'START'.",#hiring #grind #remotework #makemoney,53,6,3,0.0772,Spam/Bot Account,1
lidemo_000198,"Grow your network 10x with this simple trick. Comment 'INFO' and I'll send details. Session number 45 of my mentorship program. Ask Michelle, they joined last month. Comment below and I'll follow up. 📈",#makemoney,33,6,7,0.0258,Spam/Bot Account,1
lidemo_000198,"Grow your network 10x with this simple trick. It's simpler than you'd expect, promise. Built this system while working out of New Brandi. 🚀💯",#grind,29,9,10,0.2732,Spam/Bot Account,1
lidemo_000199,Migrated a legacy service this week. Testing early saved us a painful rollback. Shipped feature number 72 this sprint. Shipped feature number 52 this sprint.,,140,12,7,0.128,Developer,0
lidemo_000199,Onboarded a new teammate this week. Grateful for a team that values code quality. Spoke with Brandon on the platform team about it.,,125,10,4,0.6908,Developer,0
lidemo_000199,"Gave a short talk on our team's testing practices. The postmortem taught us more than the incident did. Working with the team at Foster-Hughes on this one. Based out of Andrewsport, remote-first.",#leadership #hiring,204,54,5,0.0,Developer,0
lidemo_000199,"Mentored a junior engineer today and loved it. Small, frequent deploys keep saving us from bigger headaches. 76 years into this role now.",,105,13,6,0.5994,Developer,0
lidemo_000199,"Shipped a new feature at Hart, Todd and Brown this week. Documentation really does save future you. Mentoring 52 junior engineers this quarter.",,68,10,4,0.539,Developer,0
lidemo_000199,"Mentored a junior engineer today and loved it. Small, frequent deploys keep saving us from bigger headaches. Mentoring 98 junior engineers this quarter. Shoutout to Brooke for the pairing session.",,86,12,2,0.5994,Developer,0
lidemo_000199,"Excited to start using a new framework on our team. Small, frequent deploys keep saving us from bigger headaches. Based out of Michaelland, remote-first. Mentoring 82 junior engineers this quarter. Happy to share more details if useful.",,119,23,10,0.8876,Developer,0
lidemo_000199,Gave a short talk on our team's testing practices. The postmortem taught us more than the incident did. Spoke with Michael on the platform team about it.,,69,4,4,0.0,Developer,0
lidemo_000199,Onboarded a new teammate this week. Good tooling makes the whole team faster. Shipped feature number 37 this sprint. Mentoring 21 junior engineers this quarter.,,106,11,5,0.4939,Developer,0
lidemo_000199,Shipped a new feature at Lewis Inc this week. Always learning something new in this role. Mentoring 59 junior engineers this quarter. Spoke with Shelly on the platform team about it.,,133,24,9,0.0,Developer,0
lidemo_000200,Announcing a major company milestone under my leadership. True leadership means thinking bigger than everyone else. Milestone number 78 for the company this 2024. 💼,#career,6,1,0,0.4767,Fake Executive Impersonator,1
lidemo_000200,Announcing a major company milestone under my leadership. True leadership means thinking bigger than everyone else. Announcement number 11 this quarter. Connect with me for exclusive opportunities.,,2,0,0,0.7351,Fake Executive Impersonator,1
lidemo_000200,"Here's the leadership lesson nobody tells you. My journey to the top wasn't easy, but it was inevitable. Meeting with Jason to plan the next phase. Addressed the board on this in New Antonio last week. DM me to discuss investment opportunities. 🚀💼",#innovation #hiring,1,0,0,0.4761,Fake Executive Impersonator,1
lidemo_000200,Another record quarter under my leadership. Success comes to those who never settle. 75 years of industry-leading growth. Milestone number 78 for the company this 2017.,#leadership #career,2,0,0,0.765,Fake Executive Impersonator,1
lidemo_000200,Announcing a major company milestone under my leadership. This is only the beginning of what we're building. Addressed the board on this in Meganberg last week. Addressed the board on this in Nguyenside last week.,,7,1,0,0.0,Fake Executive Impersonator,1
lidemo_000200,"As CEO, I'm proud to announce a groundbreaking initiative. Success comes to those who never settle. Addressed the board on this in East Justin last week.",,4,0,1,0.7783,Fake Executive Impersonator,1
lidemo_000200,Here's the leadership lesson nobody tells you. True leadership means thinking bigger than everyone else. 💼🚀,,5,0,0,0.4215,Fake Executive Impersonator,1
